2026-09-12 12:42:35.961 [info] [main] Log level: Info
2026-09-12 12:42:35.961 [info] [main] Validating found git in: "git"
2026-09-12 12:42:35.961 [info] [main] Using git "2.55.0" from "git"
2026-09-12 12:42:35.961 [info] [Model][doInitialScan] Initial repository scan started
2026-09-12 12:42:35.961 [info] > git rev-parse --show-toplevel [3080ms]
2026-09-12 12:42:37.238 [info] > git rev-parse --git-dir --git-common-dir --show-superproject-working-tree [1270ms]
2026-09-12 12:42:37.403 [info] [Model][openRepository] Opened repository (path): /home/sadnane/Saad-Programming
2026-09-12 12:42:37.403 [info] [Model][openRepository] Opened repository (real path): /home/sadnane/Saad-Programming
2026-09-12 12:42:37.403 [info] [Model][openRepository] Opened repository (kind): repository
2026-09-12 12:42:37.481 [info] > git config --get --local core.virtualfilesystem [60ms]
2026-09-12 12:42:37.481 [warning] [Git][config] git config failed: Failed to execute git
2026-09-12 12:42:37.501 [info] > git config --get commit.template [41ms]
2026-09-12 12:42:37.508 [info] > git rev-parse --show-toplevel [31ms]
2026-09-12 12:42:37.594 [info] > git rev-parse --show-toplevel [42ms]
2026-09-12 12:42:37.595 [info] > git for-each-ref --format=%(refname)%00%(upstream:short)%00%(objectname)%00%(upstream:track)%00%(upstream:remotename)%00%(upstream:remoteref) refs/heads/main refs/remotes/main [55ms]
2026-09-12 12:42:37.648 [info] > git rev-parse --show-toplevel [3ms]
2026-09-12 12:42:37.732 [info] > git status -z -uall [45ms]
2026-09-12 12:42:37.734 [info] > git rev-parse --show-toplevel [6ms]
2026-09-12 12:42:37.734 [info] > git for-each-ref --sort -committerdate --format %(refname)%00%(objectname)%00%(*objectname) [20ms]
2026-09-12 12:42:37.797 [info] > git config --get commit.template [16ms]
2026-09-12 12:42:37.801 [info] > git for-each-ref --format=%(refname)%00%(upstream:short)%00%(objectname)%00%(upstream:track)%00%(upstream:remotename)%00%(upstream:remoteref) refs/heads/main refs/remotes/main [38ms]
2026-09-12 12:42:37.824 [info] > git check-ignore -v -z --stdin [29ms]
2026-09-12 12:42:37.825 [info] > git rev-parse --show-toplevel [53ms]
2026-09-12 12:42:37.903 [info] > git config --get --local branch.main.vscode-merge-base [81ms]
2026-09-12 12:42:37.989 [info] > git rev-parse --show-toplevel [113ms]
2026-09-12 12:42:37.989 [info] > git for-each-ref --format=%(refname)%00%(upstream:short)%00%(objectname)%00%(upstream:track)%00%(upstream:remotename)%00%(upstream:remoteref) refs/heads/main refs/remotes/main [129ms]
2026-09-12 12:42:38.067 [info] > git for-each-ref --format=%(refname)%00%(upstream:short)%00%(objectname)%00%(upstream:track)%00%(upstream:remotename)%00%(upstream:remoteref) refs/heads/origin/main refs/remotes/origin/main [146ms]
2026-09-12 12:42:38.137 [info] > git check-ignore -v -z --stdin [12ms]
2026-09-12 12:42:38.146 [info] > git merge-base refs/heads/main refs/remotes/origin/main [44ms]
2026-09-12 12:42:38.167 [info] > git rev-parse --show-toplevel [100ms]
2026-09-12 12:42:38.239 [info] > git diff --raw --numstat --diff-filter=ADMR -z --find-renames=50% b5fe8c5cac4c8927894bc2d9795512a91ca0da35...refs/remotes/origin/main -- [74ms]
2026-09-12 12:42:38.264 [info] > git rev-parse --show-toplevel [26ms]
2026-09-12 12:42:38.265 [info] > git for-each-ref --sort -committerdate --format %(refname)%00%(objectname)%00%(*objectname) [52ms]
2026-09-12 12:42:38.337 [info] > git status -z -uall [140ms]
2026-09-12 12:42:38.431 [info] > git rev-parse --show-toplevel [114ms]
2026-09-12 12:42:38.449 [info] > git rev-parse --show-toplevel [4ms]
2026-09-12 12:42:38.466 [info] > git rev-parse --git-dir --git-common-dir --show-superproject-working-tree [6ms]
2026-09-12 12:42:38.488 [info] [Model][openRepository] Opened repository (path): /home/sadnane/Saad-Programming/ble.sh
2026-09-12 12:42:38.488 [info] [Model][openRepository] Opened repository (real path): /home/sadnane/Saad-Programming/ble.sh
2026-09-12 12:42:38.489 [info] [Model][openRepository] Opened repository (kind): submodule
2026-09-12 12:42:38.527 [info] > git config --get --local core.virtualfilesystem [26ms]
2026-09-12 12:42:38.527 [warning] [Git][config] git config failed: Failed to execute git
2026-09-12 12:42:38.550 [info] > git config --get commit.template [34ms]
2026-09-12 12:42:38.556 [info] > git rev-parse --show-toplevel [30ms]
2026-09-12 12:42:38.557 [info] [Model][doInitialScan] Initial repository scan completed - repositories (2), closed repositories (0), parent repositories (0), unsafe repositories (0)
2026-09-12 12:42:38.623 [info] > git show --textconv :Python/django/SOA/OrientationApp/logic.py [48ms]
2026-09-12 12:42:38.623 [info] > git ls-files --stage -- Python/django/SOA/OrientationApp/logic.py [39ms]
2026-09-12 12:42:38.646 [info] > git for-each-ref --format=%(refname)%00%(upstream:short)%00%(objectname)%00%(upstream:track)%00%(upstream:remotename)%00%(upstream:remoteref) refs/heads/master refs/remotes/master [25ms]
2026-09-12 12:42:38.684 [warning] [Git][revParse] Unable to read file: ENOENT: no such file or directory, open '/home/sadnane/Saad-Programming/ble.sh/.git/refs/remotes/origin/master'
2026-09-12 12:42:38.684 [info] > git cat-file -s f3261da2e9cf2646e3aca90bc184a376caa65bcc [42ms]
2026-09-12 12:42:38.690 [info] > git rev-parse refs/remotes/origin/master [6ms]
2026-09-12 12:42:38.756 [info] > git status -z -uall [50ms]
2026-09-12 12:42:38.760 [info] > git for-each-ref --sort -committerdate --format %(refname)%00%(objectname)%00%(*objectname) [35ms]
2026-09-12 12:42:38.929 [info] > git config --get commit.template [71ms]
2026-09-12 12:42:38.929 [info] > git for-each-ref --format=%(refname)%00%(upstream:short)%00%(objectname)%00%(upstream:track)%00%(upstream:remotename)%00%(upstream:remoteref) refs/heads/master refs/remotes/master [142ms]
2026-09-12 12:42:39.126 [info] > git check-ignore -v -z --stdin [55ms]
2026-09-12 12:42:39.127 [info] > git check-ignore -v -z --stdin [24ms]
2026-09-12 12:42:39.127 [info] > git check-ignore -v -z --stdin [17ms]
2026-09-12 12:42:39.128 [info] > git config --get --local branch.master.vscode-merge-base [158ms]
2026-09-12 12:42:39.180 [info] > git for-each-ref --format=%(refname)%00%(upstream:short)%00%(objectname)%00%(upstream:track)%00%(upstream:remotename)%00%(upstream:remoteref) refs/heads/master refs/remotes/master [132ms]
2026-09-12 12:42:39.197 [warning] [Git][revParse] Unable to read file: ENOENT: no such file or directory, open '/home/sadnane/Saad-Programming/ble.sh/.git/refs/remotes/origin/master'
2026-09-12 12:42:39.197 [info] > git for-each-ref --format=%(refname)%00%(upstream:short)%00%(objectname)%00%(upstream:track)%00%(upstream:remotename)%00%(upstream:remoteref) refs/heads/origin/master refs/remotes/origin/master [47ms]
2026-09-12 12:42:39.218 [info] > git merge-base refs/heads/master refs/remotes/origin/master [10ms]
2026-09-12 12:42:39.231 [info] > git rev-parse refs/remotes/origin/master [34ms]
2026-09-12 12:42:39.302 [info] > git status -z -uall [60ms]
2026-09-12 12:42:39.303 [info] > git diff --raw --numstat --diff-filter=ADMR -z --find-renames=50% 95ae551dd687a0c61227839dda43f52ac7ea6631...refs/remotes/origin/master -- [72ms]
2026-09-12 12:42:39.305 [info] > git blame --root --incremental b5fe8c5cac4c8927894bc2d9795512a91ca0da35 -- Python/django/SOA/OrientationApp/logic.py [113ms]
2026-09-12 12:42:39.322 [info] > git for-each-ref --sort -committerdate --format %(refname)%00%(objectname)%00%(*objectname) [66ms]
2026-09-12 12:42:39.337 [info] > git rev-parse --show-toplevel [15ms]
2026-09-12 12:42:39.350 [info] > git rev-parse --git-dir --git-common-dir --show-superproject-working-tree [4ms]
2026-09-12 12:42:39.361 [info] [Model][openRepository] Opened repository (path): /home/sadnane/Saad-Programming/ble.sh/contrib
2026-09-12 12:42:39.361 [info] [Model][openRepository] Opened repository (real path): /home/sadnane/Saad-Programming/ble.sh/contrib
2026-09-12 12:42:39.361 [info] [Model][openRepository] Opened repository (kind): submodule
2026-09-12 12:42:39.401 [info] > git config --get commit.template [4ms]
2026-09-12 12:42:39.401 [info] > git config --get --local core.virtualfilesystem [18ms]
2026-09-12 12:42:39.401 [warning] [Git][config] git config failed: Failed to execute git
2026-09-12 12:42:39.421 [info] > git for-each-ref --format %(refname)%00%(objectname)%00%(*objectname) refs/tags [3ms]
2026-09-12 12:42:39.448 [info] > git status -z -uall [14ms]
2026-09-12 12:42:39.461 [info] > git for-each-ref --sort -committerdate --format %(refname)%00%(objectname)%00%(*objectname) [15ms]
2026-09-12 12:42:39.488 [info] > git config --get commit.template [5ms]
2026-09-12 12:42:39.500 [info] > git for-each-ref --format %(refname)%00%(objectname)%00%(*objectname) refs/tags [1ms]
2026-09-12 12:42:39.520 [info] > git status -z -uall [11ms]
2026-09-12 12:42:39.524 [info] > git for-each-ref --sort -committerdate --format %(refname)%00%(objectname)%00%(*objectname) [5ms]
2026-09-12 12:42:39.691 [info] > git check-ignore -v -z --stdin [2ms]
2026-09-12 12:42:39.918 [info] > git check-ignore -v -z --stdin [8ms]
2026-09-12 12:42:39.919 [info] > git check-ignore -v -z --stdin [2ms]
2026-09-12 13:12:40.519 [info] > git check-ignore -v -z --stdin [3ms]
2026-09-12 13:12:40.891 [info] > git check-ignore -v -z --stdin [2ms]
2026-09-12 13:12:42.821 [info] > git config --get commit.template [14ms]
2026-09-12 13:12:42.823 [info] > git for-each-ref --format=%(refname)%00%(upstream:short)%00%(objectname)%00%(upstream:track)%00%(upstream:remotename)%00%(upstream:remoteref) refs/heads/main refs/remotes/main [4ms]
2026-09-12 13:12:42.875 [info] > git status -z -uall [27ms]
2026-09-12 13:12:42.878 [info] > git for-each-ref --sort -committerdate --format %(refname)%00%(objectname)%00%(*objectname) [4ms]
2026-09-12 13:12:44.939 [info] > git check-ignore -v -z --stdin [10ms]
2026-09-12 13:12:46.347 [info] > git check-ignore -v -z --stdin [2ms]
2026-09-12 13:12:46.659 [info] > git check-ignore -v -z --stdin [1ms]
2026-09-12 13:12:47.514 [info] > git check-ignore -v -z --stdin [9ms]
2026-09-12 13:12:47.902 [info] > git config --get commit.template [2ms]
2026-09-12 13:12:47.912 [info] > git for-each-ref --format=%(refname)%00%(upstream:short)%00%(objectname)%00%(upstream:track)%00%(upstream:remotename)%00%(upstream:remoteref) refs/heads/main refs/remotes/main [3ms]
2026-09-12 13:12:47.941 [info] > git for-each-ref --sort -committerdate --format %(refname)%00%(objectname)%00%(*objectname) [2ms]
2026-09-12 13:12:47.951 [info] > git status -z -uall [23ms]
2026-09-12 13:12:48.354 [info] > git check-ignore -v -z --stdin [2ms]
2026-09-12 13:12:48.984 [info] > git check-ignore -v -z --stdin [1ms]
2026-09-12 13:12:50.036 [info] > git check-ignore -v -z --stdin [1ms]
2026-09-12 13:12:50.267 [info] > git check-ignore -v -z --stdin [2ms]
2026-09-12 13:12:50.764 [info] > git check-ignore -v -z --stdin [3ms]
2026-09-12 13:12:51.632 [info] > git check-ignore -v -z --stdin [1ms]
2026-09-12 13:12:51.902 [info] > git check-ignore -v -z --stdin [2ms]
2026-09-12 13:12:52.326 [info] > git check-ignore -v -z --stdin [3ms]
2026-09-12 13:12:52.915 [info] > git check-ignore -v -z --stdin [2ms]
2026-09-12 13:12:52.967 [info] > git config --get commit.template [4ms]
2026-09-12 13:12:52.984 [info] > git for-each-ref --format=%(refname)%00%(upstream:short)%00%(objectname)%00%(upstream:track)%00%(upstream:remotename)%00%(upstream:remoteref) refs/heads/main refs/remotes/main [4ms]
2026-09-12 13:12:53.022 [info] > git status -z -uall [29ms]
2026-09-12 13:12:53.022 [info] > git for-each-ref --sort -committerdate --format %(refname)%00%(objectname)%00%(*objectname) [5ms]
2026-09-12 13:12:53.170 [info] > git check-ignore -v -z --stdin [1ms]
2026-09-12 13:12:53.401 [info] > git check-ignore -v -z --stdin [1ms]
2026-09-12 13:12:54.082 [info] > git check-ignore -v -z --stdin [1ms]
2026-09-12 13:12:54.372 [info] > git check-ignore -v -z --stdin [1ms]
2026-09-12 13:12:55.121 [info] > git check-ignore -v -z --stdin [1ms]
2026-09-12 13:12:55.561 [info] > git check-ignore -v -z --stdin [2ms]
2026-09-12 13:12:56.168 [info] > git check-ignore -v -z --stdin [2ms]
2026-09-12 13:12:56.506 [info] > git check-ignore -v -z --stdin [2ms]
2026-09-12 13:12:56.932 [info] > git check-ignore -v -z --stdin [2ms]
2026-09-12 13:12:57.802 [info] > git check-ignore -v -z --stdin [1ms]
2026-09-12 13:12:58.158 [info] > git check-ignore -v -z --stdin [1ms]
2026-09-12 13:12:59.021 [info] > git check-ignore -v -z --stdin [2ms]
2026-09-12 13:13:01.252 [info] > git check-ignore -v -z --stdin [1ms]
2026-09-12 13:13:02.120 [info] > git check-ignore -v -z --stdin [2ms]
2026-09-12 13:13:02.806 [info] > git check-ignore -v -z --stdin [2ms]
2026-09-12 13:13:04.869 [info] > git check-ignore -v -z --stdin [2ms]
2026-09-12 13:13:05.314 [info] > git config --get commit.template [9ms]
2026-09-12 13:13:05.315 [info] > git for-each-ref --format=%(refname)%00%(upstream:short)%00%(objectname)%00%(upstream:track)%00%(upstream:remotename)%00%(upstream:remoteref) refs/heads/main refs/remotes/main [2ms]
2026-09-12 13:13:05.346 [info] > git status -z -uall [24ms]
2026-09-12 13:13:05.347 [info] > git for-each-ref --sort -committerdate --format %(refname)%00%(objectname)%00%(*objectname) [7ms]
2026-09-12 13:13:05.553 [info] > git check-ignore -v -z --stdin [3ms]
2026-09-12 13:13:05.794 [info] > git check-ignore -v -z --stdin [1ms]
2026-09-12 13:13:06.222 [info] > git check-ignore -v -z --stdin [3ms]
2026-09-12 13:13:07.570 [info] > git check-ignore -v -z --stdin [2ms]
2026-09-12 13:13:07.996 [info] > git check-ignore -v -z --stdin [13ms]
2026-09-12 13:13:08.200 [info] > git check-ignore -v -z --stdin [5ms]
2026-09-12 13:13:08.506 [info] > git check-ignore -v -z --stdin [4ms]
2026-09-12 13:13:09.206 [info] > git check-ignore -v -z --stdin [2ms]
2026-09-12 13:13:10.011 [info] > git check-ignore -v -z --stdin [2ms]
2026-09-12 13:13:10.359 [info] > git check-ignore -v -z --stdin [7ms]
2026-09-12 13:13:10.360 [info] > git config --get commit.template [1ms]
2026-09-12 13:13:10.367 [info] > git for-each-ref --format=%(refname)%00%(upstream:short)%00%(objectname)%00%(upstream:track)%00%(upstream:remotename)%00%(upstream:remoteref) refs/heads/main refs/remotes/main [3ms]
2026-09-12 13:13:10.380 [info] > git for-each-ref --sort -committerdate --format %(refname)%00%(objectname)%00%(*objectname) [3ms]
2026-09-12 13:13:10.385 [info] > git status -z -uall [12ms]
2026-09-12 13:13:10.618 [info] > git check-ignore -v -z --stdin [2ms]
2026-09-12 13:13:12.674 [info] > git check-ignore -v -z --stdin [1ms]
2026-09-12 13:13:13.200 [info] > git check-ignore -v -z --stdin [2ms]
2026-09-12 13:13:13.873 [info] > git check-ignore -v -z --stdin [1ms]
2026-09-12 13:13:14.097 [info] > git check-ignore -v -z --stdin [2ms]
2026-09-12 13:13:14.380 [info] > git check-ignore -v -z --stdin [2ms]
2026-09-12 13:13:14.810 [info] > git check-ignore -v -z --stdin [1ms]
2026-09-12 13:13:15.156 [info] > git check-ignore -v -z --stdin [3ms]
2026-09-12 13:13:15.413 [info] > git config --get commit.template [18ms]
2026-09-12 13:13:15.414 [info] > git for-each-ref --format=%(refname)%00%(upstream:short)%00%(objectname)%00%(upstream:track)%00%(upstream:remotename)%00%(upstream:remoteref) refs/heads/main refs/remotes/main [7ms]
2026-09-12 13:13:15.436 [info] > git for-each-ref --sort -committerdate --format %(refname)%00%(objectname)%00%(*objectname) [1ms]
2026-09-12 13:13:15.444 [info] > git status -z -uall [23ms]
2026-09-12 13:13:15.910 [info] > git check-ignore -v -z --stdin [1ms]
2026-09-12 13:13:16.241 [info] > git check-ignore -v -z --stdin [1ms]
2026-09-12 13:13:16.478 [info] > git check-ignore -v -z --stdin [3ms]
2026-09-12 13:13:16.854 [info] > git check-ignore -v -z --stdin [2ms]
2026-09-12 13:13:17.082 [info] > git check-ignore -v -z --stdin [2ms]
2026-09-12 13:13:19.507 [info] > git check-ignore -v -z --stdin [2ms]
2026-09-12 13:13:19.749 [info] > git check-ignore -v -z --stdin [1ms]
2026-09-12 13:13:20.492 [info] > git config --get commit.template [23ms]
2026-09-12 13:13:20.493 [info] > git for-each-ref --format=%(refname)%00%(upstream:short)%00%(objectname)%00%(upstream:track)%00%(upstream:remotename)%00%(upstream:remoteref) refs/heads/main refs/remotes/main [3ms]
2026-09-12 13:13:20.518 [info] > git for-each-ref --sort -committerdate --format %(refname)%00%(objectname)%00%(*objectname) [2ms]
2026-09-12 13:13:20.521 [info] > git status -z -uall [14ms]
2026-09-12 13:13:20.615 [info] > git check-ignore -v -z --stdin [1ms]
2026-09-12 13:13:20.968 [info] > git check-ignore -v -z --stdin [2ms]
2026-09-12 13:13:21.255 [info] > git check-ignore -v -z --stdin [2ms]
2026-09-12 13:13:21.645 [info] > git check-ignore -v -z --stdin [1ms]
2026-09-12 13:13:21.905 [info] > git check-ignore -v -z --stdin [2ms]
2026-09-12 13:13:22.192 [info] > git check-ignore -v -z --stdin [9ms]
2026-09-12 13:13:22.631 [info] > git check-ignore -v -z --stdin [8ms]
2026-09-12 13:13:23.444 [info] > git check-ignore -v -z --stdin [1ms]
2026-09-12 13:13:24.541 [info] > git check-ignore -v -z --stdin [9ms]
2026-09-12 13:13:24.767 [info] > git check-ignore -v -z --stdin [2ms]
2026-09-12 13:13:25.037 [info] > git check-ignore -v -z --stdin [12ms]
2026-09-12 13:13:25.549 [info] > git config --get commit.template [4ms]
2026-09-12 13:13:25.566 [info] > git for-each-ref --format=%(refname)%00%(upstream:short)%00%(objectname)%00%(upstream:track)%00%(upstream:remotename)%00%(upstream:remoteref) refs/heads/main refs/remotes/main [7ms]
2026-09-12 13:13:25.589 [info] > git for-each-ref --sort -committerdate --format %(refname)%00%(objectname)%00%(*objectname) [2ms]
2026-09-12 13:13:25.591 [info] > git status -z -uall [19ms]
2026-09-12 13:13:25.764 [info] > git check-ignore -v -z --stdin [14ms]
2026-09-12 13:13:30.633 [info] > git config --get commit.template [14ms]
2026-09-12 13:13:30.634 [info] > git for-each-ref --format=%(refname)%00%(upstream:short)%00%(objectname)%00%(upstream:track)%00%(upstream:remotename)%00%(upstream:remoteref) refs/heads/main refs/remotes/main [2ms]
2026-09-12 13:13:30.664 [info] > git for-each-ref --sort -committerdate --format %(refname)%00%(objectname)%00%(*objectname) [5ms]
2026-09-12 13:13:30.668 [info] > git status -z -uall [23ms]
2026-09-12 13:21:36.715 [info] > git check-ignore -v -z --stdin [14ms]
2026-09-12 13:21:37.121 [info] > git show --textconv :Python/django/SOA/OrientationApp/templates/Orientation.html [60ms]
2026-09-12 13:21:37.127 [info] > git ls-files --stage -- Python/django/SOA/OrientationApp/templates/Orientation.html [53ms]
2026-09-12 13:21:37.160 [info] > git cat-file -s 13af512edcfe005a9cf1a537e2d521be3548f5fe [6ms]
2026-09-12 13:21:37.310 [info] > git blame --root --incremental b5fe8c5cac4c8927894bc2d9795512a91ca0da35 -- Python/django/SOA/OrientationApp/templates/Orientation.html [41ms]
2026-09-12 13:21:47.598 [info] > git check-ignore -v -z --stdin [2ms]
2026-09-12 13:21:49.498 [info] > git config --get commit.template [6ms]
2026-09-12 13:21:49.508 [info] > git for-each-ref --format=%(refname)%00%(upstream:short)%00%(objectname)%00%(upstream:track)%00%(upstream:remotename)%00%(upstream:remoteref) refs/heads/main refs/remotes/main [10ms]
2026-09-12 13:21:49.511 [info] > git check-ignore -v -z --stdin [4ms]
2026-09-12 13:21:49.531 [info] > git status -z -uall [11ms]
2026-09-12 13:21:49.532 [info] > git for-each-ref --sort -committerdate --format %(refname)%00%(objectname)%00%(*objectname) [4ms]
2026-09-12 13:21:49.857 [info] > git check-ignore -v -z --stdin [2ms]
2026-09-12 13:21:50.412 [info] > git check-ignore -v -z --stdin [7ms]
2026-09-12 13:21:50.640 [info] > git check-ignore -v -z --stdin [3ms]
2026-09-12 13:21:50.942 [info] > git check-ignore -v -z --stdin [1ms]
2026-09-12 13:21:51.300 [info] > git check-ignore -v -z --stdin [1ms]
2026-09-12 13:21:51.615 [info] > git check-ignore -v -z --stdin [1ms]
2026-09-12 13:21:54.551 [info] > git config --get commit.template [7ms]
2026-09-12 13:21:54.553 [info] > git for-each-ref --format=%(refname)%00%(upstream:short)%00%(objectname)%00%(upstream:track)%00%(upstream:remotename)%00%(upstream:remoteref) refs/heads/main refs/remotes/main [3ms]
2026-09-12 13:21:54.566 [info] > git for-each-ref --sort -committerdate --format %(refname)%00%(objectname)%00%(*objectname) [1ms]
2026-09-12 13:21:54.569 [info] > git status -z -uall [9ms]
2026-09-12 13:21:55.287 [info] > git check-ignore -v -z --stdin [2ms]
2026-09-12 13:21:56.394 [info] > git check-ignore -v -z --stdin [2ms]
2026-09-12 13:21:58.449 [info] > git check-ignore -v -z --stdin [2ms]
2026-09-12 13:21:59.025 [info] > git check-ignore -v -z --stdin [2ms]
2026-09-12 13:21:59.587 [info] > git config --get commit.template [6ms]
2026-09-12 13:21:59.588 [info] > git for-each-ref --format=%(refname)%00%(upstream:short)%00%(objectname)%00%(upstream:track)%00%(upstream:remotename)%00%(upstream:remoteref) refs/heads/main refs/remotes/main [1ms]
2026-09-12 13:21:59.599 [info] > git for-each-ref --sort -committerdate --format %(refname)%00%(objectname)%00%(*objectname) [2ms]
2026-09-12 13:21:59.603 [info] > git status -z -uall [10ms]
2026-09-12 13:22:00.814 [info] > git check-ignore -v -z --stdin [2ms]
2026-09-12 13:22:01.904 [info] > git check-ignore -v -z --stdin [6ms]
2026-09-12 13:22:02.590 [info] > git check-ignore -v -z --stdin [1ms]
2026-09-12 13:22:03.608 [info] > git check-ignore -v -z --stdin [2ms]
2026-09-12 13:22:04.632 [info] > git config --get commit.template [2ms]
2026-09-12 13:22:04.648 [info] > git for-each-ref --format=%(refname)%00%(upstream:short)%00%(objectname)%00%(upstream:track)%00%(upstream:remotename)%00%(upstream:remoteref) refs/heads/main refs/remotes/main [1ms]
2026-09-12 13:22:04.677 [info] > git for-each-ref --sort -committerdate --format %(refname)%00%(objectname)%00%(*objectname) [1ms]
2026-09-12 13:22:04.680 [info] > git status -z -uall [12ms]
2026-09-12 13:22:05.090 [info] > git check-ignore -v -z --stdin [1ms]
2026-09-12 13:22:06.121 [info] > git check-ignore -v -z --stdin [2ms]
2026-09-12 13:22:06.886 [info] > git check-ignore -v -z --stdin [1ms]
2026-09-12 13:22:09.698 [info] > git config --get commit.template [1ms]
2026-09-12 13:22:09.713 [info] > git for-each-ref --format=%(refname)%00%(upstream:short)%00%(objectname)%00%(upstream:track)%00%(upstream:remotename)%00%(upstream:remoteref) refs/heads/main refs/remotes/main [1ms]
2026-09-12 13:22:09.740 [info] > git status -z -uall [15ms]
2026-09-12 13:22:09.742 [info] > git for-each-ref --sort -committerdate --format %(refname)%00%(objectname)%00%(*objectname) [3ms]
2026-09-12 13:22:27.767 [info] > git check-ignore -v -z --stdin [1ms]
2026-09-12 13:22:28.699 [info] > git check-ignore -v -z --stdin [2ms]
2026-09-12 13:22:28.975 [info] > git check-ignore -v -z --stdin [2ms]
2026-09-12 13:22:29.689 [info] > git check-ignore -v -z --stdin [1ms]
2026-09-12 13:22:31.574 [info] > git config --get commit.template [2ms]
2026-09-12 13:22:31.581 [info] > git for-each-ref --format=%(refname)%00%(upstream:short)%00%(objectname)%00%(upstream:track)%00%(upstream:remotename)%00%(upstream:remoteref) refs/heads/main refs/remotes/main [2ms]
2026-09-12 13:22:31.594 [info] > git for-each-ref --sort -committerdate --format %(refname)%00%(objectname)%00%(*objectname) [2ms]
2026-09-12 13:22:31.596 [info] > git status -z -uall [9ms]
2026-09-12 13:22:33.668 [info] > git check-ignore -v -z --stdin [2ms]
2026-09-12 13:22:33.974 [info] > git check-ignore -v -z --stdin [2ms]
2026-09-12 13:22:34.456 [info] > git check-ignore -v -z --stdin [3ms]
2026-09-12 13:22:35.333 [info] > git check-ignore -v -z --stdin [2ms]
2026-09-12 13:22:35.862 [info] > git check-ignore -v -z --stdin [1ms]
2026-09-12 13:22:36.509 [info] > git check-ignore -v -z --stdin [2ms]
2026-09-12 13:22:38.398 [info] > git config --get commit.template [5ms]
2026-09-12 13:22:38.399 [info] > git for-each-ref --format=%(refname)%00%(upstream:short)%00%(objectname)%00%(upstream:track)%00%(upstream:remotename)%00%(upstream:remoteref) refs/heads/main refs/remotes/main [2ms]
2026-09-12 13:22:38.409 [info] > git for-each-ref --sort -committerdate --format %(refname)%00%(objectname)%00%(*objectname) [1ms]
2026-09-12 13:22:38.413 [info] > git status -z -uall [9ms]
2026-09-12 13:22:40.163 [info] > git check-ignore -v -z --stdin [2ms]
2026-09-12 13:22:40.604 [info] > git check-ignore -v -z --stdin [2ms]
2026-09-12 13:22:43.444 [info] > git config --get commit.template [13ms]
2026-09-12 13:22:43.446 [info] > git for-each-ref --format=%(refname)%00%(upstream:short)%00%(objectname)%00%(upstream:track)%00%(upstream:remotename)%00%(upstream:remoteref) refs/heads/main refs/remotes/main [3ms]
2026-09-12 13:22:43.459 [info] > git for-each-ref --sort -committerdate --format %(refname)%00%(objectname)%00%(*objectname) [1ms]
2026-09-12 13:22:43.463 [info] > git status -z -uall [10ms]
2026-09-12 13:22:49.866 [info] > git check-ignore -v -z --stdin [2ms]
2026-09-12 13:22:51.054 [info] > git check-ignore -v -z --stdin [2ms]
2026-09-12 13:22:51.767 [info] > git config --get commit.template [5ms]
2026-09-12 13:22:51.769 [info] > git for-each-ref --format=%(refname)%00%(upstream:short)%00%(objectname)%00%(upstream:track)%00%(upstream:remotename)%00%(upstream:remoteref) refs/heads/main refs/remotes/main [2ms]
2026-09-12 13:22:51.788 [info] > git check-ignore -v -z --stdin [14ms]
2026-09-12 13:22:51.790 [info] > git status -z -uall [9ms]
2026-09-12 13:22:51.792 [info] > git for-each-ref --sort -committerdate --format %(refname)%00%(objectname)%00%(*objectname) [5ms]
2026-09-12 13:22:52.130 [info] > git check-ignore -v -z --stdin [3ms]
2026-09-12 13:22:52.809 [info] > git check-ignore -v -z --stdin [1ms]
2026-09-12 13:22:53.974 [info] > git check-ignore -v -z --stdin [3ms]
2026-09-12 13:22:54.713 [info] > git check-ignore -v -z --stdin [2ms]
2026-09-12 13:22:56.804 [info] > git config --get commit.template [2ms]
2026-09-12 13:22:56.814 [info] > git for-each-ref --format=%(refname)%00%(upstream:short)%00%(objectname)%00%(upstream:track)%00%(upstream:remotename)%00%(upstream:remoteref) refs/heads/main refs/remotes/main [4ms]
2026-09-12 13:22:56.827 [info] > git for-each-ref --sort -committerdate --format %(refname)%00%(objectname)%00%(*objectname) [2ms]
2026-09-12 13:22:56.829 [info] > git status -z -uall [9ms]
2026-09-12 13:22:57.954 [info] > git check-ignore -v -z --stdin [1ms]
2026-09-12 13:22:59.287 [info] > git check-ignore -v -z --stdin [2ms]
2026-09-12 13:22:59.857 [info] > git check-ignore -v -z --stdin [3ms]
2026-09-12 13:23:00.107 [info] > git check-ignore -v -z --stdin [2ms]
2026-09-12 13:23:01.422 [info] > git check-ignore -v -z --stdin [7ms]
2026-09-12 13:23:01.844 [info] > git config --get commit.template [2ms]
2026-09-12 13:23:01.856 [info] > git for-each-ref --format=%(refname)%00%(upstream:short)%00%(objectname)%00%(upstream:track)%00%(upstream:remotename)%00%(upstream:remoteref) refs/heads/main refs/remotes/main [2ms]
2026-09-12 13:23:01.871 [info] > git for-each-ref --sort -committerdate --format %(refname)%00%(objectname)%00%(*objectname) [2ms]
2026-09-12 13:23:01.891 [info] > git status -z -uall [28ms]
2026-09-12 13:23:02.048 [info] > git check-ignore -v -z --stdin [1ms]
2026-09-12 13:23:04.881 [info] > git check-ignore -v -z --stdin [2ms]
2026-09-12 13:23:06.656 [info] > git check-ignore -v -z --stdin [1ms]
2026-09-12 13:23:06.909 [info] > git config --get commit.template [5ms]
2026-09-12 13:23:06.910 [info] > git for-each-ref --format=%(refname)%00%(upstream:short)%00%(objectname)%00%(upstream:track)%00%(upstream:remotename)%00%(upstream:remoteref) refs/heads/main refs/remotes/main [1ms]
2026-09-12 13:23:06.924 [info] > git for-each-ref --sort -committerdate --format %(refname)%00%(objectname)%00%(*objectname) [3ms]
2026-09-12 13:23:06.927 [info] > git status -z -uall [11ms]
2026-09-12 13:23:07.383 [info] > git check-ignore -v -z --stdin [1ms]
2026-09-12 13:23:08.128 [info] > git check-ignore -v -z --stdin [3ms]
2026-09-12 13:23:08.450 [info] > git check-ignore -v -z --stdin [2ms]
2026-09-12 13:23:09.228 [info] > git check-ignore -v -z --stdin [2ms]
2026-09-12 13:23:09.790 [info] > git check-ignore -v -z --stdin [2ms]
2026-09-12 13:23:11.545 [info] > git check-ignore -v -z --stdin [3ms]
2026-09-12 13:23:11.943 [info] > git config --get commit.template [5ms]
2026-09-12 13:23:11.944 [info] > git for-each-ref --format=%(refname)%00%(upstream:short)%00%(objectname)%00%(upstream:track)%00%(upstream:remotename)%00%(upstream:remoteref) refs/heads/main refs/remotes/main [1ms]
2026-09-12 13:23:11.955 [info] > git for-each-ref --sort -committerdate --format %(refname)%00%(objectname)%00%(*objectname) [1ms]
2026-09-12 13:23:11.959 [info] > git status -z -uall [10ms]
2026-09-12 13:23:12.236 [info] > git check-ignore -v -z --stdin [3ms]
2026-09-12 13:23:13.184 [info] > git check-ignore -v -z --stdin [1ms]
2026-09-12 13:23:13.979 [info] > git check-ignore -v -z --stdin [2ms]
2026-09-12 13:23:14.576 [info] > git check-ignore -v -z --stdin [2ms]
2026-09-12 13:23:15.221 [info] > git check-ignore -v -z --stdin [1ms]
2026-09-12 13:23:15.935 [info] > git check-ignore -v -z --stdin [1ms]
2026-09-12 13:23:16.580 [info] > git check-ignore -v -z --stdin [2ms]
2026-09-12 13:23:18.474 [info] > git config --get commit.template [3ms]
2026-09-12 13:23:18.482 [info] > git for-each-ref --format=%(refname)%00%(upstream:short)%00%(objectname)%00%(upstream:track)%00%(upstream:remotename)%00%(upstream:remoteref) refs/heads/main refs/remotes/main [2ms]
2026-09-12 13:23:18.506 [info] > git for-each-ref --sort -committerdate --format %(refname)%00%(objectname)%00%(*objectname) [2ms]
2026-09-12 13:23:18.510 [info] > git status -z -uall [12ms]
2026-09-12 13:23:18.635 [info] > git check-ignore -v -z --stdin [2ms]
2026-09-12 13:23:19.029 [info] > git check-ignore -v -z --stdin [2ms]
2026-09-12 13:23:20.553 [info] > git check-ignore -v -z --stdin [2ms]
2026-09-12 13:23:20.990 [info] > git check-ignore -v -z --stdin [2ms]
2026-09-12 13:23:23.529 [info] > git config --get commit.template [5ms]
2026-09-12 13:23:23.530 [info] > git for-each-ref --format=%(refname)%00%(upstream:short)%00%(objectname)%00%(upstream:track)%00%(upstream:remotename)%00%(upstream:remoteref) refs/heads/main refs/remotes/main [2ms]
2026-09-12 13:23:23.541 [info] > git for-each-ref --sort -committerdate --format %(refname)%00%(objectname)%00%(*objectname) [1ms]
2026-09-12 13:23:23.545 [info] > git status -z -uall [10ms]
2026-09-12 13:23:25.048 [info] > git check-ignore -v -z --stdin [2ms]
2026-09-12 13:23:26.526 [info] > git check-ignore -v -z --stdin [1ms]
2026-09-12 13:23:28.153 [info] > git check-ignore -v -z --stdin [1ms]
2026-09-12 13:23:28.559 [info] > git config --get commit.template [4ms]
2026-09-12 13:23:28.567 [info] > git for-each-ref --format=%(refname)%00%(upstream:short)%00%(objectname)%00%(upstream:track)%00%(upstream:remotename)%00%(upstream:remoteref) refs/heads/main refs/remotes/main [8ms]
2026-09-12 13:23:28.568 [info] > git check-ignore -v -z --stdin [2ms]
2026-09-12 13:23:28.583 [info] > git status -z -uall [9ms]
2026-09-12 13:23:28.585 [info] > git for-each-ref --sort -committerdate --format %(refname)%00%(objectname)%00%(*objectname) [4ms]
2026-09-12 13:23:28.900 [info] > git check-ignore -v -z --stdin [1ms]
2026-09-12 13:23:30.772 [info] > git check-ignore -v -z --stdin [1ms]
2026-09-12 13:23:33.044 [info] > git check-ignore -v -z --stdin [1ms]
2026-09-12 13:23:33.295 [info] > git check-ignore -v -z --stdin [3ms]
2026-09-12 13:23:33.613 [info] > git config --get commit.template [5ms]
2026-09-12 13:23:33.614 [info] > git for-each-ref --format=%(refname)%00%(upstream:short)%00%(objectname)%00%(upstream:track)%00%(upstream:remotename)%00%(upstream:remoteref) refs/heads/main refs/remotes/main [2ms]
2026-09-12 13:23:33.625 [info] > git for-each-ref --sort -committerdate --format %(refname)%00%(objectname)%00%(*objectname) [3ms]
2026-09-12 13:23:33.629 [info] > git status -z -uall [11ms]
2026-09-12 13:23:33.638 [info] > git check-ignore -v -z --stdin [4ms]
2026-09-12 13:23:33.910 [info] > git check-ignore -v -z --stdin [2ms]
2026-09-12 13:23:34.119 [info] > git check-ignore -v -z --stdin [2ms]
2026-09-12 13:23:34.341 [info] > git check-ignore -v -z --stdin [3ms]
2026-09-12 13:23:36.776 [info] > git check-ignore -v -z --stdin [1ms]
2026-09-12 13:23:38.649 [info] > git config --get commit.template [2ms]
2026-09-12 13:23:38.658 [info] > git for-each-ref --format=%(refname)%00%(upstream:short)%00%(objectname)%00%(upstream:track)%00%(upstream:remotename)%00%(upstream:remoteref) refs/heads/main refs/remotes/main [2ms]
2026-09-12 13:23:38.687 [info] > git for-each-ref --sort -committerdate --format %(refname)%00%(objectname)%00%(*objectname) [2ms]
2026-09-12 13:23:38.694 [info] > git status -z -uall [20ms]
2026-09-12 13:23:39.002 [info] > git check-ignore -v -z --stdin [4ms]
2026-09-12 13:23:39.331 [info] > git check-ignore -v -z --stdin [1ms]
2026-09-12 13:23:41.115 [info] > git check-ignore -v -z --stdin [2ms]
2026-09-12 13:23:42.311 [info] > git check-ignore -v -z --stdin [1ms]
2026-09-12 13:23:42.703 [info] > git check-ignore -v -z --stdin [3ms]
2026-09-12 13:23:42.891 [info] > git check-ignore -v -z --stdin [2ms]
2026-09-12 13:23:43.740 [info] > git config --get commit.template [3ms]
2026-09-12 13:23:43.752 [info] > git for-each-ref --format=%(refname)%00%(upstream:short)%00%(objectname)%00%(upstream:track)%00%(upstream:remotename)%00%(upstream:remoteref) refs/heads/main refs/remotes/main [5ms]
2026-09-12 13:23:43.769 [info] > git for-each-ref --sort -committerdate --format %(refname)%00%(objectname)%00%(*objectname) [4ms]
2026-09-12 13:23:43.772 [info] > git status -z -uall [11ms]
2026-09-12 13:23:46.433 [info] > git check-ignore -v -z --stdin [2ms]
2026-09-12 13:23:47.031 [info] > git check-ignore -v -z --stdin [1ms]
2026-09-12 13:23:47.783 [info] > git check-ignore -v -z --stdin [2ms]
2026-09-12 13:23:48.789 [info] > git config --get commit.template [6ms]
2026-09-12 13:23:48.790 [info] > git for-each-ref --format=%(refname)%00%(upstream:short)%00%(objectname)%00%(upstream:track)%00%(upstream:remotename)%00%(upstream:remoteref) refs/heads/main refs/remotes/main [2ms]
2026-09-12 13:23:48.802 [info] > git for-each-ref --sort -committerdate --format %(refname)%00%(objectname)%00%(*objectname) [2ms]
2026-09-12 13:23:48.805 [info] > git status -z -uall [10ms]
2026-09-12 13:23:49.838 [info] > git check-ignore -v -z --stdin [2ms]
2026-09-12 13:23:51.434 [info] > git check-ignore -v -z --stdin [2ms]
2026-09-12 13:23:51.696 [info] > git check-ignore -v -z --stdin [1ms]
2026-09-12 13:23:51.984 [info] > git check-ignore -v -z --stdin [2ms]
2026-09-12 13:23:53.824 [info] > git config --get commit.template [7ms]
2026-09-12 13:23:53.825 [info] > git for-each-ref --format=%(refname)%00%(upstream:short)%00%(objectname)%00%(upstream:track)%00%(upstream:remotename)%00%(upstream:remoteref) refs/heads/main refs/remotes/main [2ms]
2026-09-12 13:23:53.839 [info] > git for-each-ref --sort -committerdate --format %(refname)%00%(objectname)%00%(*objectname) [1ms]
2026-09-12 13:23:53.842 [info] > git status -z -uall [10ms]
2026-09-12 13:23:58.863 [info] > git config --get commit.template [8ms]
2026-09-12 13:23:58.864 [info] > git for-each-ref --format=%(refname)%00%(upstream:short)%00%(objectname)%00%(upstream:track)%00%(upstream:remotename)%00%(upstream:remoteref) refs/heads/main refs/remotes/main [2ms]
2026-09-12 13:23:58.876 [info] > git for-each-ref --sort -committerdate --format %(refname)%00%(objectname)%00%(*objectname) [2ms]
2026-09-12 13:23:58.878 [info] > git status -z -uall [9ms]
2026-09-12 13:24:12.015 [info] > git check-ignore -v -z --stdin [3ms]
2026-09-12 13:24:12.224 [info] > git check-ignore -v -z --stdin [1ms]
2026-09-12 13:24:13.172 [info] > git check-ignore -v -z --stdin [1ms]
2026-09-12 13:24:15.061 [info] > git config --get commit.template [5ms]
2026-09-12 13:24:15.062 [info] > git for-each-ref --format=%(refname)%00%(upstream:short)%00%(objectname)%00%(upstream:track)%00%(upstream:remotename)%00%(upstream:remoteref) refs/heads/main refs/remotes/main [1ms]
2026-09-12 13:24:15.072 [info] > git for-each-ref --sort -committerdate --format %(refname)%00%(objectname)%00%(*objectname) [1ms]
2026-09-12 13:24:15.076 [info] > git status -z -uall [9ms]
2026-09-12 13:24:16.736 [info] > git check-ignore -v -z --stdin [1ms]
2026-09-12 13:24:18.094 [info] > git check-ignore -v -z --stdin [2ms]
2026-09-12 13:24:18.821 [info] > git check-ignore -v -z --stdin [1ms]
2026-09-12 13:24:19.040 [info] > git check-ignore -v -z --stdin [1ms]
2026-09-12 13:24:19.767 [info] > git check-ignore -v -z --stdin [3ms]
2026-09-12 13:24:20.088 [info] > git config --get commit.template [2ms]
2026-09-12 13:24:20.093 [info] > git for-each-ref --format=%(refname)%00%(upstream:short)%00%(objectname)%00%(upstream:track)%00%(upstream:remotename)%00%(upstream:remoteref) refs/heads/main refs/remotes/main [1ms]
2026-09-12 13:24:20.104 [info] > git for-each-ref --sort -committerdate --format %(refname)%00%(objectname)%00%(*objectname) [1ms]
2026-09-12 13:24:20.108 [info] > git status -z -uall [10ms]
2026-09-12 13:24:20.530 [info] > git check-ignore -v -z --stdin [1ms]
2026-09-12 13:24:20.750 [info] > git check-ignore -v -z --stdin [2ms]
2026-09-12 13:24:21.432 [info] > git check-ignore -v -z --stdin [1ms]
2026-09-12 13:24:21.648 [info] > git check-ignore -v -z --stdin [2ms]
2026-09-12 13:24:22.240 [info] > git check-ignore -v -z --stdin [5ms]
2026-09-12 13:24:24.430 [info] > git check-ignore -v -z --stdin [1ms]
2026-09-12 13:24:25.124 [info] > git config --get commit.template [2ms]
2026-09-12 13:24:25.130 [info] > git for-each-ref --format=%(refname)%00%(upstream:short)%00%(objectname)%00%(upstream:track)%00%(upstream:remotename)%00%(upstream:remoteref) refs/heads/main refs/remotes/main [2ms]
2026-09-12 13:24:25.145 [info] > git for-each-ref --sort -committerdate --format %(refname)%00%(objectname)%00%(*objectname) [2ms]
2026-09-12 13:24:25.149 [info] > git status -z -uall [11ms]
2026-09-12 13:24:30.165 [info] > git config --get commit.template [5ms]
2026-09-12 13:24:30.166 [info] > git for-each-ref --format=%(refname)%00%(upstream:short)%00%(objectname)%00%(upstream:track)%00%(upstream:remotename)%00%(upstream:remoteref) refs/heads/main refs/remotes/main [1ms]
2026-09-12 13:24:30.176 [info] > git for-each-ref --sort -committerdate --format %(refname)%00%(objectname)%00%(*objectname) [2ms]
2026-09-12 13:24:30.179 [info] > git status -z -uall [9ms]
2026-09-12 13:24:30.245 [info] > git check-ignore -v -z --stdin [1ms]
2026-09-12 13:24:35.193 [info] > git config --get commit.template [2ms]
2026-09-12 13:24:35.210 [info] > git for-each-ref --format=%(refname)%00%(upstream:short)%00%(objectname)%00%(upstream:track)%00%(upstream:remotename)%00%(upstream:remoteref) refs/heads/main refs/remotes/main [11ms]
2026-09-12 13:24:35.227 [info] > git for-each-ref --sort -committerdate --format %(refname)%00%(objectname)%00%(*objectname) [2ms]
2026-09-12 13:24:35.231 [info] > git status -z -uall [12ms]
2026-09-12 13:25:06.185 [info] > git check-ignore -v -z --stdin [2ms]
2026-09-12 13:25:06.773 [info] > git check-ignore -v -z --stdin [2ms]
2026-09-12 13:25:07.440 [info] > git check-ignore -v -z --stdin [2ms]
2026-09-12 13:25:08.120 [info] > git check-ignore -v -z --stdin [3ms]
2026-09-12 13:25:08.674 [info] > git check-ignore -v -z --stdin [4ms]
2026-09-12 13:25:10.560 [info] > git config --get commit.template [5ms]
2026-09-12 13:25:10.561 [info] > git for-each-ref --format=%(refname)%00%(upstream:short)%00%(objectname)%00%(upstream:track)%00%(upstream:remotename)%00%(upstream:remoteref) refs/heads/main refs/remotes/main [2ms]
2026-09-12 13:25:10.571 [info] > git for-each-ref --sort -committerdate --format %(refname)%00%(objectname)%00%(*objectname) [1ms]
2026-09-12 13:25:10.575 [info] > git status -z -uall [10ms]
2026-09-12 13:25:14.875 [info] > git check-ignore -v -z --stdin [1ms]
2026-09-12 13:25:15.368 [info] > git check-ignore -v -z --stdin [3ms]
2026-09-12 13:25:16.037 [info] > git check-ignore -v -z --stdin [6ms]
2026-09-12 13:25:17.933 [info] > git config --get commit.template [5ms]
2026-09-12 13:25:17.934 [info] > git for-each-ref --format=%(refname)%00%(upstream:short)%00%(objectname)%00%(upstream:track)%00%(upstream:remotename)%00%(upstream:remoteref) refs/heads/main refs/remotes/main [2ms]
2026-09-12 13:25:17.947 [info] > git for-each-ref --sort -committerdate --format %(refname)%00%(objectname)%00%(*objectname) [2ms]
2026-09-12 13:25:17.949 [info] > git status -z -uall [10ms]
2026-09-12 13:25:19.083 [info] > git check-ignore -v -z --stdin [2ms]
2026-09-12 13:25:19.341 [info] > git check-ignore -v -z --stdin [1ms]
2026-09-12 13:25:20.317 [info] > git check-ignore -v -z --stdin [2ms]
2026-09-12 13:25:22.969 [info] > git config --get commit.template [6ms]
2026-09-12 13:25:22.970 [info] > git for-each-ref --format=%(refname)%00%(upstream:short)%00%(objectname)%00%(upstream:track)%00%(upstream:remotename)%00%(upstream:remoteref) refs/heads/main refs/remotes/main [2ms]
2026-09-12 13:25:22.987 [info] > git for-each-ref --sort -committerdate --format %(refname)%00%(objectname)%00%(*objectname) [3ms]
2026-09-12 13:25:22.996 [info] > git status -z -uall [20ms]
2026-09-12 13:26:07.139 [info] > git check-ignore -v -z --stdin [1ms]
2026-09-12 13:26:08.108 [info] > git check-ignore -v -z --stdin [1ms]
2026-09-12 13:26:09.089 [info] > git check-ignore -v -z --stdin [2ms]
2026-09-12 13:26:10.633 [info] > git check-ignore -v -z --stdin [4ms]
2026-09-12 13:26:10.846 [info] > git check-ignore -v -z --stdin [1ms]
2026-09-12 13:26:10.982 [info] > git config --get commit.template [2ms]
2026-09-12 13:26:10.989 [info] > git for-each-ref --format=%(refname)%00%(upstream:short)%00%(objectname)%00%(upstream:track)%00%(upstream:remotename)%00%(upstream:remoteref) refs/heads/main refs/remotes/main [2ms]
2026-09-12 13:26:11.004 [info] > git status -z -uall [10ms]
2026-09-12 13:26:11.004 [info] > git for-each-ref --sort -committerdate --format %(refname)%00%(objectname)%00%(*objectname) [5ms]
2026-09-12 13:26:11.641 [info] > git check-ignore -v -z --stdin [2ms]
2026-09-12 13:26:13.307 [info] > git check-ignore -v -z --stdin [1ms]
2026-09-12 13:26:14.319 [info] > git check-ignore -v -z --stdin [3ms]
2026-09-12 13:26:15.124 [info] > git check-ignore -v -z --stdin [2ms]
2026-09-12 13:26:16.019 [info] > git config --get commit.template [1ms]
2026-09-12 13:26:16.027 [info] > git for-each-ref --format=%(refname)%00%(upstream:short)%00%(objectname)%00%(upstream:track)%00%(upstream:remotename)%00%(upstream:remoteref) refs/heads/main refs/remotes/main [3ms]
2026-09-12 13:26:16.041 [info] > git for-each-ref --sort -committerdate --format %(refname)%00%(objectname)%00%(*objectname) [1ms]
2026-09-12 13:26:16.043 [info] > git status -z -uall [9ms]
2026-09-12 13:26:21.068 [info] > git config --get commit.template [10ms]
2026-09-12 13:26:21.069 [info] > git for-each-ref --format=%(refname)%00%(upstream:short)%00%(objectname)%00%(upstream:track)%00%(upstream:remotename)%00%(upstream:remoteref) refs/heads/main refs/remotes/main [2ms]
2026-09-12 13:26:21.090 [info] > git for-each-ref --sort -committerdate --format %(refname)%00%(objectname)%00%(*objectname) [4ms]
2026-09-12 13:26:21.095 [info] > git status -z -uall [18ms]
2026-09-12 13:28:43.461 [info] > git check-ignore -v -z --stdin [2ms]
2026-09-12 13:28:44.962 [info] > git check-ignore -v -z --stdin [2ms]
2026-09-12 13:28:45.368 [info] > git config --get commit.template [6ms]
2026-09-12 13:28:45.369 [info] > git for-each-ref --format=%(refname)%00%(upstream:short)%00%(objectname)%00%(upstream:track)%00%(upstream:remotename)%00%(upstream:remoteref) refs/heads/main refs/remotes/main [2ms]
2026-09-12 13:28:45.380 [info] > git for-each-ref --sort -committerdate --format %(refname)%00%(objectname)%00%(*objectname) [1ms]
2026-09-12 13:28:45.383 [info] > git status -z -uall [9ms]
2026-09-12 13:28:46.174 [info] > git check-ignore -v -z --stdin [4ms]
2026-09-12 13:28:48.753 [info] > git check-ignore -v -z --stdin [2ms]
2026-09-12 13:28:50.404 [info] > git config --get commit.template [6ms]
2026-09-12 13:28:50.405 [info] > git for-each-ref --format=%(refname)%00%(upstream:short)%00%(objectname)%00%(upstream:track)%00%(upstream:remotename)%00%(upstream:remoteref) refs/heads/main refs/remotes/main [2ms]
2026-09-12 13:28:50.417 [info] > git for-each-ref --sort -committerdate --format %(refname)%00%(objectname)%00%(*objectname) [2ms]
2026-09-12 13:28:50.419 [info] > git status -z -uall [9ms]
2026-09-12 13:28:55.437 [info] > git config --get commit.template [6ms]
2026-09-12 13:28:55.439 [info] > git for-each-ref --format=%(refname)%00%(upstream:short)%00%(objectname)%00%(upstream:track)%00%(upstream:remotename)%00%(upstream:remoteref) refs/heads/main refs/remotes/main [3ms]
2026-09-12 13:28:55.450 [info] > git for-each-ref --sort -committerdate --format %(refname)%00%(objectname)%00%(*objectname) [3ms]
2026-09-12 13:28:55.451 [info] > git status -z -uall [8ms]
2026-09-12 13:29:14.871 [info] > git check-ignore -v -z --stdin [4ms]
2026-09-12 13:29:15.257 [info] > git check-ignore -v -z --stdin [8ms]
2026-09-12 13:29:18.550 [info] > git check-ignore -v -z --stdin [3ms]
2026-09-12 13:29:18.579 [info] > git show --textconv :Python/django/SOA/OrientationApp/templates/Orientation.html [16ms]
2026-09-12 13:29:18.580 [info] > git ls-files --stage -- Python/django/SOA/OrientationApp/templates/Orientation.html [2ms]
2026-09-12 13:29:18.589 [info] > git cat-file -s 13af512edcfe005a9cf1a537e2d521be3548f5fe [1ms]
2026-09-12 13:29:18.942 [info] > git check-ignore -v -z --stdin [13ms]
2026-09-12 13:29:21.907 [info] > git check-ignore -v -z --stdin [2ms]
2026-09-12 13:29:21.942 [info] > git show --textconv :Python/django/SOA/OrientationApp/logic.py [13ms]
2026-09-12 13:29:21.944 [info] > git ls-files --stage -- Python/django/SOA/OrientationApp/logic.py [2ms]
2026-09-12 13:29:21.956 [info] > git cat-file -s f3261da2e9cf2646e3aca90bc184a376caa65bcc [6ms]
2026-09-12 13:29:26.124 [info] > git check-ignore -v -z --stdin [1ms]
2026-09-12 13:29:26.154 [info] > git show --textconv :Python/django/SOA/OrientationApp/views.py [8ms]
2026-09-12 13:29:26.155 [info] > git ls-files --stage -- Python/django/SOA/OrientationApp/views.py [2ms]
2026-09-12 13:29:26.168 [info] > git cat-file -s a409af7d5fe6ef2a9c6148795980612bca67ea42 [5ms]
2026-09-12 13:29:26.196 [info] > git blame --root --incremental b5fe8c5cac4c8927894bc2d9795512a91ca0da35 -- Python/django/SOA/OrientationApp/views.py [4ms]
2026-09-12 13:29:46.120 [info] > git check-ignore -v -z --stdin [3ms]
2026-09-12 13:29:46.178 [info] > git show --textconv :Python/django/SOA/OrientationApp/templates/Orientation.html [13ms]
2026-09-12 13:29:46.184 [info] > git ls-files --stage -- Python/django/SOA/OrientationApp/templates/Orientation.html [6ms]
2026-09-12 13:29:46.195 [info] > git cat-file -s 13af512edcfe005a9cf1a537e2d521be3548f5fe [4ms]
2026-09-12 13:29:54.202 [info] > git check-ignore -v -z --stdin [1ms]
2026-09-12 13:29:54.425 [info] > git check-ignore -v -z --stdin [2ms]
2026-09-12 13:29:54.757 [info] > git check-ignore -v -z --stdin [2ms]
2026-09-12 13:29:55.396 [info] > git check-ignore -v -z --stdin [2ms]
2026-09-12 13:29:56.113 [info] > git check-ignore -v -z --stdin [2ms]
2026-09-12 13:29:58.008 [info] > git config --get commit.template [6ms]
2026-09-12 13:29:58.009 [info] > git for-each-ref --format=%(refname)%00%(upstream:short)%00%(objectname)%00%(upstream:track)%00%(upstream:remotename)%00%(upstream:remoteref) refs/heads/main refs/remotes/main [2ms]
2026-09-12 13:29:58.022 [info] > git for-each-ref --sort -committerdate --format %(refname)%00%(objectname)%00%(*objectname) [1ms]
2026-09-12 13:29:58.025 [info] > git status -z -uall [10ms]
2026-09-12 13:29:58.098 [info] > git check-ignore -v -z --stdin [2ms]
2026-09-12 13:29:58.789 [info] > git check-ignore -v -z --stdin [1ms]
2026-09-12 13:29:59.453 [info] > git check-ignore -v -z --stdin [2ms]
2026-09-12 13:29:59.811 [info] > git check-ignore -v -z --stdin [2ms]
2026-09-12 13:30:00.058 [info] > git check-ignore -v -z --stdin [2ms]
2026-09-12 13:30:00.329 [info] > git check-ignore -v -z --stdin [2ms]
2026-09-12 13:30:01.187 [info] > git check-ignore -v -z --stdin [1ms]
2026-09-12 13:30:01.540 [info] > git check-ignore -v -z --stdin [1ms]
2026-09-12 13:30:03.173 [info] > git check-ignore -v -z --stdin [1ms]
2026-09-12 13:30:03.449 [info] > git config --get commit.template [5ms]
2026-09-12 13:30:03.450 [info] > git for-each-ref --format=%(refname)%00%(upstream:short)%00%(objectname)%00%(upstream:track)%00%(upstream:remotename)%00%(upstream:remoteref) refs/heads/main refs/remotes/main [1ms]
2026-09-12 13:30:03.463 [info] > git for-each-ref --sort -committerdate --format %(refname)%00%(objectname)%00%(*objectname) [2ms]
2026-09-12 13:30:03.467 [info] > git status -z -uall [10ms]
2026-09-12 13:30:03.757 [info] > git check-ignore -v -z --stdin [1ms]
2026-09-12 13:30:03.982 [info] > git check-ignore -v -z --stdin [2ms]
2026-09-12 13:30:04.633 [info] > git check-ignore -v -z --stdin [1ms]
2026-09-12 13:30:04.862 [info] > git check-ignore -v -z --stdin [1ms]
2026-09-12 13:30:05.103 [info] > git check-ignore -v -z --stdin [2ms]
2026-09-12 13:30:07.402 [info] > git check-ignore -v -z --stdin [2ms]
2026-09-12 13:30:07.437 [info] > git show --textconv :Python/django/SOA/OrientationApp/views.py [15ms]
2026-09-12 13:30:07.439 [info] > git ls-files --stage -- Python/django/SOA/OrientationApp/views.py [2ms]
2026-09-12 13:30:07.453 [info] > git cat-file -s a409af7d5fe6ef2a9c6148795980612bca67ea42 [2ms]
2026-09-12 13:30:08.496 [info] > git config --get commit.template [8ms]
2026-09-12 13:30:08.497 [info] > git for-each-ref --format=%(refname)%00%(upstream:short)%00%(objectname)%00%(upstream:track)%00%(upstream:remotename)%00%(upstream:remoteref) refs/heads/main refs/remotes/main [2ms]
2026-09-12 13:30:08.526 [info] > git status -z -uall [14ms]
2026-09-12 13:30:08.528 [info] > git for-each-ref --sort -committerdate --format %(refname)%00%(objectname)%00%(*objectname) [5ms]
2026-09-12 13:30:12.431 [info] > git check-ignore -v -z --stdin [4ms]
2026-09-12 13:30:12.478 [info] > git show --textconv :Python/django/SOA/OrientationApp/templates/Orientation.html [28ms]
2026-09-12 13:30:12.480 [info] > git ls-files --stage -- Python/django/SOA/OrientationApp/templates/Orientation.html [3ms]
2026-09-12 13:30:12.493 [info] > git cat-file -s 13af512edcfe005a9cf1a537e2d521be3548f5fe [8ms]
2026-09-12 13:30:14.522 [info] > git check-ignore -v -z --stdin [2ms]
2026-09-12 13:30:14.570 [info] > git show --textconv :Python/django/SOA/OrientationApp/views.py [28ms]
2026-09-12 13:30:14.574 [info] > git ls-files --stage -- Python/django/SOA/OrientationApp/views.py [6ms]
2026-09-12 13:30:14.588 [info] > git cat-file -s a409af7d5fe6ef2a9c6148795980612bca67ea42 [4ms]
2026-09-12 13:31:38.960 [info] > git check-ignore -v -z --stdin [1ms]
2026-09-12 13:31:40.872 [info] > git config --get commit.template [11ms]
2026-09-12 13:31:40.873 [info] > git for-each-ref --format=%(refname)%00%(upstream:short)%00%(objectname)%00%(upstream:track)%00%(upstream:remotename)%00%(upstream:remoteref) refs/heads/main refs/remotes/main [3ms]
2026-09-12 13:31:40.896 [info] > git status -z -uall [17ms]
2026-09-12 13:31:40.897 [info] > git for-each-ref --sort -committerdate --format %(refname)%00%(objectname)%00%(*objectname) [9ms]
2026-09-12 13:31:43.648 [info] > git check-ignore -v -z --stdin [1ms]
2026-09-12 13:31:45.920 [info] > git config --get commit.template [7ms]
2026-09-12 13:31:45.920 [info] > git for-each-ref --format=%(refname)%00%(upstream:short)%00%(objectname)%00%(upstream:track)%00%(upstream:remotename)%00%(upstream:remoteref) refs/heads/main refs/remotes/main [2ms]
2026-09-12 13:31:45.959 [info] > git status -z -uall [30ms]
2026-09-12 13:31:45.965 [info] > git for-each-ref --sort -committerdate --format %(refname)%00%(objectname)%00%(*objectname) [7ms]
2026-09-12 13:31:47.572 [info] > git check-ignore -v -z --stdin [2ms]
2026-09-12 13:31:48.636 [info] > git check-ignore -v -z --stdin [3ms]
2026-09-12 13:31:50.987 [info] > git config --get commit.template [2ms]
2026-09-12 13:31:50.999 [info] > git for-each-ref --format=%(refname)%00%(upstream:short)%00%(objectname)%00%(upstream:track)%00%(upstream:remotename)%00%(upstream:remoteref) refs/heads/main refs/remotes/main [2ms]
2026-09-12 13:31:51.015 [info] > git for-each-ref --sort -committerdate --format %(refname)%00%(objectname)%00%(*objectname) [2ms]
2026-09-12 13:31:51.017 [info] > git status -z -uall [10ms]
2026-09-12 13:31:53.459 [info] > git check-ignore -v -z --stdin [5ms]
2026-09-12 13:31:53.526 [info] > git show --textconv :Python/django/SOA/OrientationApp/templates/Orientation.html [31ms]
2026-09-12 13:31:53.528 [info] > git ls-files --stage -- Python/django/SOA/OrientationApp/templates/Orientation.html [3ms]
2026-09-12 13:31:53.549 [info] > git cat-file -s 13af512edcfe005a9cf1a537e2d521be3548f5fe [8ms]
2026-09-12 13:31:56.034 [info] > git config --get commit.template [6ms]
2026-09-12 13:31:56.035 [info] > git for-each-ref --format=%(refname)%00%(upstream:short)%00%(objectname)%00%(upstream:track)%00%(upstream:remotename)%00%(upstream:remoteref) refs/heads/main refs/remotes/main [2ms]
2026-09-12 13:31:56.046 [info] > git for-each-ref --sort -committerdate --format %(refname)%00%(objectname)%00%(*objectname) [2ms]
2026-09-12 13:31:56.050 [info] > git status -z -uall [10ms]
2026-09-12 13:32:18.918 [info] > git check-ignore -v -z --stdin [2ms]
2026-09-12 13:32:20.810 [info] > git config --get commit.template [1ms]
2026-09-12 13:32:20.817 [info] > git for-each-ref --format=%(refname)%00%(upstream:short)%00%(objectname)%00%(upstream:track)%00%(upstream:remotename)%00%(upstream:remoteref) refs/heads/main refs/remotes/main [2ms]
2026-09-12 13:32:20.830 [info] > git status -z -uall [9ms]
2026-09-12 13:32:20.830 [info] > git for-each-ref --sort -committerdate --format %(refname)%00%(objectname)%00%(*objectname) [3ms]
2026-09-12 13:33:39.416 [info] > git check-ignore -v -z --stdin [2ms]
2026-09-12 13:33:39.998 [info] > git check-ignore -v -z --stdin [1ms]
2026-09-12 13:33:40.456 [info] > git check-ignore -v -z --stdin [2ms]
2026-09-12 13:33:41.350 [info] > git check-ignore -v -z --stdin [3ms]
2026-09-12 13:33:42.723 [info] > git check-ignore -v -z --stdin [2ms]
2026-09-12 13:33:43.245 [info] > git config --get commit.template [5ms]
2026-09-12 13:33:43.246 [info] > git for-each-ref --format=%(refname)%00%(upstream:short)%00%(objectname)%00%(upstream:track)%00%(upstream:remotename)%00%(upstream:remoteref) refs/heads/main refs/remotes/main [1ms]
2026-09-12 13:33:43.257 [info] > git for-each-ref --sort -committerdate --format %(refname)%00%(objectname)%00%(*objectname) [2ms]
2026-09-12 13:33:43.260 [info] > git status -z -uall [10ms]
2026-09-12 13:33:43.951 [info] > git check-ignore -v -z --stdin [2ms]
2026-09-12 13:33:44.547 [info] > git check-ignore -v -z --stdin [3ms]
2026-09-12 13:33:44.922 [info] > git check-ignore -v -z --stdin [2ms]
2026-09-12 13:33:46.280 [info] > git check-ignore -v -z --stdin [2ms]
2026-09-12 13:33:47.241 [info] > git check-ignore -v -z --stdin [1ms]
2026-09-12 13:33:48.285 [info] > git config --get commit.template [5ms]
2026-09-12 13:33:48.286 [info] > git for-each-ref --format=%(refname)%00%(upstream:short)%00%(objectname)%00%(upstream:track)%00%(upstream:remotename)%00%(upstream:remoteref) refs/heads/main refs/remotes/main [2ms]
2026-09-12 13:33:48.301 [info] > git status -z -uall [11ms]
2026-09-12 13:33:48.301 [info] > git for-each-ref --sort -committerdate --format %(refname)%00%(objectname)%00%(*objectname) [2ms]
2026-09-12 13:33:49.329 [info] > git check-ignore -v -z --stdin [2ms]
2026-09-12 13:33:53.316 [info] > git config --get commit.template [5ms]
2026-09-12 13:33:53.318 [info] > git for-each-ref --format=%(refname)%00%(upstream:short)%00%(objectname)%00%(upstream:track)%00%(upstream:remotename)%00%(upstream:remoteref) refs/heads/main refs/remotes/main [3ms]
2026-09-12 13:33:53.329 [info] > git for-each-ref --sort -committerdate --format %(refname)%00%(objectname)%00%(*objectname) [1ms]
2026-09-12 13:33:53.332 [info] > git status -z -uall [9ms]
2026-09-12 13:33:54.152 [info] > git check-ignore -v -z --stdin [3ms]
2026-09-12 13:33:55.715 [info] > git check-ignore -v -z --stdin [2ms]
2026-09-12 13:33:56.701 [info] > git check-ignore -v -z --stdin [1ms]
2026-09-12 13:33:56.996 [info] > git check-ignore -v -z --stdin [1ms]
2026-09-12 13:33:58.272 [info] > git check-ignore -v -z --stdin [2ms]
2026-09-12 13:33:58.347 [info] > git config --get commit.template [2ms]
2026-09-12 13:33:58.353 [info] > git for-each-ref --format=%(refname)%00%(upstream:short)%00%(objectname)%00%(upstream:track)%00%(upstream:remotename)%00%(upstream:remoteref) refs/heads/main refs/remotes/main [2ms]
2026-09-12 13:33:58.365 [info] > git for-each-ref --sort -committerdate --format %(refname)%00%(objectname)%00%(*objectname) [2ms]
2026-09-12 13:33:58.367 [info] > git status -z -uall [9ms]
2026-09-12 13:34:00.054 [info] > git check-ignore -v -z --stdin [3ms]
2026-09-12 13:34:00.700 [info] > git check-ignore -v -z --stdin [2ms]
2026-09-12 13:34:01.295 [info] > git check-ignore -v -z --stdin [2ms]
2026-09-12 13:34:03.383 [info] > git config --get commit.template [5ms]
2026-09-12 13:34:03.384 [info] > git for-each-ref --format=%(refname)%00%(upstream:short)%00%(objectname)%00%(upstream:track)%00%(upstream:remotename)%00%(upstream:remoteref) refs/heads/main refs/remotes/main [2ms]
2026-09-12 13:34:03.395 [info] > git for-each-ref --sort -committerdate --format %(refname)%00%(objectname)%00%(*objectname) [1ms]
2026-09-12 13:34:03.397 [info] > git status -z -uall [9ms]
2026-09-12 13:34:21.530 [info] > git check-ignore -v -z --stdin [2ms]
2026-09-12 13:34:23.424 [info] > git config --get commit.template [5ms]
2026-09-12 13:34:23.425 [info] > git for-each-ref --format=%(refname)%00%(upstream:short)%00%(objectname)%00%(upstream:track)%00%(upstream:remotename)%00%(upstream:remoteref) refs/heads/main refs/remotes/main [2ms]
2026-09-12 13:34:23.437 [info] > git for-each-ref --sort -committerdate --format %(refname)%00%(objectname)%00%(*objectname) [3ms]
2026-09-12 13:34:23.440 [info] > git status -z -uall [10ms]
2026-09-12 13:34:25.023 [info] > git check-ignore -v -z --stdin [1ms]
2026-09-12 13:34:28.462 [info] > git config --get commit.template [4ms]
2026-09-12 13:34:28.475 [info] > git for-each-ref --format=%(refname)%00%(upstream:short)%00%(objectname)%00%(upstream:track)%00%(upstream:remotename)%00%(upstream:remoteref) refs/heads/main refs/remotes/main [5ms]
2026-09-12 13:34:28.500 [info] > git status -z -uall [15ms]
2026-09-12 13:34:28.501 [info] > git for-each-ref --sort -committerdate --format %(refname)%00%(objectname)%00%(*objectname) [2ms]
2026-09-12 13:34:32.674 [info] > git check-ignore -v -z --stdin [2ms]
2026-09-12 13:34:32.707 [info] > git show --textconv :Python/django/SOA/OrientationApp/views.py [18ms]
2026-09-12 13:34:32.709 [info] > git ls-files --stage -- Python/django/SOA/OrientationApp/views.py [3ms]
2026-09-12 13:34:32.737 [info] > git cat-file -s a409af7d5fe6ef2a9c6148795980612bca67ea42 [7ms]
2026-09-12 13:34:48.362 [info] > git check-ignore -v -z --stdin [2ms]
2026-09-12 13:34:48.415 [info] > git show --textconv :Python/django/SOA/OrientationApp/templates/Orientation.html [15ms]
2026-09-12 13:34:48.419 [info] > git ls-files --stage -- Python/django/SOA/OrientationApp/templates/Orientation.html [6ms]
2026-09-12 13:34:48.426 [info] > git cat-file -s 13af512edcfe005a9cf1a537e2d521be3548f5fe [2ms]
2026-09-12 13:34:54.831 [info] > git check-ignore -v -z --stdin [3ms]
2026-09-12 13:34:56.372 [info] > git check-ignore -v -z --stdin [2ms]
2026-09-12 13:34:56.733 [info] > git config --get commit.template [12ms]
2026-09-12 13:34:56.735 [info] > git for-each-ref --format=%(refname)%00%(upstream:short)%00%(objectname)%00%(upstream:track)%00%(upstream:remotename)%00%(upstream:remoteref) refs/heads/main refs/remotes/main [4ms]
2026-09-12 13:34:56.762 [info] > git for-each-ref --sort -committerdate --format %(refname)%00%(objectname)%00%(*objectname) [4ms]
2026-09-12 13:34:56.764 [info] > git status -z -uall [17ms]
2026-09-12 13:34:56.890 [info] > git check-ignore -v -z --stdin [3ms]
2026-09-12 13:34:57.096 [info] > git check-ignore -v -z --stdin [1ms]
2026-09-12 13:34:57.737 [info] > git check-ignore -v -z --stdin [2ms]
2026-09-12 13:34:58.915 [info] > git check-ignore -v -z --stdin [3ms]
2026-09-12 13:34:59.626 [info] > git check-ignore -v -z --stdin [2ms]
2026-09-12 13:34:59.846 [info] > git check-ignore -v -z --stdin [1ms]
2026-09-12 13:35:00.668 [info] > git check-ignore -v -z --stdin [1ms]
2026-09-12 13:35:00.877 [info] > git check-ignore -v -z --stdin [2ms]
2026-09-12 13:35:01.511 [info] > git check-ignore -v -z --stdin [2ms]
2026-09-12 13:35:01.782 [info] > git config --get commit.template [6ms]
2026-09-12 13:35:01.783 [info] > git for-each-ref --format=%(refname)%00%(upstream:short)%00%(objectname)%00%(upstream:track)%00%(upstream:remotename)%00%(upstream:remoteref) refs/heads/main refs/remotes/main [2ms]
2026-09-12 13:35:01.794 [info] > git for-each-ref --sort -committerdate --format %(refname)%00%(objectname)%00%(*objectname) [2ms]
2026-09-12 13:35:01.797 [info] > git status -z -uall [9ms]
2026-09-12 13:35:03.468 [info] > git check-ignore -v -z --stdin [1ms]
2026-09-12 13:35:04.548 [info] > git check-ignore -v -z --stdin [1ms]
2026-09-12 13:35:05.075 [info] > git check-ignore -v -z --stdin [1ms]
2026-09-12 13:35:06.220 [info] > git check-ignore -v -z --stdin [2ms]
2026-09-12 13:35:06.507 [info] > git check-ignore -v -z --stdin [2ms]
2026-09-12 13:35:06.822 [info] > git config --get commit.template [7ms]
2026-09-12 13:35:06.823 [info] > git for-each-ref --format=%(refname)%00%(upstream:short)%00%(objectname)%00%(upstream:track)%00%(upstream:remotename)%00%(upstream:remoteref) refs/heads/main refs/remotes/main [2ms]
2026-09-12 13:35:06.834 [info] > git for-each-ref --sort -committerdate --format %(refname)%00%(objectname)%00%(*objectname) [2ms]
2026-09-12 13:35:06.837 [info] > git status -z -uall [9ms]
2026-09-12 13:35:07.606 [info] > git check-ignore -v -z --stdin [2ms]
2026-09-12 13:35:08.244 [info] > git check-ignore -v -z --stdin [1ms]
2026-09-12 13:35:08.645 [info] > git check-ignore -v -z --stdin [2ms]
2026-09-12 13:35:10.904 [info] > git check-ignore -v -z --stdin [3ms]
2026-09-12 13:35:11.523 [info] > git check-ignore -v -z --stdin [1ms]
2026-09-12 13:35:11.853 [info] > git config --get commit.template [6ms]
2026-09-12 13:35:11.853 [info] > git for-each-ref --format=%(refname)%00%(upstream:short)%00%(objectname)%00%(upstream:track)%00%(upstream:remotename)%00%(upstream:remoteref) refs/heads/main refs/remotes/main [1ms]
2026-09-12 13:35:11.868 [info] > git for-each-ref --sort -committerdate --format %(refname)%00%(objectname)%00%(*objectname) [2ms]
2026-09-12 13:35:11.870 [info] > git status -z -uall [9ms]
2026-09-12 13:35:12.305 [info] > git check-ignore -v -z --stdin [1ms]
2026-09-12 13:35:12.910 [info] > git check-ignore -v -z --stdin [2ms]
2026-09-12 13:35:13.427 [info] > git check-ignore -v -z --stdin [2ms]
2026-09-12 13:35:13.838 [info] > git check-ignore -v -z --stdin [2ms]
2026-09-12 13:35:14.784 [info] > git check-ignore -v -z --stdin [2ms]
2026-09-12 13:35:15.374 [info] > git check-ignore -v -z --stdin [2ms]
2026-09-12 13:35:15.594 [info] > git check-ignore -v -z --stdin [3ms]
2026-09-12 13:35:15.997 [info] > git check-ignore -v -z --stdin [1ms]
2026-09-12 13:35:16.683 [info] > git check-ignore -v -z --stdin [2ms]
2026-09-12 13:35:16.949 [info] > git check-ignore -v -z --stdin [2ms]
2026-09-12 13:35:17.201 [info] > git check-ignore -v -z --stdin [2ms]
2026-09-12 13:35:17.560 [info] > git check-ignore -v -z --stdin [1ms]
2026-09-12 13:35:18.260 [info] > git check-ignore -v -z --stdin [2ms]
2026-09-12 13:35:18.480 [info] > git check-ignore -v -z --stdin [2ms]
2026-09-12 13:35:18.816 [info] > git check-ignore -v -z --stdin [1ms]
2026-09-12 13:35:19.085 [info] > git check-ignore -v -z --stdin [2ms]
2026-09-12 13:35:20.980 [info] > git config --get commit.template [5ms]
2026-09-12 13:35:20.981 [info] > git for-each-ref --format=%(refname)%00%(upstream:short)%00%(objectname)%00%(upstream:track)%00%(upstream:remotename)%00%(upstream:remoteref) refs/heads/main refs/remotes/main [1ms]
2026-09-12 13:35:20.992 [info] > git for-each-ref --sort -committerdate --format %(refname)%00%(objectname)%00%(*objectname) [1ms]
2026-09-12 13:35:20.996 [info] > git status -z -uall [11ms]
2026-09-12 13:35:25.620 [info] > git check-ignore -v -z --stdin [1ms]
2026-09-12 13:35:26.855 [info] > git check-ignore -v -z --stdin [2ms]
2026-09-12 13:35:27.508 [info] > git config --get commit.template [6ms]
2026-09-12 13:35:27.509 [info] > git for-each-ref --format=%(refname)%00%(upstream:short)%00%(objectname)%00%(upstream:track)%00%(upstream:remotename)%00%(upstream:remoteref) refs/heads/main refs/remotes/main [2ms]
2026-09-12 13:35:27.526 [info] > git for-each-ref --sort -committerdate --format %(refname)%00%(objectname)%00%(*objectname) [2ms]
2026-09-12 13:35:27.527 [info] > git status -z -uall [11ms]
2026-09-12 13:35:28.061 [info] > git check-ignore -v -z --stdin [2ms]
2026-09-12 13:35:28.592 [info] > git check-ignore -v -z --stdin [2ms]
2026-09-12 13:35:29.284 [info] > git check-ignore -v -z --stdin [2ms]
2026-09-12 13:35:29.723 [info] > git check-ignore -v -z --stdin [1ms]
2026-09-12 13:35:30.063 [info] > git check-ignore -v -z --stdin [3ms]
2026-09-12 13:35:30.630 [info] > git check-ignore -v -z --stdin [2ms]
2026-09-12 13:35:31.134 [info] > git check-ignore -v -z --stdin [4ms]
2026-09-12 13:35:32.549 [info] > git config --get commit.template [11ms]
2026-09-12 13:35:32.550 [info] > git for-each-ref --format=%(refname)%00%(upstream:short)%00%(objectname)%00%(upstream:track)%00%(upstream:remotename)%00%(upstream:remoteref) refs/heads/main refs/remotes/main [2ms]
2026-09-12 13:35:32.575 [info] > git status -z -uall [18ms]
2026-09-12 13:35:32.576 [info] > git for-each-ref --sort -committerdate --format %(refname)%00%(objectname)%00%(*objectname) [5ms]
2026-09-12 13:35:32.742 [info] > git check-ignore -v -z --stdin [2ms]
2026-09-12 13:35:33.312 [info] > git check-ignore -v -z --stdin [1ms]
2026-09-12 13:35:34.351 [info] > git check-ignore -v -z --stdin [1ms]
2026-09-12 13:35:34.830 [info] > git check-ignore -v -z --stdin [2ms]
2026-09-12 13:35:35.078 [info] > git check-ignore -v -z --stdin [1ms]
2026-09-12 13:35:35.796 [info] > git check-ignore -v -z --stdin [1ms]
2026-09-12 13:35:36.295 [info] > git check-ignore -v -z --stdin [2ms]
2026-09-12 13:35:36.831 [info] > git check-ignore -v -z --stdin [5ms]
2026-09-12 13:35:37.071 [info] > git check-ignore -v -z --stdin [2ms]
2026-09-12 13:35:37.600 [info] > git config --get commit.template [5ms]
2026-09-12 13:35:37.601 [info] > git for-each-ref --format=%(refname)%00%(upstream:short)%00%(objectname)%00%(upstream:track)%00%(upstream:remotename)%00%(upstream:remoteref) refs/heads/main refs/remotes/main [2ms]
2026-09-12 13:35:37.614 [info] > git status -z -uall [9ms]
2026-09-12 13:35:37.614 [info] > git for-each-ref --sort -committerdate --format %(refname)%00%(objectname)%00%(*objectname) [4ms]
2026-09-12 13:35:42.088 [info] > git check-ignore -v -z --stdin [2ms]
2026-09-12 13:35:42.626 [info] > git config --get commit.template [2ms]
2026-09-12 13:35:42.634 [info] > git for-each-ref --format=%(refname)%00%(upstream:short)%00%(objectname)%00%(upstream:track)%00%(upstream:remotename)%00%(upstream:remoteref) refs/heads/main refs/remotes/main [3ms]
2026-09-12 13:35:42.644 [info] > git for-each-ref --sort -committerdate --format %(refname)%00%(objectname)%00%(*objectname) [2ms]
2026-09-12 13:35:42.647 [info] > git status -z -uall [8ms]
2026-09-12 13:35:44.173 [info] > git check-ignore -v -z --stdin [2ms]
2026-09-12 13:35:45.143 [info] > git check-ignore -v -z --stdin [1ms]
2026-09-12 13:35:45.359 [info] > git check-ignore -v -z --stdin [2ms]
2026-09-12 13:35:46.030 [info] > git check-ignore -v -z --stdin [2ms]
2026-09-12 13:35:46.632 [info] > git check-ignore -v -z --stdin [1ms]
2026-09-12 13:35:47.662 [info] > git check-ignore -v -z --stdin [9ms]
2026-09-12 13:35:47.670 [info] > git config --get commit.template [8ms]
2026-09-12 13:35:47.671 [info] > git for-each-ref --format=%(refname)%00%(upstream:short)%00%(objectname)%00%(upstream:track)%00%(upstream:remotename)%00%(upstream:remoteref) refs/heads/main refs/remotes/main [2ms]
2026-09-12 13:35:47.689 [info] > git status -z -uall [11ms]
2026-09-12 13:35:47.689 [info] > git for-each-ref --sort -committerdate --format %(refname)%00%(objectname)%00%(*objectname) [1ms]
2026-09-12 13:35:48.329 [info] > git check-ignore -v -z --stdin [2ms]
2026-09-12 13:35:48.698 [info] > git check-ignore -v -z --stdin [2ms]
2026-09-12 13:35:52.733 [info] > git config --get commit.template [2ms]
2026-09-12 13:35:52.766 [info] > git for-each-ref --format=%(refname)%00%(upstream:short)%00%(objectname)%00%(upstream:track)%00%(upstream:remotename)%00%(upstream:remoteref) refs/heads/main refs/remotes/main [25ms]
2026-09-12 13:35:52.788 [info] > git for-each-ref --sort -committerdate --format %(refname)%00%(objectname)%00%(*objectname) [3ms]
2026-09-12 13:35:52.795 [info] > git status -z -uall [15ms]
2026-09-12 13:35:53.629 [info] > git check-ignore -v -z --stdin [3ms]
2026-09-12 13:35:53.730 [info] > git show --textconv :Python/django/SOA/OrientationApp/views.py [20ms]
2026-09-12 13:35:53.736 [info] > git ls-files --stage -- Python/django/SOA/OrientationApp/views.py [10ms]
2026-09-12 13:35:53.750 [info] > git cat-file -s a409af7d5fe6ef2a9c6148795980612bca67ea42 [4ms]
2026-09-12 13:36:31.905 [info] > git check-ignore -v -z --stdin [3ms]
2026-09-12 13:36:33.786 [info] > git config --get commit.template [5ms]
2026-09-12 13:36:33.788 [info] > git for-each-ref --format=%(refname)%00%(upstream:short)%00%(objectname)%00%(upstream:track)%00%(upstream:remotename)%00%(upstream:remoteref) refs/heads/main refs/remotes/main [2ms]
2026-09-12 13:36:33.800 [info] > git for-each-ref --sort -committerdate --format %(refname)%00%(objectname)%00%(*objectname) [1ms]
2026-09-12 13:36:33.803 [info] > git status -z -uall [10ms]
2026-09-12 13:36:34.559 [info] > git check-ignore -v -z --stdin [2ms]
2026-09-12 13:36:38.855 [info] > git config --get commit.template [3ms]
2026-09-12 13:36:38.867 [info] > git for-each-ref --format=%(refname)%00%(upstream:short)%00%(objectname)%00%(upstream:track)%00%(upstream:remotename)%00%(upstream:remoteref) refs/heads/main refs/remotes/main [3ms]
2026-09-12 13:36:38.885 [info] > git for-each-ref --sort -committerdate --format %(refname)%00%(objectname)%00%(*objectname) [2ms]
2026-09-12 13:36:38.888 [info] > git status -z -uall [13ms]
2026-09-12 13:36:49.497 [info] > git check-ignore -v -z --stdin [2ms]
2026-09-12 13:36:51.918 [info] > git config --get commit.template [8ms]
2026-09-12 13:36:51.920 [info] > git for-each-ref --format=%(refname)%00%(upstream:short)%00%(objectname)%00%(upstream:track)%00%(upstream:remotename)%00%(upstream:remoteref) refs/heads/main refs/remotes/main [2ms]
2026-09-12 13:36:51.946 [info] > git status -z -uall [17ms]
2026-09-12 13:36:51.951 [info] > git for-each-ref --sort -committerdate --format %(refname)%00%(objectname)%00%(*objectname) [7ms]
2026-09-12 13:36:56.913 [info] > git check-ignore -v -z --stdin [1ms]
2026-09-12 13:36:58.027 [info] > git check-ignore -v -z --stdin [1ms]
2026-09-12 13:36:58.820 [info] > git config --get commit.template [7ms]
2026-09-12 13:36:58.839 [info] > git for-each-ref --format=%(refname)%00%(upstream:short)%00%(objectname)%00%(upstream:track)%00%(upstream:remotename)%00%(upstream:remoteref) refs/heads/main refs/remotes/main [3ms]
2026-09-12 13:36:58.864 [info] > git for-each-ref --sort -committerdate --format %(refname)%00%(objectname)%00%(*objectname) [2ms]
2026-09-12 13:36:58.872 [info] > git status -z -uall [19ms]
2026-09-12 13:36:59.183 [info] > git check-ignore -v -z --stdin [1ms]
2026-09-12 13:37:03.904 [info] > git config --get commit.template [6ms]
2026-09-12 13:37:03.906 [info] > git for-each-ref --format=%(refname)%00%(upstream:short)%00%(objectname)%00%(upstream:track)%00%(upstream:remotename)%00%(upstream:remoteref) refs/heads/main refs/remotes/main [2ms]
2026-09-12 13:37:03.917 [info] > git for-each-ref --sort -committerdate --format %(refname)%00%(objectname)%00%(*objectname) [1ms]
2026-09-12 13:37:03.929 [info] > git status -z -uall [17ms]
2026-09-12 13:37:06.202 [info] > git check-ignore -v -z --stdin [1ms]
2026-09-12 13:37:06.472 [info] > git check-ignore -v -z --stdin [1ms]
2026-09-12 13:37:08.967 [info] > git config --get commit.template [10ms]
2026-09-12 13:37:08.969 [info] > git for-each-ref --format=%(refname)%00%(upstream:short)%00%(objectname)%00%(upstream:track)%00%(upstream:remotename)%00%(upstream:remoteref) refs/heads/main refs/remotes/main [2ms]
2026-09-12 13:37:08.981 [info] > git for-each-ref --sort -committerdate --format %(refname)%00%(objectname)%00%(*objectname) [2ms]
2026-09-12 13:37:08.984 [info] > git status -z -uall [9ms]
2026-09-12 13:37:13.287 [info] > git check-ignore -v -z --stdin [1ms]
2026-09-12 13:37:13.680 [info] > git check-ignore -v -z --stdin [1ms]
2026-09-12 13:37:14.005 [info] > git config --get commit.template [6ms]
2026-09-12 13:37:14.006 [info] > git for-each-ref --format=%(refname)%00%(upstream:short)%00%(objectname)%00%(upstream:track)%00%(upstream:remotename)%00%(upstream:remoteref) refs/heads/main refs/remotes/main [2ms]
2026-09-12 13:37:14.017 [info] > git for-each-ref --sort -committerdate --format %(refname)%00%(objectname)%00%(*objectname) [1ms]
2026-09-12 13:37:14.019 [info] > git status -z -uall [8ms]
2026-09-12 13:37:15.041 [info] > git check-ignore -v -z --stdin [2ms]
2026-09-12 13:37:15.459 [info] > git check-ignore -v -z --stdin [2ms]
2026-09-12 13:37:15.917 [info] > git check-ignore -v -z --stdin [3ms]
2026-09-12 13:37:16.376 [info] > git check-ignore -v -z --stdin [3ms]
2026-09-12 13:37:16.561 [info] > git check-ignore -v -z --stdin [2ms]
2026-09-12 13:37:17.443 [info] > git check-ignore -v -z --stdin [2ms]
2026-09-12 13:37:18.441 [info] > git check-ignore -v -z --stdin [1ms]
2026-09-12 13:37:18.970 [info] > git check-ignore -v -z --stdin [2ms]
2026-09-12 13:37:19.038 [info] > git config --get commit.template [2ms]
2026-09-12 13:37:19.046 [info] > git for-each-ref --format=%(refname)%00%(upstream:short)%00%(objectname)%00%(upstream:track)%00%(upstream:remotename)%00%(upstream:remoteref) refs/heads/main refs/remotes/main [2ms]
2026-09-12 13:37:19.058 [info] > git for-each-ref --sort -committerdate --format %(refname)%00%(objectname)%00%(*objectname) [1ms]
2026-09-12 13:37:19.063 [info] > git status -z -uall [11ms]
2026-09-12 13:37:19.325 [info] > git check-ignore -v -z --stdin [1ms]
2026-09-12 13:37:24.081 [info] > git config --get commit.template [6ms]
2026-09-12 13:37:24.082 [info] > git for-each-ref --format=%(refname)%00%(upstream:short)%00%(objectname)%00%(upstream:track)%00%(upstream:remotename)%00%(upstream:remoteref) refs/heads/main refs/remotes/main [2ms]
2026-09-12 13:37:24.094 [info] > git for-each-ref --sort -committerdate --format %(refname)%00%(objectname)%00%(*objectname) [2ms]
2026-09-12 13:37:24.096 [info] > git status -z -uall [9ms]
2026-09-12 13:37:26.773 [info] > git check-ignore -v -z --stdin [7ms]
2026-09-12 13:37:26.825 [info] > git show --textconv :Python/django/SOA/OrientationApp/templates/Orientation.html [26ms]
2026-09-12 13:37:26.831 [info] > git ls-files --stage -- Python/django/SOA/OrientationApp/templates/Orientation.html [6ms]
2026-09-12 13:37:26.839 [info] > git cat-file -s 13af512edcfe005a9cf1a537e2d521be3548f5fe [2ms]
2026-09-12 13:37:28.644 [info] > git check-ignore -v -z --stdin [2ms]
2026-09-12 13:37:28.850 [info] > git check-ignore -v -z --stdin [2ms]
2026-09-12 13:37:29.111 [info] > git config --get commit.template [6ms]
2026-09-12 13:37:29.112 [info] > git for-each-ref --format=%(refname)%00%(upstream:short)%00%(objectname)%00%(upstream:track)%00%(upstream:remotename)%00%(upstream:remoteref) refs/heads/main refs/remotes/main [2ms]
2026-09-12 13:37:29.124 [info] > git for-each-ref --sort -committerdate --format %(refname)%00%(objectname)%00%(*objectname) [1ms]
2026-09-12 13:37:29.126 [info] > git status -z -uall [8ms]
2026-09-12 13:37:30.276 [info] > git check-ignore -v -z --stdin [2ms]
2026-09-12 13:37:31.093 [info] > git check-ignore -v -z --stdin [2ms]
2026-09-12 13:37:31.373 [info] > git check-ignore -v -z --stdin [2ms]
2026-09-12 13:37:32.004 [info] > git check-ignore -v -z --stdin [2ms]
2026-09-12 13:37:32.553 [info] > git check-ignore -v -z --stdin [2ms]
2026-09-12 13:37:32.941 [info] > git check-ignore -v -z --stdin [1ms]
2026-09-12 13:37:33.312 [info] > git check-ignore -v -z --stdin [2ms]
2026-09-12 13:37:33.551 [info] > git check-ignore -v -z --stdin [1ms]
2026-09-12 13:37:33.949 [info] > git check-ignore -v -z --stdin [1ms]
2026-09-12 13:37:34.142 [info] > git config --get commit.template [5ms]
2026-09-12 13:37:34.144 [info] > git for-each-ref --format=%(refname)%00%(upstream:short)%00%(objectname)%00%(upstream:track)%00%(upstream:remotename)%00%(upstream:remoteref) refs/heads/main refs/remotes/main [2ms]
2026-09-12 13:37:34.154 [info] > git for-each-ref --sort -committerdate --format %(refname)%00%(objectname)%00%(*objectname) [2ms]
2026-09-12 13:37:34.157 [info] > git status -z -uall [9ms]
2026-09-12 13:37:34.745 [info] > git check-ignore -v -z --stdin [2ms]
2026-09-12 13:37:35.139 [info] > git check-ignore -v -z --stdin [2ms]
2026-09-12 13:37:35.516 [info] > git check-ignore -v -z --stdin [2ms]
2026-09-12 13:37:35.734 [info] > git check-ignore -v -z --stdin [1ms]
2026-09-12 13:37:36.326 [info] > git check-ignore -v -z --stdin [1ms]
2026-09-12 13:37:39.280 [info] > git config --get commit.template [5ms]
2026-09-12 13:37:39.282 [info] > git for-each-ref --format=%(refname)%00%(upstream:short)%00%(objectname)%00%(upstream:track)%00%(upstream:remotename)%00%(upstream:remoteref) refs/heads/main refs/remotes/main [2ms]
2026-09-12 13:37:39.293 [info] > git for-each-ref --sort -committerdate --format %(refname)%00%(objectname)%00%(*objectname) [2ms]
2026-09-12 13:37:39.297 [info] > git status -z -uall [10ms]
2026-09-12 13:37:43.382 [info] > git check-ignore -v -z --stdin [1ms]
2026-09-12 13:37:45.284 [info] > git config --get commit.template [9ms]
2026-09-12 13:37:45.284 [info] > git for-each-ref --format=%(refname)%00%(upstream:short)%00%(objectname)%00%(upstream:track)%00%(upstream:remotename)%00%(upstream:remoteref) refs/heads/main refs/remotes/main [1ms]
2026-09-12 13:37:45.295 [info] > git for-each-ref --sort -committerdate --format %(refname)%00%(objectname)%00%(*objectname) [1ms]
2026-09-12 13:37:45.296 [info] > git status -z -uall [8ms]
2026-09-12 13:37:46.466 [info] > git check-ignore -v -z --stdin [2ms]
2026-09-12 13:37:46.787 [info] > git check-ignore -v -z --stdin [2ms]
2026-09-12 13:37:47.210 [info] > git check-ignore -v -z --stdin [2ms]
2026-09-12 13:37:47.480 [info] > git check-ignore -v -z --stdin [2ms]
2026-09-12 13:37:48.935 [info] > git check-ignore -v -z --stdin [2ms]
2026-09-12 13:37:49.155 [info] > git check-ignore -v -z --stdin [1ms]
2026-09-12 13:37:49.362 [info] > git check-ignore -v -z --stdin [2ms]
2026-09-12 13:37:49.715 [info] > git check-ignore -v -z --stdin [3ms]
2026-09-12 13:37:50.316 [info] > git config --get commit.template [3ms]
2026-09-12 13:37:50.324 [info] > git for-each-ref --format=%(refname)%00%(upstream:short)%00%(objectname)%00%(upstream:track)%00%(upstream:remotename)%00%(upstream:remoteref) refs/heads/main refs/remotes/main [3ms]
2026-09-12 13:37:50.338 [info] > git for-each-ref --sort -committerdate --format %(refname)%00%(objectname)%00%(*objectname) [2ms]
2026-09-12 13:37:50.339 [info] > git status -z -uall [10ms]
2026-09-12 13:37:50.878 [info] > git check-ignore -v -z --stdin [2ms]
2026-09-12 13:37:52.640 [info] > git check-ignore -v -z --stdin [1ms]
2026-09-12 13:37:54.865 [info] > git check-ignore -v -z --stdin [2ms]
2026-09-12 13:37:55.357 [info] > git config --get commit.template [5ms]
2026-09-12 13:37:55.359 [info] > git for-each-ref --format=%(refname)%00%(upstream:short)%00%(objectname)%00%(upstream:track)%00%(upstream:remotename)%00%(upstream:remoteref) refs/heads/main refs/remotes/main [2ms]
2026-09-12 13:37:55.369 [info] > git for-each-ref --sort -committerdate --format %(refname)%00%(objectname)%00%(*objectname) [1ms]
2026-09-12 13:37:55.374 [info] > git status -z -uall [11ms]
2026-09-12 13:37:56.104 [info] > git check-ignore -v -z --stdin [1ms]
2026-09-12 13:37:58.808 [info] > git check-ignore -v -z --stdin [2ms]
2026-09-12 13:38:00.391 [info] > git config --get commit.template [6ms]
2026-09-12 13:38:00.392 [info] > git for-each-ref --format=%(refname)%00%(upstream:short)%00%(objectname)%00%(upstream:track)%00%(upstream:remotename)%00%(upstream:remoteref) refs/heads/main refs/remotes/main [1ms]
2026-09-12 13:38:00.406 [info] > git for-each-ref --sort -committerdate --format %(refname)%00%(objectname)%00%(*objectname) [3ms]
2026-09-12 13:38:00.408 [info] > git status -z -uall [10ms]
2026-09-12 13:38:04.521 [info] > git check-ignore -v -z --stdin [2ms]
2026-09-12 13:38:05.016 [info] > git check-ignore -v -z --stdin [2ms]
2026-09-12 13:38:05.428 [info] > git config --get commit.template [5ms]
2026-09-12 13:38:05.429 [info] > git for-each-ref --format=%(refname)%00%(upstream:short)%00%(objectname)%00%(upstream:track)%00%(upstream:remotename)%00%(upstream:remoteref) refs/heads/main refs/remotes/main [2ms]
2026-09-12 13:38:05.439 [info] > git for-each-ref --sort -committerdate --format %(refname)%00%(objectname)%00%(*objectname) [1ms]
2026-09-12 13:38:05.442 [info] > git status -z -uall [9ms]
2026-09-12 13:38:08.989 [info] > git check-ignore -v -z --stdin [2ms]
2026-09-12 13:38:09.415 [info] > git check-ignore -v -z --stdin [5ms]
2026-09-12 13:38:10.314 [info] > git check-ignore -v -z --stdin [1ms]
2026-09-12 13:38:10.465 [info] > git config --get commit.template [7ms]
2026-09-12 13:38:10.465 [info] > git for-each-ref --format=%(refname)%00%(upstream:short)%00%(objectname)%00%(upstream:track)%00%(upstream:remotename)%00%(upstream:remoteref) refs/heads/main refs/remotes/main [1ms]
2026-09-12 13:38:10.477 [info] > git for-each-ref --sort -committerdate --format %(refname)%00%(objectname)%00%(*objectname) [2ms]
2026-09-12 13:38:10.478 [info] > git status -z -uall [9ms]
2026-09-12 13:38:10.567 [info] > git check-ignore -v -z --stdin [1ms]
2026-09-12 13:38:12.399 [info] > git check-ignore -v -z --stdin [2ms]
2026-09-12 13:38:13.757 [info] > git check-ignore -v -z --stdin [2ms]
2026-09-12 13:38:15.497 [info] > git config --get commit.template [7ms]
2026-09-12 13:38:15.498 [info] > git for-each-ref --format=%(refname)%00%(upstream:short)%00%(objectname)%00%(upstream:track)%00%(upstream:remotename)%00%(upstream:remoteref) refs/heads/main refs/remotes/main [2ms]
2026-09-12 13:38:15.525 [info] > git for-each-ref --sort -committerdate --format %(refname)%00%(objectname)%00%(*objectname) [2ms]
2026-09-12 13:38:15.528 [info] > git status -z -uall [12ms]
2026-09-12 13:38:15.597 [info] > git check-ignore -v -z --stdin [2ms]
2026-09-12 13:38:16.230 [info] > git check-ignore -v -z --stdin [1ms]
2026-09-12 13:38:16.533 [info] > git check-ignore -v -z --stdin [2ms]
2026-09-12 13:38:16.932 [info] > git check-ignore -v -z --stdin [2ms]
2026-09-12 13:38:17.244 [info] > git check-ignore -v -z --stdin [1ms]
2026-09-12 13:38:18.463 [info] > git check-ignore -v -z --stdin [2ms]
2026-09-12 13:38:19.645 [info] > git check-ignore -v -z --stdin [1ms]
2026-09-12 13:38:20.547 [info] > git config --get commit.template [7ms]
2026-09-12 13:38:20.548 [info] > git for-each-ref --format=%(refname)%00%(upstream:short)%00%(objectname)%00%(upstream:track)%00%(upstream:remotename)%00%(upstream:remoteref) refs/heads/main refs/remotes/main [2ms]
2026-09-12 13:38:20.559 [info] > git for-each-ref --sort -committerdate --format %(refname)%00%(objectname)%00%(*objectname) [2ms]
2026-09-12 13:38:20.561 [info] > git status -z -uall [8ms]
2026-09-12 13:38:21.558 [info] > git check-ignore -v -z --stdin [2ms]
2026-09-12 13:38:23.357 [info] > git check-ignore -v -z --stdin [2ms]
2026-09-12 13:38:24.423 [info] > git check-ignore -v -z --stdin [2ms]
2026-09-12 13:38:25.580 [info] > git config --get commit.template [2ms]
2026-09-12 13:38:25.587 [info] > git for-each-ref --format=%(refname)%00%(upstream:short)%00%(objectname)%00%(upstream:track)%00%(upstream:remotename)%00%(upstream:remoteref) refs/heads/main refs/remotes/main [2ms]
2026-09-12 13:38:25.597 [info] > git for-each-ref --sort -committerdate --format %(refname)%00%(objectname)%00%(*objectname) [2ms]
2026-09-12 13:38:25.600 [info] > git status -z -uall [7ms]
2026-09-12 13:38:25.876 [info] > git check-ignore -v -z --stdin [1ms]
2026-09-12 13:38:26.549 [info] > git check-ignore -v -z --stdin [2ms]
2026-09-12 13:38:28.302 [info] > git check-ignore -v -z --stdin [2ms]
2026-09-12 13:38:30.613 [info] > git config --get commit.template [5ms]
2026-09-12 13:38:30.615 [info] > git for-each-ref --format=%(refname)%00%(upstream:short)%00%(objectname)%00%(upstream:track)%00%(upstream:remotename)%00%(upstream:remoteref) refs/heads/main refs/remotes/main [2ms]
2026-09-12 13:38:30.632 [info] > git for-each-ref --sort -committerdate --format %(refname)%00%(objectname)%00%(*objectname) [1ms]
2026-09-12 13:38:30.634 [info] > git status -z -uall [11ms]
2026-09-12 13:38:31.868 [info] > git check-ignore -v -z --stdin [2ms]
2026-09-12 13:38:35.658 [info] > git config --get commit.template [11ms]
2026-09-12 13:38:35.659 [info] > git for-each-ref --format=%(refname)%00%(upstream:short)%00%(objectname)%00%(upstream:track)%00%(upstream:remotename)%00%(upstream:remoteref) refs/heads/main refs/remotes/main [6ms]
2026-09-12 13:38:35.677 [info] > git for-each-ref --sort -committerdate --format %(refname)%00%(objectname)%00%(*objectname) [1ms]
2026-09-12 13:38:35.679 [info] > git status -z -uall [13ms]
2026-09-12 13:38:39.170 [info] > git check-ignore -v -z --stdin [2ms]
2026-09-12 13:38:40.436 [info] > git check-ignore -v -z --stdin [3ms]
2026-09-12 13:38:40.837 [info] > git check-ignore -v -z --stdin [1ms]
2026-09-12 13:38:41.087 [info] > git config --get commit.template [10ms]
2026-09-12 13:38:41.089 [info] > git for-each-ref --format=%(refname)%00%(upstream:short)%00%(objectname)%00%(upstream:track)%00%(upstream:remotename)%00%(upstream:remoteref) refs/heads/main refs/remotes/main [3ms]
2026-09-12 13:38:41.108 [info] > git for-each-ref --sort -committerdate --format %(refname)%00%(objectname)%00%(*objectname) [2ms]
2026-09-12 13:38:41.115 [info] > git status -z -uall [16ms]
2026-09-12 13:38:45.300 [info] > git check-ignore -v -z --stdin [1ms]
2026-09-12 13:38:46.134 [info] > git config --get commit.template [2ms]
2026-09-12 13:38:46.145 [info] > git for-each-ref --format=%(refname)%00%(upstream:short)%00%(objectname)%00%(upstream:track)%00%(upstream:remotename)%00%(upstream:remoteref) refs/heads/main refs/remotes/main [2ms]
2026-09-12 13:38:46.158 [info] > git for-each-ref --sort -committerdate --format %(refname)%00%(objectname)%00%(*objectname) [2ms]
2026-09-12 13:38:46.159 [info] > git status -z -uall [8ms]
2026-09-12 13:38:47.530 [info] > git check-ignore -v -z --stdin [1ms]
2026-09-12 13:38:51.177 [info] > git config --get commit.template [5ms]
2026-09-12 13:38:51.179 [info] > git for-each-ref --format=%(refname)%00%(upstream:short)%00%(objectname)%00%(upstream:track)%00%(upstream:remotename)%00%(upstream:remoteref) refs/heads/main refs/remotes/main [2ms]
2026-09-12 13:38:51.189 [info] > git for-each-ref --sort -committerdate --format %(refname)%00%(objectname)%00%(*objectname) [1ms]
2026-09-12 13:38:51.191 [info] > git status -z -uall [8ms]
2026-09-12 13:38:53.441 [info] > git check-ignore -v -z --stdin [2ms]
2026-09-12 13:38:56.214 [info] > git config --get commit.template [2ms]
2026-09-12 13:38:56.222 [info] > git for-each-ref --format=%(refname)%00%(upstream:short)%00%(objectname)%00%(upstream:track)%00%(upstream:remotename)%00%(upstream:remoteref) refs/heads/main refs/remotes/main [1ms]
2026-09-12 13:38:56.234 [info] > git for-each-ref --sort -committerdate --format %(refname)%00%(objectname)%00%(*objectname) [1ms]
2026-09-12 13:38:56.237 [info] > git status -z -uall [10ms]
2026-09-12 13:38:56.307 [info] > git check-ignore -v -z --stdin [1ms]
2026-09-12 13:38:59.016 [info] > git check-ignore -v -z --stdin [2ms]
2026-09-12 13:38:59.383 [info] > git check-ignore -v -z --stdin [1ms]
2026-09-12 13:39:00.705 [info] > git check-ignore -v -z --stdin [2ms]
2026-09-12 13:39:01.039 [info] > git check-ignore -v -z --stdin [1ms]
2026-09-12 13:39:01.260 [info] > git config --get commit.template [5ms]
2026-09-12 13:39:01.261 [info] > git for-each-ref --format=%(refname)%00%(upstream:short)%00%(objectname)%00%(upstream:track)%00%(upstream:remotename)%00%(upstream:remoteref) refs/heads/main refs/remotes/main [1ms]
2026-09-12 13:39:01.274 [info] > git for-each-ref --sort -committerdate --format %(refname)%00%(objectname)%00%(*objectname) [2ms]
2026-09-12 13:39:01.276 [info] > git status -z -uall [9ms]
2026-09-12 13:39:02.253 [info] > git check-ignore -v -z --stdin [2ms]
2026-09-12 13:39:03.231 [info] > git check-ignore -v -z --stdin [2ms]
2026-09-12 13:39:06.294 [info] > git config --get commit.template [6ms]
2026-09-12 13:39:06.295 [info] > git for-each-ref --format=%(refname)%00%(upstream:short)%00%(objectname)%00%(upstream:track)%00%(upstream:remotename)%00%(upstream:remoteref) refs/heads/main refs/remotes/main [2ms]
2026-09-12 13:39:06.309 [info] > git for-each-ref --sort -committerdate --format %(refname)%00%(objectname)%00%(*objectname) [2ms]
2026-09-12 13:39:06.311 [info] > git status -z -uall [10ms]
2026-09-12 13:39:23.462 [info] > git check-ignore -v -z --stdin [2ms]
2026-09-12 13:39:25.387 [info] > git config --get commit.template [2ms]
2026-09-12 13:39:25.393 [info] > git for-each-ref --format=%(refname)%00%(upstream:short)%00%(objectname)%00%(upstream:track)%00%(upstream:remotename)%00%(upstream:remoteref) refs/heads/main refs/remotes/main [2ms]
2026-09-12 13:39:25.406 [info] > git for-each-ref --sort -committerdate --format %(refname)%00%(objectname)%00%(*objectname) [3ms]
2026-09-12 13:39:25.410 [info] > git status -z -uall [11ms]
2026-09-12 13:39:30.424 [info] > git config --get commit.template [1ms]
2026-09-12 13:39:30.430 [info] > git for-each-ref --format=%(refname)%00%(upstream:short)%00%(objectname)%00%(upstream:track)%00%(upstream:remotename)%00%(upstream:remoteref) refs/heads/main refs/remotes/main [1ms]
2026-09-12 13:39:30.441 [info] > git for-each-ref --sort -committerdate --format %(refname)%00%(objectname)%00%(*objectname) [1ms]
2026-09-12 13:39:30.446 [info] > git status -z -uall [11ms]
2026-09-12 13:39:31.941 [info] > git check-ignore -v -z --stdin [2ms]
2026-09-12 13:39:31.960 [info] > git show --textconv :Python/django/SOA/OrientationApp/views.py [8ms]
2026-09-12 13:39:31.963 [info] > git ls-files --stage -- Python/django/SOA/OrientationApp/views.py [3ms]
2026-09-12 13:39:31.990 [info] > git cat-file -s a409af7d5fe6ef2a9c6148795980612bca67ea42 [3ms]
2026-09-12 13:39:53.656 [info] > git check-ignore -v -z --stdin [3ms]
2026-09-12 13:39:53.697 [info] > git show --textconv :Python/django/SOA/OrientationApp/logic.py [25ms]
2026-09-12 13:39:53.698 [info] > git ls-files --stage -- Python/django/SOA/OrientationApp/logic.py [5ms]
2026-09-12 13:39:53.706 [info] > git cat-file -s f3261da2e9cf2646e3aca90bc184a376caa65bcc [2ms]
2026-09-12 13:40:04.613 [info] > git check-ignore -v -z --stdin [4ms]
2026-09-12 13:40:04.625 [info] > git show --textconv :Python/django/SOA/OrientationApp/views.py [1ms]
2026-09-12 13:40:04.642 [info] > git ls-files --stage -- Python/django/SOA/OrientationApp/views.py [1ms]
2026-09-12 13:40:04.659 [info] > git cat-file -s a409af7d5fe6ef2a9c6148795980612bca67ea42 [10ms]
2026-09-12 13:40:18.344 [info] > git check-ignore -v -z --stdin [2ms]
2026-09-12 13:40:18.536 [info] > git check-ignore -v -z --stdin [2ms]
2026-09-12 13:40:21.220 [info] > git check-ignore -v -z --stdin [1ms]
2026-09-12 13:40:21.313 [info] > git config --get commit.template [4ms]
2026-09-12 13:40:21.315 [info] > git for-each-ref --format=%(refname)%00%(upstream:short)%00%(objectname)%00%(upstream:track)%00%(upstream:remotename)%00%(upstream:remoteref) refs/heads/main refs/remotes/main [2ms]
2026-09-12 13:40:21.327 [info] > git for-each-ref --sort -committerdate --format %(refname)%00%(objectname)%00%(*objectname) [2ms]
2026-09-12 13:40:21.329 [info] > git status -z -uall [9ms]
2026-09-12 13:40:22.766 [info] > git check-ignore -v -z --stdin [1ms]
2026-09-12 13:40:26.350 [info] > git config --get commit.template [2ms]
2026-09-12 13:40:26.356 [info] > git for-each-ref --format=%(refname)%00%(upstream:short)%00%(objectname)%00%(upstream:track)%00%(upstream:remotename)%00%(upstream:remoteref) refs/heads/main refs/remotes/main [0ms]
2026-09-12 13:40:26.369 [info] > git for-each-ref --sort -committerdate --format %(refname)%00%(objectname)%00%(*objectname) [1ms]
2026-09-12 13:40:26.370 [info] > git status -z -uall [8ms]
2026-09-12 13:40:45.707 [info] > git check-ignore -v -z --stdin [1ms]
2026-09-12 13:40:45.784 [info] > git show --textconv :Python/django/SOA/OrientationApp/templates/Orientation.html [3ms]
2026-09-12 13:40:45.796 [info] > git ls-files --stage -- Python/django/SOA/OrientationApp/templates/Orientation.html [4ms]
2026-09-12 13:40:45.807 [info] > git cat-file -s 13af512edcfe005a9cf1a537e2d521be3548f5fe [4ms]
2026-09-12 13:40:55.319 [info] > git check-ignore -v -z --stdin [5ms]
2026-09-12 13:40:55.353 [info] > git show --textconv :Python/django/SOA/OrientationApp/views.py [0ms]
2026-09-12 13:40:55.372 [info] > git ls-files --stage -- Python/django/SOA/OrientationApp/views.py [4ms]
2026-09-12 13:40:55.396 [info] > git cat-file -s a409af7d5fe6ef2a9c6148795980612bca67ea42 [12ms]
2026-09-12 13:40:59.373 [info] > git check-ignore -v -z --stdin [2ms]
2026-09-12 13:41:01.168 [info] > git check-ignore -v -z --stdin [3ms]
2026-09-12 13:41:02.169 [info] > git check-ignore -v -z --stdin [2ms]
2026-09-12 13:41:02.471 [info] > git check-ignore -v -z --stdin [2ms]
2026-09-12 13:41:02.851 [info] > git check-ignore -v -z --stdin [1ms]
2026-09-12 13:41:03.177 [info] > git config --get commit.template [11ms]
2026-09-12 13:41:03.210 [info] > git for-each-ref --format=%(refname)%00%(upstream:short)%00%(objectname)%00%(upstream:track)%00%(upstream:remotename)%00%(upstream:remoteref) refs/heads/main refs/remotes/main [21ms]
2026-09-12 13:41:03.260 [info] > git status -z -uall [39ms]
2026-09-12 13:41:03.272 [info] > git for-each-ref --sort -committerdate --format %(refname)%00%(objectname)%00%(*objectname) [13ms]
2026-09-12 13:41:03.372 [info] > git check-ignore -v -z --stdin [18ms]
2026-09-12 13:41:03.782 [info] > git check-ignore -v -z --stdin [3ms]
2026-09-12 13:41:04.498 [info] > git check-ignore -v -z --stdin [2ms]
2026-09-12 13:41:04.847 [info] > git check-ignore -v -z --stdin [3ms]
2026-09-12 13:41:05.680 [info] > git check-ignore -v -z --stdin [6ms]
2026-09-12 13:41:06.368 [info] > git check-ignore -v -z --stdin [1ms]
2026-09-12 13:41:07.269 [info] > git check-ignore -v -z --stdin [4ms]
2026-09-12 13:41:08.003 [info] > git check-ignore -v -z --stdin [2ms]
2026-09-12 13:41:10.601 [info] > git config --get commit.template [7ms]
2026-09-12 13:41:10.601 [info] > git for-each-ref --format=%(refname)%00%(upstream:short)%00%(objectname)%00%(upstream:track)%00%(upstream:remotename)%00%(upstream:remoteref) refs/heads/main refs/remotes/main [1ms]
2026-09-12 13:41:10.613 [info] > git for-each-ref --sort -committerdate --format %(refname)%00%(objectname)%00%(*objectname) [2ms]
2026-09-12 13:41:10.616 [info] > git status -z -uall [9ms]
2026-09-12 13:41:47.105 [info] > git check-ignore -v -z --stdin [2ms]
2026-09-12 13:41:48.529 [info] > git check-ignore -v -z --stdin [3ms]
2026-09-12 13:41:50.507 [info] > git config --get commit.template [3ms]
2026-09-12 13:41:50.515 [info] > git for-each-ref --format=%(refname)%00%(upstream:short)%00%(objectname)%00%(upstream:track)%00%(upstream:remotename)%00%(upstream:remoteref) refs/heads/main refs/remotes/main [2ms]
2026-09-12 13:41:50.528 [info] > git for-each-ref --sort -committerdate --format %(refname)%00%(objectname)%00%(*objectname) [2ms]
2026-09-12 13:41:50.532 [info] > git status -z -uall [10ms]
2026-09-12 13:41:55.558 [info] > git config --get commit.template [11ms]
2026-09-12 13:41:55.559 [info] > git for-each-ref --format=%(refname)%00%(upstream:short)%00%(objectname)%00%(upstream:track)%00%(upstream:remotename)%00%(upstream:remoteref) refs/heads/main refs/remotes/main [2ms]
2026-09-12 13:41:55.581 [info] > git for-each-ref --sort -committerdate --format %(refname)%00%(objectname)%00%(*objectname) [1ms]
2026-09-12 13:41:55.583 [info] > git status -z -uall [15ms]
2026-09-12 13:42:08.717 [info] > git check-ignore -v -z --stdin [6ms]
2026-09-12 13:42:08.778 [info] > git show --textconv :Python/django/SOA/OrientationApp/templates/Orientation.html [23ms]
2026-09-12 13:42:08.780 [info] > git ls-files --stage -- Python/django/SOA/OrientationApp/templates/Orientation.html [3ms]
2026-09-12 13:42:08.787 [info] > git cat-file -s 13af512edcfe005a9cf1a537e2d521be3548f5fe [2ms]
2026-09-12 13:42:18.815 [info] > git check-ignore -v -z --stdin [2ms]
2026-09-12 13:42:19.260 [info] > git check-ignore -v -z --stdin [1ms]
2026-09-12 13:42:20.820 [info] > git check-ignore -v -z --stdin [1ms]
2026-09-12 13:42:21.172 [info] > git config --get commit.template [8ms]
2026-09-12 13:42:21.174 [info] > git for-each-ref --format=%(refname)%00%(upstream:short)%00%(objectname)%00%(upstream:track)%00%(upstream:remotename)%00%(upstream:remoteref) refs/heads/main refs/remotes/main [2ms]
2026-09-12 13:42:21.185 [info] > git for-each-ref --sort -committerdate --format %(refname)%00%(objectname)%00%(*objectname) [0ms]
2026-09-12 13:42:21.187 [info] > git status -z -uall [9ms]
2026-09-12 13:42:22.382 [info] > git check-ignore -v -z --stdin [1ms]
2026-09-12 13:42:26.203 [info] > git config --get commit.template [1ms]
2026-09-12 13:42:26.215 [info] > git for-each-ref --format=%(refname)%00%(upstream:short)%00%(objectname)%00%(upstream:track)%00%(upstream:remotename)%00%(upstream:remoteref) refs/heads/main refs/remotes/main [3ms]
2026-09-12 13:42:26.230 [info] > git for-each-ref --sort -committerdate --format %(refname)%00%(objectname)%00%(*objectname) [2ms]
2026-09-12 13:42:26.232 [info] > git status -z -uall [11ms]
2026-09-12 13:43:01.654 [info] > git check-ignore -v -z --stdin [1ms]
2026-09-12 13:43:03.546 [info] > git config --get commit.template [1ms]
2026-09-12 13:43:03.553 [info] > git for-each-ref --format=%(refname)%00%(upstream:short)%00%(objectname)%00%(upstream:track)%00%(upstream:remotename)%00%(upstream:remoteref) refs/heads/main refs/remotes/main [2ms]
2026-09-12 13:43:03.564 [info] > git for-each-ref --sort -committerdate --format %(refname)%00%(objectname)%00%(*objectname) [1ms]
2026-09-12 13:43:03.567 [info] > git status -z -uall [9ms]
2026-09-12 13:43:06.492 [info] > git check-ignore -v -z --stdin [12ms]
2026-09-12 13:43:06.551 [info] > git show --textconv :Python/django/SOA/OrientationApp/views.py [16ms]
2026-09-12 13:43:06.551 [info] > git ls-files --stage -- Python/django/SOA/OrientationApp/views.py [4ms]
2026-09-12 13:43:06.571 [info] > git cat-file -s a409af7d5fe6ef2a9c6148795980612bca67ea42 [6ms]
2026-09-12 13:44:53.265 [info] > git check-ignore -v -z --stdin [3ms]
2026-09-12 13:44:53.302 [info] > git show --textconv :Python/django/SOA/OrientationApp/templates/Orientation.html [10ms]
2026-09-12 13:44:53.308 [info] > git ls-files --stage -- Python/django/SOA/OrientationApp/templates/Orientation.html [7ms]
2026-09-12 13:44:53.320 [info] > git cat-file -s 13af512edcfe005a9cf1a537e2d521be3548f5fe [1ms]
2026-09-12 13:45:08.984 [info] > git check-ignore -v -z --stdin [2ms]
2026-09-12 13:45:10.869 [info] > git config --get commit.template [1ms]
2026-09-12 13:45:10.876 [info] > git for-each-ref --format=%(refname)%00%(upstream:short)%00%(objectname)%00%(upstream:track)%00%(upstream:remotename)%00%(upstream:remoteref) refs/heads/main refs/remotes/main [1ms]
2026-09-12 13:45:10.888 [info] > git for-each-ref --sort -committerdate --format %(refname)%00%(objectname)%00%(*objectname) [0ms]
2026-09-12 13:45:10.892 [info] > git status -z -uall [10ms]
2026-09-12 13:45:11.362 [info] > git check-ignore -v -z --stdin [2ms]
2026-09-12 13:45:12.780 [info] > git check-ignore -v -z --stdin [1ms]
2026-09-12 13:45:13.560 [info] > git check-ignore -v -z --stdin [2ms]
2026-09-12 13:45:15.907 [info] > git config --get commit.template [1ms]
2026-09-12 13:45:15.914 [info] > git for-each-ref --format=%(refname)%00%(upstream:short)%00%(objectname)%00%(upstream:track)%00%(upstream:remotename)%00%(upstream:remoteref) refs/heads/main refs/remotes/main [2ms]
2026-09-12 13:45:15.925 [info] > git for-each-ref --sort -committerdate --format %(refname)%00%(objectname)%00%(*objectname) [1ms]
2026-09-12 13:45:15.928 [info] > git status -z -uall [9ms]
2026-09-12 13:45:15.948 [info] > git check-ignore -v -z --stdin [2ms]
2026-09-12 13:45:17.544 [info] > git check-ignore -v -z --stdin [3ms]
2026-09-12 13:45:18.706 [info] > git check-ignore -v -z --stdin [2ms]
2026-09-12 13:45:20.961 [info] > git config --get commit.template [14ms]
2026-09-12 13:45:20.962 [info] > git for-each-ref --format=%(refname)%00%(upstream:short)%00%(objectname)%00%(upstream:track)%00%(upstream:remotename)%00%(upstream:remoteref) refs/heads/main refs/remotes/main [5ms]
2026-09-12 13:45:20.983 [info] > git status -z -uall [9ms]
2026-09-12 13:45:20.986 [info] > git for-each-ref --sort -committerdate --format %(refname)%00%(objectname)%00%(*objectname) [6ms]
2026-09-12 13:45:21.168 [info] > git check-ignore -v -z --stdin [2ms]
2026-09-12 13:45:21.496 [info] > git check-ignore -v -z --stdin [1ms]
2026-09-12 13:45:21.861 [info] > git check-ignore -v -z --stdin [2ms]
2026-09-12 13:45:24.129 [info] > git check-ignore -v -z --stdin [2ms]
2026-09-12 13:45:24.448 [info] > git check-ignore -v -z --stdin [2ms]
2026-09-12 13:45:25.420 [info] > git check-ignore -v -z --stdin [1ms]
2026-09-12 13:45:26.003 [info] > git config --get commit.template [5ms]
2026-09-12 13:45:26.004 [info] > git for-each-ref --format=%(refname)%00%(upstream:short)%00%(objectname)%00%(upstream:track)%00%(upstream:remotename)%00%(upstream:remoteref) refs/heads/main refs/remotes/main [2ms]
2026-09-12 13:45:26.024 [info] > git for-each-ref --sort -committerdate --format %(refname)%00%(objectname)%00%(*objectname) [2ms]
2026-09-12 13:45:26.027 [info] > git status -z -uall [12ms]
2026-09-12 13:45:31.057 [info] > git config --get commit.template [12ms]
2026-09-12 13:45:31.060 [info] > git for-each-ref --format=%(refname)%00%(upstream:short)%00%(objectname)%00%(upstream:track)%00%(upstream:remotename)%00%(upstream:remoteref) refs/heads/main refs/remotes/main [4ms]
2026-09-12 13:45:31.082 [info] > git for-each-ref --sort -committerdate --format %(refname)%00%(objectname)%00%(*objectname) [3ms]
2026-09-12 13:45:31.093 [info] > git status -z -uall [24ms]
2026-09-12 13:46:32.852 [info] > git check-ignore -v -z --stdin [11ms]
2026-09-12 13:46:32.883 [info] > git show --textconv :Python/django/SOA/OrientationApp/views.py [7ms]
2026-09-12 13:46:32.885 [info] > git ls-files --stage -- Python/django/SOA/OrientationApp/views.py [2ms]
2026-09-12 13:46:32.901 [info] > git cat-file -s a409af7d5fe6ef2a9c6148795980612bca67ea42 [4ms]
2026-09-12 13:46:49.947 [info] > git check-ignore -v -z --stdin [3ms]
2026-09-12 13:46:51.193 [info] > git check-ignore -v -z --stdin [2ms]
2026-09-12 13:46:51.463 [info] > git check-ignore -v -z --stdin [2ms]
2026-09-12 13:46:51.682 [info] > git check-ignore -v -z --stdin [2ms]
2026-09-12 13:46:51.844 [info] > git config --get commit.template [7ms]
2026-09-12 13:46:51.845 [info] > git for-each-ref --format=%(refname)%00%(upstream:short)%00%(objectname)%00%(upstream:track)%00%(upstream:remotename)%00%(upstream:remoteref) refs/heads/main refs/remotes/main [2ms]
2026-09-12 13:46:51.859 [info] > git for-each-ref --sort -committerdate --format %(refname)%00%(objectname)%00%(*objectname) [1ms]
2026-09-12 13:46:51.864 [info] > git status -z -uall [12ms]
2026-09-12 13:46:52.199 [info] > git check-ignore -v -z --stdin [9ms]
2026-09-12 13:46:52.405 [info] > git check-ignore -v -z --stdin [1ms]
2026-09-12 13:46:52.674 [info] > git check-ignore -v -z --stdin [2ms]
2026-09-12 13:46:54.059 [info] > git check-ignore -v -z --stdin [1ms]
2026-09-12 13:46:55.397 [info] > git check-ignore -v -z --stdin [1ms]
2026-09-12 13:46:55.908 [info] > git check-ignore -v -z --stdin [2ms]
2026-09-12 13:46:56.605 [info] > git check-ignore -v -z --stdin [1ms]
2026-09-12 13:46:56.884 [info] > git config --get commit.template [5ms]
2026-09-12 13:46:56.885 [info] > git for-each-ref --format=%(refname)%00%(upstream:short)%00%(objectname)%00%(upstream:track)%00%(upstream:remotename)%00%(upstream:remoteref) refs/heads/main refs/remotes/main [1ms]
2026-09-12 13:46:56.898 [info] > git for-each-ref --sort -committerdate --format %(refname)%00%(objectname)%00%(*objectname) [1ms]
2026-09-12 13:46:56.901 [info] > git status -z -uall [10ms]
2026-09-12 13:46:56.996 [info] > git check-ignore -v -z --stdin [1ms]
2026-09-12 13:46:58.770 [info] > git check-ignore -v -z --stdin [10ms]
2026-09-12 13:46:59.059 [info] > git check-ignore -v -z --stdin [2ms]
2026-09-12 13:47:01.920 [info] > git config --get commit.template [6ms]
2026-09-12 13:47:01.923 [info] > git for-each-ref --format=%(refname)%00%(upstream:short)%00%(objectname)%00%(upstream:track)%00%(upstream:remotename)%00%(upstream:remoteref) refs/heads/main refs/remotes/main [3ms]
2026-09-12 13:47:01.936 [info] > git for-each-ref --sort -committerdate --format %(refname)%00%(objectname)%00%(*objectname) [2ms]
2026-09-12 13:47:01.938 [info] > git status -z -uall [8ms]
2026-09-12 13:47:02.280 [info] > git check-ignore -v -z --stdin [2ms]
2026-09-12 13:47:03.409 [info] > git check-ignore -v -z --stdin [1ms]
2026-09-12 13:47:05.951 [info] > git check-ignore -v -z --stdin [1ms]
2026-09-12 13:47:06.739 [info] > git check-ignore -v -z --stdin [1ms]
2026-09-12 13:47:06.957 [info] > git config --get commit.template [6ms]
2026-09-12 13:47:06.958 [info] > git for-each-ref --format=%(refname)%00%(upstream:short)%00%(objectname)%00%(upstream:track)%00%(upstream:remotename)%00%(upstream:remoteref) refs/heads/main refs/remotes/main [2ms]
2026-09-12 13:47:06.969 [info] > git for-each-ref --sort -committerdate --format %(refname)%00%(objectname)%00%(*objectname) [0ms]
2026-09-12 13:47:06.972 [info] > git status -z -uall [9ms]
2026-09-12 13:47:07.339 [info] > git check-ignore -v -z --stdin [2ms]
2026-09-12 13:47:07.556 [info] > git check-ignore -v -z --stdin [2ms]
2026-09-12 13:47:08.002 [info] > git check-ignore -v -z --stdin [1ms]
2026-09-12 13:47:08.693 [info] > git check-ignore -v -z --stdin [1ms]
2026-09-12 13:47:09.201 [info] > git check-ignore -v -z --stdin [2ms]
2026-09-12 13:47:10.432 [info] > git check-ignore -v -z --stdin [2ms]
2026-09-12 13:47:10.985 [info] > git check-ignore -v -z --stdin [2ms]
2026-09-12 13:47:11.290 [info] > git check-ignore -v -z --stdin [2ms]
2026-09-12 13:47:11.659 [info] > git check-ignore -v -z --stdin [2ms]
2026-09-12 13:47:11.920 [info] > git check-ignore -v -z --stdin [2ms]
2026-09-12 13:47:11.992 [info] > git config --get commit.template [4ms]
2026-09-12 13:47:12.000 [info] > git for-each-ref --format=%(refname)%00%(upstream:short)%00%(objectname)%00%(upstream:track)%00%(upstream:remotename)%00%(upstream:remoteref) refs/heads/main refs/remotes/main [2ms]
2026-09-12 13:47:12.012 [info] > git for-each-ref --sort -committerdate --format %(refname)%00%(objectname)%00%(*objectname) [1ms]
2026-09-12 13:47:12.016 [info] > git status -z -uall [10ms]
2026-09-12 13:47:17.030 [info] > git config --get commit.template [1ms]
2026-09-12 13:47:17.039 [info] > git for-each-ref --format=%(refname)%00%(upstream:short)%00%(objectname)%00%(upstream:track)%00%(upstream:remotename)%00%(upstream:remoteref) refs/heads/main refs/remotes/main [3ms]
2026-09-12 13:47:17.053 [info] > git for-each-ref --sort -committerdate --format %(refname)%00%(objectname)%00%(*objectname) [1ms]
2026-09-12 13:47:17.056 [info] > git status -z -uall [10ms]
2026-09-12 13:47:23.099 [info] > git check-ignore -v -z --stdin [2ms]
2026-09-12 13:47:24.038 [info] > git check-ignore -v -z --stdin [2ms]
2026-09-12 13:47:26.221 [info] > git config --get commit.template [29ms]
2026-09-12 13:47:26.222 [info] > git for-each-ref --format=%(refname)%00%(upstream:short)%00%(objectname)%00%(upstream:track)%00%(upstream:remotename)%00%(upstream:remoteref) refs/heads/main refs/remotes/main [2ms]
2026-09-12 13:47:26.240 [info] > git for-each-ref --sort -committerdate --format %(refname)%00%(objectname)%00%(*objectname) [1ms]
2026-09-12 13:47:26.241 [info] > git status -z -uall [11ms]
2026-09-12 13:47:32.397 [info] > git check-ignore -v -z --stdin [1ms]
2026-09-12 13:47:33.277 [info] > git check-ignore -v -z --stdin [2ms]
2026-09-12 13:47:33.548 [info] > git check-ignore -v -z --stdin [3ms]
2026-09-12 13:47:33.988 [info] > git check-ignore -v -z --stdin [1ms]
2026-09-12 13:47:36.867 [info] > git config --get commit.template [2ms]
2026-09-12 13:47:36.882 [info] > git for-each-ref --format=%(refname)%00%(upstream:short)%00%(objectname)%00%(upstream:track)%00%(upstream:remotename)%00%(upstream:remoteref) refs/heads/main refs/remotes/main [2ms]
2026-09-12 13:47:36.906 [info] > git for-each-ref --sort -committerdate --format %(refname)%00%(objectname)%00%(*objectname) [1ms]
2026-09-12 13:47:36.920 [info] > git status -z -uall [25ms]
2026-09-12 13:47:38.790 [info] > git check-ignore -v -z --stdin [3ms]
2026-09-12 13:47:38.843 [info] > git show --textconv :Python/django/SOA/OrientationApp/templates/Orientation.html [13ms]
2026-09-12 13:47:38.844 [info] > git ls-files --stage -- Python/django/SOA/OrientationApp/templates/Orientation.html [2ms]
2026-09-12 13:47:38.854 [info] > git cat-file -s 13af512edcfe005a9cf1a537e2d521be3548f5fe [4ms]
2026-09-12 13:47:46.603 [info] > git check-ignore -v -z --stdin [2ms]
2026-09-12 13:47:46.643 [info] > git show --textconv :Python/django/SOA/OrientationApp/views.py [12ms]
2026-09-12 13:47:46.645 [info] > git ls-files --stage -- Python/django/SOA/OrientationApp/views.py [2ms]
2026-09-12 13:47:46.657 [info] > git cat-file -s a409af7d5fe6ef2a9c6148795980612bca67ea42 [3ms]
2026-09-12 13:47:53.725 [info] > git check-ignore -v -z --stdin [2ms]
2026-09-12 13:47:54.758 [info] > git check-ignore -v -z --stdin [1ms]
2026-09-12 13:47:55.428 [info] > git check-ignore -v -z --stdin [1ms]
2026-09-12 13:47:55.850 [info] > git check-ignore -v -z --stdin [2ms]
2026-09-12 13:47:57.061 [info] > git check-ignore -v -z --stdin [1ms]
2026-09-12 13:47:57.453 [info] > git check-ignore -v -z --stdin [1ms]
2026-09-12 13:47:57.757 [info] > git config --get commit.template [2ms]
2026-09-12 13:47:57.770 [info] > git for-each-ref --format=%(refname)%00%(upstream:short)%00%(objectname)%00%(upstream:track)%00%(upstream:remotename)%00%(upstream:remoteref) refs/heads/main refs/remotes/main [1ms]
2026-09-12 13:47:57.805 [info] > git status -z -uall [6ms]
2026-09-12 13:47:57.807 [info] > git for-each-ref --sort -committerdate --format %(refname)%00%(objectname)%00%(*objectname) [2ms]
2026-09-12 13:47:57.894 [info] > git check-ignore -v -z --stdin [3ms]
2026-09-12 13:47:58.223 [info] > git check-ignore -v -z --stdin [32ms]
2026-09-12 13:47:58.389 [info] > git check-ignore -v -z --stdin [2ms]
2026-09-12 13:47:58.598 [info] > git check-ignore -v -z --stdin [2ms]
2026-09-12 13:48:01.167 [info] > git check-ignore -v -z --stdin [2ms]
2026-09-12 13:48:01.629 [info] > git check-ignore -v -z --stdin [1ms]
2026-09-12 13:48:02.018 [info] > git check-ignore -v -z --stdin [2ms]
2026-09-12 13:48:02.497 [info] > git check-ignore -v -z --stdin [1ms]
2026-09-12 13:48:02.786 [info] > git config --get commit.template [5ms]
2026-09-12 13:48:02.787 [info] > git for-each-ref --format=%(refname)%00%(upstream:short)%00%(objectname)%00%(upstream:track)%00%(upstream:remotename)%00%(upstream:remoteref) refs/heads/main refs/remotes/main [1ms]
2026-09-12 13:48:02.801 [info] > git for-each-ref --sort -committerdate --format %(refname)%00%(objectname)%00%(*objectname) [2ms]
2026-09-12 13:48:02.802 [info] > git status -z -uall [8ms]
2026-09-12 13:48:02.881 [info] > git check-ignore -v -z --stdin [1ms]
2026-09-12 13:48:03.219 [info] > git check-ignore -v -z --stdin [1ms]
2026-09-12 13:48:03.641 [info] > git check-ignore -v -z --stdin [2ms]
2026-09-12 13:48:04.461 [info] > git check-ignore -v -z --stdin [2ms]
2026-09-12 13:48:07.935 [info] > git config --get commit.template [23ms]
2026-09-12 13:48:07.940 [info] > git for-each-ref --format=%(refname)%00%(upstream:short)%00%(objectname)%00%(upstream:track)%00%(upstream:remotename)%00%(upstream:remoteref) refs/heads/main refs/remotes/main [6ms]
2026-09-12 13:48:07.963 [info] > git for-each-ref --sort -committerdate --format %(refname)%00%(objectname)%00%(*objectname) [7ms]
2026-09-12 13:48:07.966 [info] > git status -z -uall [18ms]
2026-09-12 13:48:23.946 [info] > git check-ignore -v -z --stdin [2ms]
2026-09-12 13:48:24.017 [info] > git show --textconv :Python/django/SOA/OrientationApp/templates/Orientation.html [31ms]
2026-09-12 13:48:24.019 [info] > git ls-files --stage -- Python/django/SOA/OrientationApp/templates/Orientation.html [3ms]
2026-09-12 13:48:24.032 [info] > git cat-file -s 13af512edcfe005a9cf1a537e2d521be3548f5fe [6ms]
2026-09-12 13:48:37.220 [info] > git check-ignore -v -z --stdin [9ms]
2026-09-12 13:48:37.269 [info] > git show --textconv :Python/django/SOA/OrientationApp/views.py [23ms]
2026-09-12 13:48:37.285 [info] > git ls-files --stage -- Python/django/SOA/OrientationApp/views.py [18ms]
2026-09-12 13:48:37.296 [info] > git cat-file -s a409af7d5fe6ef2a9c6148795980612bca67ea42 [3ms]
2026-09-12 13:48:46.647 [info] > git check-ignore -v -z --stdin [1ms]
2026-09-12 13:48:46.670 [info] > git show --textconv :Python/django/SOA/OrientationApp/templates/Orientation.html [8ms]
2026-09-12 13:48:46.674 [info] > git ls-files --stage -- Python/django/SOA/OrientationApp/templates/Orientation.html [4ms]
2026-09-12 13:48:46.694 [info] > git cat-file -s 13af512edcfe005a9cf1a537e2d521be3548f5fe [8ms]
2026-09-12 13:48:53.263 [info] > git check-ignore -v -z --stdin [2ms]
2026-09-12 13:48:55.174 [info] > git config --get commit.template [1ms]
2026-09-12 13:48:55.183 [info] > git for-each-ref --format=%(refname)%00%(upstream:short)%00%(objectname)%00%(upstream:track)%00%(upstream:remotename)%00%(upstream:remoteref) refs/heads/main refs/remotes/main [2ms]
2026-09-12 13:48:55.195 [info] > git for-each-ref --sort -committerdate --format %(refname)%00%(objectname)%00%(*objectname) [2ms]
2026-09-12 13:48:55.197 [info] > git status -z -uall [9ms]
2026-09-12 13:49:00.055 [info] > git check-ignore -v -z --stdin [1ms]
2026-09-12 13:49:00.305 [info] > git check-ignore -v -z --stdin [1ms]
2026-09-12 13:49:00.953 [info] > git check-ignore -v -z --stdin [3ms]
2026-09-12 13:49:01.316 [info] > git check-ignore -v -z --stdin [2ms]
2026-09-12 13:49:03.125 [info] > git check-ignore -v -z --stdin [1ms]
2026-09-12 13:49:03.208 [info] > git config --get commit.template [6ms]
2026-09-12 13:49:03.209 [info] > git for-each-ref --format=%(refname)%00%(upstream:short)%00%(objectname)%00%(upstream:track)%00%(upstream:remotename)%00%(upstream:remoteref) refs/heads/main refs/remotes/main [2ms]
2026-09-12 13:49:03.222 [info] > git for-each-ref --sort -committerdate --format %(refname)%00%(objectname)%00%(*objectname) [0ms]
2026-09-12 13:49:03.225 [info] > git status -z -uall [10ms]
2026-09-12 13:49:04.112 [info] > git check-ignore -v -z --stdin [2ms]
2026-09-12 13:49:05.068 [info] > git check-ignore -v -z --stdin [2ms]
2026-09-12 13:49:05.443 [info] > git check-ignore -v -z --stdin [2ms]
2026-09-12 13:49:05.672 [info] > git check-ignore -v -z --stdin [2ms]
2026-09-12 13:49:06.383 [info] > git check-ignore -v -z --stdin [2ms]
2026-09-12 13:49:07.473 [info] > git check-ignore -v -z --stdin [2ms]
2026-09-12 13:49:08.018 [info] > git check-ignore -v -z --stdin [2ms]
2026-09-12 13:49:08.307 [info] > git config --get commit.template [6ms]
2026-09-12 13:49:08.308 [info] > git for-each-ref --format=%(refname)%00%(upstream:short)%00%(objectname)%00%(upstream:track)%00%(upstream:remotename)%00%(upstream:remoteref) refs/heads/main refs/remotes/main [2ms]
2026-09-12 13:49:08.320 [info] > git for-each-ref --sort -committerdate --format %(refname)%00%(objectname)%00%(*objectname) [1ms]
2026-09-12 13:49:08.328 [info] > git status -z -uall [15ms]
2026-09-12 13:49:08.332 [info] > git check-ignore -v -z --stdin [4ms]
2026-09-12 13:49:08.986 [info] > git check-ignore -v -z --stdin [2ms]
2026-09-12 13:49:09.361 [info] > git check-ignore -v -z --stdin [2ms]
2026-09-12 13:49:13.341 [info] > git config --get commit.template [1ms]
2026-09-12 13:49:13.349 [info] > git for-each-ref --format=%(refname)%00%(upstream:short)%00%(objectname)%00%(upstream:track)%00%(upstream:remotename)%00%(upstream:remoteref) refs/heads/main refs/remotes/main [2ms]
2026-09-12 13:49:13.361 [info] > git for-each-ref --sort -committerdate --format %(refname)%00%(objectname)%00%(*objectname) [2ms]
2026-09-12 13:49:13.363 [info] > git status -z -uall [10ms]
2026-09-12 13:49:38.085 [info] > git check-ignore -v -z --stdin [2ms]
2026-09-12 13:49:39.109 [info] > git check-ignore -v -z --stdin [2ms]
2026-09-12 13:49:39.986 [info] > git config --get commit.template [6ms]
2026-09-12 13:49:39.987 [info] > git for-each-ref --format=%(refname)%00%(upstream:short)%00%(objectname)%00%(upstream:track)%00%(upstream:remotename)%00%(upstream:remoteref) refs/heads/main refs/remotes/main [2ms]
2026-09-12 13:49:39.998 [info] > git for-each-ref --sort -committerdate --format %(refname)%00%(objectname)%00%(*objectname) [2ms]
2026-09-12 13:49:40.001 [info] > git status -z -uall [9ms]
2026-09-12 13:49:40.025 [info] > git check-ignore -v -z --stdin [2ms]
2026-09-12 13:49:40.312 [info] > git check-ignore -v -z --stdin [2ms]
2026-09-12 13:49:41.359 [info] > git check-ignore -v -z --stdin [1ms]
2026-09-12 13:49:43.719 [info] > git check-ignore -v -z --stdin [2ms]
2026-09-12 13:49:44.060 [info] > git check-ignore -v -z --stdin [2ms]
2026-09-12 13:49:44.739 [info] > git check-ignore -v -z --stdin [3ms]
2026-09-12 13:49:45.025 [info] > git config --get commit.template [7ms]
2026-09-12 13:49:45.027 [info] > git for-each-ref --format=%(refname)%00%(upstream:short)%00%(objectname)%00%(upstream:track)%00%(upstream:remotename)%00%(upstream:remoteref) refs/heads/main refs/remotes/main [2ms]
2026-09-12 13:49:45.039 [info] > git for-each-ref --sort -committerdate --format %(refname)%00%(objectname)%00%(*objectname) [1ms]
2026-09-12 13:49:45.042 [info] > git status -z -uall [9ms]
2026-09-12 13:49:45.092 [info] > git check-ignore -v -z --stdin [2ms]
2026-09-12 13:49:45.500 [info] > git check-ignore -v -z --stdin [2ms]
2026-09-12 13:49:46.098 [info] > git check-ignore -v -z --stdin [2ms]
2026-09-12 13:49:46.572 [info] > git check-ignore -v -z --stdin [2ms]
2026-09-12 13:49:46.954 [info] > git check-ignore -v -z --stdin [1ms]
2026-09-12 13:49:47.304 [info] > git check-ignore -v -z --stdin [3ms]
2026-09-12 13:49:50.066 [info] > git config --get commit.template [8ms]
2026-09-12 13:49:50.067 [info] > git for-each-ref --format=%(refname)%00%(upstream:short)%00%(objectname)%00%(upstream:track)%00%(upstream:remotename)%00%(upstream:remoteref) refs/heads/main refs/remotes/main [2ms]
2026-09-12 13:49:50.090 [info] > git status -z -uall [14ms]
2026-09-12 13:49:50.091 [info] > git for-each-ref --sort -committerdate --format %(refname)%00%(objectname)%00%(*objectname) [5ms]
2026-09-12 13:50:14.718 [info] > git check-ignore -v -z --stdin [1ms]
2026-09-12 13:50:15.407 [info] > git check-ignore -v -z --stdin [1ms]
2026-09-12 13:50:25.113 [info] > git check-ignore -v -z --stdin [1ms]
2026-09-12 13:51:46.373 [info] > git check-ignore -v -z --stdin [1ms]
2026-09-12 13:51:49.332 [info] > git check-ignore -v -z --stdin [2ms]
2026-09-12 13:51:49.724 [info] > git check-ignore -v -z --stdin [1ms]
2026-09-12 13:51:55.663 [info] > git check-ignore -v -z --stdin [5ms]
2026-09-12 13:51:56.279 [info] > git check-ignore -v -z --stdin [2ms]
2026-09-12 13:51:58.906 [info] > git check-ignore -v -z --stdin [1ms]
2026-09-12 13:52:11.247 [info] > git check-ignore -v -z --stdin [2ms]
2026-09-12 13:52:11.890 [info] > git check-ignore -v -z --stdin [4ms]
2026-09-12 13:52:12.593 [info] > git check-ignore -v -z --stdin [2ms]
2026-09-12 13:53:14.670 [info] > git check-ignore -v -z --stdin [1ms]
2026-09-12 13:53:20.538 [info] > git check-ignore -v -z --stdin [2ms]
2026-09-12 13:53:22.596 [info] > git check-ignore -v -z --stdin [2ms]
2026-09-12 13:53:24.488 [info] > git check-ignore -v -z --stdin [2ms]
2026-09-12 13:53:25.694 [info] > git check-ignore -v -z --stdin [2ms]
2026-09-12 13:53:26.514 [info] > git check-ignore -v -z --stdin [5ms]
2026-09-12 13:53:27.042 [info] > git check-ignore -v -z --stdin [2ms]
2026-09-12 13:53:28.469 [info] > git check-ignore -v -z --stdin [1ms]
2026-09-12 13:53:28.916 [info] > git check-ignore -v -z --stdin [2ms]
2026-09-12 13:53:30.763 [info] > git check-ignore -v -z --stdin [1ms]
2026-09-12 13:53:31.452 [info] > git check-ignore -v -z --stdin [2ms]
2026-09-12 13:53:31.838 [info] > git check-ignore -v -z --stdin [1ms]
2026-09-12 13:53:32.315 [info] > git check-ignore -v -z --stdin [2ms]
2026-09-12 13:53:34.580 [info] > git check-ignore -v -z --stdin [2ms]
2026-09-12 13:53:37.055 [info] > git check-ignore -v -z --stdin [2ms]
2026-09-12 13:53:38.218 [info] > git check-ignore -v -z --stdin [2ms]
2026-09-12 13:53:38.746 [info] > git check-ignore -v -z --stdin [1ms]
2026-09-12 13:53:39.708 [info] > git check-ignore -v -z --stdin [3ms]
2026-09-12 13:53:40.102 [info] > git check-ignore -v -z --stdin [2ms]
2026-09-12 13:53:40.296 [info] > git check-ignore -v -z --stdin [3ms]
2026-09-12 13:53:40.601 [info] > git check-ignore -v -z --stdin [1ms]
2026-09-12 13:53:44.749 [info] > git check-ignore -v -z --stdin [2ms]
2026-09-12 13:53:46.062 [info] > git check-ignore -v -z --stdin [2ms]
2026-09-12 13:53:46.569 [info] > git check-ignore -v -z --stdin [1ms]
2026-09-12 13:53:47.354 [info] > git check-ignore -v -z --stdin [1ms]
2026-09-12 13:53:48.475 [info] > git check-ignore -v -z --stdin [2ms]
2026-09-12 13:53:49.206 [info] > git check-ignore -v -z --stdin [2ms]
2026-09-12 13:53:50.008 [info] > git check-ignore -v -z --stdin [1ms]
2026-09-12 13:53:50.260 [info] > git check-ignore -v -z --stdin [2ms]
2026-09-12 13:53:50.735 [info] > git check-ignore -v -z --stdin [2ms]
2026-09-12 13:53:51.460 [info] > git check-ignore -v -z --stdin [1ms]
2026-09-12 13:53:52.396 [info] > git check-ignore -v -z --stdin [2ms]
2026-09-12 13:53:52.632 [info] > git check-ignore -v -z --stdin [2ms]
2026-09-12 13:53:52.847 [info] > git check-ignore -v -z --stdin [2ms]
2026-09-12 13:53:53.269 [info] > git check-ignore -v -z --stdin [1ms]
2026-09-12 13:53:53.945 [info] > git check-ignore -v -z --stdin [1ms]
2026-09-12 13:53:54.197 [info] > git check-ignore -v -z --stdin [2ms]
2026-09-12 13:53:54.472 [info] > git check-ignore -v -z --stdin [2ms]
2026-09-12 13:53:56.975 [info] > git check-ignore -v -z --stdin [3ms]
2026-09-12 13:53:58.886 [info] > git check-ignore -v -z --stdin [4ms]
2026-09-12 13:53:59.287 [info] > git check-ignore -v -z --stdin [1ms]
2026-09-12 13:53:59.939 [info] > git check-ignore -v -z --stdin [2ms]
2026-09-12 13:54:00.165 [info] > git check-ignore -v -z --stdin [3ms]
2026-09-12 13:54:01.094 [info] > git check-ignore -v -z --stdin [2ms]
2026-09-12 13:54:03.961 [info] > git check-ignore -v -z --stdin [1ms]
2026-09-12 13:54:04.527 [info] > git check-ignore -v -z --stdin [1ms]
2026-09-12 13:54:05.864 [info] > git check-ignore -v -z --stdin [2ms]
2026-09-12 13:54:43.775 [info] > git check-ignore -v -z --stdin [2ms]
2026-09-12 13:54:44.862 [info] > git check-ignore -v -z --stdin [2ms]
2026-09-12 13:54:45.414 [info] > git check-ignore -v -z --stdin [2ms]
2026-09-12 13:54:46.571 [info] > git check-ignore -v -z --stdin [2ms]
2026-09-12 13:54:47.360 [info] > git check-ignore -v -z --stdin [2ms]
2026-09-12 13:54:48.142 [info] > git check-ignore -v -z --stdin [1ms]
2026-09-12 13:54:48.691 [info] > git check-ignore -v -z --stdin [4ms]
2026-09-12 13:54:49.516 [info] > git check-ignore -v -z --stdin [1ms]
2026-09-12 13:54:49.978 [info] > git check-ignore -v -z --stdin [1ms]
2026-09-12 13:55:04.113 [info] > git check-ignore -v -z --stdin [2ms]
2026-09-12 13:55:04.188 [info] > git show --textconv :Python/django/SOA/OrientationApp/views.py [14ms]
2026-09-12 13:55:04.191 [info] > git ls-files --stage -- Python/django/SOA/OrientationApp/views.py [3ms]
2026-09-12 13:55:04.199 [info] > git cat-file -s a409af7d5fe6ef2a9c6148795980612bca67ea42 [4ms]
2026-09-12 13:55:44.781 [info] > git check-ignore -v -z --stdin [1ms]
2026-09-12 13:55:55.058 [info] > git check-ignore -v -z --stdin [2ms]
2026-09-12 13:55:55.786 [info] > git check-ignore -v -z --stdin [5ms]
2026-09-12 13:55:56.086 [info] > git check-ignore -v -z --stdin [2ms]
2026-09-12 13:55:56.523 [info] > git check-ignore -v -z --stdin [3ms]
2026-09-12 13:55:57.618 [info] > git check-ignore -v -z --stdin [1ms]
2026-09-12 13:55:58.882 [info] > git check-ignore -v -z --stdin [1ms]
2026-09-12 13:56:00.586 [info] > git check-ignore -v -z --stdin [2ms]
2026-09-12 13:56:02.710 [info] > git check-ignore -v -z --stdin [2ms]
2026-09-12 13:56:03.386 [info] > git check-ignore -v -z --stdin [1ms]
2026-09-12 13:56:05.440 [info] > git check-ignore -v -z --stdin [2ms]
2026-09-12 13:56:07.411 [info] > git check-ignore -v -z --stdin [2ms]
2026-09-12 13:56:08.138 [info] > git check-ignore -v -z --stdin [2ms]
2026-09-12 13:56:08.505 [info] > git check-ignore -v -z --stdin [2ms]
2026-09-12 13:56:08.913 [info] > git check-ignore -v -z --stdin [2ms]
2026-09-12 13:56:09.214 [info] > git check-ignore -v -z --stdin [2ms]
2026-09-12 13:56:09.429 [info] > git check-ignore -v -z --stdin [1ms]
2026-09-12 13:56:09.776 [info] > git check-ignore -v -z --stdin [1ms]
2026-09-12 13:56:10.496 [info] > git check-ignore -v -z --stdin [2ms]
2026-09-12 13:56:11.237 [info] > git check-ignore -v -z --stdin [2ms]
2026-09-12 13:56:11.590 [info] > git check-ignore -v -z --stdin [2ms]
2026-09-12 13:56:12.510 [info] > git check-ignore -v -z --stdin [1ms]
2026-09-12 13:56:13.011 [info] > git check-ignore -v -z --stdin [1ms]
2026-09-12 13:56:13.252 [info] > git check-ignore -v -z --stdin [2ms]
2026-09-12 13:56:13.559 [info] > git check-ignore -v -z --stdin [1ms]
2026-09-12 13:56:13.862 [info] > git check-ignore -v -z --stdin [2ms]
2026-09-12 13:56:14.079 [info] > git check-ignore -v -z --stdin [2ms]
2026-09-12 13:56:14.284 [info] > git check-ignore -v -z --stdin [2ms]
2026-09-12 13:56:14.527 [info] > git check-ignore -v -z --stdin [2ms]
2026-09-12 13:56:14.734 [info] > git check-ignore -v -z --stdin [2ms]
2026-09-12 13:56:15.051 [info] > git check-ignore -v -z --stdin [1ms]
2026-09-12 13:56:18.599 [info] > git config --get commit.template [18ms]
2026-09-12 13:56:18.615 [info] > git for-each-ref --format=%(refname)%00%(upstream:short)%00%(objectname)%00%(upstream:track)%00%(upstream:remotename)%00%(upstream:remoteref) refs/heads/main refs/remotes/main [18ms]
2026-09-12 13:56:18.652 [info] > git for-each-ref --sort -committerdate --format %(refname)%00%(objectname)%00%(*objectname) [8ms]
2026-09-12 13:56:18.657 [info] > git status -z -uall [24ms]
2026-09-12 13:56:23.675 [info] > git config --get commit.template [5ms]
2026-09-12 13:56:23.676 [info] > git for-each-ref --format=%(refname)%00%(upstream:short)%00%(objectname)%00%(upstream:track)%00%(upstream:remotename)%00%(upstream:remoteref) refs/heads/main refs/remotes/main [1ms]
2026-09-12 13:56:23.690 [info] > git for-each-ref --sort -committerdate --format %(refname)%00%(objectname)%00%(*objectname) [1ms]
2026-09-12 13:56:23.692 [info] > git status -z -uall [9ms]
2026-09-12 13:56:54.860 [info] > git check-ignore -v -z --stdin [3ms]
2026-09-12 13:56:54.898 [info] > git show --textconv :Python/django/SOA/OrientationApp/templates/Orientation.html [9ms]
2026-09-12 13:56:54.900 [info] > git ls-files --stage -- Python/django/SOA/OrientationApp/templates/Orientation.html [3ms]
2026-09-12 13:56:54.913 [info] > git cat-file -s 13af512edcfe005a9cf1a537e2d521be3548f5fe [4ms]
2026-09-12 13:57:17.809 [info] > git check-ignore -v -z --stdin [2ms]
2026-09-12 13:57:18.748 [info] > git check-ignore -v -z --stdin [2ms]
2026-09-12 13:57:20.639 [info] > git config --get commit.template [6ms]
2026-09-12 13:57:20.640 [info] > git for-each-ref --format=%(refname)%00%(upstream:short)%00%(objectname)%00%(upstream:track)%00%(upstream:remotename)%00%(upstream:remoteref) refs/heads/main refs/remotes/main [1ms]
2026-09-12 13:57:20.654 [info] > git for-each-ref --sort -committerdate --format %(refname)%00%(objectname)%00%(*objectname) [3ms]
2026-09-12 13:57:20.656 [info] > git status -z -uall [9ms]
2026-09-12 13:57:20.881 [info] > git check-ignore -v -z --stdin [2ms]
2026-09-12 13:57:22.006 [info] > git check-ignore -v -z --stdin [2ms]
2026-09-12 13:57:25.534 [info] > git check-ignore -v -z --stdin [1ms]
2026-09-12 13:57:25.676 [info] > git config --get commit.template [8ms]
2026-09-12 13:57:25.678 [info] > git for-each-ref --format=%(refname)%00%(upstream:short)%00%(objectname)%00%(upstream:track)%00%(upstream:remotename)%00%(upstream:remoteref) refs/heads/main refs/remotes/main [2ms]
2026-09-12 13:57:25.704 [info] > git status -z -uall [15ms]
2026-09-12 13:57:25.704 [info] > git for-each-ref --sort -committerdate --format %(refname)%00%(objectname)%00%(*objectname) [4ms]
2026-09-12 13:57:29.273 [info] > git check-ignore -v -z --stdin [2ms]
2026-09-12 13:57:29.645 [info] > git check-ignore -v -z --stdin [2ms]
2026-09-12 13:57:30.722 [info] > git config --get commit.template [6ms]
2026-09-12 13:57:30.724 [info] > git for-each-ref --format=%(refname)%00%(upstream:short)%00%(objectname)%00%(upstream:track)%00%(upstream:remotename)%00%(upstream:remoteref) refs/heads/main refs/remotes/main [2ms]
2026-09-12 13:57:30.748 [info] > git status -z -uall [8ms]
2026-09-12 13:57:30.749 [info] > git for-each-ref --sort -committerdate --format %(refname)%00%(objectname)%00%(*objectname) [1ms]
2026-09-12 13:57:35.776 [info] > git config --get commit.template [8ms]
2026-09-12 13:57:35.777 [info] > git for-each-ref --format=%(refname)%00%(upstream:short)%00%(objectname)%00%(upstream:track)%00%(upstream:remotename)%00%(upstream:remoteref) refs/heads/main refs/remotes/main [2ms]
2026-09-12 13:57:35.798 [info] > git for-each-ref --sort -committerdate --format %(refname)%00%(objectname)%00%(*objectname) [2ms]
2026-09-12 13:57:35.800 [info] > git status -z -uall [11ms]
2026-09-12 13:59:00.299 [info] > git check-ignore -v -z --stdin [2ms]
2026-09-12 13:59:00.534 [info] > git check-ignore -v -z --stdin [3ms]
2026-09-12 13:59:02.407 [info] > git config --get commit.template [7ms]
2026-09-12 13:59:02.422 [info] > git for-each-ref --format=%(refname)%00%(upstream:short)%00%(objectname)%00%(upstream:track)%00%(upstream:remotename)%00%(upstream:remoteref) refs/heads/main refs/remotes/main [16ms]
2026-09-12 13:59:02.467 [info] > git status -z -uall [27ms]
2026-09-12 13:59:02.467 [info] > git for-each-ref --sort -committerdate --format %(refname)%00%(objectname)%00%(*objectname) [2ms]
2026-09-12 13:59:03.459 [info] > git check-ignore -v -z --stdin [8ms]
2026-09-12 13:59:03.953 [info] > git check-ignore -v -z --stdin [1ms]
2026-09-12 13:59:07.412 [info] > git check-ignore -v -z --stdin [1ms]
2026-09-12 13:59:07.479 [info] > git config --get commit.template [1ms]
2026-09-12 13:59:07.489 [info] > git for-each-ref --format=%(refname)%00%(upstream:short)%00%(objectname)%00%(upstream:track)%00%(upstream:remotename)%00%(upstream:remoteref) refs/heads/main refs/remotes/main [2ms]
2026-09-12 13:59:07.513 [info] > git status -z -uall [13ms]
2026-09-12 13:59:07.514 [info] > git for-each-ref --sort -committerdate --format %(refname)%00%(objectname)%00%(*objectname) [3ms]
2026-09-12 13:59:08.232 [info] > git check-ignore -v -z --stdin [3ms]
2026-09-12 13:59:09.169 [info] > git check-ignore -v -z --stdin [3ms]
2026-09-12 13:59:11.372 [info] > git check-ignore -v -z --stdin [2ms]
2026-09-12 13:59:11.942 [info] > git check-ignore -v -z --stdin [4ms]
2026-09-12 13:59:12.542 [info] > git config --get commit.template [8ms]
2026-09-12 13:59:12.543 [info] > git for-each-ref --format=%(refname)%00%(upstream:short)%00%(objectname)%00%(upstream:track)%00%(upstream:remotename)%00%(upstream:remoteref) refs/heads/main refs/remotes/main [2ms]
2026-09-12 13:59:12.571 [info] > git for-each-ref --sort -committerdate --format %(refname)%00%(objectname)%00%(*objectname) [0ms]
2026-09-12 13:59:12.581 [info] > git status -z -uall [29ms]
2026-09-12 13:59:17.012 [info] > git check-ignore -v -z --stdin [2ms]
2026-09-12 13:59:17.617 [info] > git config --get commit.template [10ms]
2026-09-12 13:59:17.617 [info] > git for-each-ref --format=%(refname)%00%(upstream:short)%00%(objectname)%00%(upstream:track)%00%(upstream:remotename)%00%(upstream:remoteref) refs/heads/main refs/remotes/main [1ms]
2026-09-12 13:59:17.636 [info] > git for-each-ref --sort -committerdate --format %(refname)%00%(objectname)%00%(*objectname) [1ms]
2026-09-12 13:59:17.654 [info] > git status -z -uall [28ms]
2026-09-12 13:59:22.671 [info] > git config --get commit.template [5ms]
2026-09-12 13:59:22.672 [info] > git for-each-ref --format=%(refname)%00%(upstream:short)%00%(objectname)%00%(upstream:track)%00%(upstream:remotename)%00%(upstream:remoteref) refs/heads/main refs/remotes/main [1ms]
2026-09-12 13:59:22.683 [info] > git for-each-ref --sort -committerdate --format %(refname)%00%(objectname)%00%(*objectname) [1ms]
2026-09-12 13:59:22.686 [info] > git status -z -uall [9ms]
2026-09-12 14:00:11.072 [info] > git check-ignore -v -z --stdin [2ms]
2026-09-12 14:00:12.974 [info] > git config --get commit.template [12ms]
2026-09-12 14:00:12.975 [info] > git for-each-ref --format=%(refname)%00%(upstream:short)%00%(objectname)%00%(upstream:track)%00%(upstream:remotename)%00%(upstream:remoteref) refs/heads/main refs/remotes/main [2ms]
2026-09-12 14:00:12.992 [info] > git for-each-ref --sort -committerdate --format %(refname)%00%(objectname)%00%(*objectname) [1ms]
2026-09-12 14:00:13.000 [info] > git status -z -uall [15ms]
2026-09-12 14:00:19.287 [info] > git check-ignore -v -z --stdin [2ms]
2026-09-12 14:00:20.602 [info] > git check-ignore -v -z --stdin [2ms]
2026-09-12 14:00:21.201 [info] > git config --get commit.template [12ms]
2026-09-12 14:00:21.203 [info] > git for-each-ref --format=%(refname)%00%(upstream:short)%00%(objectname)%00%(upstream:track)%00%(upstream:remotename)%00%(upstream:remoteref) refs/heads/main refs/remotes/main [3ms]
2026-09-12 14:00:21.232 [info] > git for-each-ref --sort -committerdate --format %(refname)%00%(objectname)%00%(*objectname) [5ms]
2026-09-12 14:00:21.233 [info] > git status -z -uall [18ms]
2026-09-12 14:00:26.250 [info] > git config --get commit.template [2ms]
2026-09-12 14:00:26.257 [info] > git for-each-ref --format=%(refname)%00%(upstream:short)%00%(objectname)%00%(upstream:track)%00%(upstream:remotename)%00%(upstream:remoteref) refs/heads/main refs/remotes/main [1ms]
2026-09-12 14:00:26.269 [info] > git for-each-ref --sort -committerdate --format %(refname)%00%(objectname)%00%(*objectname) [1ms]
2026-09-12 14:00:26.271 [info] > git status -z -uall [8ms]
2026-09-12 14:00:29.762 [info] > git check-ignore -v -z --stdin [1ms]
2026-09-12 14:00:30.316 [info] > git check-ignore -v -z --stdin [2ms]
2026-09-12 14:00:31.356 [info] > git check-ignore -v -z --stdin [1ms]
2026-09-12 14:00:31.847 [info] > git check-ignore -v -z --stdin [2ms]
2026-09-12 14:00:33.766 [info] > git config --get commit.template [12ms]
2026-09-12 14:00:33.767 [info] > git for-each-ref --format=%(refname)%00%(upstream:short)%00%(objectname)%00%(upstream:track)%00%(upstream:remotename)%00%(upstream:remoteref) refs/heads/main refs/remotes/main [2ms]
2026-09-12 14:00:33.785 [info] > git for-each-ref --sort -committerdate --format %(refname)%00%(objectname)%00%(*objectname) [1ms]
2026-09-12 14:00:33.788 [info] > git status -z -uall [12ms]
2026-09-12 14:00:39.325 [info] > git check-ignore -v -z --stdin [3ms]
2026-09-12 14:00:39.534 [info] > git check-ignore -v -z --stdin [1ms]
2026-09-12 14:00:41.425 [info] > git config --get commit.template [4ms]
2026-09-12 14:00:41.426 [info] > git for-each-ref --format=%(refname)%00%(upstream:short)%00%(objectname)%00%(upstream:track)%00%(upstream:remotename)%00%(upstream:remoteref) refs/heads/main refs/remotes/main [2ms]
2026-09-12 14:00:41.437 [info] > git for-each-ref --sort -committerdate --format %(refname)%00%(objectname)%00%(*objectname) [1ms]
2026-09-12 14:00:41.440 [info] > git status -z -uall [8ms]
2026-09-12 14:00:46.057 [info] > git check-ignore -v -z --stdin [3ms]
2026-09-12 14:00:46.421 [info] > git check-ignore -v -z --stdin [3ms]
2026-09-12 14:00:46.874 [info] > git check-ignore -v -z --stdin [2ms]
2026-09-12 14:00:48.776 [info] > git config --get commit.template [13ms]
2026-09-12 14:00:48.777 [info] > git for-each-ref --format=%(refname)%00%(upstream:short)%00%(objectname)%00%(upstream:track)%00%(upstream:remotename)%00%(upstream:remoteref) refs/heads/main refs/remotes/main [4ms]
2026-09-12 14:00:48.802 [info] > git for-each-ref --sort -committerdate --format %(refname)%00%(objectname)%00%(*objectname) [2ms]
2026-09-12 14:00:48.809 [info] > git status -z -uall [19ms]
2026-09-12 14:00:51.071 [info] > git check-ignore -v -z --stdin [2ms]
2026-09-12 14:00:51.488 [info] > git check-ignore -v -z --stdin [3ms]
2026-09-12 14:00:51.664 [info] > git check-ignore -v -z --stdin [1ms]
2026-09-12 14:00:52.028 [info] > git check-ignore -v -z --stdin [2ms]
2026-09-12 14:00:52.503 [info] > git check-ignore -v -z --stdin [2ms]
2026-09-12 14:00:54.393 [info] > git config --get commit.template [2ms]
2026-09-12 14:00:54.404 [info] > git for-each-ref --format=%(refname)%00%(upstream:short)%00%(objectname)%00%(upstream:track)%00%(upstream:remotename)%00%(upstream:remoteref) refs/heads/main refs/remotes/main [2ms]
2026-09-12 14:00:54.416 [info] > git for-each-ref --sort -committerdate --format %(refname)%00%(objectname)%00%(*objectname) [1ms]
2026-09-12 14:00:54.419 [info] > git status -z -uall [9ms]
2026-09-12 14:00:54.859 [info] > git check-ignore -v -z --stdin [2ms]
2026-09-12 14:00:56.807 [info] > git check-ignore -v -z --stdin [3ms]
2026-09-12 14:00:57.041 [info] > git check-ignore -v -z --stdin [2ms]
2026-09-12 14:00:57.353 [info] > git check-ignore -v -z --stdin [2ms]
2026-09-12 14:00:59.435 [info] > git config --get commit.template [6ms]
2026-09-12 14:00:59.436 [info] > git for-each-ref --format=%(refname)%00%(upstream:short)%00%(objectname)%00%(upstream:track)%00%(upstream:remotename)%00%(upstream:remoteref) refs/heads/main refs/remotes/main [1ms]
2026-09-12 14:00:59.448 [info] > git for-each-ref --sort -committerdate --format %(refname)%00%(objectname)%00%(*objectname) [2ms]
2026-09-12 14:00:59.450 [info] > git status -z -uall [9ms]
2026-09-12 14:01:06.422 [info] > git check-ignore -v -z --stdin [1ms]
2026-09-12 14:01:07.929 [info] > git check-ignore -v -z --stdin [3ms]
2026-09-12 14:01:08.319 [info] > git config --get commit.template [6ms]
2026-09-12 14:01:08.320 [info] > git for-each-ref --format=%(refname)%00%(upstream:short)%00%(objectname)%00%(upstream:track)%00%(upstream:remotename)%00%(upstream:remoteref) refs/heads/main refs/remotes/main [1ms]
2026-09-12 14:01:08.332 [info] > git for-each-ref --sort -committerdate --format %(refname)%00%(objectname)%00%(*objectname) [2ms]
2026-09-12 14:01:08.336 [info] > git status -z -uall [10ms]
2026-09-12 14:01:08.644 [info] > git check-ignore -v -z --stdin [1ms]
2026-09-12 14:01:09.026 [info] > git check-ignore -v -z --stdin [2ms]
2026-09-12 14:01:11.727 [info] > git check-ignore -v -z --stdin [1ms]
2026-09-12 14:01:12.676 [info] > git check-ignore -v -z --stdin [1ms]
2026-09-12 14:01:13.355 [info] > git config --get commit.template [6ms]
2026-09-12 14:01:13.356 [info] > git for-each-ref --format=%(refname)%00%(upstream:short)%00%(objectname)%00%(upstream:track)%00%(upstream:remotename)%00%(upstream:remoteref) refs/heads/main refs/remotes/main [1ms]
2026-09-12 14:01:13.370 [info] > git for-each-ref --sort -committerdate --format %(refname)%00%(objectname)%00%(*objectname) [3ms]
2026-09-12 14:01:13.372 [info] > git status -z -uall [11ms]
2026-09-12 14:01:13.726 [info] > git check-ignore -v -z --stdin [2ms]
2026-09-12 14:01:14.018 [info] > git check-ignore -v -z --stdin [2ms]
2026-09-12 14:01:14.417 [info] > git check-ignore -v -z --stdin [2ms]
2026-09-12 14:01:14.954 [info] > git check-ignore -v -z --stdin [2ms]
2026-09-12 14:01:15.845 [info] > git check-ignore -v -z --stdin [2ms]
2026-09-12 14:01:16.566 [info] > git check-ignore -v -z --stdin [1ms]
2026-09-12 14:01:16.799 [info] > git check-ignore -v -z --stdin [2ms]
2026-09-12 14:01:17.466 [info] > git check-ignore -v -z --stdin [1ms]
2026-09-12 14:01:17.740 [info] > git check-ignore -v -z --stdin [2ms]
2026-09-12 14:01:18.389 [info] > git config --get commit.template [5ms]
2026-09-12 14:01:18.390 [info] > git for-each-ref --format=%(refname)%00%(upstream:short)%00%(objectname)%00%(upstream:track)%00%(upstream:remotename)%00%(upstream:remoteref) refs/heads/main refs/remotes/main [1ms]
2026-09-12 14:01:18.402 [info] > git for-each-ref --sort -committerdate --format %(refname)%00%(objectname)%00%(*objectname) [2ms]
2026-09-12 14:01:18.404 [info] > git status -z -uall [8ms]
2026-09-12 14:01:23.431 [info] > git config --get commit.template [8ms]
2026-09-12 14:01:23.432 [info] > git for-each-ref --format=%(refname)%00%(upstream:short)%00%(objectname)%00%(upstream:track)%00%(upstream:remotename)%00%(upstream:remoteref) refs/heads/main refs/remotes/main [1ms]
2026-09-12 14:01:23.445 [info] > git for-each-ref --sort -committerdate --format %(refname)%00%(objectname)%00%(*objectname) [3ms]
2026-09-12 14:01:23.447 [info] > git status -z -uall [9ms]
2026-09-12 14:01:23.487 [info] > git check-ignore -v -z --stdin [3ms]
2026-09-12 14:01:24.476 [info] > git check-ignore -v -z --stdin [2ms]
2026-09-12 14:01:25.171 [info] > git check-ignore -v -z --stdin [3ms]
2026-09-12 14:01:25.462 [info] > git check-ignore -v -z --stdin [1ms]
2026-09-12 14:01:25.698 [info] > git check-ignore -v -z --stdin [2ms]
2026-09-12 14:01:27.261 [info] > git check-ignore -v -z --stdin [2ms]
2026-09-12 14:01:28.467 [info] > git config --get commit.template [6ms]
2026-09-12 14:01:28.468 [info] > git for-each-ref --format=%(refname)%00%(upstream:short)%00%(objectname)%00%(upstream:track)%00%(upstream:remotename)%00%(upstream:remoteref) refs/heads/main refs/remotes/main [1ms]
2026-09-12 14:01:28.479 [info] > git for-each-ref --sort -committerdate --format %(refname)%00%(objectname)%00%(*objectname) [1ms]
2026-09-12 14:01:28.481 [info] > git status -z -uall [8ms]
2026-09-12 14:01:29.779 [info] > git check-ignore -v -z --stdin [2ms]
2026-09-12 14:01:30.448 [info] > git check-ignore -v -z --stdin [2ms]
2026-09-12 14:01:31.078 [info] > git check-ignore -v -z --stdin [2ms]
2026-09-12 14:01:32.279 [info] > git check-ignore -v -z --stdin [1ms]
2026-09-12 14:01:32.739 [info] > git check-ignore -v -z --stdin [1ms]
2026-09-12 14:01:33.497 [info] > git config --get commit.template [5ms]
2026-09-12 14:01:33.498 [info] > git for-each-ref --format=%(refname)%00%(upstream:short)%00%(objectname)%00%(upstream:track)%00%(upstream:remotename)%00%(upstream:remoteref) refs/heads/main refs/remotes/main [1ms]
2026-09-12 14:01:33.512 [info] > git for-each-ref --sort -committerdate --format %(refname)%00%(objectname)%00%(*objectname) [1ms]
2026-09-12 14:01:33.513 [info] > git status -z -uall [8ms]
2026-09-12 14:01:37.920 [info] > git check-ignore -v -z --stdin [1ms]
2026-09-12 14:01:38.314 [info] > git check-ignore -v -z --stdin [2ms]
2026-09-12 14:01:38.527 [info] > git config --get commit.template [2ms]
2026-09-12 14:01:38.533 [info] > git for-each-ref --format=%(refname)%00%(upstream:short)%00%(objectname)%00%(upstream:track)%00%(upstream:remotename)%00%(upstream:remoteref) refs/heads/main refs/remotes/main [1ms]
2026-09-12 14:01:38.549 [info] > git for-each-ref --sort -committerdate --format %(refname)%00%(objectname)%00%(*objectname) [3ms]
2026-09-12 14:01:38.552 [info] > git status -z -uall [12ms]
2026-09-12 14:01:40.474 [info] > git check-ignore -v -z --stdin [2ms]
2026-09-12 14:01:40.907 [info] > git check-ignore -v -z --stdin [1ms]
2026-09-12 14:01:41.128 [info] > git check-ignore -v -z --stdin [1ms]
2026-09-12 14:01:41.660 [info] > git check-ignore -v -z --stdin [2ms]
2026-09-12 14:01:42.603 [info] > git check-ignore -v -z --stdin [2ms]
2026-09-12 14:01:43.228 [info] > git check-ignore -v -z --stdin [2ms]
2026-09-12 14:01:43.564 [info] > git config --get commit.template [2ms]
2026-09-12 14:01:43.572 [info] > git for-each-ref --format=%(refname)%00%(upstream:short)%00%(objectname)%00%(upstream:track)%00%(upstream:remotename)%00%(upstream:remoteref) refs/heads/main refs/remotes/main [3ms]
2026-09-12 14:01:43.583 [info] > git for-each-ref --sort -committerdate --format %(refname)%00%(objectname)%00%(*objectname) [1ms]
2026-09-12 14:01:43.585 [info] > git status -z -uall [7ms]
2026-09-12 14:01:44.524 [info] > git check-ignore -v -z --stdin [2ms]
2026-09-12 14:01:44.974 [info] > git check-ignore -v -z --stdin [4ms]
2026-09-12 14:01:45.224 [info] > git check-ignore -v -z --stdin [3ms]
2026-09-12 14:01:45.664 [info] > git check-ignore -v -z --stdin [1ms]
2026-09-12 14:01:48.616 [info] > git config --get commit.template [15ms]
2026-09-12 14:01:48.616 [info] > git for-each-ref --format=%(refname)%00%(upstream:short)%00%(objectname)%00%(upstream:track)%00%(upstream:remotename)%00%(upstream:remoteref) refs/heads/main refs/remotes/main [3ms]
2026-09-12 14:01:48.639 [info] > git for-each-ref --sort -committerdate --format %(refname)%00%(objectname)%00%(*objectname) [2ms]
2026-09-12 14:01:48.642 [info] > git status -z -uall [16ms]
2026-09-12 14:01:52.650 [info] > git check-ignore -v -z --stdin [2ms]
2026-09-12 14:01:52.834 [info] > git check-ignore -v -z --stdin [4ms]
2026-09-12 14:01:53.662 [info] > git check-ignore -v -z --stdin [2ms]
2026-09-12 14:01:53.961 [info] > git check-ignore -v -z --stdin [2ms]
2026-09-12 14:01:54.489 [info] > git check-ignore -v -z --stdin [3ms]
2026-09-12 14:01:56.778 [info] > git config --get commit.template [2ms]
2026-09-12 14:01:56.792 [info] > git for-each-ref --format=%(refname)%00%(upstream:short)%00%(objectname)%00%(upstream:track)%00%(upstream:remotename)%00%(upstream:remoteref) refs/heads/main refs/remotes/main [1ms]
2026-09-12 14:01:56.849 [info] > git status -z -uall [25ms]
2026-09-12 14:01:56.853 [info] > git for-each-ref --sort -committerdate --format %(refname)%00%(objectname)%00%(*objectname) [5ms]
2026-09-12 14:02:06.435 [info] > git check-ignore -v -z --stdin [1ms]
2026-09-12 14:02:06.862 [info] > git check-ignore -v -z --stdin [1ms]
2026-09-12 14:02:07.859 [info] > git check-ignore -v -z --stdin [1ms]
2026-09-12 14:02:08.288 [info] > git check-ignore -v -z --stdin [2ms]
2026-09-12 14:02:08.658 [info] > git check-ignore -v -z --stdin [1ms]
2026-09-12 14:02:09.056 [info] > git check-ignore -v -z --stdin [2ms]
2026-09-12 14:02:11.104 [info] > git config --get commit.template [5ms]
2026-09-12 14:02:11.105 [info] > git for-each-ref --format=%(refname)%00%(upstream:short)%00%(objectname)%00%(upstream:track)%00%(upstream:remotename)%00%(upstream:remoteref) refs/heads/main refs/remotes/main [1ms]
2026-09-12 14:02:11.120 [info] > git for-each-ref --sort -committerdate --format %(refname)%00%(objectname)%00%(*objectname) [1ms]
2026-09-12 14:02:11.123 [info] > git status -z -uall [12ms]
2026-09-12 14:02:21.811 [info] > git check-ignore -v -z --stdin [2ms]
2026-09-12 14:02:23.215 [info] > git check-ignore -v -z --stdin [2ms]
2026-09-12 14:02:23.487 [info] > git check-ignore -v -z --stdin [3ms]
2026-09-12 14:02:23.687 [info] > git config --get commit.template [2ms]
2026-09-12 14:02:23.696 [info] > git for-each-ref --format=%(refname)%00%(upstream:short)%00%(objectname)%00%(upstream:track)%00%(upstream:remotename)%00%(upstream:remoteref) refs/heads/main refs/remotes/main [2ms]
2026-09-12 14:02:23.710 [info] > git for-each-ref --sort -committerdate --format %(refname)%00%(objectname)%00%(*objectname) [2ms]
2026-09-12 14:02:23.712 [info] > git status -z -uall [9ms]
2026-09-12 14:02:23.936 [info] > git check-ignore -v -z --stdin [3ms]
2026-09-12 14:02:24.535 [info] > git check-ignore -v -z --stdin [1ms]
2026-09-12 14:02:27.241 [info] > git check-ignore -v -z --stdin [2ms]
2026-09-12 14:02:28.052 [info] > git check-ignore -v -z --stdin [1ms]
2026-09-12 14:02:28.733 [info] > git config --get commit.template [8ms]
2026-09-12 14:02:28.734 [info] > git for-each-ref --format=%(refname)%00%(upstream:short)%00%(objectname)%00%(upstream:track)%00%(upstream:remotename)%00%(upstream:remoteref) refs/heads/main refs/remotes/main [2ms]
2026-09-12 14:02:28.748 [info] > git for-each-ref --sort -committerdate --format %(refname)%00%(objectname)%00%(*objectname) [4ms]
2026-09-12 14:02:28.749 [info] > git status -z -uall [9ms]
2026-09-12 14:02:29.255 [info] > git check-ignore -v -z --stdin [1ms]
2026-09-12 14:02:33.773 [info] > git config --get commit.template [1ms]
2026-09-12 14:02:33.781 [info] > git for-each-ref --format=%(refname)%00%(upstream:short)%00%(objectname)%00%(upstream:track)%00%(upstream:remotename)%00%(upstream:remoteref) refs/heads/main refs/remotes/main [2ms]
2026-09-12 14:02:33.810 [info] > git for-each-ref --sort -committerdate --format %(refname)%00%(objectname)%00%(*objectname) [1ms]
2026-09-12 14:02:33.814 [info] > git status -z -uall [22ms]
2026-09-12 14:03:01.728 [info] > git check-ignore -v -z --stdin [1ms]
2026-09-12 14:03:02.571 [info] > git check-ignore -v -z --stdin [2ms]
2026-09-12 14:03:04.471 [info] > git config --get commit.template [6ms]
2026-09-12 14:03:04.472 [info] > git for-each-ref --format=%(refname)%00%(upstream:short)%00%(objectname)%00%(upstream:track)%00%(upstream:remotename)%00%(upstream:remoteref) refs/heads/main refs/remotes/main [1ms]
2026-09-12 14:03:04.484 [info] > git for-each-ref --sort -committerdate --format %(refname)%00%(objectname)%00%(*objectname) [2ms]
2026-09-12 14:03:04.485 [info] > git status -z -uall [8ms]
2026-09-12 14:03:06.505 [info] > git check-ignore -v -z --stdin [1ms]
2026-09-12 14:03:06.969 [info] > git check-ignore -v -z --stdin [2ms]
2026-09-12 14:03:07.185 [info] > git check-ignore -v -z --stdin [2ms]
2026-09-12 14:03:09.504 [info] > git config --get commit.template [6ms]
2026-09-12 14:03:09.505 [info] > git for-each-ref --format=%(refname)%00%(upstream:short)%00%(objectname)%00%(upstream:track)%00%(upstream:remotename)%00%(upstream:remoteref) refs/heads/main refs/remotes/main [1ms]
2026-09-12 14:03:09.518 [info] > git for-each-ref --sort -committerdate --format %(refname)%00%(objectname)%00%(*objectname) [2ms]
2026-09-12 14:03:09.519 [info] > git status -z -uall [8ms]
2026-09-12 14:03:10.273 [info] > git check-ignore -v -z --stdin [2ms]
2026-09-12 14:03:11.457 [info] > git check-ignore -v -z --stdin [2ms]
2026-09-12 14:03:11.961 [info] > git check-ignore -v -z --stdin [2ms]
2026-09-12 14:03:12.243 [info] > git check-ignore -v -z --stdin [2ms]
2026-09-12 14:03:13.108 [info] > git check-ignore -v -z --stdin [1ms]
2026-09-12 14:03:13.520 [info] > git check-ignore -v -z --stdin [1ms]
2026-09-12 14:03:13.994 [info] > git check-ignore -v -z --stdin [2ms]
2026-09-12 14:03:14.543 [info] > git config --get commit.template [8ms]
2026-09-12 14:03:14.544 [info] > git for-each-ref --format=%(refname)%00%(upstream:short)%00%(objectname)%00%(upstream:track)%00%(upstream:remotename)%00%(upstream:remoteref) refs/heads/main refs/remotes/main [4ms]
2026-09-12 14:03:14.563 [info] > git for-each-ref --sort -committerdate --format %(refname)%00%(objectname)%00%(*objectname) [4ms]
2026-09-12 14:03:14.565 [info] > git status -z -uall [12ms]
2026-09-12 14:03:15.182 [info] > git check-ignore -v -z --stdin [3ms]
2026-09-12 14:03:15.755 [info] > git check-ignore -v -z --stdin [2ms]
2026-09-12 14:03:16.513 [info] > git check-ignore -v -z --stdin [3ms]
2026-09-12 14:03:17.304 [info] > git check-ignore -v -z --stdin [2ms]
2026-09-12 14:03:19.589 [info] > git config --get commit.template [13ms]
2026-09-12 14:03:19.591 [info] > git for-each-ref --format=%(refname)%00%(upstream:short)%00%(objectname)%00%(upstream:track)%00%(upstream:remotename)%00%(upstream:remoteref) refs/heads/main refs/remotes/main [2ms]
2026-09-12 14:03:19.613 [info] > git for-each-ref --sort -committerdate --format %(refname)%00%(objectname)%00%(*objectname) [3ms]
2026-09-12 14:03:19.620 [info] > git status -z -uall [21ms]
2026-09-12 14:03:49.939 [info] > git config --get commit.template [6ms]
2026-09-12 14:03:49.941 [info] > git for-each-ref --format=%(refname)%00%(upstream:short)%00%(objectname)%00%(upstream:track)%00%(upstream:remotename)%00%(upstream:remoteref) refs/heads/main refs/remotes/main [2ms]
2026-09-12 14:03:49.952 [info] > git for-each-ref --sort -committerdate --format %(refname)%00%(objectname)%00%(*objectname) [1ms]
2026-09-12 14:03:49.956 [info] > git status -z -uall [10ms]
2026-09-12 14:04:29.754 [info] > git check-ignore -v -z --stdin [2ms]
2026-09-12 14:04:30.009 [info] > git check-ignore -v -z --stdin [3ms]
2026-09-12 14:04:30.273 [info] > git check-ignore -v -z --stdin [1ms]
2026-09-12 14:04:30.838 [info] > git check-ignore -v -z --stdin [2ms]
2026-09-12 14:04:32.737 [info] > git config --get commit.template [13ms]
2026-09-12 14:04:32.738 [info] > git for-each-ref --format=%(refname)%00%(upstream:short)%00%(objectname)%00%(upstream:track)%00%(upstream:remotename)%00%(upstream:remoteref) refs/heads/main refs/remotes/main [2ms]
2026-09-12 14:04:32.766 [info] > git status -z -uall [18ms]
2026-09-12 14:04:32.767 [info] > git for-each-ref --sort -committerdate --format %(refname)%00%(objectname)%00%(*objectname) [4ms]
2026-09-12 14:04:33.644 [info] > git check-ignore -v -z --stdin [2ms]
2026-09-12 14:04:34.267 [info] > git check-ignore -v -z --stdin [2ms]
2026-09-12 14:04:37.791 [info] > git check-ignore -v -z --stdin [6ms]
2026-09-12 14:04:37.791 [info] > git config --get commit.template [13ms]
2026-09-12 14:04:37.791 [info] > git for-each-ref --format=%(refname)%00%(upstream:short)%00%(objectname)%00%(upstream:track)%00%(upstream:remotename)%00%(upstream:remoteref) refs/heads/main refs/remotes/main [2ms]
2026-09-12 14:04:37.803 [info] > git for-each-ref --sort -committerdate --format %(refname)%00%(objectname)%00%(*objectname) [2ms]
2026-09-12 14:04:37.809 [info] > git status -z -uall [12ms]
2026-09-12 14:04:38.730 [info] > git check-ignore -v -z --stdin [2ms]
2026-09-12 14:04:39.220 [info] > git check-ignore -v -z --stdin [1ms]
2026-09-12 14:04:39.717 [info] > git check-ignore -v -z --stdin [1ms]
2026-09-12 14:04:40.609 [info] > git check-ignore -v -z --stdin [3ms]
2026-09-12 14:04:41.009 [info] > git check-ignore -v -z --stdin [2ms]
2026-09-12 14:04:42.886 [info] > git config --get commit.template [6ms]
2026-09-12 14:04:42.888 [info] > git for-each-ref --format=%(refname)%00%(upstream:short)%00%(objectname)%00%(upstream:track)%00%(upstream:remotename)%00%(upstream:remoteref) refs/heads/main refs/remotes/main [2ms]
2026-09-12 14:04:42.900 [info] > git for-each-ref --sort -committerdate --format %(refname)%00%(objectname)%00%(*objectname) [2ms]
2026-09-12 14:04:42.902 [info] > git status -z -uall [9ms]
2026-09-12 14:04:44.019 [info] > git check-ignore -v -z --stdin [1ms]
2026-09-12 14:04:45.133 [info] > git check-ignore -v -z --stdin [3ms]
2026-09-12 14:04:45.708 [info] > git check-ignore -v -z --stdin [2ms]
2026-09-12 14:04:47.918 [info] > git config --get commit.template [7ms]
2026-09-12 14:04:47.919 [info] > git for-each-ref --format=%(refname)%00%(upstream:short)%00%(objectname)%00%(upstream:track)%00%(upstream:remotename)%00%(upstream:remoteref) refs/heads/main refs/remotes/main [2ms]
2026-09-12 14:04:47.932 [info] > git for-each-ref --sort -committerdate --format %(refname)%00%(objectname)%00%(*objectname) [2ms]
2026-09-12 14:04:47.934 [info] > git status -z -uall [9ms]
2026-09-12 14:04:53.053 [info] > git check-ignore -v -z --stdin [2ms]
2026-09-12 14:04:54.954 [info] > git config --get commit.template [6ms]
2026-09-12 14:04:54.955 [info] > git for-each-ref --format=%(refname)%00%(upstream:short)%00%(objectname)%00%(upstream:track)%00%(upstream:remotename)%00%(upstream:remoteref) refs/heads/main refs/remotes/main [1ms]
2026-09-12 14:04:54.976 [info] > git status -z -uall [11ms]
2026-09-12 14:04:54.976 [info] > git for-each-ref --sort -committerdate --format %(refname)%00%(objectname)%00%(*objectname) [2ms]
2026-09-12 14:05:00.892 [info] > git check-ignore -v -z --stdin [1ms]
2026-09-12 14:05:01.564 [info] > git check-ignore -v -z --stdin [2ms]
2026-09-12 14:05:03.005 [info] > git check-ignore -v -z --stdin [3ms]
2026-09-12 14:05:03.453 [info] > git config --get commit.template [5ms]
2026-09-12 14:05:03.454 [info] > git for-each-ref --format=%(refname)%00%(upstream:short)%00%(objectname)%00%(upstream:track)%00%(upstream:remotename)%00%(upstream:remoteref) refs/heads/main refs/remotes/main [1ms]
2026-09-12 14:05:03.465 [info] > git for-each-ref --sort -committerdate --format %(refname)%00%(objectname)%00%(*objectname) [1ms]
2026-09-12 14:05:03.468 [info] > git status -z -uall [9ms]
2026-09-12 14:05:03.706 [info] > git check-ignore -v -z --stdin [2ms]
2026-09-12 14:05:05.407 [info] > git check-ignore -v -z --stdin [2ms]
2026-09-12 14:05:06.964 [info] > git check-ignore -v -z --stdin [1ms]
2026-09-12 14:05:08.053 [info] > git check-ignore -v -z --stdin [1ms]
2026-09-12 14:05:08.491 [info] > git config --get commit.template [9ms]
2026-09-12 14:05:08.491 [info] > git for-each-ref --format=%(refname)%00%(upstream:short)%00%(objectname)%00%(upstream:track)%00%(upstream:remotename)%00%(upstream:remoteref) refs/heads/main refs/remotes/main [1ms]
2026-09-12 14:05:08.505 [info] > git for-each-ref --sort -committerdate --format %(refname)%00%(objectname)%00%(*objectname) [2ms]
2026-09-12 14:05:08.507 [info] > git status -z -uall [9ms]
2026-09-12 14:05:09.385 [info] > git check-ignore -v -z --stdin [2ms]
2026-09-12 14:05:09.971 [info] > git check-ignore -v -z --stdin [2ms]
2026-09-12 14:05:10.703 [info] > git check-ignore -v -z --stdin [2ms]
2026-09-12 14:05:11.744 [info] > git check-ignore -v -z --stdin [1ms]
2026-09-12 14:05:13.525 [info] > git config --get commit.template [5ms]
2026-09-12 14:05:13.526 [info] > git for-each-ref --format=%(refname)%00%(upstream:short)%00%(objectname)%00%(upstream:track)%00%(upstream:remotename)%00%(upstream:remoteref) refs/heads/main refs/remotes/main [1ms]
2026-09-12 14:05:13.538 [info] > git for-each-ref --sort -committerdate --format %(refname)%00%(objectname)%00%(*objectname) [2ms]
2026-09-12 14:05:13.543 [info] > git status -z -uall [12ms]
2026-09-12 14:05:16.046 [info] > git check-ignore -v -z --stdin [2ms]
2026-09-12 14:05:16.595 [info] > git check-ignore -v -z --stdin [2ms]
2026-09-12 14:05:17.437 [info] > git check-ignore -v -z --stdin [2ms]
2026-09-12 14:05:17.833 [info] > git check-ignore -v -z --stdin [3ms]
2026-09-12 14:05:18.394 [info] > git check-ignore -v -z --stdin [1ms]
2026-09-12 14:05:18.571 [info] > git config --get commit.template [9ms]
2026-09-12 14:05:18.574 [info] > git for-each-ref --format=%(refname)%00%(upstream:short)%00%(objectname)%00%(upstream:track)%00%(upstream:remotename)%00%(upstream:remoteref) refs/heads/main refs/remotes/main [3ms]
2026-09-12 14:05:18.587 [info] > git for-each-ref --sort -committerdate --format %(refname)%00%(objectname)%00%(*objectname) [2ms]
2026-09-12 14:05:18.589 [info] > git status -z -uall [9ms]
2026-09-12 14:05:23.607 [info] > git config --get commit.template [6ms]
2026-09-12 14:05:23.608 [info] > git for-each-ref --format=%(refname)%00%(upstream:short)%00%(objectname)%00%(upstream:track)%00%(upstream:remotename)%00%(upstream:remoteref) refs/heads/main refs/remotes/main [1ms]
2026-09-12 14:05:23.619 [info] > git for-each-ref --sort -committerdate --format %(refname)%00%(objectname)%00%(*objectname) [1ms]
2026-09-12 14:05:23.622 [info] > git status -z -uall [8ms]
2026-09-12 14:05:27.427 [info] > git check-ignore -v -z --stdin [2ms]
2026-09-12 14:05:29.324 [info] > git config --get commit.template [5ms]
2026-09-12 14:05:29.325 [info] > git for-each-ref --format=%(refname)%00%(upstream:short)%00%(objectname)%00%(upstream:track)%00%(upstream:remotename)%00%(upstream:remoteref) refs/heads/main refs/remotes/main [1ms]
2026-09-12 14:05:29.337 [info] > git for-each-ref --sort -committerdate --format %(refname)%00%(objectname)%00%(*objectname) [2ms]
2026-09-12 14:05:29.340 [info] > git status -z -uall [9ms]
2026-09-12 14:05:29.383 [info] > git check-ignore -v -z --stdin [1ms]
2026-09-12 14:05:31.618 [info] > git check-ignore -v -z --stdin [2ms]
2026-09-12 14:05:32.044 [info] > git check-ignore -v -z --stdin [1ms]
2026-09-12 14:05:32.531 [info] > git check-ignore -v -z --stdin [1ms]
2026-09-12 14:05:33.406 [info] > git check-ignore -v -z --stdin [2ms]
2026-09-12 14:05:34.164 [info] > git check-ignore -v -z --stdin [2ms]
2026-09-12 14:05:34.370 [info] > git config --get commit.template [10ms]
2026-09-12 14:05:34.373 [info] > git for-each-ref --format=%(refname)%00%(upstream:short)%00%(objectname)%00%(upstream:track)%00%(upstream:remotename)%00%(upstream:remoteref) refs/heads/main refs/remotes/main [3ms]
2026-09-12 14:05:34.398 [info] > git for-each-ref --sort -committerdate --format %(refname)%00%(objectname)%00%(*objectname) [2ms]
2026-09-12 14:05:34.400 [info] > git status -z -uall [11ms]
2026-09-12 14:05:34.530 [info] > git check-ignore -v -z --stdin [1ms]
2026-09-12 14:05:35.072 [info] > git check-ignore -v -z --stdin [2ms]
2026-09-12 14:05:35.438 [info] > git check-ignore -v -z --stdin [3ms]
2026-09-12 14:05:36.272 [info] > git check-ignore -v -z --stdin [2ms]
2026-09-12 14:05:37.168 [info] > git check-ignore -v -z --stdin [2ms]
2026-09-12 14:05:37.435 [info] > git check-ignore -v -z --stdin [2ms]
2026-09-12 14:05:38.006 [info] > git check-ignore -v -z --stdin [2ms]
2026-09-12 14:05:38.603 [info] > git check-ignore -v -z --stdin [1ms]
2026-09-12 14:05:39.402 [info] > git check-ignore -v -z --stdin [2ms]
2026-09-12 14:05:41.297 [info] > git check-ignore -v -z --stdin [9ms]
2026-09-12 14:05:41.297 [info] > git config --get commit.template [1ms]
2026-09-12 14:05:41.304 [info] > git for-each-ref --format=%(refname)%00%(upstream:short)%00%(objectname)%00%(upstream:track)%00%(upstream:remotename)%00%(upstream:remoteref) refs/heads/main refs/remotes/main [2ms]
2026-09-12 14:05:41.318 [info] > git for-each-ref --sort -committerdate --format %(refname)%00%(objectname)%00%(*objectname) [3ms]
2026-09-12 14:05:41.323 [info] > git status -z -uall [13ms]
2026-09-12 14:05:42.013 [info] > git check-ignore -v -z --stdin [1ms]
2026-09-12 14:05:42.573 [info] > git check-ignore -v -z --stdin [4ms]
2026-09-12 14:05:46.338 [info] > git config --get commit.template [5ms]
2026-09-12 14:05:46.339 [info] > git for-each-ref --format=%(refname)%00%(upstream:short)%00%(objectname)%00%(upstream:track)%00%(upstream:remotename)%00%(upstream:remoteref) refs/heads/main refs/remotes/main [2ms]
2026-09-12 14:05:46.351 [info] > git for-each-ref --sort -committerdate --format %(refname)%00%(objectname)%00%(*objectname) [1ms]
2026-09-12 14:05:46.356 [info] > git status -z -uall [12ms]
2026-09-12 14:05:46.679 [info] > git check-ignore -v -z --stdin [4ms]
2026-09-12 14:05:47.751 [info] > git check-ignore -v -z --stdin [1ms]
2026-09-12 14:05:48.883 [info] > git check-ignore -v -z --stdin [2ms]
2026-09-12 14:05:49.755 [info] > git check-ignore -v -z --stdin [1ms]
2026-09-12 14:05:50.358 [info] > git check-ignore -v -z --stdin [1ms]
2026-09-12 14:05:50.572 [info] > git check-ignore -v -z --stdin [3ms]
2026-09-12 14:05:51.274 [info] > git check-ignore -v -z --stdin [4ms]
2026-09-12 14:05:51.372 [info] > git config --get commit.template [5ms]
2026-09-12 14:05:51.374 [info] > git for-each-ref --format=%(refname)%00%(upstream:short)%00%(objectname)%00%(upstream:track)%00%(upstream:remotename)%00%(upstream:remoteref) refs/heads/main refs/remotes/main [2ms]
2026-09-12 14:05:51.387 [info] > git for-each-ref --sort -committerdate --format %(refname)%00%(objectname)%00%(*objectname) [3ms]
2026-09-12 14:05:51.388 [info] > git status -z -uall [9ms]
2026-09-12 14:05:51.854 [info] > git check-ignore -v -z --stdin [1ms]
2026-09-12 14:05:55.266 [info] > git check-ignore -v -z --stdin [2ms]
2026-09-12 14:05:56.315 [info] > git check-ignore -v -z --stdin [2ms]
2026-09-12 14:05:56.407 [info] > git config --get commit.template [9ms]
2026-09-12 14:05:56.410 [info] > git for-each-ref --format=%(refname)%00%(upstream:short)%00%(objectname)%00%(upstream:track)%00%(upstream:remotename)%00%(upstream:remoteref) refs/heads/main refs/remotes/main [3ms]
2026-09-12 14:05:56.430 [info] > git for-each-ref --sort -committerdate --format %(refname)%00%(objectname)%00%(*objectname) [2ms]
2026-09-12 14:05:56.433 [info] > git status -z -uall [12ms]
2026-09-12 14:05:56.712 [info] > git check-ignore -v -z --stdin [2ms]
2026-09-12 14:05:56.940 [info] > git check-ignore -v -z --stdin [1ms]
2026-09-12 14:05:57.495 [info] > git check-ignore -v -z --stdin [5ms]
2026-09-12 14:05:57.948 [info] > git check-ignore -v -z --stdin [2ms]
2026-09-12 14:05:58.696 [info] > git check-ignore -v -z --stdin [2ms]
2026-09-12 14:06:00.639 [info] > git check-ignore -v -z --stdin [1ms]
2026-09-12 14:06:01.449 [info] > git config --get commit.template [4ms]
2026-09-12 14:06:01.464 [info] > git for-each-ref --format=%(refname)%00%(upstream:short)%00%(objectname)%00%(upstream:track)%00%(upstream:remotename)%00%(upstream:remoteref) refs/heads/main refs/remotes/main [4ms]
2026-09-12 14:06:01.483 [info] > git for-each-ref --sort -committerdate --format %(refname)%00%(objectname)%00%(*objectname) [2ms]
2026-09-12 14:06:01.486 [info] > git status -z -uall [10ms]
2026-09-12 14:06:02.260 [info] > git check-ignore -v -z --stdin [2ms]
2026-09-12 14:06:03.055 [info] > git check-ignore -v -z --stdin [3ms]
2026-09-12 14:06:06.509 [info] > git config --get commit.template [9ms]
2026-09-12 14:06:06.511 [info] > git for-each-ref --format=%(refname)%00%(upstream:short)%00%(objectname)%00%(upstream:track)%00%(upstream:remotename)%00%(upstream:remoteref) refs/heads/main refs/remotes/main [3ms]
2026-09-12 14:06:06.530 [info] > git for-each-ref --sort -committerdate --format %(refname)%00%(objectname)%00%(*objectname) [2ms]
2026-09-12 14:06:06.540 [info] > git status -z -uall [18ms]
2026-09-12 14:06:32.728 [info] > git check-ignore -v -z --stdin [2ms]
2026-09-12 14:06:33.456 [info] > git check-ignore -v -z --stdin [2ms]
2026-09-12 14:06:33.886 [info] > git check-ignore -v -z --stdin [2ms]
2026-09-12 14:06:35.770 [info] > git config --get commit.template [7ms]
2026-09-12 14:06:35.771 [info] > git for-each-ref --format=%(refname)%00%(upstream:short)%00%(objectname)%00%(upstream:track)%00%(upstream:remotename)%00%(upstream:remoteref) refs/heads/main refs/remotes/main [2ms]
2026-09-12 14:06:35.788 [info] > git for-each-ref --sort -committerdate --format %(refname)%00%(objectname)%00%(*objectname) [2ms]
2026-09-12 14:06:35.789 [info] > git status -z -uall [13ms]
2026-09-12 14:06:41.115 [info] > git check-ignore -v -z --stdin [2ms]
2026-09-12 14:06:42.538 [info] > git check-ignore -v -z --stdin [1ms]
2026-09-12 14:06:42.998 [info] > git config --get commit.template [2ms]
2026-09-12 14:06:43.004 [info] > git for-each-ref --format=%(refname)%00%(upstream:short)%00%(objectname)%00%(upstream:track)%00%(upstream:remotename)%00%(upstream:remoteref) refs/heads/main refs/remotes/main [1ms]
2026-09-12 14:06:43.016 [info] > git for-each-ref --sort -committerdate --format %(refname)%00%(objectname)%00%(*objectname) [1ms]
2026-09-12 14:06:43.018 [info] > git status -z -uall [9ms]
2026-09-12 14:06:43.720 [info] > git check-ignore -v -z --stdin [2ms]
2026-09-12 14:06:44.776 [info] > git check-ignore -v -z --stdin [1ms]
2026-09-12 14:06:47.033 [info] > git check-ignore -v -z --stdin [2ms]
2026-09-12 14:06:47.657 [info] > git check-ignore -v -z --stdin [1ms]
2026-09-12 14:06:48.035 [info] > git config --get commit.template [6ms]
2026-09-12 14:06:48.036 [info] > git for-each-ref --format=%(refname)%00%(upstream:short)%00%(objectname)%00%(upstream:track)%00%(upstream:remotename)%00%(upstream:remoteref) refs/heads/main refs/remotes/main [2ms]
2026-09-12 14:06:48.051 [info] > git for-each-ref --sort -committerdate --format %(refname)%00%(objectname)%00%(*objectname) [1ms]
2026-09-12 14:06:48.053 [info] > git status -z -uall [10ms]
2026-09-12 14:06:48.142 [info] > git check-ignore -v -z --stdin [1ms]
2026-09-12 14:06:51.175 [info] > git check-ignore -v -z --stdin [2ms]
2026-09-12 14:06:51.696 [info] > git check-ignore -v -z --stdin [2ms]
2026-09-12 14:06:52.164 [info] > git check-ignore -v -z --stdin [3ms]
2026-09-12 14:06:53.080 [info] > git config --get commit.template [11ms]
2026-09-12 14:06:53.082 [info] > git for-each-ref --format=%(refname)%00%(upstream:short)%00%(objectname)%00%(upstream:track)%00%(upstream:remotename)%00%(upstream:remoteref) refs/heads/main refs/remotes/main [3ms]
2026-09-12 14:06:53.112 [info] > git status -z -uall [19ms]
2026-09-12 14:06:53.116 [info] > git for-each-ref --sort -committerdate --format %(refname)%00%(objectname)%00%(*objectname) [4ms]
2026-09-12 14:06:57.454 [info] > git check-ignore -v -z --stdin [2ms]
2026-09-12 14:06:57.887 [info] > git check-ignore -v -z --stdin [1ms]
2026-09-12 14:06:58.137 [info] > git config --get commit.template [1ms]
2026-09-12 14:06:58.148 [info] > git for-each-ref --format=%(refname)%00%(upstream:short)%00%(objectname)%00%(upstream:track)%00%(upstream:remotename)%00%(upstream:remoteref) refs/heads/main refs/remotes/main [3ms]
2026-09-12 14:06:58.176 [info] > git status -z -uall [15ms]
2026-09-12 14:06:58.176 [info] > git for-each-ref --sort -committerdate --format %(refname)%00%(objectname)%00%(*objectname) [4ms]
2026-09-12 14:07:03.051 [info] > git check-ignore -v -z --stdin [2ms]
2026-09-12 14:07:03.203 [info] > git config --get commit.template [10ms]
2026-09-12 14:07:03.211 [info] > git for-each-ref --format=%(refname)%00%(upstream:short)%00%(objectname)%00%(upstream:track)%00%(upstream:remotename)%00%(upstream:remoteref) refs/heads/main refs/remotes/main [10ms]
2026-09-12 14:07:03.250 [info] > git status -z -uall [19ms]
2026-09-12 14:07:03.252 [info] > git for-each-ref --sort -committerdate --format %(refname)%00%(objectname)%00%(*objectname) [2ms]
2026-09-12 14:07:08.206 [info] > git check-ignore -v -z --stdin [3ms]
2026-09-12 14:07:08.274 [info] > git config --get commit.template [6ms]
2026-09-12 14:07:08.275 [info] > git for-each-ref --format=%(refname)%00%(upstream:short)%00%(objectname)%00%(upstream:track)%00%(upstream:remotename)%00%(upstream:remoteref) refs/heads/main refs/remotes/main [1ms]
2026-09-12 14:07:08.288 [info] > git for-each-ref --sort -committerdate --format %(refname)%00%(objectname)%00%(*objectname) [2ms]
2026-09-12 14:07:08.290 [info] > git status -z -uall [9ms]
2026-09-12 14:07:10.255 [info] > git check-ignore -v -z --stdin [2ms]
2026-09-12 14:07:10.926 [info] > git check-ignore -v -z --stdin [2ms]
2026-09-12 14:07:11.531 [info] > git check-ignore -v -z --stdin [3ms]
2026-09-12 14:07:13.316 [info] > git config --get commit.template [13ms]
2026-09-12 14:07:13.317 [info] > git for-each-ref --format=%(refname)%00%(upstream:short)%00%(objectname)%00%(upstream:track)%00%(upstream:remotename)%00%(upstream:remoteref) refs/heads/main refs/remotes/main [2ms]
2026-09-12 14:07:13.336 [info] > git status -z -uall [12ms]
2026-09-12 14:07:13.338 [info] > git for-each-ref --sort -committerdate --format %(refname)%00%(objectname)%00%(*objectname) [2ms]
2026-09-12 14:07:17.249 [info] > git check-ignore -v -z --stdin [3ms]
2026-09-12 14:07:17.952 [info] > git check-ignore -v -z --stdin [2ms]
2026-09-12 14:07:18.366 [info] > git config --get commit.template [12ms]
2026-09-12 14:07:18.368 [info] > git for-each-ref --format=%(refname)%00%(upstream:short)%00%(objectname)%00%(upstream:track)%00%(upstream:remotename)%00%(upstream:remoteref) refs/heads/main refs/remotes/main [2ms]
2026-09-12 14:07:18.385 [info] > git status -z -uall [10ms]
2026-09-12 14:07:18.386 [info] > git for-each-ref --sort -committerdate --format %(refname)%00%(objectname)%00%(*objectname) [4ms]
2026-09-12 14:07:18.681 [info] > git check-ignore -v -z --stdin [3ms]
2026-09-12 14:07:19.224 [info] > git check-ignore -v -z --stdin [3ms]
2026-09-12 14:07:22.699 [info] > git check-ignore -v -z --stdin [2ms]
2026-09-12 14:07:23.037 [info] > git check-ignore -v -z --stdin [2ms]
2026-09-12 14:07:23.402 [info] > git config --get commit.template [5ms]
2026-09-12 14:07:23.403 [info] > git for-each-ref --format=%(refname)%00%(upstream:short)%00%(objectname)%00%(upstream:track)%00%(upstream:remotename)%00%(upstream:remoteref) refs/heads/main refs/remotes/main [2ms]
2026-09-12 14:07:23.416 [info] > git for-each-ref --sort -committerdate --format %(refname)%00%(objectname)%00%(*objectname) [2ms]
2026-09-12 14:07:23.418 [info] > git status -z -uall [9ms]
2026-09-12 14:07:24.236 [info] > git check-ignore -v -z --stdin [2ms]
2026-09-12 14:07:26.183 [info] > git check-ignore -v -z --stdin [3ms]
2026-09-12 14:07:26.781 [info] > git check-ignore -v -z --stdin [1ms]
2026-09-12 14:07:27.455 [info] > git check-ignore -v -z --stdin [2ms]
2026-09-12 14:07:28.443 [info] > git config --get commit.template [2ms]
2026-09-12 14:07:28.455 [info] > git for-each-ref --format=%(refname)%00%(upstream:short)%00%(objectname)%00%(upstream:track)%00%(upstream:remotename)%00%(upstream:remoteref) refs/heads/main refs/remotes/main [3ms]
2026-09-12 14:07:28.490 [info] > git status -z -uall [17ms]
2026-09-12 14:07:28.490 [info] > git for-each-ref --sort -committerdate --format %(refname)%00%(objectname)%00%(*objectname) [4ms]
2026-09-12 14:07:28.600 [info] > git check-ignore -v -z --stdin [2ms]
2026-09-12 14:07:29.968 [info] > git check-ignore -v -z --stdin [2ms]
2026-09-12 14:07:33.512 [info] > git config --get commit.template [8ms]
2026-09-12 14:07:33.514 [info] > git for-each-ref --format=%(refname)%00%(upstream:short)%00%(objectname)%00%(upstream:track)%00%(upstream:remotename)%00%(upstream:remoteref) refs/heads/main refs/remotes/main [2ms]
2026-09-12 14:07:33.531 [info] > git for-each-ref --sort -committerdate --format %(refname)%00%(objectname)%00%(*objectname) [4ms]
2026-09-12 14:07:33.534 [info] > git status -z -uall [13ms]
2026-09-12 14:09:07.292 [info] > git check-ignore -v -z --stdin [3ms]
2026-09-12 14:09:08.070 [info] > git check-ignore -v -z --stdin [2ms]
2026-09-12 14:09:08.459 [info] > git check-ignore -v -z --stdin [1ms]
2026-09-12 14:09:08.971 [info] > git check-ignore -v -z --stdin [1ms]
2026-09-12 14:09:09.485 [info] > git check-ignore -v -z --stdin [1ms]
2026-09-12 14:09:11.377 [info] > git config --get commit.template [7ms]
2026-09-12 14:09:11.378 [info] > git for-each-ref --format=%(refname)%00%(upstream:short)%00%(objectname)%00%(upstream:track)%00%(upstream:remotename)%00%(upstream:remoteref) refs/heads/main refs/remotes/main [2ms]
2026-09-12 14:09:11.391 [info] > git for-each-ref --sort -committerdate --format %(refname)%00%(objectname)%00%(*objectname) [2ms]
2026-09-12 14:09:11.392 [info] > git status -z -uall [8ms]
2026-09-12 14:09:26.746 [info] > git check-ignore -v -z --stdin [3ms]
2026-09-12 14:09:27.397 [info] > git check-ignore -v -z --stdin [1ms]
2026-09-12 14:09:27.958 [info] > git check-ignore -v -z --stdin [2ms]
2026-09-12 14:09:28.349 [info] > git check-ignore -v -z --stdin [2ms]
2026-09-12 14:09:30.246 [info] > git config --get commit.template [10ms]
2026-09-12 14:09:30.261 [info] > git for-each-ref --format=%(refname)%00%(upstream:short)%00%(objectname)%00%(upstream:track)%00%(upstream:remotename)%00%(upstream:remoteref) refs/heads/main refs/remotes/main [16ms]
2026-09-12 14:09:30.287 [info] > git status -z -uall [12ms]
2026-09-12 14:09:30.287 [info] > git for-each-ref --sort -committerdate --format %(refname)%00%(objectname)%00%(*objectname) [3ms]
2026-09-12 14:09:30.431 [info] > git check-ignore -v -z --stdin [3ms]
2026-09-12 14:09:31.430 [info] > git check-ignore -v -z --stdin [4ms]
2026-09-12 14:09:31.578 [info] > git check-ignore -v -z --stdin [1ms]
2026-09-12 14:09:31.844 [info] > git check-ignore -v -z --stdin [2ms]
2026-09-12 14:09:32.103 [info] > git check-ignore -v -z --stdin [2ms]
2026-09-12 14:09:33.026 [info] > git check-ignore -v -z --stdin [5ms]
2026-09-12 14:09:33.872 [info] > git check-ignore -v -z --stdin [4ms]
2026-09-12 14:09:35.772 [info] > git config --get commit.template [2ms]
2026-09-12 14:09:35.786 [info] > git for-each-ref --format=%(refname)%00%(upstream:short)%00%(objectname)%00%(upstream:track)%00%(upstream:remotename)%00%(upstream:remoteref) refs/heads/main refs/remotes/main [3ms]
2026-09-12 14:09:35.825 [info] > git status -z -uall [24ms]
2026-09-12 14:09:35.825 [info] > git for-each-ref --sort -committerdate --format %(refname)%00%(objectname)%00%(*objectname) [2ms]
2026-09-12 14:09:42.071 [info] > git check-ignore -v -z --stdin [1ms]
2026-09-12 14:09:42.427 [info] > git check-ignore -v -z --stdin [1ms]
2026-09-12 14:09:42.979 [info] > git check-ignore -v -z --stdin [2ms]
2026-09-12 14:09:43.220 [info] > git check-ignore -v -z --stdin [3ms]
2026-09-12 14:09:43.636 [info] > git check-ignore -v -z --stdin [9ms]
2026-09-12 14:09:45.509 [info] > git config --get commit.template [6ms]
2026-09-12 14:09:45.511 [info] > git for-each-ref --format=%(refname)%00%(upstream:short)%00%(objectname)%00%(upstream:track)%00%(upstream:remotename)%00%(upstream:remoteref) refs/heads/main refs/remotes/main [3ms]
2026-09-12 14:09:45.525 [info] > git for-each-ref --sort -committerdate --format %(refname)%00%(objectname)%00%(*objectname) [4ms]
2026-09-12 14:09:45.529 [info] > git status -z -uall [13ms]
2026-09-12 14:09:46.833 [info] > git check-ignore -v -z --stdin [3ms]
2026-09-12 14:09:48.099 [info] > git check-ignore -v -z --stdin [2ms]
2026-09-12 14:09:48.899 [info] > git check-ignore -v -z --stdin [2ms]
2026-09-12 14:09:50.550 [info] > git config --get commit.template [6ms]
2026-09-12 14:09:50.551 [info] > git for-each-ref --format=%(refname)%00%(upstream:short)%00%(objectname)%00%(upstream:track)%00%(upstream:remotename)%00%(upstream:remoteref) refs/heads/main refs/remotes/main [1ms]
2026-09-12 14:09:50.562 [info] > git for-each-ref --sort -committerdate --format %(refname)%00%(objectname)%00%(*objectname) [1ms]
2026-09-12 14:09:50.569 [info] > git status -z -uall [13ms]
2026-09-12 14:09:55.605 [info] > git config --get commit.template [15ms]
2026-09-12 14:09:55.606 [info] > git for-each-ref --format=%(refname)%00%(upstream:short)%00%(objectname)%00%(upstream:track)%00%(upstream:remotename)%00%(upstream:remoteref) refs/heads/main refs/remotes/main [3ms]
2026-09-12 14:09:55.630 [info] > git for-each-ref --sort -committerdate --format %(refname)%00%(objectname)%00%(*objectname) [0ms]
2026-09-12 14:09:55.635 [info] > git status -z -uall [15ms]
2026-09-12 14:10:32.347 [info] > git check-ignore -v -z --stdin [1ms]
2026-09-12 14:10:33.827 [info] > git check-ignore -v -z --stdin [2ms]
2026-09-12 14:10:34.243 [info] > git config --get commit.template [9ms]
2026-09-12 14:10:34.244 [info] > git for-each-ref --format=%(refname)%00%(upstream:short)%00%(objectname)%00%(upstream:track)%00%(upstream:remotename)%00%(upstream:remoteref) refs/heads/main refs/remotes/main [1ms]
2026-09-12 14:10:34.258 [info] > git for-each-ref --sort -committerdate --format %(refname)%00%(objectname)%00%(*objectname) [1ms]
2026-09-12 14:10:34.262 [info] > git status -z -uall [10ms]
2026-09-12 14:10:34.392 [info] > git check-ignore -v -z --stdin [1ms]
2026-09-12 14:10:34.805 [info] > git check-ignore -v -z --stdin [2ms]
2026-09-12 14:10:35.388 [info] > git check-ignore -v -z --stdin [4ms]
2026-09-12 14:10:36.065 [info] > git check-ignore -v -z --stdin [1ms]
2026-09-12 14:10:37.159 [info] > git check-ignore -v -z --stdin [2ms]
2026-09-12 14:10:37.761 [info] > git check-ignore -v -z --stdin [1ms]
2026-09-12 14:10:38.067 [info] > git check-ignore -v -z --stdin [1ms]
2026-09-12 14:10:38.886 [info] > git check-ignore -v -z --stdin [2ms]
2026-09-12 14:10:39.283 [info] > git config --get commit.template [6ms]
2026-09-12 14:10:39.284 [info] > git for-each-ref --format=%(refname)%00%(upstream:short)%00%(objectname)%00%(upstream:track)%00%(upstream:remotename)%00%(upstream:remoteref) refs/heads/main refs/remotes/main [2ms]
2026-09-12 14:10:39.301 [info] > git for-each-ref --sort -committerdate --format %(refname)%00%(objectname)%00%(*objectname) [1ms]
2026-09-12 14:10:39.308 [info] > git status -z -uall [14ms]
2026-09-12 14:10:40.358 [info] > git check-ignore -v -z --stdin [3ms]
2026-09-12 14:10:40.947 [info] > git check-ignore -v -z --stdin [1ms]
2026-09-12 14:10:41.523 [info] > git check-ignore -v -z --stdin [2ms]
2026-09-12 14:10:42.380 [info] > git check-ignore -v -z --stdin [2ms]
2026-09-12 14:10:44.332 [info] > git config --get commit.template [10ms]
2026-09-12 14:10:44.333 [info] > git for-each-ref --format=%(refname)%00%(upstream:short)%00%(objectname)%00%(upstream:track)%00%(upstream:remotename)%00%(upstream:remoteref) refs/heads/main refs/remotes/main [4ms]
2026-09-12 14:10:44.360 [info] > git status -z -uall [17ms]
2026-09-12 14:10:44.361 [info] > git for-each-ref --sort -committerdate --format %(refname)%00%(objectname)%00%(*objectname) [4ms]
2026-09-12 14:10:48.232 [info] > git check-ignore -v -z --stdin [1ms]
2026-09-12 14:10:49.058 [info] > git check-ignore -v -z --stdin [3ms]
2026-09-12 14:10:49.379 [info] > git config --get commit.template [7ms]
2026-09-12 14:10:49.380 [info] > git for-each-ref --format=%(refname)%00%(upstream:short)%00%(objectname)%00%(upstream:track)%00%(upstream:remotename)%00%(upstream:remoteref) refs/heads/main refs/remotes/main [1ms]
2026-09-12 14:10:49.391 [info] > git for-each-ref --sort -committerdate --format %(refname)%00%(objectname)%00%(*objectname) [2ms]
2026-09-12 14:10:49.396 [info] > git status -z -uall [11ms]
2026-09-12 14:10:50.293 [info] > git check-ignore -v -z --stdin [1ms]
2026-09-12 14:10:51.250 [info] > git check-ignore -v -z --stdin [2ms]
2026-09-12 14:10:54.430 [info] > git config --get commit.template [8ms]
2026-09-12 14:10:54.433 [info] > git for-each-ref --format=%(refname)%00%(upstream:short)%00%(objectname)%00%(upstream:track)%00%(upstream:remotename)%00%(upstream:remoteref) refs/heads/main refs/remotes/main [2ms]
2026-09-12 14:10:54.469 [info] > git for-each-ref --sort -committerdate --format %(refname)%00%(objectname)%00%(*objectname) [3ms]
2026-09-12 14:10:54.471 [info] > git status -z -uall [18ms]
2026-09-12 14:11:04.403 [info] > git check-ignore -v -z --stdin [11ms]
2026-09-12 14:11:06.240 [info] > git config --get commit.template [3ms]
2026-09-12 14:11:06.251 [info] > git for-each-ref --format=%(refname)%00%(upstream:short)%00%(objectname)%00%(upstream:track)%00%(upstream:remotename)%00%(upstream:remoteref) refs/heads/main refs/remotes/main [2ms]
2026-09-12 14:11:06.273 [info] > git for-each-ref --sort -committerdate --format %(refname)%00%(objectname)%00%(*objectname) [6ms]
2026-09-12 14:11:06.276 [info] > git status -z -uall [16ms]
2026-09-12 14:11:09.936 [info] > git check-ignore -v -z --stdin [3ms]
2026-09-12 14:11:11.816 [info] > git config --get commit.template [3ms]
2026-09-12 14:11:11.828 [info] > git for-each-ref --format=%(refname)%00%(upstream:short)%00%(objectname)%00%(upstream:track)%00%(upstream:remotename)%00%(upstream:remoteref) refs/heads/main refs/remotes/main [4ms]
2026-09-12 14:11:11.850 [info] > git for-each-ref --sort -committerdate --format %(refname)%00%(objectname)%00%(*objectname) [3ms]
2026-09-12 14:11:11.858 [info] > git status -z -uall [19ms]
2026-09-12 14:11:14.226 [info] > git check-ignore -v -z --stdin [2ms]
2026-09-12 14:11:15.149 [info] > git check-ignore -v -z --stdin [3ms]
2026-09-12 14:11:16.370 [info] > git check-ignore -v -z --stdin [4ms]
2026-09-12 14:11:16.819 [info] > git check-ignore -v -z --stdin [2ms]
2026-09-12 14:11:17.059 [info] > git config --get commit.template [10ms]
2026-09-12 14:11:17.061 [info] > git for-each-ref --format=%(refname)%00%(upstream:short)%00%(objectname)%00%(upstream:track)%00%(upstream:remotename)%00%(upstream:remoteref) refs/heads/main refs/remotes/main [3ms]
2026-09-12 14:11:17.083 [info] > git for-each-ref --sort -committerdate --format %(refname)%00%(objectname)%00%(*objectname) [1ms]
2026-09-12 14:11:17.086 [info] > git status -z -uall [14ms]
2026-09-12 14:11:17.867 [info] > git check-ignore -v -z --stdin [4ms]
2026-09-12 14:11:18.603 [info] > git check-ignore -v -z --stdin [2ms]
2026-09-12 14:11:19.705 [info] > git check-ignore -v -z --stdin [2ms]
2026-09-12 14:11:22.122 [info] > git config --get commit.template [10ms]
2026-09-12 14:11:22.125 [info] > git for-each-ref --format=%(refname)%00%(upstream:short)%00%(objectname)%00%(upstream:track)%00%(upstream:remotename)%00%(upstream:remoteref) refs/heads/main refs/remotes/main [3ms]
2026-09-12 14:11:22.146 [info] > git for-each-ref --sort -committerdate --format %(refname)%00%(objectname)%00%(*objectname) [4ms]
2026-09-12 14:11:22.149 [info] > git status -z -uall [13ms]
2026-09-12 14:11:23.009 [info] > git check-ignore -v -z --stdin [3ms]
2026-09-12 14:11:23.611 [info] > git check-ignore -v -z --stdin [3ms]
2026-09-12 14:11:23.928 [info] > git check-ignore -v -z --stdin [2ms]
2026-09-12 14:11:24.991 [info] > git check-ignore -v -z --stdin [5ms]
2026-09-12 14:11:26.394 [info] > git check-ignore -v -z --stdin [5ms]
2026-09-12 14:11:26.615 [info] > git check-ignore -v -z --stdin [3ms]
2026-09-12 14:11:26.862 [info] > git check-ignore -v -z --stdin [3ms]
2026-09-12 14:11:27.187 [info] > git config --get commit.template [14ms]
2026-09-12 14:11:27.188 [info] > git for-each-ref --format=%(refname)%00%(upstream:short)%00%(objectname)%00%(upstream:track)%00%(upstream:remotename)%00%(upstream:remoteref) refs/heads/main refs/remotes/main [3ms]
2026-09-12 14:11:27.222 [info] > git status -z -uall [22ms]
2026-09-12 14:11:27.222 [info] > git for-each-ref --sort -committerdate --format %(refname)%00%(objectname)%00%(*objectname) [3ms]
2026-09-12 14:11:27.729 [info] > git check-ignore -v -z --stdin [2ms]
2026-09-12 14:11:30.738 [info] > git check-ignore -v -z --stdin [4ms]
2026-09-12 14:11:31.611 [info] > git check-ignore -v -z --stdin [1ms]
2026-09-12 14:11:32.256 [info] > git config --get commit.template [3ms]
2026-09-12 14:11:32.302 [info] > git for-each-ref --format=%(refname)%00%(upstream:short)%00%(objectname)%00%(upstream:track)%00%(upstream:remotename)%00%(upstream:remoteref) refs/heads/main refs/remotes/main [12ms]
2026-09-12 14:11:32.350 [info] > git status -z -uall [24ms]
2026-09-12 14:11:32.352 [info] > git for-each-ref --sort -committerdate --format %(refname)%00%(objectname)%00%(*objectname) [4ms]
2026-09-12 14:11:34.499 [info] > git check-ignore -v -z --stdin [4ms]
2026-09-12 14:11:37.403 [info] > git config --get commit.template [24ms]
2026-09-12 14:11:37.408 [info] > git for-each-ref --format=%(refname)%00%(upstream:short)%00%(objectname)%00%(upstream:track)%00%(upstream:remotename)%00%(upstream:remoteref) refs/heads/main refs/remotes/main [6ms]
2026-09-12 14:11:37.433 [info] > git for-each-ref --sort -committerdate --format %(refname)%00%(objectname)%00%(*objectname) [6ms]
2026-09-12 14:11:37.438 [info] > git status -z -uall [17ms]
2026-09-12 14:11:38.710 [info] > git check-ignore -v -z --stdin [2ms]
2026-09-12 14:11:40.991 [info] > git check-ignore -v -z --stdin [12ms]
2026-09-12 14:11:41.836 [info] > git check-ignore -v -z --stdin [5ms]
2026-09-12 14:11:42.475 [info] > git config --get commit.template [14ms]
2026-09-12 14:11:42.479 [info] > git for-each-ref --format=%(refname)%00%(upstream:short)%00%(objectname)%00%(upstream:track)%00%(upstream:remotename)%00%(upstream:remoteref) refs/heads/main refs/remotes/main [6ms]
2026-09-12 14:11:42.518 [info] > git for-each-ref --sort -committerdate --format %(refname)%00%(objectname)%00%(*objectname) [6ms]
2026-09-12 14:11:42.519 [info] > git status -z -uall [17ms]
2026-09-12 14:11:43.083 [info] > git check-ignore -v -z --stdin [6ms]
2026-09-12 14:11:47.548 [info] > git config --get commit.template [11ms]
2026-09-12 14:11:47.550 [info] > git for-each-ref --format=%(refname)%00%(upstream:short)%00%(objectname)%00%(upstream:track)%00%(upstream:remotename)%00%(upstream:remoteref) refs/heads/main refs/remotes/main [4ms]
2026-09-12 14:11:47.584 [info] > git status -z -uall [25ms]
2026-09-12 14:11:47.585 [info] > git for-each-ref --sort -committerdate --format %(refname)%00%(objectname)%00%(*objectname) [6ms]
2026-09-12 14:12:41.134 [info] > git check-ignore -v -z --stdin [4ms]
2026-09-12 14:12:43.073 [info] > git config --get commit.template [18ms]
2026-09-12 14:12:43.073 [info] > git for-each-ref --format=%(refname)%00%(upstream:short)%00%(objectname)%00%(upstream:track)%00%(upstream:remotename)%00%(upstream:remoteref) refs/heads/main refs/remotes/main [3ms]
2026-09-12 14:12:43.108 [info] > git for-each-ref --sort -committerdate --format %(refname)%00%(objectname)%00%(*objectname) [5ms]
2026-09-12 14:12:43.122 [info] > git status -z -uall [38ms]
2026-09-12 14:12:45.304 [info] > git check-ignore -v -z --stdin [2ms]
2026-09-12 14:12:48.163 [info] > git config --get commit.template [14ms]
2026-09-12 14:12:48.167 [info] > git for-each-ref --format=%(refname)%00%(upstream:short)%00%(objectname)%00%(upstream:track)%00%(upstream:remotename)%00%(upstream:remoteref) refs/heads/main refs/remotes/main [4ms]
2026-09-12 14:12:48.193 [info] > git for-each-ref --sort -committerdate --format %(refname)%00%(objectname)%00%(*objectname) [2ms]
2026-09-12 14:12:48.199 [info] > git status -z -uall [20ms]
2026-09-12 14:12:48.726 [info] > git check-ignore -v -z --stdin [3ms]
2026-09-12 14:12:50.555 [info] > git check-ignore -v -z --stdin [9ms]
2026-09-12 14:12:50.801 [info] > git check-ignore -v -z --stdin [3ms]
2026-09-12 14:12:51.350 [info] > git check-ignore -v -z --stdin [3ms]
2026-09-12 14:12:51.629 [info] > git check-ignore -v -z --stdin [2ms]
2026-09-12 14:12:53.264 [info] > git config --get commit.template [28ms]
2026-09-12 14:12:53.267 [info] > git for-each-ref --format=%(refname)%00%(upstream:short)%00%(objectname)%00%(upstream:track)%00%(upstream:remotename)%00%(upstream:remoteref) refs/heads/main refs/remotes/main [6ms]
2026-09-12 14:12:53.305 [info] > git status -z -uall [13ms]
2026-09-12 14:12:53.307 [info] > git for-each-ref --sort -committerdate --format %(refname)%00%(objectname)%00%(*objectname) [3ms]
2026-09-12 14:12:57.335 [info] > git check-ignore -v -z --stdin [2ms]
2026-09-12 14:12:57.728 [info] > git check-ignore -v -z --stdin [2ms]
2026-09-12 14:12:58.117 [info] > git check-ignore -v -z --stdin [2ms]
2026-09-12 14:12:58.363 [info] > git config --get commit.template [23ms]
2026-09-12 14:12:58.366 [info] > git for-each-ref --format=%(refname)%00%(upstream:short)%00%(objectname)%00%(upstream:track)%00%(upstream:remotename)%00%(upstream:remoteref) refs/heads/main refs/remotes/main [5ms]
2026-09-12 14:12:58.389 [info] > git for-each-ref --sort -committerdate --format %(refname)%00%(objectname)%00%(*objectname) [2ms]
2026-09-12 14:12:58.393 [info] > git status -z -uall [19ms]
2026-09-12 14:13:03.419 [info] > git config --get commit.template [3ms]
2026-09-12 14:13:03.432 [info] > git for-each-ref --format=%(refname)%00%(upstream:short)%00%(objectname)%00%(upstream:track)%00%(upstream:remotename)%00%(upstream:remoteref) refs/heads/main refs/remotes/main [4ms]
2026-09-12 14:13:03.452 [info] > git for-each-ref --sort -committerdate --format %(refname)%00%(objectname)%00%(*objectname) [3ms]
2026-09-12 14:13:03.458 [info] > git status -z -uall [15ms]
2026-09-12 14:13:32.490 [info] > git check-ignore -v -z --stdin [3ms]
2026-09-12 14:13:34.406 [info] > git config --get commit.template [14ms]
2026-09-12 14:13:34.408 [info] > git for-each-ref --format=%(refname)%00%(upstream:short)%00%(objectname)%00%(upstream:track)%00%(upstream:remotename)%00%(upstream:remoteref) refs/heads/main refs/remotes/main [3ms]
2026-09-12 14:13:34.431 [info] > git for-each-ref --sort -committerdate --format %(refname)%00%(objectname)%00%(*objectname) [4ms]
2026-09-12 14:13:34.435 [info] > git status -z -uall [15ms]
2026-09-12 14:13:35.152 [info] > git check-ignore -v -z --stdin [17ms]
2026-09-12 14:13:39.553 [info] > git config --get commit.template [10ms]
2026-09-12 14:13:39.610 [info] > git for-each-ref --format=%(refname)%00%(upstream:short)%00%(objectname)%00%(upstream:track)%00%(upstream:remotename)%00%(upstream:remoteref) refs/heads/main refs/remotes/main [14ms]
2026-09-12 14:13:39.648 [info] > git for-each-ref --sort -committerdate --format %(refname)%00%(objectname)%00%(*objectname) [4ms]
2026-09-12 14:13:39.652 [info] > git status -z -uall [25ms]
2026-09-12 14:14:12.408 [info] > git check-ignore -v -z --stdin [3ms]
2026-09-12 14:14:12.774 [info] > git check-ignore -v -z --stdin [3ms]
2026-09-12 14:14:13.457 [info] > git check-ignore -v -z --stdin [3ms]
2026-09-12 14:14:13.745 [info] > git check-ignore -v -z --stdin [4ms]
2026-09-12 14:14:14.731 [info] > git check-ignore -v -z --stdin [5ms]
2026-09-12 14:14:15.226 [info] > git check-ignore -v -z --stdin [2ms]
2026-09-12 14:14:15.648 [info] > git check-ignore -v -z --stdin [2ms]
2026-09-12 14:14:18.075 [info] > git config --get commit.template [2ms]
2026-09-12 14:14:18.086 [info] > git for-each-ref --format=%(refname)%00%(upstream:short)%00%(objectname)%00%(upstream:track)%00%(upstream:remotename)%00%(upstream:remoteref) refs/heads/main refs/remotes/main [3ms]
2026-09-12 14:14:18.120 [info] > git for-each-ref --sort -committerdate --format %(refname)%00%(objectname)%00%(*objectname) [12ms]
2026-09-12 14:14:18.137 [info] > git status -z -uall [38ms]
2026-09-12 14:14:57.671 [info] > git check-ignore -v -z --stdin [3ms]
2026-09-12 14:14:59.385 [info] > git check-ignore -v -z --stdin [2ms]
2026-09-12 14:14:59.585 [info] > git config --get commit.template [14ms]
2026-09-12 14:14:59.586 [info] > git for-each-ref --format=%(refname)%00%(upstream:short)%00%(objectname)%00%(upstream:track)%00%(upstream:remotename)%00%(upstream:remoteref) refs/heads/main refs/remotes/main [2ms]
2026-09-12 14:14:59.607 [info] > git for-each-ref --sort -committerdate --format %(refname)%00%(objectname)%00%(*objectname) [3ms]
2026-09-12 14:14:59.610 [info] > git status -z -uall [14ms]
2026-09-12 14:15:01.281 [info] > git check-ignore -v -z --stdin [2ms]
2026-09-12 14:15:02.490 [info] > git check-ignore -v -z --stdin [2ms]
2026-09-12 14:15:03.193 [info] > git check-ignore -v -z --stdin [5ms]
2026-09-12 14:15:03.554 [info] > git check-ignore -v -z --stdin [1ms]
2026-09-12 14:15:03.970 [info] > git check-ignore -v -z --stdin [6ms]
2026-09-12 14:15:04.169 [info] > git check-ignore -v -z --stdin [1ms]
2026-09-12 14:15:04.457 [info] > git check-ignore -v -z --stdin [4ms]
2026-09-12 14:15:04.635 [info] > git config --get commit.template [4ms]
2026-09-12 14:15:04.650 [info] > git for-each-ref --format=%(refname)%00%(upstream:short)%00%(objectname)%00%(upstream:track)%00%(upstream:remotename)%00%(upstream:remoteref) refs/heads/main refs/remotes/main [3ms]
2026-09-12 14:15:04.666 [info] > git for-each-ref --sort -committerdate --format %(refname)%00%(objectname)%00%(*objectname) [3ms]
2026-09-12 14:15:04.672 [info] > git status -z -uall [14ms]
2026-09-12 14:15:09.693 [info] > git config --get commit.template [3ms]
2026-09-12 14:15:09.705 [info] > git for-each-ref --format=%(refname)%00%(upstream:short)%00%(objectname)%00%(upstream:track)%00%(upstream:remotename)%00%(upstream:remoteref) refs/heads/main refs/remotes/main [4ms]
2026-09-12 14:15:09.724 [info] > git for-each-ref --sort -committerdate --format %(refname)%00%(objectname)%00%(*objectname) [3ms]
2026-09-12 14:15:09.729 [info] > git status -z -uall [17ms]
2026-09-12 14:15:17.429 [info] > git check-ignore -v -z --stdin [17ms]
2026-09-12 14:15:17.485 [info] > git show --textconv :Python/django/SOA/OrientationApp/views.py [0ms]
2026-09-12 14:15:17.516 [info] > git ls-files --stage -- Python/django/SOA/OrientationApp/views.py [8ms]
2026-09-12 14:15:17.552 [info] > git cat-file -s a409af7d5fe6ef2a9c6148795980612bca67ea42 [10ms]
2026-09-12 14:15:29.883 [info] > git check-ignore -v -z --stdin [3ms]
2026-09-12 14:15:31.696 [info] > git check-ignore -v -z --stdin [12ms]
2026-09-12 14:15:31.864 [info] > git config --get commit.template [4ms]
2026-09-12 14:15:31.903 [info] > git for-each-ref --format=%(refname)%00%(upstream:short)%00%(objectname)%00%(upstream:track)%00%(upstream:remotename)%00%(upstream:remoteref) refs/heads/main refs/remotes/main [6ms]
2026-09-12 14:15:31.946 [info] > git check-ignore -v -z --stdin [2ms]
2026-09-12 14:15:32.016 [info] > git status -z -uall [33ms]
2026-09-12 14:15:32.016 [info] > git for-each-ref --sort -committerdate --format %(refname)%00%(objectname)%00%(*objectname) [22ms]
2026-09-12 14:15:32.397 [info] > git check-ignore -v -z --stdin [3ms]
2026-09-12 14:15:33.176 [info] > git check-ignore -v -z --stdin [2ms]
2026-09-12 14:15:34.009 [info] > git check-ignore -v -z --stdin [2ms]
2026-09-12 14:15:34.846 [info] > git check-ignore -v -z --stdin [3ms]
2026-09-12 14:15:35.817 [info] > git check-ignore -v -z --stdin [2ms]
2026-09-12 14:15:37.047 [info] > git config --get commit.template [10ms]
2026-09-12 14:15:37.048 [info] > git for-each-ref --format=%(refname)%00%(upstream:short)%00%(objectname)%00%(upstream:track)%00%(upstream:remotename)%00%(upstream:remoteref) refs/heads/main refs/remotes/main [2ms]
2026-09-12 14:15:37.072 [info] > git for-each-ref --sort -committerdate --format %(refname)%00%(objectname)%00%(*objectname) [4ms]
2026-09-12 14:15:37.074 [info] > git status -z -uall [19ms]
2026-09-12 14:15:37.103 [info] > git check-ignore -v -z --stdin [1ms]
2026-09-12 14:15:39.046 [info] > git check-ignore -v -z --stdin [3ms]
2026-09-12 14:15:39.491 [info] > git check-ignore -v -z --stdin [2ms]
2026-09-12 14:15:39.838 [info] > git check-ignore -v -z --stdin [2ms]
2026-09-12 14:15:40.177 [info] > git check-ignore -v -z --stdin [2ms]
2026-09-12 14:15:40.638 [info] > git check-ignore -v -z --stdin [3ms]
2026-09-12 14:15:40.997 [info] > git check-ignore -v -z --stdin [3ms]
2026-09-12 14:15:41.286 [info] > git check-ignore -v -z --stdin [1ms]
2026-09-12 14:15:41.625 [info] > git check-ignore -v -z --stdin [4ms]
2026-09-12 14:15:42.105 [info] > git config --get commit.template [7ms]
2026-09-12 14:15:42.106 [info] > git for-each-ref --format=%(refname)%00%(upstream:short)%00%(objectname)%00%(upstream:track)%00%(upstream:remotename)%00%(upstream:remoteref) refs/heads/main refs/remotes/main [2ms]
2026-09-12 14:15:42.130 [info] > git for-each-ref --sort -committerdate --format %(refname)%00%(objectname)%00%(*objectname) [5ms]
2026-09-12 14:15:42.136 [info] > git status -z -uall [19ms]
2026-09-12 14:15:44.207 [info] > git check-ignore -v -z --stdin [3ms]
2026-09-12 14:15:44.424 [info] > git check-ignore -v -z --stdin [1ms]
2026-09-12 14:15:44.662 [info] > git check-ignore -v -z --stdin [3ms]
2026-09-12 14:15:45.931 [info] > git check-ignore -v -z --stdin [2ms]
2026-09-12 14:15:47.165 [info] > git config --get commit.template [4ms]
2026-09-12 14:15:47.177 [info] > git for-each-ref --format=%(refname)%00%(upstream:short)%00%(objectname)%00%(upstream:track)%00%(upstream:remotename)%00%(upstream:remoteref) refs/heads/main refs/remotes/main [2ms]
2026-09-12 14:15:47.198 [info] > git for-each-ref --sort -committerdate --format %(refname)%00%(objectname)%00%(*objectname) [4ms]
2026-09-12 14:15:47.203 [info] > git status -z -uall [17ms]
2026-09-12 14:15:47.677 [info] > git check-ignore -v -z --stdin [5ms]
2026-09-12 14:15:48.405 [info] > git check-ignore -v -z --stdin [2ms]
2026-09-12 14:15:49.666 [info] > git check-ignore -v -z --stdin [3ms]
2026-09-12 14:15:50.196 [info] > git check-ignore -v -z --stdin [23ms]
2026-09-12 14:15:50.713 [info] > git check-ignore -v -z --stdin [3ms]
2026-09-12 14:15:51.678 [info] > git check-ignore -v -z --stdin [3ms]
2026-09-12 14:15:52.267 [info] > git check-ignore -v -z --stdin [30ms]
2026-09-12 14:15:52.267 [info] > git config --get commit.template [46ms]
2026-09-12 14:15:52.268 [info] > git for-each-ref --format=%(refname)%00%(upstream:short)%00%(objectname)%00%(upstream:track)%00%(upstream:remotename)%00%(upstream:remoteref) refs/heads/main refs/remotes/main [2ms]
2026-09-12 14:15:52.305 [info] > git status -z -uall [23ms]
2026-09-12 14:15:52.307 [info] > git for-each-ref --sort -committerdate --format %(refname)%00%(objectname)%00%(*objectname) [6ms]
2026-09-12 14:15:53.909 [info] > git check-ignore -v -z --stdin [5ms]
2026-09-12 14:15:54.170 [info] > git check-ignore -v -z --stdin [2ms]
2026-09-12 14:15:54.818 [info] > git check-ignore -v -z --stdin [4ms]
2026-09-12 14:15:56.311 [info] > git check-ignore -v -z --stdin [4ms]
2026-09-12 14:15:57.330 [info] > git config --get commit.template [3ms]
2026-09-12 14:15:57.347 [info] > git for-each-ref --format=%(refname)%00%(upstream:short)%00%(objectname)%00%(upstream:track)%00%(upstream:remotename)%00%(upstream:remoteref) refs/heads/main refs/remotes/main [5ms]
2026-09-12 14:15:57.388 [info] > git for-each-ref --sort -committerdate --format %(refname)%00%(objectname)%00%(*objectname) [5ms]
2026-09-12 14:15:57.393 [info] > git status -z -uall [25ms]
2026-09-12 14:16:01.973 [info] > git check-ignore -v -z --stdin [3ms]
2026-09-12 14:16:02.434 [info] > git config --get commit.template [14ms]
2026-09-12 14:16:02.452 [info] > git for-each-ref --format=%(refname)%00%(upstream:short)%00%(objectname)%00%(upstream:track)%00%(upstream:remotename)%00%(upstream:remoteref) refs/heads/main refs/remotes/main [20ms]
2026-09-12 14:16:02.513 [info] > git for-each-ref --sort -committerdate --format %(refname)%00%(objectname)%00%(*objectname) [6ms]
2026-09-12 14:16:02.515 [info] > git status -z -uall [41ms]
2026-09-12 14:16:02.615 [info] > git check-ignore -v -z --stdin [3ms]
2026-09-12 14:16:02.912 [info] > git check-ignore -v -z --stdin [2ms]
2026-09-12 14:16:03.630 [info] > git check-ignore -v -z --stdin [1ms]
2026-09-12 14:16:05.061 [info] > git check-ignore -v -z --stdin [8ms]
2026-09-12 14:16:05.628 [info] > git check-ignore -v -z --stdin [3ms]
2026-09-12 14:16:07.550 [info] > git config --get commit.template [14ms]
2026-09-12 14:16:07.555 [info] > git for-each-ref --format=%(refname)%00%(upstream:short)%00%(objectname)%00%(upstream:track)%00%(upstream:remotename)%00%(upstream:remoteref) refs/heads/main refs/remotes/main [6ms]
2026-09-12 14:16:07.592 [info] > git for-each-ref --sort -committerdate --format %(refname)%00%(objectname)%00%(*objectname) [2ms]
2026-09-12 14:16:07.595 [info] > git status -z -uall [27ms]
2026-09-12 14:16:13.989 [info] > git check-ignore -v -z --stdin [2ms]
2026-09-12 14:16:15.626 [info] > git check-ignore -v -z --stdin [21ms]
2026-09-12 14:16:15.800 [info] > git check-ignore -v -z --stdin [2ms]
2026-09-12 14:16:16.196 [info] > git check-ignore -v -z --stdin [12ms]
2026-09-12 14:16:16.526 [info] > git check-ignore -v -z --stdin [2ms]
2026-09-12 14:16:16.811 [info] > git config --get commit.template [11ms]
2026-09-12 14:16:16.816 [info] > git for-each-ref --format=%(refname)%00%(upstream:short)%00%(objectname)%00%(upstream:track)%00%(upstream:remotename)%00%(upstream:remoteref) refs/heads/main refs/remotes/main [5ms]
2026-09-12 14:16:16.834 [info] > git for-each-ref --sort -committerdate --format %(refname)%00%(objectname)%00%(*objectname) [2ms]
2026-09-12 14:16:16.847 [info] > git status -z -uall [24ms]
2026-09-12 14:16:17.392 [info] > git check-ignore -v -z --stdin [1ms]
2026-09-12 14:16:17.925 [info] > git check-ignore -v -z --stdin [2ms]
2026-09-12 14:16:18.180 [info] > git check-ignore -v -z --stdin [3ms]
2026-09-12 14:16:18.515 [info] > git check-ignore -v -z --stdin [2ms]
2026-09-12 14:16:21.912 [info] > git config --get commit.template [29ms]
2026-09-12 14:16:21.912 [info] > git for-each-ref --format=%(refname)%00%(upstream:short)%00%(objectname)%00%(upstream:track)%00%(upstream:remotename)%00%(upstream:remoteref) refs/heads/main refs/remotes/main [6ms]
2026-09-12 14:16:21.960 [info] > git status -z -uall [27ms]
2026-09-12 14:16:21.961 [info] > git for-each-ref --sort -committerdate --format %(refname)%00%(objectname)%00%(*objectname) [3ms]
2026-09-12 14:16:23.044 [info] > git check-ignore -v -z --stdin [4ms]
2026-09-12 14:16:23.149 [info] > git show --textconv :Python/django/SOA/OrientationApp/templates/Orientation.html [38ms]
2026-09-12 14:16:23.155 [info] > git ls-files --stage -- Python/django/SOA/OrientationApp/templates/Orientation.html [7ms]
2026-09-12 14:16:23.178 [info] > git cat-file -s 13af512edcfe005a9cf1a537e2d521be3548f5fe [3ms]
2026-09-12 14:16:26.991 [info] > git config --get commit.template [9ms]
2026-09-12 14:16:26.993 [info] > git for-each-ref --format=%(refname)%00%(upstream:short)%00%(objectname)%00%(upstream:track)%00%(upstream:remotename)%00%(upstream:remoteref) refs/heads/main refs/remotes/main [3ms]
2026-09-12 14:16:27.010 [info] > git for-each-ref --sort -committerdate --format %(refname)%00%(objectname)%00%(*objectname) [3ms]
2026-09-12 14:16:27.016 [info] > git status -z -uall [16ms]
2026-09-12 14:17:37.623 [info] > git check-ignore -v -z --stdin [3ms]
2026-09-12 14:17:39.170 [info] > git check-ignore -v -z --stdin [2ms]
2026-09-12 14:17:39.437 [info] > git check-ignore -v -z --stdin [3ms]
2026-09-12 14:17:39.659 [info] > git check-ignore -v -z --stdin [3ms]
2026-09-12 14:17:39.902 [info] > git check-ignore -v -z --stdin [3ms]
2026-09-12 14:17:41.299 [info] > git check-ignore -v -z --stdin [2ms]
2026-09-12 14:17:41.811 [info] > git config --get commit.template [5ms]
2026-09-12 14:17:41.832 [info] > git for-each-ref --format=%(refname)%00%(upstream:short)%00%(objectname)%00%(upstream:track)%00%(upstream:remotename)%00%(upstream:remoteref) refs/heads/main refs/remotes/main [10ms]
2026-09-12 14:17:41.859 [info] > git status -z -uall [10ms]
2026-09-12 14:17:41.860 [info] > git for-each-ref --sort -committerdate --format %(refname)%00%(objectname)%00%(*objectname) [3ms]
2026-09-12 14:17:41.953 [info] > git check-ignore -v -z --stdin [3ms]
2026-09-12 14:17:46.918 [info] > git config --get commit.template [2ms]
2026-09-12 14:17:46.958 [info] > git for-each-ref --format=%(refname)%00%(upstream:short)%00%(objectname)%00%(upstream:track)%00%(upstream:remotename)%00%(upstream:remoteref) refs/heads/main refs/remotes/main [5ms]
2026-09-12 14:17:46.998 [info] > git status -z -uall [22ms]
2026-09-12 14:17:47.002 [info] > git for-each-ref --sort -committerdate --format %(refname)%00%(objectname)%00%(*objectname) [5ms]
2026-09-12 14:18:44.890 [info] > git check-ignore -v -z --stdin [3ms]
2026-09-12 14:18:45.058 [info] > git show --textconv :Python/django/SOA/OrientationApp/templates/Orientation.html [19ms]
2026-09-12 14:18:45.060 [info] > git ls-files --stage -- Python/django/SOA/OrientationApp/templates/Orientation.html [3ms]
2026-09-12 14:18:45.072 [info] > git cat-file -s 13af512edcfe005a9cf1a537e2d521be3548f5fe [2ms]
2026-09-12 14:19:06.228 [info] > git check-ignore -v -z --stdin [3ms]
2026-09-12 14:19:06.900 [info] > git check-ignore -v -z --stdin [2ms]
2026-09-12 14:19:07.686 [info] > git check-ignore -v -z --stdin [3ms]
2026-09-12 14:19:09.649 [info] > git config --get commit.template [19ms]
2026-09-12 14:19:09.651 [info] > git for-each-ref --format=%(refname)%00%(upstream:short)%00%(objectname)%00%(upstream:track)%00%(upstream:remotename)%00%(upstream:remoteref) refs/heads/main refs/remotes/main [7ms]
2026-09-12 14:19:09.687 [info] > git for-each-ref --sort -committerdate --format %(refname)%00%(objectname)%00%(*objectname) [9ms]
2026-09-12 14:19:09.695 [info] > git status -z -uall [32ms]
2026-09-12 14:19:23.297 [info] > git check-ignore -v -z --stdin [5ms]
2026-09-12 14:19:24.480 [info] > git check-ignore -v -z --stdin [5ms]
2026-09-12 14:19:25.230 [info] > git config --get commit.template [3ms]
2026-09-12 14:19:25.242 [info] > git for-each-ref --format=%(refname)%00%(upstream:short)%00%(objectname)%00%(upstream:track)%00%(upstream:remotename)%00%(upstream:remoteref) refs/heads/main refs/remotes/main [2ms]
2026-09-12 14:19:25.269 [info] > git for-each-ref --sort -committerdate --format %(refname)%00%(objectname)%00%(*objectname) [6ms]
2026-09-12 14:19:25.274 [info] > git status -z -uall [21ms]
2026-09-12 14:19:30.310 [info] > git config --get commit.template [15ms]
2026-09-12 14:19:30.313 [info] > git for-each-ref --format=%(refname)%00%(upstream:short)%00%(objectname)%00%(upstream:track)%00%(upstream:remotename)%00%(upstream:remoteref) refs/heads/main refs/remotes/main [4ms]
2026-09-12 14:19:30.357 [info] > git status -z -uall [16ms]
2026-09-12 14:19:30.358 [info] > git for-each-ref --sort -committerdate --format %(refname)%00%(objectname)%00%(*objectname) [6ms]
2026-09-12 14:19:31.084 [info] > git check-ignore -v -z --stdin [2ms]
2026-09-12 14:19:32.512 [info] > git check-ignore -v -z --stdin [4ms]
2026-09-12 14:19:33.236 [info] > git check-ignore -v -z --stdin [2ms]
2026-09-12 14:19:35.421 [info] > git config --get commit.template [20ms]
2026-09-12 14:19:35.421 [info] > git for-each-ref --format=%(refname)%00%(upstream:short)%00%(objectname)%00%(upstream:track)%00%(upstream:remotename)%00%(upstream:remoteref) refs/heads/main refs/remotes/main [1ms]
2026-09-12 14:19:35.444 [info] > git for-each-ref --sort -committerdate --format %(refname)%00%(objectname)%00%(*objectname) [1ms]
2026-09-12 14:19:35.452 [info] > git status -z -uall [18ms]
2026-09-12 14:19:36.477 [info] > git check-ignore -v -z --stdin [1ms]
2026-09-12 14:19:37.885 [info] > git check-ignore -v -z --stdin [2ms]
2026-09-12 14:19:38.635 [info] > git check-ignore -v -z --stdin [3ms]
2026-09-12 14:19:40.483 [info] > git config --get commit.template [4ms]
2026-09-12 14:19:40.516 [info] > git for-each-ref --format=%(refname)%00%(upstream:short)%00%(objectname)%00%(upstream:track)%00%(upstream:remotename)%00%(upstream:remoteref) refs/heads/main refs/remotes/main [1ms]
2026-09-12 14:19:40.561 [info] > git for-each-ref --sort -committerdate --format %(refname)%00%(objectname)%00%(*objectname) [8ms]
2026-09-12 14:19:40.567 [info] > git status -z -uall [29ms]
2026-09-12 14:19:45.595 [info] > git config --get commit.template [4ms]
2026-09-12 14:19:45.618 [info] > git for-each-ref --format=%(refname)%00%(upstream:short)%00%(objectname)%00%(upstream:track)%00%(upstream:remotename)%00%(upstream:remoteref) refs/heads/main refs/remotes/main [7ms]
2026-09-12 14:19:45.658 [info] > git for-each-ref --sort -committerdate --format %(refname)%00%(objectname)%00%(*objectname) [2ms]
2026-09-12 14:19:45.680 [info] > git status -z -uall [41ms]
2026-09-12 14:20:00.306 [info] > git check-ignore -v -z --stdin [2ms]
2026-09-12 14:20:00.963 [info] > git check-ignore -v -z --stdin [2ms]
2026-09-12 14:20:02.639 [info] > git check-ignore -v -z --stdin [2ms]
2026-09-12 14:20:02.876 [info] > git config --get commit.template [4ms]
2026-09-12 14:20:02.888 [info] > git for-each-ref --format=%(refname)%00%(upstream:short)%00%(objectname)%00%(upstream:track)%00%(upstream:remotename)%00%(upstream:remoteref) refs/heads/main refs/remotes/main [3ms]
2026-09-12 14:20:02.913 [info] > git for-each-ref --sort -committerdate --format %(refname)%00%(objectname)%00%(*objectname) [4ms]
2026-09-12 14:20:02.917 [info] > git status -z -uall [17ms]
2026-09-12 14:20:07.946 [info] > git for-each-ref --format=%(refname)%00%(upstream:short)%00%(objectname)%00%(upstream:track)%00%(upstream:remotename)%00%(upstream:remoteref) refs/heads/main refs/remotes/main [4ms]
2026-09-12 14:20:07.948 [info] > git config --get commit.template [13ms]
2026-09-12 14:20:07.968 [info] > git for-each-ref --sort -committerdate --format %(refname)%00%(objectname)%00%(*objectname) [2ms]
2026-09-12 14:20:07.969 [info] > git status -z -uall [13ms]
2026-09-12 14:20:33.846 [info] > git check-ignore -v -z --stdin [2ms]
2026-09-12 14:20:34.305 [info] > git check-ignore -v -z --stdin [2ms]
2026-09-12 14:20:35.110 [info] > git check-ignore -v -z --stdin [4ms]
2026-09-12 14:20:37.047 [info] > git config --get commit.template [5ms]
2026-09-12 14:20:37.063 [info] > git for-each-ref --format=%(refname)%00%(upstream:short)%00%(objectname)%00%(upstream:track)%00%(upstream:remotename)%00%(upstream:remoteref) refs/heads/main refs/remotes/main [4ms]
2026-09-12 14:20:37.131 [info] > git status -z -uall [39ms]
2026-09-12 14:20:37.133 [info] > git for-each-ref --sort -committerdate --format %(refname)%00%(objectname)%00%(*objectname) [7ms]
2026-09-12 14:21:03.749 [info] > git check-ignore -v -z --stdin [4ms]
2026-09-12 14:21:03.795 [info] > git show --textconv :Python/django/SOA/OrientationApp/views.py [17ms]
2026-09-12 14:21:03.801 [info] > git ls-files --stage -- Python/django/SOA/OrientationApp/views.py [6ms]
2026-09-12 14:21:03.812 [info] > git cat-file -s a409af7d5fe6ef2a9c6148795980612bca67ea42 [3ms]
2026-09-12 14:21:21.234 [info] > git check-ignore -v -z --stdin [5ms]
2026-09-12 14:21:22.115 [info] > git check-ignore -v -z --stdin [1ms]
2026-09-12 14:21:22.367 [info] > git check-ignore -v -z --stdin [2ms]
2026-09-12 14:21:22.666 [info] > git check-ignore -v -z --stdin [3ms]
2026-09-12 14:21:22.992 [info] > git check-ignore -v -z --stdin [2ms]
2026-09-12 14:21:23.299 [info] > git check-ignore -v -z --stdin [1ms]
2026-09-12 14:21:24.924 [info] > git check-ignore -v -z --stdin [3ms]
2026-09-12 14:21:25.161 [info] > git check-ignore -v -z --stdin [2ms]
2026-09-12 14:21:25.237 [info] > git config --get commit.template [12ms]
2026-09-12 14:21:25.252 [info] > git for-each-ref --format=%(refname)%00%(upstream:short)%00%(objectname)%00%(upstream:track)%00%(upstream:remotename)%00%(upstream:remoteref) refs/heads/main refs/remotes/main [2ms]
2026-09-12 14:21:25.275 [info] > git for-each-ref --sort -committerdate --format %(refname)%00%(objectname)%00%(*objectname) [2ms]
2026-09-12 14:21:25.281 [info] > git status -z -uall [17ms]
2026-09-12 14:21:25.971 [info] > git check-ignore -v -z --stdin [5ms]
2026-09-12 14:21:26.444 [info] > git check-ignore -v -z --stdin [4ms]
2026-09-12 14:21:27.198 [info] > git check-ignore -v -z --stdin [2ms]
2026-09-12 14:21:29.896 [info] > git check-ignore -v -z --stdin [3ms]
2026-09-12 14:21:30.315 [info] > git config --get commit.template [11ms]
2026-09-12 14:21:30.318 [info] > git for-each-ref --format=%(refname)%00%(upstream:short)%00%(objectname)%00%(upstream:track)%00%(upstream:remotename)%00%(upstream:remoteref) refs/heads/main refs/remotes/main [4ms]
2026-09-12 14:21:30.345 [info] > git status -z -uall [17ms]
2026-09-12 14:21:30.346 [info] > git for-each-ref --sort -committerdate --format %(refname)%00%(objectname)%00%(*objectname) [5ms]
2026-09-12 14:21:31.033 [info] > git check-ignore -v -z --stdin [4ms]
2026-09-12 14:21:31.775 [info] > git check-ignore -v -z --stdin [2ms]
2026-09-12 14:21:35.373 [info] > git config --get commit.template [7ms]
2026-09-12 14:21:35.376 [info] > git for-each-ref --format=%(refname)%00%(upstream:short)%00%(objectname)%00%(upstream:track)%00%(upstream:remotename)%00%(upstream:remoteref) refs/heads/main refs/remotes/main [3ms]
2026-09-12 14:21:35.403 [info] > git for-each-ref --sort -committerdate --format %(refname)%00%(objectname)%00%(*objectname) [4ms]
2026-09-12 14:21:35.405 [info] > git status -z -uall [16ms]
2026-09-12 14:21:52.328 [info] > git check-ignore -v -z --stdin [11ms]
2026-09-12 14:21:52.364 [info] > git show --textconv :Python/django/SOA/OrientationApp/templates/Orientation.html [2ms]
2026-09-12 14:21:52.380 [info] > git ls-files --stage -- Python/django/SOA/OrientationApp/templates/Orientation.html [1ms]
2026-09-12 14:21:52.404 [info] > git cat-file -s 13af512edcfe005a9cf1a537e2d521be3548f5fe [5ms]
2026-09-12 14:22:21.013 [info] > git check-ignore -v -z --stdin [5ms]
2026-09-12 14:22:21.117 [info] > git show --textconv :Python/django/SOA/OrientationApp/views.py [18ms]
2026-09-12 14:22:21.120 [info] > git ls-files --stage -- Python/django/SOA/OrientationApp/views.py [4ms]
2026-09-12 14:22:21.133 [info] > git cat-file -s a409af7d5fe6ef2a9c6148795980612bca67ea42 [3ms]
2026-09-12 14:24:08.218 [info] > git check-ignore -v -z --stdin [4ms]
2026-09-12 14:24:10.127 [info] > git config --get commit.template [3ms]
2026-09-12 14:24:10.145 [info] > git for-each-ref --format=%(refname)%00%(upstream:short)%00%(objectname)%00%(upstream:track)%00%(upstream:remotename)%00%(upstream:remoteref) refs/heads/main refs/remotes/main [7ms]
2026-09-12 14:24:10.198 [info] > git status -z -uall [36ms]
2026-09-12 14:24:10.205 [info] > git for-each-ref --sort -committerdate --format %(refname)%00%(objectname)%00%(*objectname) [10ms]
2026-09-12 14:24:15.231 [info] > git config --get commit.template [9ms]
2026-09-12 14:24:15.232 [info] > git for-each-ref --format=%(refname)%00%(upstream:short)%00%(objectname)%00%(upstream:track)%00%(upstream:remotename)%00%(upstream:remoteref) refs/heads/main refs/remotes/main [2ms]
2026-09-12 14:24:15.261 [info] > git for-each-ref --sort -committerdate --format %(refname)%00%(objectname)%00%(*objectname) [6ms]
2026-09-12 14:24:15.267 [info] > git status -z -uall [26ms]
2026-09-12 14:24:21.417 [info] > git check-ignore -v -z --stdin [3ms]
2026-09-12 14:24:22.802 [info] > git check-ignore -v -z --stdin [7ms]
2026-09-12 14:24:24.798 [info] > git config --get commit.template [14ms]
2026-09-12 14:24:24.808 [info] > git for-each-ref --format=%(refname)%00%(upstream:short)%00%(objectname)%00%(upstream:track)%00%(upstream:remotename)%00%(upstream:remoteref) refs/heads/main refs/remotes/main [11ms]
2026-09-12 14:24:24.879 [info] > git for-each-ref --sort -committerdate --format %(refname)%00%(objectname)%00%(*objectname) [13ms]
2026-09-12 14:24:24.886 [info] > git status -z -uall [57ms]
2026-09-12 14:24:26.863 [info] > git check-ignore -v -z --stdin [2ms]
2026-09-12 14:24:27.268 [info] > git check-ignore -v -z --stdin [4ms]
2026-09-12 14:24:27.788 [info] > git check-ignore -v -z --stdin [3ms]
2026-09-12 14:24:28.600 [info] > git check-ignore -v -z --stdin [2ms]
2026-09-12 14:24:31.821 [info] > git config --get commit.template [13ms]
2026-09-12 14:24:31.840 [info] > git for-each-ref --format=%(refname)%00%(upstream:short)%00%(objectname)%00%(upstream:track)%00%(upstream:remotename)%00%(upstream:remoteref) refs/heads/main refs/remotes/main [6ms]
2026-09-12 14:24:31.903 [info] > git status -z -uall [40ms]
2026-09-12 14:24:31.907 [info] > git for-each-ref --sort -committerdate --format %(refname)%00%(objectname)%00%(*objectname) [6ms]
2026-09-12 14:24:33.749 [info] > git check-ignore -v -z --stdin [7ms]
2026-09-12 14:24:33.821 [info] > git show --textconv :Python/django/SOA/OrientationApp/templates/Orientation.html [28ms]
2026-09-12 14:24:33.827 [info] > git ls-files --stage -- Python/django/SOA/OrientationApp/templates/Orientation.html [7ms]
2026-09-12 14:24:33.848 [info] > git cat-file -s 13af512edcfe005a9cf1a537e2d521be3548f5fe [5ms]
2026-09-12 14:24:38.952 [info] > git check-ignore -v -z --stdin [2ms]
2026-09-12 14:24:39.593 [info] > git check-ignore -v -z --stdin [2ms]
2026-09-12 14:24:40.256 [info] > git check-ignore -v -z --stdin [2ms]
2026-09-12 14:24:40.556 [info] > git check-ignore -v -z --stdin [2ms]
2026-09-12 14:24:40.994 [info] > git check-ignore -v -z --stdin [2ms]
2026-09-12 14:24:42.894 [info] > git config --get commit.template [3ms]
2026-09-12 14:24:42.905 [info] > git for-each-ref --format=%(refname)%00%(upstream:short)%00%(objectname)%00%(upstream:track)%00%(upstream:remotename)%00%(upstream:remoteref) refs/heads/main refs/remotes/main [3ms]
2026-09-12 14:24:42.929 [info] > git for-each-ref --sort -committerdate --format %(refname)%00%(objectname)%00%(*objectname) [2ms]
2026-09-12 14:24:42.936 [info] > git status -z -uall [16ms]
2026-09-12 14:24:47.963 [info] > git config --get commit.template [9ms]
2026-09-12 14:24:47.966 [info] > git for-each-ref --format=%(refname)%00%(upstream:short)%00%(objectname)%00%(upstream:track)%00%(upstream:remotename)%00%(upstream:remoteref) refs/heads/main refs/remotes/main [4ms]
2026-09-12 14:24:48.005 [info] > git status -z -uall [19ms]
2026-09-12 14:24:48.005 [info] > git for-each-ref --sort -committerdate --format %(refname)%00%(objectname)%00%(*objectname) [4ms]
2026-09-12 14:24:56.688 [info] > git check-ignore -v -z --stdin [2ms]
2026-09-12 14:24:59.474 [info] > git config --get commit.template [8ms]
2026-09-12 14:24:59.476 [info] > git for-each-ref --format=%(refname)%00%(upstream:short)%00%(objectname)%00%(upstream:track)%00%(upstream:remotename)%00%(upstream:remoteref) refs/heads/main refs/remotes/main [2ms]
2026-09-12 14:24:59.506 [info] > git for-each-ref --sort -committerdate --format %(refname)%00%(objectname)%00%(*objectname) [5ms]
2026-09-12 14:24:59.512 [info] > git status -z -uall [23ms]
2026-09-12 14:25:20.825 [info] > git check-ignore -v -z --stdin [9ms]
2026-09-12 14:25:22.364 [info] > git check-ignore -v -z --stdin [3ms]
2026-09-12 14:25:22.731 [info] > git config --get commit.template [17ms]
2026-09-12 14:25:22.734 [info] > git for-each-ref --format=%(refname)%00%(upstream:short)%00%(objectname)%00%(upstream:track)%00%(upstream:remotename)%00%(upstream:remoteref) refs/heads/main refs/remotes/main [4ms]
2026-09-12 14:25:22.769 [info] > git for-each-ref --sort -committerdate --format %(refname)%00%(objectname)%00%(*objectname) [6ms]
2026-09-12 14:25:22.775 [info] > git status -z -uall [22ms]
2026-09-12 14:25:23.573 [info] > git check-ignore -v -z --stdin [3ms]
2026-09-12 14:25:24.311 [info] > git check-ignore -v -z --stdin [5ms]
2026-09-12 14:25:25.055 [info] > git check-ignore -v -z --stdin [4ms]
2026-09-12 14:25:26.376 [info] > git check-ignore -v -z --stdin [3ms]
2026-09-12 14:25:27.804 [info] > git config --get commit.template [10ms]
2026-09-12 14:25:27.808 [info] > git for-each-ref --format=%(refname)%00%(upstream:short)%00%(objectname)%00%(upstream:track)%00%(upstream:remotename)%00%(upstream:remoteref) refs/heads/main refs/remotes/main [5ms]
2026-09-12 14:25:27.826 [info] > git for-each-ref --sort -committerdate --format %(refname)%00%(objectname)%00%(*objectname) [2ms]
2026-09-12 14:25:27.831 [info] > git status -z -uall [14ms]
2026-09-12 14:25:28.639 [info] > git check-ignore -v -z --stdin [2ms]
2026-09-12 14:25:30.419 [info] > git check-ignore -v -z --stdin [2ms]
2026-09-12 14:25:31.931 [info] > git check-ignore -v -z --stdin [3ms]
2026-09-12 14:25:32.860 [info] > git config --get commit.template [6ms]
2026-09-12 14:25:32.861 [info] > git for-each-ref --format=%(refname)%00%(upstream:short)%00%(objectname)%00%(upstream:track)%00%(upstream:remotename)%00%(upstream:remoteref) refs/heads/main refs/remotes/main [2ms]
2026-09-12 14:25:32.879 [info] > git for-each-ref --sort -committerdate --format %(refname)%00%(objectname)%00%(*objectname) [3ms]
2026-09-12 14:25:32.884 [info] > git status -z -uall [16ms]
2026-09-12 14:25:35.058 [info] > git check-ignore -v -z --stdin [4ms]
2026-09-12 14:25:35.480 [info] > git check-ignore -v -z --stdin [3ms]
2026-09-12 14:25:37.553 [info] > git check-ignore -v -z --stdin [2ms]
2026-09-12 14:25:37.906 [info] > git config --get commit.template [9ms]
2026-09-12 14:25:37.907 [info] > git for-each-ref --format=%(refname)%00%(upstream:short)%00%(objectname)%00%(upstream:track)%00%(upstream:remotename)%00%(upstream:remoteref) refs/heads/main refs/remotes/main [2ms]
2026-09-12 14:25:37.928 [info] > git for-each-ref --sort -committerdate --format %(refname)%00%(objectname)%00%(*objectname) [4ms]
2026-09-12 14:25:37.932 [info] > git status -z -uall [15ms]
2026-09-12 14:25:38.865 [info] > git check-ignore -v -z --stdin [6ms]
2026-09-12 14:25:42.952 [info] > git config --get commit.template [2ms]
2026-09-12 14:25:42.968 [info] > git for-each-ref --format=%(refname)%00%(upstream:short)%00%(objectname)%00%(upstream:track)%00%(upstream:remotename)%00%(upstream:remoteref) refs/heads/main refs/remotes/main [5ms]
2026-09-12 14:25:42.989 [info] > git for-each-ref --sort -committerdate --format %(refname)%00%(objectname)%00%(*objectname) [3ms]
2026-09-12 14:25:42.999 [info] > git status -z -uall [21ms]
2026-09-12 14:25:48.022 [info] > git config --get commit.template [8ms]
2026-09-12 14:25:48.025 [info] > git for-each-ref --format=%(refname)%00%(upstream:short)%00%(objectname)%00%(upstream:track)%00%(upstream:remotename)%00%(upstream:remoteref) refs/heads/main refs/remotes/main [3ms]
2026-09-12 14:25:48.098 [info] > git status -z -uall [51ms]
2026-09-12 14:25:48.101 [info] > git for-each-ref --sort -committerdate --format %(refname)%00%(objectname)%00%(*objectname) [13ms]
2026-09-12 14:26:44.421 [info] > git check-ignore -v -z --stdin [3ms]
2026-09-12 14:26:46.331 [info] > git config --get commit.template [9ms]
2026-09-12 14:26:46.332 [info] > git for-each-ref --format=%(refname)%00%(upstream:short)%00%(objectname)%00%(upstream:track)%00%(upstream:remotename)%00%(upstream:remoteref) refs/heads/main refs/remotes/main [3ms]
2026-09-12 14:26:46.350 [info] > git for-each-ref --sort -committerdate --format %(refname)%00%(objectname)%00%(*objectname) [3ms]
2026-09-12 14:26:46.356 [info] > git status -z -uall [16ms]
2026-09-12 14:26:46.664 [info] > git check-ignore -v -z --stdin [4ms]
2026-09-12 14:26:47.177 [info] > git check-ignore -v -z --stdin [7ms]
2026-09-12 14:26:47.454 [info] > git check-ignore -v -z --stdin [5ms]
2026-09-12 14:26:47.683 [info] > git check-ignore -v -z --stdin [5ms]
2026-09-12 14:26:48.595 [info] > git check-ignore -v -z --stdin [3ms]
2026-09-12 14:26:48.926 [info] > git check-ignore -v -z --stdin [3ms]
2026-09-12 14:26:49.600 [info] > git check-ignore -v -z --stdin [9ms]
2026-09-12 14:26:51.460 [info] > git config --get commit.template [3ms]
2026-09-12 14:26:51.475 [info] > git for-each-ref --format=%(refname)%00%(upstream:short)%00%(objectname)%00%(upstream:track)%00%(upstream:remotename)%00%(upstream:remoteref) refs/heads/main refs/remotes/main [3ms]
2026-09-12 14:26:51.499 [info] > git for-each-ref --sort -committerdate --format %(refname)%00%(objectname)%00%(*objectname) [3ms]
2026-09-12 14:26:51.508 [info] > git status -z -uall [20ms]
2026-09-12 14:26:51.958 [info] > git check-ignore -v -z --stdin [8ms]
2026-09-12 14:26:53.810 [info] > git check-ignore -v -z --stdin [2ms]
2026-09-12 14:26:54.590 [info] > git check-ignore -v -z --stdin [3ms]
2026-09-12 14:26:54.868 [info] > git check-ignore -v -z --stdin [2ms]
2026-09-12 14:26:55.763 [info] > git check-ignore -v -z --stdin [2ms]
2026-09-12 14:26:56.538 [info] > git config --get commit.template [3ms]
2026-09-12 14:26:56.569 [info] > git for-each-ref --format=%(refname)%00%(upstream:short)%00%(objectname)%00%(upstream:track)%00%(upstream:remotename)%00%(upstream:remoteref) refs/heads/main refs/remotes/main [7ms]
2026-09-12 14:26:56.600 [info] > git for-each-ref --sort -committerdate --format %(refname)%00%(objectname)%00%(*objectname) [3ms]
2026-09-12 14:26:56.601 [info] > git status -z -uall [12ms]
2026-09-12 14:26:57.982 [info] > git check-ignore -v -z --stdin [2ms]
2026-09-12 14:26:58.656 [info] > git check-ignore -v -z --stdin [2ms]
2026-09-12 14:27:01.632 [info] > git config --get commit.template [9ms]
2026-09-12 14:27:01.633 [info] > git for-each-ref --format=%(refname)%00%(upstream:short)%00%(objectname)%00%(upstream:track)%00%(upstream:remotename)%00%(upstream:remoteref) refs/heads/main refs/remotes/main [2ms]
2026-09-12 14:27:01.656 [info] > git for-each-ref --sort -committerdate --format %(refname)%00%(objectname)%00%(*objectname) [3ms]
2026-09-12 14:27:01.661 [info] > git status -z -uall [18ms]
2026-09-12 14:27:07.260 [info] > git check-ignore -v -z --stdin [2ms]
2026-09-12 14:27:07.610 [info] > git check-ignore -v -z --stdin [1ms]
2026-09-12 14:27:07.991 [info] > git check-ignore -v -z --stdin [2ms]
2026-09-12 14:27:09.414 [info] > git check-ignore -v -z --stdin [2ms]
2026-09-12 14:27:09.885 [info] > git config --get commit.template [2ms]
2026-09-12 14:27:09.898 [info] > git for-each-ref --format=%(refname)%00%(upstream:short)%00%(objectname)%00%(upstream:track)%00%(upstream:remotename)%00%(upstream:remoteref) refs/heads/main refs/remotes/main [3ms]
2026-09-12 14:27:09.925 [info] > git for-each-ref --sort -committerdate --format %(refname)%00%(objectname)%00%(*objectname) [6ms]
2026-09-12 14:27:09.928 [info] > git status -z -uall [18ms]
2026-09-12 14:27:10.092 [info] > git check-ignore -v -z --stdin [2ms]
2026-09-12 14:27:12.659 [info] > git check-ignore -v -z --stdin [1ms]
2026-09-12 14:27:13.045 [info] > git check-ignore -v -z --stdin [1ms]
2026-09-12 14:27:13.279 [info] > git check-ignore -v -z --stdin [4ms]
2026-09-12 14:27:13.887 [info] > git check-ignore -v -z --stdin [3ms]
2026-09-12 14:27:14.614 [info] > git check-ignore -v -z --stdin [3ms]
2026-09-12 14:27:14.954 [info] > git config --get commit.template [9ms]
2026-09-12 14:27:14.956 [info] > git for-each-ref --format=%(refname)%00%(upstream:short)%00%(objectname)%00%(upstream:track)%00%(upstream:remotename)%00%(upstream:remoteref) refs/heads/main refs/remotes/main [3ms]
2026-09-12 14:27:14.976 [info] > git for-each-ref --sort -committerdate --format %(refname)%00%(objectname)%00%(*objectname) [3ms]
2026-09-12 14:27:14.980 [info] > git status -z -uall [15ms]
2026-09-12 14:27:15.223 [info] > git check-ignore -v -z --stdin [2ms]
2026-09-12 14:27:17.228 [info] > git check-ignore -v -z --stdin [3ms]
2026-09-12 14:27:18.209 [info] > git check-ignore -v -z --stdin [3ms]
2026-09-12 14:27:18.496 [info] > git check-ignore -v -z --stdin [3ms]
2026-09-12 14:27:19.296 [info] > git check-ignore -v -z --stdin [2ms]
2026-09-12 14:27:20.006 [info] > git config --get commit.template [2ms]
2026-09-12 14:27:20.020 [info] > git for-each-ref --format=%(refname)%00%(upstream:short)%00%(objectname)%00%(upstream:track)%00%(upstream:remotename)%00%(upstream:remoteref) refs/heads/main refs/remotes/main [4ms]
2026-09-12 14:27:20.044 [info] > git for-each-ref --sort -committerdate --format %(refname)%00%(objectname)%00%(*objectname) [4ms]
2026-09-12 14:27:20.048 [info] > git status -z -uall [16ms]
2026-09-12 14:27:20.270 [info] > git check-ignore -v -z --stdin [2ms]
2026-09-12 14:27:20.565 [info] > git check-ignore -v -z --stdin [2ms]
2026-09-12 14:27:23.711 [info] > git check-ignore -v -z --stdin [5ms]
2026-09-12 14:27:25.072 [info] > git config --get commit.template [2ms]
2026-09-12 14:27:25.089 [info] > git check-ignore -v -z --stdin [8ms]
2026-09-12 14:27:25.091 [info] > git for-each-ref --format=%(refname)%00%(upstream:short)%00%(objectname)%00%(upstream:track)%00%(upstream:remotename)%00%(upstream:remoteref) refs/heads/main refs/remotes/main [3ms]
2026-09-12 14:27:25.112 [info] > git for-each-ref --sort -committerdate --format %(refname)%00%(objectname)%00%(*objectname) [3ms]
2026-09-12 14:27:25.131 [info] > git status -z -uall [28ms]
2026-09-12 14:27:26.833 [info] > git check-ignore -v -z --stdin [14ms]
2026-09-12 14:27:27.092 [info] > git check-ignore -v -z --stdin [3ms]
2026-09-12 14:27:29.829 [info] > git check-ignore -v -z --stdin [8ms]
2026-09-12 14:27:30.157 [info] > git config --get commit.template [8ms]
2026-09-12 14:27:30.159 [info] > git for-each-ref --format=%(refname)%00%(upstream:short)%00%(objectname)%00%(upstream:track)%00%(upstream:remotename)%00%(upstream:remoteref) refs/heads/main refs/remotes/main [2ms]
2026-09-12 14:27:30.183 [info] > git for-each-ref --sort -committerdate --format %(refname)%00%(objectname)%00%(*objectname) [3ms]
2026-09-12 14:27:30.188 [info] > git status -z -uall [21ms]
2026-09-12 14:27:35.223 [info] > git config --get commit.template [7ms]
2026-09-12 14:27:35.223 [info] > git for-each-ref --format=%(refname)%00%(upstream:short)%00%(objectname)%00%(upstream:track)%00%(upstream:remotename)%00%(upstream:remoteref) refs/heads/main refs/remotes/main [1ms]
2026-09-12 14:27:35.246 [info] > git for-each-ref --sort -committerdate --format %(refname)%00%(objectname)%00%(*objectname) [5ms]
2026-09-12 14:27:35.248 [info] > git status -z -uall [17ms]
2026-09-12 14:27:35.991 [info] > git check-ignore -v -z --stdin [1ms]
2026-09-12 14:27:36.581 [info] > git check-ignore -v -z --stdin [2ms]
2026-09-12 14:27:37.376 [info] > git check-ignore -v -z --stdin [4ms]
2026-09-12 14:27:37.608 [info] > git check-ignore -v -z --stdin [4ms]
2026-09-12 14:27:38.020 [info] > git check-ignore -v -z --stdin [2ms]
2026-09-12 14:27:38.472 [info] > git check-ignore -v -z --stdin [3ms]
2026-09-12 14:27:40.384 [info] > git config --get commit.template [11ms]
2026-09-12 14:27:40.387 [info] > git for-each-ref --format=%(refname)%00%(upstream:short)%00%(objectname)%00%(upstream:track)%00%(upstream:remotename)%00%(upstream:remoteref) refs/heads/main refs/remotes/main [3ms]
2026-09-12 14:27:40.410 [info] > git for-each-ref --sort -committerdate --format %(refname)%00%(objectname)%00%(*objectname) [2ms]
2026-09-12 14:27:40.417 [info] > git status -z -uall [17ms]
2026-09-12 14:27:50.038 [info] > git check-ignore -v -z --stdin [3ms]
2026-09-12 14:27:51.952 [info] > git config --get commit.template [17ms]
2026-09-12 14:27:51.956 [info] > git for-each-ref --format=%(refname)%00%(upstream:short)%00%(objectname)%00%(upstream:track)%00%(upstream:remotename)%00%(upstream:remoteref) refs/heads/main refs/remotes/main [6ms]
2026-09-12 14:27:51.997 [info] > git for-each-ref --sort -committerdate --format %(refname)%00%(objectname)%00%(*objectname) [4ms]
2026-09-12 14:27:52.003 [info] > git status -z -uall [25ms]
2026-09-12 14:30:05.363 [info] > git check-ignore -v -z --stdin [2ms]
2026-09-12 14:30:07.238 [info] > git config --get commit.template [3ms]
2026-09-12 14:30:07.253 [info] > git for-each-ref --format=%(refname)%00%(upstream:short)%00%(objectname)%00%(upstream:track)%00%(upstream:remotename)%00%(upstream:remoteref) refs/heads/main refs/remotes/main [4ms]
2026-09-12 14:30:07.280 [info] > git for-each-ref --sort -committerdate --format %(refname)%00%(objectname)%00%(*objectname) [2ms]
2026-09-12 14:30:07.282 [info] > git status -z -uall [13ms]
2026-09-12 14:30:25.709 [info] > git check-ignore -v -z --stdin [7ms]
2026-09-12 14:30:34.144 [info] > git check-ignore -v -z --stdin [4ms]
2026-09-12 14:30:54.348 [info] > git check-ignore -v -z --stdin [3ms]
2026-09-12 14:30:54.842 [info] > git config --get commit.template [2ms]
2026-09-12 14:30:54.867 [info] > git for-each-ref --format=%(refname)%00%(upstream:short)%00%(objectname)%00%(upstream:track)%00%(upstream:remotename)%00%(upstream:remoteref) refs/heads/main refs/remotes/main [5ms]
2026-09-12 14:30:54.910 [info] > git status -z -uall [26ms]
2026-09-12 14:30:54.910 [info] > git for-each-ref --sort -committerdate --format %(refname)%00%(objectname)%00%(*objectname) [10ms]
2026-09-12 14:31:07.513 [info] > git check-ignore -v -z --stdin [4ms]
2026-09-12 14:31:07.555 [info] > git show --textconv :Python/django/SOA/OrientationApp/static/css/style.css [21ms]
2026-09-12 14:31:07.568 [info] > git ls-files --stage -- Python/django/SOA/OrientationApp/static/css/style.css [15ms]
2026-09-12 14:31:07.581 [info] > git hash-object -t tree /dev/null [13ms]
2026-09-12 14:31:07.581 [warning] [GitFileSystemProvider][readFile] File not found - git:/home/sadnane/Saad-Programming/Python/django/SOA/OrientationApp/static/css/style.css.git?%7B%22path%22%3A%22%2Fhome%2Fsadnane%2FSaad-Programming%2FPython%2Fdjango%2FSOA%2FOrientationApp%2Fstatic%2Fcss%2Fstyle.css%22%2C%22ref%22%3A%22%22%7D
2026-09-12 14:31:07.582 [info] > git hash-object -t tree /dev/null [2ms]
2026-09-12 14:31:07.582 [warning] [GitFileSystemProvider][stat] File not found - git:/home/sadnane/Saad-Programming/Python/django/SOA/OrientationApp/static/css/style.css.git?%7B%22path%22%3A%22%2Fhome%2Fsadnane%2FSaad-Programming%2FPython%2Fdjango%2FSOA%2FOrientationApp%2Fstatic%2Fcss%2Fstyle.css%22%2C%22ref%22%3A%22%22%7D
2026-09-12 14:31:07.761 [info] > git check-ignore -v -z --stdin [11ms]
2026-09-12 14:31:08.244 [info] > git config --get commit.template [7ms]
2026-09-12 14:31:08.277 [info] > git for-each-ref --format=%(refname)%00%(upstream:short)%00%(objectname)%00%(upstream:track)%00%(upstream:remotename)%00%(upstream:remoteref) refs/heads/main refs/remotes/main [16ms]
2026-09-12 14:31:08.329 [info] > git status -z -uall [17ms]
2026-09-12 14:31:08.329 [info] > git for-each-ref --sort -committerdate --format %(refname)%00%(objectname)%00%(*objectname) [9ms]
2026-09-12 14:31:12.399 [info] > git check-ignore -v -z --stdin [2ms]
2026-09-12 14:31:12.445 [info] > git show --textconv :Python/django/SOA/OrientationApp/templates/Orientation.html [14ms]
2026-09-12 14:31:12.447 [info] > git ls-files --stage -- Python/django/SOA/OrientationApp/templates/Orientation.html [3ms]
2026-09-12 14:31:12.467 [info] > git cat-file -s 13af512edcfe005a9cf1a537e2d521be3548f5fe [2ms]
2026-09-12 14:31:13.370 [info] > git config --get commit.template [7ms]
2026-09-12 14:31:13.375 [info] > git for-each-ref --format=%(refname)%00%(upstream:short)%00%(objectname)%00%(upstream:track)%00%(upstream:remotename)%00%(upstream:remoteref) refs/heads/main refs/remotes/main [6ms]
2026-09-12 14:31:13.401 [info] > git for-each-ref --sort -committerdate --format %(refname)%00%(objectname)%00%(*objectname) [2ms]
2026-09-12 14:31:13.408 [info] > git status -z -uall [20ms]
2026-09-12 14:31:13.732 [info] > git check-ignore -v -z --stdin [1ms]
2026-09-12 14:31:14.310 [info] > git check-ignore -v -z --stdin [4ms]
2026-09-12 14:31:15.150 [info] > git check-ignore -v -z --stdin [2ms]
2026-09-12 14:31:18.467 [info] > git config --get commit.template [29ms]
2026-09-12 14:31:18.476 [info] > git for-each-ref --format=%(refname)%00%(upstream:short)%00%(objectname)%00%(upstream:track)%00%(upstream:remotename)%00%(upstream:remoteref) refs/heads/main refs/remotes/main [10ms]
2026-09-12 14:31:18.544 [info] > git status -z -uall [47ms]
2026-09-12 14:31:18.548 [info] > git for-each-ref --sort -committerdate --format %(refname)%00%(objectname)%00%(*objectname) [12ms]
2026-09-12 14:31:23.894 [info] > git config --get commit.template [4ms]
2026-09-12 14:31:23.907 [info] > git for-each-ref --format=%(refname)%00%(upstream:short)%00%(objectname)%00%(upstream:track)%00%(upstream:remotename)%00%(upstream:remoteref) refs/heads/main refs/remotes/main [5ms]
2026-09-12 14:31:23.937 [info] > git for-each-ref --sort -committerdate --format %(refname)%00%(objectname)%00%(*objectname) [3ms]
2026-09-12 14:31:23.940 [info] > git status -z -uall [16ms]
2026-09-12 14:31:38.365 [info] > git config --get commit.template [3ms]
2026-09-12 14:31:38.375 [info] > git for-each-ref --format=%(refname)%00%(upstream:short)%00%(objectname)%00%(upstream:track)%00%(upstream:remotename)%00%(upstream:remoteref) refs/heads/main refs/remotes/main [2ms]
2026-09-12 14:31:38.404 [info] > git for-each-ref --sort -committerdate --format %(refname)%00%(objectname)%00%(*objectname) [4ms]
2026-09-12 14:31:38.413 [info] > git status -z -uall [24ms]
2026-09-12 14:31:42.810 [info] > git check-ignore -v -z --stdin [2ms]
2026-09-12 14:31:42.949 [info] > git show --textconv :Python/django/SOA/OrientationApp/templates/Orientation.html [59ms]
2026-09-12 14:31:42.963 [info] > git ls-files --stage -- Python/django/SOA/OrientationApp/templates/Orientation.html [24ms]
2026-09-12 14:31:43.005 [info] > git cat-file -s 13af512edcfe005a9cf1a537e2d521be3548f5fe [11ms]
2026-09-12 14:31:43.477 [info] > git config --get commit.template [35ms]
2026-09-12 14:31:43.483 [info] > git for-each-ref --format=%(refname)%00%(upstream:short)%00%(objectname)%00%(upstream:track)%00%(upstream:remotename)%00%(upstream:remoteref) refs/heads/main refs/remotes/main [8ms]
2026-09-12 14:31:43.553 [info] > git for-each-ref --sort -committerdate --format %(refname)%00%(objectname)%00%(*objectname) [4ms]
2026-09-12 14:31:43.565 [info] > git status -z -uall [41ms]
2026-09-12 14:31:43.937 [info] > git check-ignore -v -z --stdin [7ms]
2026-09-12 14:31:47.905 [info] > git check-ignore -v -z --stdin [4ms]
2026-09-12 14:31:48.329 [info] > git check-ignore -v -z --stdin [5ms]
2026-09-12 14:31:49.517 [info] > git check-ignore -v -z --stdin [2ms]
2026-09-12 14:31:50.242 [info] > git config --get commit.template [12ms]
2026-09-12 14:31:50.242 [info] > git for-each-ref --format=%(refname)%00%(upstream:short)%00%(objectname)%00%(upstream:track)%00%(upstream:remotename)%00%(upstream:remoteref) refs/heads/main refs/remotes/main [2ms]
2026-09-12 14:31:50.272 [info] > git status -z -uall [16ms]
2026-09-12 14:31:50.293 [info] > git for-each-ref --sort -committerdate --format %(refname)%00%(objectname)%00%(*objectname) [23ms]
2026-09-12 14:31:50.626 [info] > git check-ignore -v -z --stdin [3ms]
2026-09-12 14:31:51.395 [info] > git check-ignore -v -z --stdin [3ms]
2026-09-12 14:31:51.669 [info] > git check-ignore -v -z --stdin [3ms]
2026-09-12 14:31:52.274 [info] > git check-ignore -v -z --stdin [3ms]
2026-09-12 14:31:52.504 [info] > git check-ignore -v -z --stdin [4ms]
2026-09-12 14:31:52.735 [info] > git check-ignore -v -z --stdin [3ms]
2026-09-12 14:31:53.234 [info] > git check-ignore -v -z --stdin [4ms]
2026-09-12 14:31:53.651 [info] > git check-ignore -v -z --stdin [3ms]
2026-09-12 14:31:53.804 [info] > git check-ignore -v -z --stdin [2ms]
2026-09-12 14:31:54.733 [info] > git check-ignore -v -z --stdin [2ms]
2026-09-12 14:31:56.109 [info] > git check-ignore -v -z --stdin [2ms]
2026-09-12 14:31:56.642 [info] > git config --get commit.template [13ms]
2026-09-12 14:31:56.644 [info] > git for-each-ref --format=%(refname)%00%(upstream:short)%00%(objectname)%00%(upstream:track)%00%(upstream:remotename)%00%(upstream:remoteref) refs/heads/main refs/remotes/main [5ms]
2026-09-12 14:31:56.670 [info] > git for-each-ref --sort -committerdate --format %(refname)%00%(objectname)%00%(*objectname) [4ms]
2026-09-12 14:31:56.673 [info] > git status -z -uall [19ms]
2026-09-12 14:31:56.993 [info] > git check-ignore -v -z --stdin [3ms]
2026-09-12 14:32:01.700 [info] > git config --get commit.template [10ms]
2026-09-12 14:32:01.701 [info] > git for-each-ref --format=%(refname)%00%(upstream:short)%00%(objectname)%00%(upstream:track)%00%(upstream:remotename)%00%(upstream:remoteref) refs/heads/main refs/remotes/main [2ms]
2026-09-12 14:32:01.723 [info] > git for-each-ref --sort -committerdate --format %(refname)%00%(objectname)%00%(*objectname) [2ms]
2026-09-12 14:32:01.731 [info] > git status -z -uall [21ms]
2026-09-12 14:32:02.064 [info] > git check-ignore -v -z --stdin [5ms]
2026-09-12 14:32:08.404 [info] > git check-ignore -v -z --stdin [3ms]
2026-09-12 14:32:08.557 [info] > git check-ignore -v -z --stdin [2ms]
2026-09-12 14:32:10.315 [info] > git check-ignore -v -z --stdin [3ms]
2026-09-12 14:32:10.461 [info] > git config --get commit.template [14ms]
2026-09-12 14:32:10.463 [info] > git for-each-ref --format=%(refname)%00%(upstream:short)%00%(objectname)%00%(upstream:track)%00%(upstream:remotename)%00%(upstream:remoteref) refs/heads/main refs/remotes/main [6ms]
2026-09-12 14:32:10.509 [info] > git status -z -uall [23ms]
2026-09-12 14:32:10.512 [info] > git for-each-ref --sort -committerdate --format %(refname)%00%(objectname)%00%(*objectname) [7ms]
2026-09-12 14:32:10.835 [info] > git check-ignore -v -z --stdin [2ms]
2026-09-12 14:32:11.501 [info] > git check-ignore -v -z --stdin [2ms]
2026-09-12 14:32:12.173 [info] > git check-ignore -v -z --stdin [6ms]
2026-09-12 14:32:13.397 [info] > git check-ignore -v -z --stdin [2ms]
2026-09-12 14:32:14.623 [info] > git check-ignore -v -z --stdin [9ms]
2026-09-12 14:32:15.540 [info] > git config --get commit.template [9ms]
2026-09-12 14:32:15.543 [info] > git for-each-ref --format=%(refname)%00%(upstream:short)%00%(objectname)%00%(upstream:track)%00%(upstream:remotename)%00%(upstream:remoteref) refs/heads/main refs/remotes/main [3ms]
2026-09-12 14:32:15.566 [info] > git status -z -uall [13ms]
2026-09-12 14:32:15.566 [info] > git for-each-ref --sort -committerdate --format %(refname)%00%(objectname)%00%(*objectname) [5ms]
2026-09-12 14:32:15.901 [info] > git check-ignore -v -z --stdin [3ms]
2026-09-12 14:32:16.817 [info] > git check-ignore -v -z --stdin [2ms]
2026-09-12 14:32:17.194 [info] > git check-ignore -v -z --stdin [4ms]
2026-09-12 14:32:17.630 [info] > git check-ignore -v -z --stdin [5ms]
2026-09-12 14:32:18.835 [info] > git check-ignore -v -z --stdin [5ms]
2026-09-12 14:32:19.009 [info] > git check-ignore -v -z --stdin [2ms]
2026-09-12 14:32:19.231 [info] > git check-ignore -v -z --stdin [2ms]
2026-09-12 14:32:19.935 [info] > git check-ignore -v -z --stdin [2ms]
2026-09-12 14:32:20.408 [info] > git check-ignore -v -z --stdin [4ms]
2026-09-12 14:32:20.588 [info] > git config --get commit.template [3ms]
2026-09-12 14:32:20.599 [info] > git for-each-ref --format=%(refname)%00%(upstream:short)%00%(objectname)%00%(upstream:track)%00%(upstream:remotename)%00%(upstream:remoteref) refs/heads/main refs/remotes/main [3ms]
2026-09-12 14:32:20.658 [info] > git status -z -uall [39ms]
2026-09-12 14:32:20.660 [info] > git for-each-ref --sort -committerdate --format %(refname)%00%(objectname)%00%(*objectname) [10ms]
2026-09-12 14:32:21.075 [info] > git check-ignore -v -z --stdin [1ms]
2026-09-12 14:32:21.410 [info] > git check-ignore -v -z --stdin [2ms]
2026-09-12 14:32:22.155 [info] > git check-ignore -v -z --stdin [8ms]
2026-09-12 14:32:22.412 [info] > git check-ignore -v -z --stdin [4ms]
2026-09-12 14:32:22.913 [info] > git check-ignore -v -z --stdin [1ms]
2026-09-12 14:32:23.738 [info] > git check-ignore -v -z --stdin [2ms]
2026-09-12 14:32:24.464 [info] > git check-ignore -v -z --stdin [2ms]
2026-09-12 14:32:24.938 [info] > git check-ignore -v -z --stdin [3ms]
2026-09-12 14:32:25.607 [info] > git check-ignore -v -z --stdin [2ms]
2026-09-12 14:32:26.216 [info] > git check-ignore -v -z --stdin [13ms]
2026-09-12 14:32:28.100 [info] > git config --get commit.template [8ms]
2026-09-12 14:32:28.102 [info] > git for-each-ref --format=%(refname)%00%(upstream:short)%00%(objectname)%00%(upstream:track)%00%(upstream:remotename)%00%(upstream:remoteref) refs/heads/main refs/remotes/main [2ms]
2026-09-12 14:32:28.126 [info] > git status -z -uall [14ms]
2026-09-12 14:32:28.131 [info] > git for-each-ref --sort -committerdate --format %(refname)%00%(objectname)%00%(*objectname) [6ms]
2026-09-12 14:32:28.473 [info] > git check-ignore -v -z --stdin [4ms]
2026-09-12 14:32:30.041 [info] > git check-ignore -v -z --stdin [4ms]
2026-09-12 14:32:30.556 [info] > git check-ignore -v -z --stdin [1ms]
2026-09-12 14:32:30.926 [info] > git check-ignore -v -z --stdin [2ms]
2026-09-12 14:32:31.600 [info] > git check-ignore -v -z --stdin [2ms]
2026-09-12 14:32:32.235 [info] > git check-ignore -v -z --stdin [6ms]
2026-09-12 14:32:33.420 [info] > git check-ignore -v -z --stdin [3ms]
2026-09-12 14:32:34.112 [info] > git config --get commit.template [4ms]
2026-09-12 14:32:34.127 [info] > git for-each-ref --format=%(refname)%00%(upstream:short)%00%(objectname)%00%(upstream:track)%00%(upstream:remotename)%00%(upstream:remoteref) refs/heads/main refs/remotes/main [5ms]
2026-09-12 14:32:34.161 [info] > git for-each-ref --sort -committerdate --format %(refname)%00%(objectname)%00%(*objectname) [1ms]
2026-09-12 14:32:34.166 [info] > git status -z -uall [19ms]
2026-09-12 14:32:34.517 [info] > git check-ignore -v -z --stdin [5ms]
2026-09-12 14:32:34.729 [info] > git check-ignore -v -z --stdin [4ms]
2026-09-12 14:32:35.495 [info] > git check-ignore -v -z --stdin [3ms]
2026-09-12 14:32:39.215 [info] > git config --get commit.template [4ms]
2026-09-12 14:32:39.229 [info] > git for-each-ref --format=%(refname)%00%(upstream:short)%00%(objectname)%00%(upstream:track)%00%(upstream:remotename)%00%(upstream:remoteref) refs/heads/main refs/remotes/main [2ms]
2026-09-12 14:32:39.248 [info] > git for-each-ref --sort -committerdate --format %(refname)%00%(objectname)%00%(*objectname) [3ms]
2026-09-12 14:32:39.252 [info] > git status -z -uall [16ms]
2026-09-12 14:32:39.587 [info] > git check-ignore -v -z --stdin [4ms]
2026-09-12 14:32:44.475 [info] > git check-ignore -v -z --stdin [11ms]
2026-09-12 14:32:45.770 [info] > git check-ignore -v -z --stdin [5ms]
2026-09-12 14:32:46.380 [info] > git config --get commit.template [4ms]
2026-09-12 14:32:46.392 [info] > git for-each-ref --format=%(refname)%00%(upstream:short)%00%(objectname)%00%(upstream:track)%00%(upstream:remotename)%00%(upstream:remoteref) refs/heads/main refs/remotes/main [2ms]
2026-09-12 14:32:46.413 [info] > git for-each-ref --sort -committerdate --format %(refname)%00%(objectname)%00%(*objectname) [2ms]
2026-09-12 14:32:46.435 [info] > git status -z -uall [32ms]
2026-09-12 14:32:46.768 [info] > git check-ignore -v -z --stdin [10ms]
2026-09-12 14:32:49.273 [info] > git check-ignore -v -z --stdin [2ms]
2026-09-12 14:32:49.920 [info] > git check-ignore -v -z --stdin [3ms]
2026-09-12 14:32:50.628 [info] > git check-ignore -v -z --stdin [2ms]
2026-09-12 14:32:51.258 [info] > git check-ignore -v -z --stdin [2ms]
2026-09-12 14:32:51.481 [info] > git config --get commit.template [20ms]
2026-09-12 14:32:51.482 [info] > git for-each-ref --format=%(refname)%00%(upstream:short)%00%(objectname)%00%(upstream:track)%00%(upstream:remotename)%00%(upstream:remoteref) refs/heads/main refs/remotes/main [6ms]
2026-09-12 14:32:51.513 [info] > git for-each-ref --sort -committerdate --format %(refname)%00%(objectname)%00%(*objectname) [3ms]
2026-09-12 14:32:51.529 [info] > git status -z -uall [36ms]
2026-09-12 14:32:51.598 [info] > git check-ignore -v -z --stdin [3ms]
2026-09-12 14:32:51.932 [info] > git check-ignore -v -z --stdin [5ms]
2026-09-12 14:32:52.339 [info] > git check-ignore -v -z --stdin [2ms]
2026-09-12 14:32:52.702 [info] > git check-ignore -v -z --stdin [3ms]
2026-09-12 14:32:53.118 [info] > git check-ignore -v -z --stdin [3ms]
2026-09-12 14:32:54.142 [info] > git check-ignore -v -z --stdin [2ms]
2026-09-12 14:32:54.991 [info] > git check-ignore -v -z --stdin [2ms]
2026-09-12 14:32:56.560 [info] > git config --get commit.template [11ms]
2026-09-12 14:32:56.564 [info] > git for-each-ref --format=%(refname)%00%(upstream:short)%00%(objectname)%00%(upstream:track)%00%(upstream:remotename)%00%(upstream:remoteref) refs/heads/main refs/remotes/main [5ms]
2026-09-12 14:32:56.589 [info] > git for-each-ref --sort -committerdate --format %(refname)%00%(objectname)%00%(*objectname) [6ms]
2026-09-12 14:32:56.596 [info] > git status -z -uall [21ms]
2026-09-12 14:32:56.931 [info] > git check-ignore -v -z --stdin [4ms]
2026-09-12 14:32:58.459 [info] > git check-ignore -v -z --stdin [9ms]
2026-09-12 14:32:59.058 [info] > git check-ignore -v -z --stdin [3ms]
2026-09-12 14:33:00.378 [info] > git check-ignore -v -z --stdin [3ms]
2026-09-12 14:33:01.133 [info] > git check-ignore -v -z --stdin [3ms]
2026-09-12 14:33:01.620 [info] > git config --get commit.template [11ms]
2026-09-12 14:33:01.622 [info] > git for-each-ref --format=%(refname)%00%(upstream:short)%00%(objectname)%00%(upstream:track)%00%(upstream:remotename)%00%(upstream:remoteref) refs/heads/main refs/remotes/main [5ms]
2026-09-12 14:33:01.661 [info] > git status -z -uall [30ms]
2026-09-12 14:33:01.662 [info] > git for-each-ref --sort -committerdate --format %(refname)%00%(objectname)%00%(*objectname) [2ms]
2026-09-12 14:33:02.097 [info] > git check-ignore -v -z --stdin [4ms]
2026-09-12 14:33:02.711 [info] > git check-ignore -v -z --stdin [2ms]
2026-09-12 14:33:03.174 [info] > git check-ignore -v -z --stdin [3ms]
2026-09-12 14:33:03.914 [info] > git check-ignore -v -z --stdin [4ms]
2026-09-12 14:33:04.474 [info] > git check-ignore -v -z --stdin [2ms]
2026-09-12 14:33:06.285 [info] > git check-ignore -v -z --stdin [3ms]
2026-09-12 14:33:06.695 [info] > git config --get commit.template [11ms]
2026-09-12 14:33:06.699 [info] > git for-each-ref --format=%(refname)%00%(upstream:short)%00%(objectname)%00%(upstream:track)%00%(upstream:remotename)%00%(upstream:remoteref) refs/heads/main refs/remotes/main [4ms]
2026-09-12 14:33:06.732 [info] > git for-each-ref --sort -committerdate --format %(refname)%00%(objectname)%00%(*objectname) [3ms]
2026-09-12 14:33:06.734 [info] > git status -z -uall [23ms]
2026-09-12 14:33:07.065 [info] > git check-ignore -v -z --stdin [3ms]
2026-09-12 14:33:07.542 [info] > git check-ignore -v -z --stdin [3ms]
2026-09-12 14:33:10.810 [info] > git check-ignore -v -z --stdin [3ms]
2026-09-12 14:33:11.755 [info] > git config --get commit.template [2ms]
2026-09-12 14:33:11.767 [info] > git for-each-ref --format=%(refname)%00%(upstream:short)%00%(objectname)%00%(upstream:track)%00%(upstream:remotename)%00%(upstream:remoteref) refs/heads/main refs/remotes/main [2ms]
2026-09-12 14:33:11.790 [info] > git for-each-ref --sort -committerdate --format %(refname)%00%(objectname)%00%(*objectname) [3ms]
2026-09-12 14:33:11.795 [info] > git status -z -uall [16ms]
2026-09-12 14:33:12.141 [info] > git check-ignore -v -z --stdin [3ms]
2026-09-12 14:33:16.822 [info] > git config --get commit.template [4ms]
2026-09-12 14:33:16.842 [info] > git for-each-ref --format=%(refname)%00%(upstream:short)%00%(objectname)%00%(upstream:track)%00%(upstream:remotename)%00%(upstream:remoteref) refs/heads/main refs/remotes/main [10ms]
2026-09-12 14:33:16.876 [info] > git for-each-ref --sort -committerdate --format %(refname)%00%(objectname)%00%(*objectname) [5ms]
2026-09-12 14:33:16.883 [info] > git status -z -uall [24ms]
2026-09-12 14:33:17.206 [info] > git check-ignore -v -z --stdin [3ms]
2026-09-12 14:34:20.959 [info] > git config --get commit.template [2ms]
2026-09-12 14:34:20.968 [info] > git for-each-ref --format=%(refname)%00%(upstream:short)%00%(objectname)%00%(upstream:track)%00%(upstream:remotename)%00%(upstream:remoteref) refs/heads/main refs/remotes/main [3ms]
2026-09-12 14:34:20.985 [info] > git for-each-ref --sort -committerdate --format %(refname)%00%(objectname)%00%(*objectname) [3ms]
2026-09-12 14:34:20.990 [info] > git status -z -uall [15ms]
2026-09-12 14:34:26.022 [info] > git config --get commit.template [11ms]
2026-09-12 14:34:26.025 [info] > git for-each-ref --format=%(refname)%00%(upstream:short)%00%(objectname)%00%(upstream:track)%00%(upstream:remotename)%00%(upstream:remoteref) refs/heads/main refs/remotes/main [3ms]
2026-09-12 14:34:26.049 [info] > git for-each-ref --sort -committerdate --format %(refname)%00%(objectname)%00%(*objectname) [5ms]
2026-09-12 14:34:26.050 [info] > git status -z -uall [14ms]
2026-09-12 14:35:10.306 [info] > git config --get commit.template [8ms]
2026-09-12 14:35:10.329 [info] > git for-each-ref --format=%(refname)%00%(upstream:short)%00%(objectname)%00%(upstream:track)%00%(upstream:remotename)%00%(upstream:remoteref) refs/heads/main refs/remotes/main [3ms]
2026-09-12 14:35:10.355 [info] > git for-each-ref --sort -committerdate --format %(refname)%00%(objectname)%00%(*objectname) [5ms]
2026-09-12 14:35:10.359 [info] > git status -z -uall [18ms]
2026-09-12 14:35:15.976 [info] > git config --get commit.template [34ms]
2026-09-12 14:35:15.988 [info] > git for-each-ref --format=%(refname)%00%(upstream:short)%00%(objectname)%00%(upstream:track)%00%(upstream:remotename)%00%(upstream:remoteref) refs/heads/main refs/remotes/main [14ms]
2026-09-12 14:35:16.024 [info] > git for-each-ref --sort -committerdate --format %(refname)%00%(objectname)%00%(*objectname) [3ms]
2026-09-12 14:35:16.026 [info] > git status -z -uall [19ms]
2026-09-12 14:35:17.379 [info] > git check-ignore -v -z --stdin [1ms]
2026-09-12 14:35:17.465 [info] > git show --textconv :Python/django/SOA/OrientationApp/templates/Orientation.html [13ms]
2026-09-12 14:35:17.470 [info] > git ls-files --stage -- Python/django/SOA/OrientationApp/templates/Orientation.html [6ms]
2026-09-12 14:35:17.514 [info] > git cat-file -s 13af512edcfe005a9cf1a537e2d521be3548f5fe [20ms]
2026-09-12 14:35:28.971 [info] > git check-ignore -v -z --stdin [5ms]
2026-09-12 14:35:29.008 [info] > git show --textconv :Python/django/SOA/OrientationApp/templates/Orientation.html [19ms]
2026-09-12 14:35:29.011 [info] > git ls-files --stage -- Python/django/SOA/OrientationApp/templates/Orientation.html [5ms]
2026-09-12 14:35:29.039 [info] > git cat-file -s 13af512edcfe005a9cf1a537e2d521be3548f5fe [7ms]
2026-09-12 14:35:36.762 [info] > git config --get commit.template [18ms]
2026-09-12 14:35:36.765 [info] > git for-each-ref --format=%(refname)%00%(upstream:short)%00%(objectname)%00%(upstream:track)%00%(upstream:remotename)%00%(upstream:remoteref) refs/heads/main refs/remotes/main [10ms]
2026-09-12 14:35:36.793 [info] > git for-each-ref --sort -committerdate --format %(refname)%00%(objectname)%00%(*objectname) [1ms]
2026-09-12 14:35:36.804 [info] > git status -z -uall [24ms]
2026-09-12 14:35:41.838 [info] > git config --get commit.template [18ms]
2026-09-12 14:35:41.839 [info] > git for-each-ref --format=%(refname)%00%(upstream:short)%00%(objectname)%00%(upstream:track)%00%(upstream:remotename)%00%(upstream:remoteref) refs/heads/main refs/remotes/main [2ms]
2026-09-12 14:35:41.879 [info] > git for-each-ref --sort -committerdate --format %(refname)%00%(objectname)%00%(*objectname) [5ms]
2026-09-12 14:35:41.894 [info] > git status -z -uall [34ms]
2026-09-12 14:35:46.929 [info] > git config --get commit.template [17ms]
2026-09-12 14:35:46.932 [info] > git for-each-ref --format=%(refname)%00%(upstream:short)%00%(objectname)%00%(upstream:track)%00%(upstream:remotename)%00%(upstream:remoteref) refs/heads/main refs/remotes/main [4ms]
2026-09-12 14:35:46.985 [info] > git status -z -uall [25ms]
2026-09-12 14:35:46.986 [info] > git for-each-ref --sort -committerdate --format %(refname)%00%(objectname)%00%(*objectname) [7ms]
2026-09-12 14:35:52.003 [info] > git config --get commit.template [7ms]
2026-09-12 14:35:52.005 [info] > git for-each-ref --format=%(refname)%00%(upstream:short)%00%(objectname)%00%(upstream:track)%00%(upstream:remotename)%00%(upstream:remoteref) refs/heads/main refs/remotes/main [2ms]
2026-09-12 14:35:52.026 [info] > git for-each-ref --sort -committerdate --format %(refname)%00%(objectname)%00%(*objectname) [4ms]
2026-09-12 14:35:52.031 [info] > git status -z -uall [18ms]
2026-09-12 14:35:57.059 [info] > git config --get commit.template [8ms]
2026-09-12 14:35:57.060 [info] > git for-each-ref --format=%(refname)%00%(upstream:short)%00%(objectname)%00%(upstream:track)%00%(upstream:remotename)%00%(upstream:remoteref) refs/heads/main refs/remotes/main [2ms]
2026-09-12 14:35:57.081 [info] > git for-each-ref --sort -committerdate --format %(refname)%00%(objectname)%00%(*objectname) [3ms]
2026-09-12 14:35:57.087 [info] > git status -z -uall [16ms]
2026-09-12 14:36:24.906 [info] > git config --get commit.template [21ms]
2026-09-12 14:36:24.907 [info] > git for-each-ref --format=%(refname)%00%(upstream:short)%00%(objectname)%00%(upstream:track)%00%(upstream:remotename)%00%(upstream:remoteref) refs/heads/main refs/remotes/main [2ms]
2026-09-12 14:36:24.942 [info] > git for-each-ref --sort -committerdate --format %(refname)%00%(objectname)%00%(*objectname) [8ms]
2026-09-12 14:36:24.945 [info] > git status -z -uall [28ms]
2026-09-12 14:36:25.545 [info] > git check-ignore -v -z --stdin [2ms]
2026-09-12 14:36:25.583 [info] > git show --textconv :Python/django/SOA/OrientationApp/templates/Orientation.html [17ms]
2026-09-12 14:36:25.586 [info] > git ls-files --stage -- Python/django/SOA/OrientationApp/templates/Orientation.html [4ms]
2026-09-12 14:36:25.615 [info] > git cat-file -s 13af512edcfe005a9cf1a537e2d521be3548f5fe [17ms]
2026-09-12 14:36:30.960 [info] > git check-ignore -v -z --stdin [1ms]
2026-09-12 14:36:32.908 [info] > git config --get commit.template [18ms]
2026-09-12 14:36:32.910 [info] > git for-each-ref --format=%(refname)%00%(upstream:short)%00%(objectname)%00%(upstream:track)%00%(upstream:remotename)%00%(upstream:remoteref) refs/heads/main refs/remotes/main [3ms]
2026-09-12 14:36:32.935 [info] > git for-each-ref --sort -committerdate --format %(refname)%00%(objectname)%00%(*objectname) [4ms]
2026-09-12 14:36:32.939 [info] > git status -z -uall [15ms]
2026-09-12 14:36:33.287 [info] > git check-ignore -v -z --stdin [3ms]
2026-09-12 14:36:45.313 [info] > git check-ignore -v -z --stdin [3ms]
2026-09-12 14:36:47.223 [info] > git config --get commit.template [9ms]
2026-09-12 14:36:47.226 [info] > git for-each-ref --format=%(refname)%00%(upstream:short)%00%(objectname)%00%(upstream:track)%00%(upstream:remotename)%00%(upstream:remoteref) refs/heads/main refs/remotes/main [4ms]
2026-09-12 14:36:47.244 [info] > git for-each-ref --sort -committerdate --format %(refname)%00%(objectname)%00%(*objectname) [2ms]
2026-09-12 14:36:47.251 [info] > git status -z -uall [15ms]
2026-09-12 14:36:47.576 [info] > git check-ignore -v -z --stdin [3ms]
2026-09-12 14:36:50.764 [info] > git check-ignore -v -z --stdin [4ms]
2026-09-12 14:36:50.978 [info] > git check-ignore -v -z --stdin [4ms]
2026-09-12 14:36:51.807 [info] > git check-ignore -v -z --stdin [2ms]
2026-09-12 14:36:52.055 [info] > git check-ignore -v -z --stdin [3ms]
2026-09-12 14:36:52.850 [info] > git check-ignore -v -z --stdin [4ms]
2026-09-12 14:36:53.510 [info] > git check-ignore -v -z --stdin [4ms]
2026-09-12 14:36:53.771 [info] > git check-ignore -v -z --stdin [4ms]
2026-09-12 14:36:54.931 [info] > git check-ignore -v -z --stdin [1ms]
2026-09-12 14:36:55.359 [info] > git check-ignore -v -z --stdin [1ms]
2026-09-12 14:36:55.666 [info] > git config --get commit.template [9ms]
2026-09-12 14:36:55.670 [info] > git for-each-ref --format=%(refname)%00%(upstream:short)%00%(objectname)%00%(upstream:track)%00%(upstream:remotename)%00%(upstream:remoteref) refs/heads/main refs/remotes/main [5ms]
2026-09-12 14:36:55.703 [info] > git for-each-ref --sort -committerdate --format %(refname)%00%(objectname)%00%(*objectname) [13ms]
2026-09-12 14:36:55.704 [info] > git status -z -uall [23ms]
2026-09-12 14:36:55.704 [info] > git check-ignore -v -z --stdin [2ms]
2026-09-12 14:36:56.325 [info] > git check-ignore -v -z --stdin [2ms]
2026-09-12 14:36:57.884 [info] > git check-ignore -v -z --stdin [3ms]
2026-09-12 14:36:58.230 [info] > git check-ignore -v -z --stdin [1ms]
2026-09-12 14:36:59.312 [info] > git check-ignore -v -z --stdin [7ms]
2026-09-12 14:37:00.738 [info] > git config --get commit.template [13ms]
2026-09-12 14:37:00.739 [info] > git for-each-ref --format=%(refname)%00%(upstream:short)%00%(objectname)%00%(upstream:track)%00%(upstream:remotename)%00%(upstream:remoteref) refs/heads/main refs/remotes/main [4ms]
2026-09-12 14:37:00.762 [info] > git for-each-ref --sort -committerdate --format %(refname)%00%(objectname)%00%(*objectname) [6ms]
2026-09-12 14:37:00.775 [info] > git status -z -uall [26ms]
2026-09-12 14:37:01.117 [info] > git check-ignore -v -z --stdin [3ms]
2026-09-12 14:37:02.490 [info] > git check-ignore -v -z --stdin [3ms]
2026-09-12 14:37:03.209 [info] > git check-ignore -v -z --stdin [5ms]
2026-09-12 14:37:03.393 [info] > git check-ignore -v -z --stdin [2ms]
2026-09-12 14:37:04.014 [info] > git check-ignore -v -z --stdin [5ms]
2026-09-12 14:37:05.808 [info] > git config --get commit.template [14ms]
2026-09-12 14:37:05.830 [info] > git for-each-ref --format=%(refname)%00%(upstream:short)%00%(objectname)%00%(upstream:track)%00%(upstream:remotename)%00%(upstream:remoteref) refs/heads/main refs/remotes/main [3ms]
2026-09-12 14:37:05.863 [info] > git for-each-ref --sort -committerdate --format %(refname)%00%(objectname)%00%(*objectname) [2ms]
2026-09-12 14:37:05.869 [info] > git status -z -uall [21ms]
2026-09-12 14:37:06.221 [info] > git check-ignore -v -z --stdin [9ms]
2026-09-12 14:37:10.523 [info] > git check-ignore -v -z --stdin [21ms]
2026-09-12 14:37:10.891 [info] > git config --get commit.template [2ms]
2026-09-12 14:37:10.900 [info] > git for-each-ref --format=%(refname)%00%(upstream:short)%00%(objectname)%00%(upstream:track)%00%(upstream:remotename)%00%(upstream:remoteref) refs/heads/main refs/remotes/main [2ms]
2026-09-12 14:37:10.920 [info] > git for-each-ref --sort -committerdate --format %(refname)%00%(objectname)%00%(*objectname) [7ms]
2026-09-12 14:37:10.927 [info] > git status -z -uall [22ms]
2026-09-12 14:37:11.251 [info] > git check-ignore -v -z --stdin [2ms]
2026-09-12 14:37:12.905 [info] > git check-ignore -v -z --stdin [4ms]
2026-09-12 14:37:13.207 [info] > git check-ignore -v -z --stdin [3ms]
2026-09-12 14:37:14.572 [info] > git check-ignore -v -z --stdin [3ms]
2026-09-12 14:37:15.629 [info] > git check-ignore -v -z --stdin [2ms]
2026-09-12 14:37:15.951 [info] > git config --get commit.template [8ms]
2026-09-12 14:37:15.958 [info] > git for-each-ref --format=%(refname)%00%(upstream:short)%00%(objectname)%00%(upstream:track)%00%(upstream:remotename)%00%(upstream:remoteref) refs/heads/main refs/remotes/main [8ms]
2026-09-12 14:37:15.993 [info] > git status -z -uall [16ms]
2026-09-12 14:37:15.996 [info] > git for-each-ref --sort -committerdate --format %(refname)%00%(objectname)%00%(*objectname) [3ms]
2026-09-12 14:37:16.328 [info] > git check-ignore -v -z --stdin [2ms]
2026-09-12 14:37:17.047 [info] > git check-ignore -v -z --stdin [1ms]
2026-09-12 14:37:17.312 [info] > git check-ignore -v -z --stdin [2ms]
2026-09-12 14:37:18.357 [info] > git check-ignore -v -z --stdin [2ms]
2026-09-12 14:37:18.818 [info] > git check-ignore -v -z --stdin [2ms]
2026-09-12 14:37:19.434 [info] > git check-ignore -v -z --stdin [4ms]
2026-09-12 14:37:20.953 [info] > git check-ignore -v -z --stdin [2ms]
2026-09-12 14:37:21.021 [info] > git config --get commit.template [3ms]
2026-09-12 14:37:21.041 [info] > git for-each-ref --format=%(refname)%00%(upstream:short)%00%(objectname)%00%(upstream:track)%00%(upstream:remotename)%00%(upstream:remoteref) refs/heads/main refs/remotes/main [10ms]
2026-09-12 14:37:21.064 [info] > git for-each-ref --sort -committerdate --format %(refname)%00%(objectname)%00%(*objectname) [4ms]
2026-09-12 14:37:21.067 [info] > git status -z -uall [14ms]
2026-09-12 14:37:21.383 [info] > git check-ignore -v -z --stdin [2ms]
2026-09-12 14:37:22.107 [info] > git check-ignore -v -z --stdin [4ms]
2026-09-12 14:37:22.565 [info] > git check-ignore -v -z --stdin [3ms]
2026-09-12 14:37:23.774 [info] > git check-ignore -v -z --stdin [4ms]
2026-09-12 14:37:25.861 [info] > git check-ignore -v -z --stdin [2ms]
2026-09-12 14:37:26.093 [info] > git config --get commit.template [8ms]
2026-09-12 14:37:26.094 [info] > git for-each-ref --format=%(refname)%00%(upstream:short)%00%(objectname)%00%(upstream:track)%00%(upstream:remotename)%00%(upstream:remoteref) refs/heads/main refs/remotes/main [2ms]
2026-09-12 14:37:26.111 [info] > git for-each-ref --sort -committerdate --format %(refname)%00%(objectname)%00%(*objectname) [4ms]
2026-09-12 14:37:26.124 [info] > git status -z -uall [23ms]
2026-09-12 14:37:26.459 [info] > git check-ignore -v -z --stdin [3ms]
2026-09-12 14:37:26.705 [info] > git check-ignore -v -z --stdin [2ms]
2026-09-12 14:37:27.335 [info] > git check-ignore -v -z --stdin [2ms]
2026-09-12 14:37:28.414 [info] > git check-ignore -v -z --stdin [4ms]
2026-09-12 14:37:28.766 [info] > git check-ignore -v -z --stdin [4ms]
2026-09-12 14:37:29.375 [info] > git check-ignore -v -z --stdin [3ms]
2026-09-12 14:37:29.695 [info] > git check-ignore -v -z --stdin [2ms]
2026-09-12 14:37:31.162 [info] > git config --get commit.template [5ms]
2026-09-12 14:37:31.177 [info] > git for-each-ref --format=%(refname)%00%(upstream:short)%00%(objectname)%00%(upstream:track)%00%(upstream:remotename)%00%(upstream:remoteref) refs/heads/main refs/remotes/main [5ms]
2026-09-12 14:37:31.212 [info] > git status -z -uall [14ms]
2026-09-12 14:37:31.213 [info] > git for-each-ref --sort -committerdate --format %(refname)%00%(objectname)%00%(*objectname) [3ms]
2026-09-12 14:37:31.304 [info] > git check-ignore -v -z --stdin [2ms]
2026-09-12 14:37:31.535 [info] > git check-ignore -v -z --stdin [3ms]
2026-09-12 14:37:31.891 [info] > git check-ignore -v -z --stdin [3ms]
2026-09-12 14:37:32.263 [info] > git check-ignore -v -z --stdin [2ms]
2026-09-12 14:37:32.862 [info] > git check-ignore -v -z --stdin [3ms]
2026-09-12 14:37:33.118 [info] > git check-ignore -v -z --stdin [2ms]
2026-09-12 14:37:33.567 [info] > git check-ignore -v -z --stdin [2ms]
2026-09-12 14:37:34.106 [info] > git check-ignore -v -z --stdin [6ms]
2026-09-12 14:37:34.583 [info] > git check-ignore -v -z --stdin [3ms]
2026-09-12 14:37:35.016 [info] > git check-ignore -v -z --stdin [5ms]
2026-09-12 14:37:35.998 [info] > git check-ignore -v -z --stdin [2ms]
2026-09-12 14:37:36.236 [info] > git config --get commit.template [8ms]
2026-09-12 14:37:36.239 [info] > git for-each-ref --format=%(refname)%00%(upstream:short)%00%(objectname)%00%(upstream:track)%00%(upstream:remotename)%00%(upstream:remoteref) refs/heads/main refs/remotes/main [4ms]
2026-09-12 14:37:36.262 [info] > git for-each-ref --sort -committerdate --format %(refname)%00%(objectname)%00%(*objectname) [3ms]
2026-09-12 14:37:36.264 [info] > git status -z -uall [13ms]
2026-09-12 14:37:36.589 [info] > git check-ignore -v -z --stdin [2ms]
2026-09-12 14:37:41.285 [info] > git config --get commit.template [6ms]
2026-09-12 14:37:41.287 [info] > git for-each-ref --format=%(refname)%00%(upstream:short)%00%(objectname)%00%(upstream:track)%00%(upstream:remotename)%00%(upstream:remoteref) refs/heads/main refs/remotes/main [2ms]
2026-09-12 14:37:41.312 [info] > git status -z -uall [18ms]
2026-09-12 14:37:41.312 [info] > git for-each-ref --sort -committerdate --format %(refname)%00%(objectname)%00%(*objectname) [9ms]
2026-09-12 14:37:41.659 [info] > git check-ignore -v -z --stdin [2ms]
2026-09-12 14:37:47.363 [info] > git check-ignore -v -z --stdin [4ms]
2026-09-12 14:37:48.685 [info] > git check-ignore -v -z --stdin [6ms]
2026-09-12 14:37:49.277 [info] > git config --get commit.template [9ms]
2026-09-12 14:37:49.280 [info] > git for-each-ref --format=%(refname)%00%(upstream:short)%00%(objectname)%00%(upstream:track)%00%(upstream:remotename)%00%(upstream:remoteref) refs/heads/main refs/remotes/main [4ms]
2026-09-12 14:37:49.306 [info] > git status -z -uall [18ms]
2026-09-12 14:37:49.321 [info] > git for-each-ref --sort -committerdate --format %(refname)%00%(objectname)%00%(*objectname) [22ms]
2026-09-12 14:37:49.343 [info] > git check-ignore -v -z --stdin [3ms]
2026-09-12 14:37:49.650 [info] > git check-ignore -v -z --stdin [3ms]
2026-09-12 14:37:51.066 [info] > git check-ignore -v -z --stdin [3ms]
2026-09-12 14:37:51.546 [info] > git check-ignore -v -z --stdin [2ms]
2026-09-12 14:37:52.273 [info] > git check-ignore -v -z --stdin [2ms]
2026-09-12 14:37:52.829 [info] > git check-ignore -v -z --stdin [2ms]
2026-09-12 14:37:54.363 [info] > git config --get commit.template [20ms]
2026-09-12 14:37:54.366 [info] > git for-each-ref --format=%(refname)%00%(upstream:short)%00%(objectname)%00%(upstream:track)%00%(upstream:remotename)%00%(upstream:remoteref) refs/heads/main refs/remotes/main [4ms]
2026-09-12 14:37:54.404 [info] > git for-each-ref --sort -committerdate --format %(refname)%00%(objectname)%00%(*objectname) [5ms]
2026-09-12 14:37:54.411 [info] > git status -z -uall [26ms]
2026-09-12 14:37:54.745 [info] > git check-ignore -v -z --stdin [2ms]
2026-09-12 14:37:59.442 [info] > git config --get commit.template [11ms]
2026-09-12 14:37:59.447 [info] > git for-each-ref --format=%(refname)%00%(upstream:short)%00%(objectname)%00%(upstream:track)%00%(upstream:remotename)%00%(upstream:remoteref) refs/heads/main refs/remotes/main [6ms]
2026-09-12 14:37:59.493 [info] > git for-each-ref --sort -committerdate --format %(refname)%00%(objectname)%00%(*objectname) [6ms]
2026-09-12 14:37:59.499 [info] > git status -z -uall [29ms]
2026-09-12 14:38:13.142 [info] > git check-ignore -v -z --stdin [24ms]
2026-09-12 14:38:13.223 [info] > git show --textconv :Python/django/SOA/OrientationApp/templates/Orientation.html [14ms]
2026-09-12 14:38:13.233 [info] > git ls-files --stage -- Python/django/SOA/OrientationApp/templates/Orientation.html [11ms]
2026-09-12 14:38:13.271 [info] > git cat-file -s 13af512edcfe005a9cf1a537e2d521be3548f5fe [13ms]
2026-09-12 14:38:15.621 [info] > git check-ignore -v -z --stdin [3ms]
2026-09-12 14:38:16.209 [info] > git check-ignore -v -z --stdin [3ms]
2026-09-12 14:38:16.557 [info] > git check-ignore -v -z --stdin [2ms]
2026-09-12 14:38:17.370 [info] > git check-ignore -v -z --stdin [2ms]
2026-09-12 14:38:19.268 [info] > git config --get commit.template [1ms]
2026-09-12 14:38:19.278 [info] > git for-each-ref --format=%(refname)%00%(upstream:short)%00%(objectname)%00%(upstream:track)%00%(upstream:remotename)%00%(upstream:remoteref) refs/heads/main refs/remotes/main [4ms]
2026-09-12 14:38:19.295 [info] > git for-each-ref --sort -committerdate --format %(refname)%00%(objectname)%00%(*objectname) [2ms]
2026-09-12 14:38:19.302 [info] > git status -z -uall [16ms]
2026-09-12 14:38:19.632 [info] > git check-ignore -v -z --stdin [4ms]
2026-09-12 14:38:21.275 [info] > git check-ignore -v -z --stdin [10ms]
2026-09-12 14:38:22.288 [info] > git check-ignore -v -z --stdin [3ms]
2026-09-12 14:38:24.333 [info] > git config --get commit.template [3ms]
2026-09-12 14:38:24.346 [info] > git for-each-ref --format=%(refname)%00%(upstream:short)%00%(objectname)%00%(upstream:track)%00%(upstream:remotename)%00%(upstream:remoteref) refs/heads/main refs/remotes/main [3ms]
2026-09-12 14:38:24.371 [info] > git for-each-ref --sort -committerdate --format %(refname)%00%(objectname)%00%(*objectname) [2ms]
2026-09-12 14:38:24.374 [info] > git status -z -uall [15ms]
2026-09-12 14:38:24.700 [info] > git check-ignore -v -z --stdin [3ms]
2026-09-12 14:38:25.033 [info] > git check-ignore -v -z --stdin [3ms]
2026-09-12 14:38:25.853 [info] > git check-ignore -v -z --stdin [5ms]
2026-09-12 14:38:26.768 [info] > git check-ignore -v -z --stdin [5ms]
2026-09-12 14:38:29.406 [info] > git config --get commit.template [8ms]
2026-09-12 14:38:29.408 [info] > git for-each-ref --format=%(refname)%00%(upstream:short)%00%(objectname)%00%(upstream:track)%00%(upstream:remotename)%00%(upstream:remoteref) refs/heads/main refs/remotes/main [3ms]
2026-09-12 14:38:29.425 [info] > git for-each-ref --sort -committerdate --format %(refname)%00%(objectname)%00%(*objectname) [1ms]
2026-09-12 14:38:29.433 [info] > git status -z -uall [17ms]
2026-09-12 14:38:29.776 [info] > git check-ignore -v -z --stdin [6ms]
2026-09-12 14:38:30.045 [info] > git check-ignore -v -z --stdin [2ms]
2026-09-12 14:38:32.742 [info] > git check-ignore -v -z --stdin [1ms]
2026-09-12 14:38:34.461 [info] > git config --get commit.template [2ms]
2026-09-12 14:38:34.474 [info] > git for-each-ref --format=%(refname)%00%(upstream:short)%00%(objectname)%00%(upstream:track)%00%(upstream:remotename)%00%(upstream:remoteref) refs/heads/main refs/remotes/main [2ms]
2026-09-12 14:38:34.502 [info] > git for-each-ref --sort -committerdate --format %(refname)%00%(objectname)%00%(*objectname) [2ms]
2026-09-12 14:38:34.504 [info] > git status -z -uall [14ms]
2026-09-12 14:38:34.846 [info] > git check-ignore -v -z --stdin [4ms]
2026-09-12 14:38:39.554 [info] > git config --get commit.template [23ms]
2026-09-12 14:38:39.555 [info] > git for-each-ref --format=%(refname)%00%(upstream:short)%00%(objectname)%00%(upstream:track)%00%(upstream:remotename)%00%(upstream:remoteref) refs/heads/main refs/remotes/main [8ms]
2026-09-12 14:38:39.586 [info] > git for-each-ref --sort -committerdate --format %(refname)%00%(objectname)%00%(*objectname) [3ms]
2026-09-12 14:38:39.591 [info] > git status -z -uall [19ms]
2026-09-12 14:38:39.928 [info] > git check-ignore -v -z --stdin [6ms]
2026-09-12 14:40:19.486 [info] > git check-ignore -v -z --stdin [3ms]
2026-09-12 14:40:20.868 [info] > git check-ignore -v -z --stdin [3ms]
2026-09-12 14:40:21.347 [info] > git check-ignore -v -z --stdin [3ms]
2026-09-12 14:40:21.384 [info] > git config --get commit.template [10ms]
2026-09-12 14:40:21.388 [info] > git for-each-ref --format=%(refname)%00%(upstream:short)%00%(objectname)%00%(upstream:track)%00%(upstream:remotename)%00%(upstream:remoteref) refs/heads/main refs/remotes/main [5ms]
2026-09-12 14:40:21.409 [info] > git for-each-ref --sort -committerdate --format %(refname)%00%(objectname)%00%(*objectname) [4ms]
2026-09-12 14:40:21.411 [info] > git status -z -uall [14ms]
2026-09-12 14:40:21.760 [info] > git check-ignore -v -z --stdin [4ms]
2026-09-12 14:40:22.317 [info] > git check-ignore -v -z --stdin [5ms]
2026-09-12 14:40:22.528 [info] > git check-ignore -v -z --stdin [2ms]
2026-09-12 14:40:23.193 [info] > git check-ignore -v -z --stdin [3ms]
2026-09-12 14:40:23.404 [info] > git check-ignore -v -z --stdin [2ms]
2026-09-12 14:40:25.340 [info] > git check-ignore -v -z --stdin [2ms]
2026-09-12 14:40:26.438 [info] > git config --get commit.template [10ms]
2026-09-12 14:40:26.439 [info] > git for-each-ref --format=%(refname)%00%(upstream:short)%00%(objectname)%00%(upstream:track)%00%(upstream:remotename)%00%(upstream:remoteref) refs/heads/main refs/remotes/main [2ms]
2026-09-12 14:40:26.461 [info] > git for-each-ref --sort -committerdate --format %(refname)%00%(objectname)%00%(*objectname) [4ms]
2026-09-12 14:40:26.464 [info] > git status -z -uall [14ms]
2026-09-12 14:40:26.797 [info] > git check-ignore -v -z --stdin [3ms]
2026-09-12 14:40:27.597 [info] > git check-ignore -v -z --stdin [7ms]
2026-09-12 14:40:28.607 [info] > git check-ignore -v -z --stdin [2ms]
2026-09-12 14:40:29.560 [info] > git check-ignore -v -z --stdin [4ms]
2026-09-12 14:40:30.513 [info] > git check-ignore -v -z --stdin [3ms]
2026-09-12 14:40:30.848 [info] > git check-ignore -v -z --stdin [3ms]
2026-09-12 14:40:31.495 [info] > git config --get commit.template [11ms]
2026-09-12 14:40:31.497 [info] > git for-each-ref --format=%(refname)%00%(upstream:short)%00%(objectname)%00%(upstream:track)%00%(upstream:remotename)%00%(upstream:remoteref) refs/heads/main refs/remotes/main [2ms]
2026-09-12 14:40:31.513 [info] > git for-each-ref --sort -committerdate --format %(refname)%00%(objectname)%00%(*objectname) [0ms]
2026-09-12 14:40:31.520 [info] > git status -z -uall [14ms]
2026-09-12 14:40:31.585 [info] > git check-ignore -v -z --stdin [2ms]
2026-09-12 14:40:31.869 [info] > git check-ignore -v -z --stdin [2ms]
2026-09-12 14:40:32.230 [info] > git check-ignore -v -z --stdin [2ms]
2026-09-12 14:40:32.697 [info] > git check-ignore -v -z --stdin [5ms]
2026-09-12 14:40:33.240 [info] > git check-ignore -v -z --stdin [2ms]
2026-09-12 14:40:33.460 [info] > git check-ignore -v -z --stdin [2ms]
2026-09-12 14:40:35.947 [info] > git check-ignore -v -z --stdin [2ms]
2026-09-12 14:40:36.335 [info] > git check-ignore -v -z --stdin [6ms]
2026-09-12 14:40:36.549 [info] > git config --get commit.template [9ms]
2026-09-12 14:40:36.551 [info] > git for-each-ref --format=%(refname)%00%(upstream:short)%00%(objectname)%00%(upstream:track)%00%(upstream:remotename)%00%(upstream:remoteref) refs/heads/main refs/remotes/main [3ms]
2026-09-12 14:40:36.570 [info] > git status -z -uall [13ms]
2026-09-12 14:40:36.571 [info] > git for-each-ref --sort -committerdate --format %(refname)%00%(objectname)%00%(*objectname) [5ms]
2026-09-12 14:40:36.649 [info] > git check-ignore -v -z --stdin [3ms]
2026-09-12 14:40:36.955 [info] > git check-ignore -v -z --stdin [4ms]
2026-09-12 14:40:37.472 [info] > git check-ignore -v -z --stdin [3ms]
2026-09-12 14:40:40.447 [info] > git check-ignore -v -z --stdin [1ms]
2026-09-12 14:40:41.157 [info] > git check-ignore -v -z --stdin [2ms]
2026-09-12 14:40:41.603 [info] > git config --get commit.template [14ms]
2026-09-12 14:40:41.604 [info] > git for-each-ref --format=%(refname)%00%(upstream:short)%00%(objectname)%00%(upstream:track)%00%(upstream:remotename)%00%(upstream:remoteref) refs/heads/main refs/remotes/main [2ms]
2026-09-12 14:40:41.654 [info] > git status -z -uall [35ms]
2026-09-12 14:40:41.655 [info] > git for-each-ref --sort -committerdate --format %(refname)%00%(objectname)%00%(*objectname) [5ms]
2026-09-12 14:40:42.049 [info] > git check-ignore -v -z --stdin [2ms]
2026-09-12 14:40:42.493 [info] > git check-ignore -v -z --stdin [2ms]
2026-09-12 14:40:43.138 [info] > git check-ignore -v -z --stdin [2ms]
2026-09-12 14:40:43.875 [info] > git check-ignore -v -z --stdin [2ms]
2026-09-12 14:40:44.414 [info] > git check-ignore -v -z --stdin [2ms]
2026-09-12 14:40:44.696 [info] > git check-ignore -v -z --stdin [5ms]
2026-09-12 14:40:45.453 [info] > git check-ignore -v -z --stdin [4ms]
2026-09-12 14:40:46.905 [info] > git check-ignore -v -z --stdin [3ms]
2026-09-12 14:40:47.131 [info] > git check-ignore -v -z --stdin [3ms]
2026-09-12 14:40:47.375 [info] > git config --get commit.template [1ms]
2026-09-12 14:40:47.394 [info] > git for-each-ref --format=%(refname)%00%(upstream:short)%00%(objectname)%00%(upstream:track)%00%(upstream:remotename)%00%(upstream:remoteref) refs/heads/main refs/remotes/main [5ms]
2026-09-12 14:40:47.417 [info] > git for-each-ref --sort -committerdate --format %(refname)%00%(objectname)%00%(*objectname) [2ms]
2026-09-12 14:40:47.422 [info] > git status -z -uall [16ms]
2026-09-12 14:40:47.752 [info] > git check-ignore -v -z --stdin [2ms]
2026-09-12 14:40:48.051 [info] > git check-ignore -v -z --stdin [1ms]
2026-09-12 14:40:48.964 [info] > git check-ignore -v -z --stdin [4ms]
2026-09-12 14:40:49.694 [info] > git check-ignore -v -z --stdin [2ms]
2026-09-12 14:40:52.457 [info] > git config --get commit.template [15ms]
2026-09-12 14:40:52.459 [info] > git for-each-ref --format=%(refname)%00%(upstream:short)%00%(objectname)%00%(upstream:track)%00%(upstream:remotename)%00%(upstream:remoteref) refs/heads/main refs/remotes/main [3ms]
2026-09-12 14:40:52.487 [info] > git for-each-ref --sort -committerdate --format %(refname)%00%(objectname)%00%(*objectname) [5ms]
2026-09-12 14:40:52.502 [info] > git status -z -uall [29ms]
2026-09-12 14:40:52.866 [info] > git check-ignore -v -z --stdin [7ms]
2026-09-12 14:40:55.119 [info] > git check-ignore -v -z --stdin [19ms]
2026-09-12 14:40:55.200 [info] > git show --textconv :Python/django/SOA/OrientationApp/views.py [48ms]
2026-09-12 14:40:55.205 [info] > git ls-files --stage -- Python/django/SOA/OrientationApp/views.py [6ms]
2026-09-12 14:40:55.239 [info] > git cat-file -s a409af7d5fe6ef2a9c6148795980612bca67ea42 [4ms]
2026-09-12 14:41:02.427 [info] > git check-ignore -v -z --stdin [22ms]
2026-09-12 14:41:02.471 [info] > git show --textconv :Python/django/SOA/OrientationApp/templates/Orientation.html [15ms]
2026-09-12 14:41:02.479 [info] > git ls-files --stage -- Python/django/SOA/OrientationApp/templates/Orientation.html [9ms]
2026-09-12 14:41:02.521 [info] > git cat-file -s 13af512edcfe005a9cf1a537e2d521be3548f5fe [18ms]
2026-09-12 14:41:06.368 [info] > git check-ignore -v -z --stdin [4ms]
2026-09-12 14:41:07.190 [info] > git check-ignore -v -z --stdin [9ms]
2026-09-12 14:41:07.477 [info] > git check-ignore -v -z --stdin [2ms]
2026-09-12 14:41:08.227 [info] > git check-ignore -v -z --stdin [1ms]
2026-09-12 14:41:08.672 [info] > git check-ignore -v -z --stdin [1ms]
2026-09-12 14:41:09.026 [info] > git check-ignore -v -z --stdin [6ms]
2026-09-12 14:41:09.495 [info] > git check-ignore -v -z --stdin [2ms]
2026-09-12 14:41:09.701 [info] > git check-ignore -v -z --stdin [2ms]
2026-09-12 14:41:12.324 [info] > git config --get commit.template [10ms]
2026-09-12 14:41:12.327 [info] > git for-each-ref --format=%(refname)%00%(upstream:short)%00%(objectname)%00%(upstream:track)%00%(upstream:remotename)%00%(upstream:remoteref) refs/heads/main refs/remotes/main [3ms]
2026-09-12 14:41:12.352 [info] > git for-each-ref --sort -committerdate --format %(refname)%00%(objectname)%00%(*objectname) [3ms]
2026-09-12 14:41:12.360 [info] > git status -z -uall [21ms]
2026-09-12 14:41:12.686 [info] > git check-ignore -v -z --stdin [2ms]
2026-09-12 14:41:17.383 [info] > git check-ignore -v -z --stdin [6ms]
2026-09-12 14:41:18.724 [info] > git check-ignore -v -z --stdin [2ms]
2026-09-12 14:41:19.335 [info] > git config --get commit.template [9ms]
2026-09-12 14:41:19.367 [info] > git for-each-ref --format=%(refname)%00%(upstream:short)%00%(objectname)%00%(upstream:track)%00%(upstream:remotename)%00%(upstream:remoteref) refs/heads/main refs/remotes/main [15ms]
2026-09-12 14:41:19.397 [info] > git for-each-ref --sort -committerdate --format %(refname)%00%(objectname)%00%(*objectname) [4ms]
2026-09-12 14:41:19.414 [info] > git status -z -uall [30ms]
2026-09-12 14:41:19.476 [info] > git check-ignore -v -z --stdin [1ms]
2026-09-12 14:41:20.001 [info] > git check-ignore -v -z --stdin [3ms]
2026-09-12 14:41:20.820 [info] > git check-ignore -v -z --stdin [6ms]
2026-09-12 14:41:22.686 [info] > git check-ignore -v -z --stdin [10ms]
2026-09-12 14:41:24.454 [info] > git config --get commit.template [14ms]
2026-09-12 14:41:24.458 [info] > git for-each-ref --format=%(refname)%00%(upstream:short)%00%(objectname)%00%(upstream:track)%00%(upstream:remotename)%00%(upstream:remoteref) refs/heads/main refs/remotes/main [5ms]
2026-09-12 14:41:24.490 [info] > git for-each-ref --sort -committerdate --format %(refname)%00%(objectname)%00%(*objectname) [7ms]
2026-09-12 14:41:24.505 [info] > git status -z -uall [33ms]
2026-09-12 14:41:24.645 [info] > git check-ignore -v -z --stdin [8ms]
2026-09-12 14:41:24.836 [info] > git check-ignore -v -z --stdin [1ms]
2026-09-12 14:41:27.955 [info] > git check-ignore -v -z --stdin [4ms]
2026-09-12 14:41:28.946 [info] > git check-ignore -v -z --stdin [2ms]
2026-09-12 14:41:29.526 [info] > git config --get commit.template [2ms]
2026-09-12 14:41:29.538 [info] > git for-each-ref --format=%(refname)%00%(upstream:short)%00%(objectname)%00%(upstream:track)%00%(upstream:remotename)%00%(upstream:remoteref) refs/heads/main refs/remotes/main [5ms]
2026-09-12 14:41:29.559 [info] > git for-each-ref --sort -committerdate --format %(refname)%00%(objectname)%00%(*objectname) [2ms]
2026-09-12 14:41:29.564 [info] > git status -z -uall [16ms]
2026-09-12 14:41:29.885 [info] > git check-ignore -v -z --stdin [3ms]
2026-09-12 14:41:30.661 [info] > git check-ignore -v -z --stdin [2ms]
2026-09-12 14:41:33.566 [info] > git check-ignore -v -z --stdin [5ms]
2026-09-12 14:41:34.361 [info] > git check-ignore -v -z --stdin [3ms]
2026-09-12 14:41:34.581 [info] > git config --get commit.template [3ms]
2026-09-12 14:41:34.595 [info] > git for-each-ref --format=%(refname)%00%(upstream:short)%00%(objectname)%00%(upstream:track)%00%(upstream:remotename)%00%(upstream:remoteref) refs/heads/main refs/remotes/main [7ms]
2026-09-12 14:41:34.596 [info] > git check-ignore -v -z --stdin [2ms]
2026-09-12 14:41:34.612 [info] > git for-each-ref --sort -committerdate --format %(refname)%00%(objectname)%00%(*objectname) [2ms]
2026-09-12 14:41:34.618 [info] > git status -z -uall [14ms]
2026-09-12 14:41:34.944 [info] > git check-ignore -v -z --stdin [3ms]
2026-09-12 14:41:36.101 [info] > git check-ignore -v -z --stdin [3ms]
2026-09-12 14:41:36.490 [info] > git check-ignore -v -z --stdin [2ms]
2026-09-12 14:41:39.586 [info] > git check-ignore -v -z --stdin [2ms]
2026-09-12 14:41:39.638 [info] > git config --get commit.template [3ms]
2026-09-12 14:41:39.648 [info] > git for-each-ref --format=%(refname)%00%(upstream:short)%00%(objectname)%00%(upstream:track)%00%(upstream:remotename)%00%(upstream:remoteref) refs/heads/main refs/remotes/main [3ms]
2026-09-12 14:41:39.677 [info] > git for-each-ref --sort -committerdate --format %(refname)%00%(objectname)%00%(*objectname) [8ms]
2026-09-12 14:41:39.680 [info] > git status -z -uall [23ms]
2026-09-12 14:41:40.015 [info] > git check-ignore -v -z --stdin [5ms]
2026-09-12 14:41:40.222 [info] > git check-ignore -v -z --stdin [4ms]
2026-09-12 14:41:40.655 [info] > git check-ignore -v -z --stdin [2ms]
2026-09-12 14:41:40.923 [info] > git check-ignore -v -z --stdin [2ms]
2026-09-12 14:41:41.530 [info] > git check-ignore -v -z --stdin [2ms]
2026-09-12 14:41:42.043 [info] > git check-ignore -v -z --stdin [2ms]
2026-09-12 14:41:42.355 [info] > git check-ignore -v -z --stdin [15ms]
2026-09-12 14:41:42.912 [info] > git check-ignore -v -z --stdin [3ms]
2026-09-12 14:41:43.327 [info] > git check-ignore -v -z --stdin [1ms]
2026-09-12 14:41:44.047 [info] > git check-ignore -v -z --stdin [3ms]
2026-09-12 14:41:44.438 [info] > git check-ignore -v -z --stdin [3ms]
2026-09-12 14:41:44.970 [info] > git check-ignore -v -z --stdin [4ms]
2026-09-12 14:41:45.597 [info] > git check-ignore -v -z --stdin [5ms]
2026-09-12 14:41:45.880 [info] > git check-ignore -v -z --stdin [5ms]
2026-09-12 14:41:46.856 [info] > git check-ignore -v -z --stdin [4ms]
2026-09-12 14:41:48.048 [info] > git check-ignore -v -z --stdin [3ms]
2026-09-12 14:41:48.781 [info] > git config --get commit.template [2ms]
2026-09-12 14:41:48.804 [info] > git for-each-ref --format=%(refname)%00%(upstream:short)%00%(objectname)%00%(upstream:track)%00%(upstream:remotename)%00%(upstream:remoteref) refs/heads/main refs/remotes/main [4ms]
2026-09-12 14:41:48.835 [info] > git for-each-ref --sort -committerdate --format %(refname)%00%(objectname)%00%(*objectname) [2ms]
2026-09-12 14:41:48.842 [info] > git status -z -uall [23ms]
2026-09-12 14:41:49.188 [info] > git check-ignore -v -z --stdin [4ms]
2026-09-12 14:41:49.453 [info] > git check-ignore -v -z --stdin [3ms]
2026-09-12 14:41:51.440 [info] > git check-ignore -v -z --stdin [2ms]
2026-09-12 14:41:52.259 [info] > git check-ignore -v -z --stdin [2ms]
2026-09-12 14:41:53.866 [info] > git config --get commit.template [2ms]
2026-09-12 14:41:53.878 [info] > git for-each-ref --format=%(refname)%00%(upstream:short)%00%(objectname)%00%(upstream:track)%00%(upstream:remotename)%00%(upstream:remoteref) refs/heads/main refs/remotes/main [3ms]
2026-09-12 14:41:53.900 [info] > git for-each-ref --sort -committerdate --format %(refname)%00%(objectname)%00%(*objectname) [2ms]
2026-09-12 14:41:53.906 [info] > git status -z -uall [16ms]
2026-09-12 14:41:54.232 [info] > git check-ignore -v -z --stdin [3ms]
2026-09-12 14:41:58.935 [info] > git config --get commit.template [11ms]
2026-09-12 14:41:58.940 [info] > git for-each-ref --format=%(refname)%00%(upstream:short)%00%(objectname)%00%(upstream:track)%00%(upstream:remotename)%00%(upstream:remoteref) refs/heads/main refs/remotes/main [5ms]
2026-09-12 14:41:58.968 [info] > git status -z -uall [18ms]
2026-09-12 14:41:58.968 [info] > git for-each-ref --sort -committerdate --format %(refname)%00%(objectname)%00%(*objectname) [8ms]
2026-09-12 14:41:59.298 [info] > git check-ignore -v -z --stdin [5ms]
2026-09-12 14:42:06.193 [info] > git check-ignore -v -z --stdin [2ms]
2026-09-12 14:42:08.179 [info] > git config --get commit.template [8ms]
2026-09-12 14:42:08.201 [info] > git for-each-ref --format=%(refname)%00%(upstream:short)%00%(objectname)%00%(upstream:track)%00%(upstream:remotename)%00%(upstream:remoteref) refs/heads/main refs/remotes/main [5ms]
2026-09-12 14:42:08.222 [info] > git for-each-ref --sort -committerdate --format %(refname)%00%(objectname)%00%(*objectname) [3ms]
2026-09-12 14:42:08.226 [info] > git status -z -uall [13ms]
2026-09-12 14:42:08.569 [info] > git check-ignore -v -z --stdin [3ms]
2026-09-12 14:42:10.839 [info] > git check-ignore -v -z --stdin [3ms]
2026-09-12 14:42:12.977 [info] > git check-ignore -v -z --stdin [2ms]
2026-09-12 14:42:13.256 [info] > git config --get commit.template [13ms]
2026-09-12 14:42:13.258 [info] > git for-each-ref --format=%(refname)%00%(upstream:short)%00%(objectname)%00%(upstream:track)%00%(upstream:remotename)%00%(upstream:remoteref) refs/heads/main refs/remotes/main [4ms]
2026-09-12 14:42:13.287 [info] > git status -z -uall [17ms]
2026-09-12 14:42:13.288 [info] > git for-each-ref --sort -committerdate --format %(refname)%00%(objectname)%00%(*objectname) [4ms]
2026-09-12 14:42:13.623 [info] > git check-ignore -v -z --stdin [3ms]
2026-09-12 14:42:14.089 [info] > git check-ignore -v -z --stdin [3ms]
2026-09-12 14:42:15.106 [info] > git check-ignore -v -z --stdin [2ms]
2026-09-12 14:42:15.375 [info] > git check-ignore -v -z --stdin [3ms]
2026-09-12 14:42:16.186 [info] > git check-ignore -v -z --stdin [3ms]
2026-09-12 14:42:18.312 [info] > git config --get commit.template [9ms]
2026-09-12 14:42:18.317 [info] > git for-each-ref --format=%(refname)%00%(upstream:short)%00%(objectname)%00%(upstream:track)%00%(upstream:remotename)%00%(upstream:remoteref) refs/heads/main refs/remotes/main [6ms]
2026-09-12 14:42:18.340 [info] > git for-each-ref --sort -committerdate --format %(refname)%00%(objectname)%00%(*objectname) [3ms]
2026-09-12 14:42:18.347 [info] > git status -z -uall [17ms]
2026-09-12 14:42:18.673 [info] > git check-ignore -v -z --stdin [3ms]
2026-09-12 14:45:50.908 [info] > git check-ignore -v -z --stdin [3ms]
2026-09-12 14:45:50.960 [info] > git show --textconv :Python/django/SOA/OrientationApp/views.py [21ms]
2026-09-12 14:45:50.960 [info] > git ls-files --stage -- Python/django/SOA/OrientationApp/views.py [7ms]
2026-09-12 14:45:50.982 [info] > git cat-file -s a409af7d5fe6ef2a9c6148795980612bca67ea42 [9ms]
2026-09-12 14:45:54.627 [info] > git check-ignore -v -z --stdin [7ms]
2026-09-12 14:45:54.666 [info] > git show --textconv :Python/django/SOA/OrientationApp/logic.py [18ms]
2026-09-12 14:45:54.670 [info] > git ls-files --stage -- Python/django/SOA/OrientationApp/logic.py [16ms]
2026-09-12 14:45:54.678 [info] > git cat-file -s f3261da2e9cf2646e3aca90bc184a376caa65bcc [1ms]
2026-09-12 14:45:59.335 [info] > git check-ignore -v -z --stdin [2ms]
2026-09-12 14:46:01.250 [info] > git config --get commit.template [11ms]
2026-09-12 14:46:01.252 [info] > git for-each-ref --format=%(refname)%00%(upstream:short)%00%(objectname)%00%(upstream:track)%00%(upstream:remotename)%00%(upstream:remoteref) refs/heads/main refs/remotes/main [3ms]
2026-09-12 14:46:01.270 [info] > git for-each-ref --sort -committerdate --format %(refname)%00%(objectname)%00%(*objectname) [4ms]
2026-09-12 14:46:01.274 [info] > git status -z -uall [14ms]
2026-09-12 14:46:01.694 [info] > git check-ignore -v -z --stdin [8ms]
2026-09-12 14:46:01.978 [info] > git check-ignore -v -z --stdin [3ms]
2026-09-12 14:46:16.393 [info] > git config --get commit.template [3ms]
2026-09-12 14:46:16.431 [info] > git for-each-ref --format=%(refname)%00%(upstream:short)%00%(objectname)%00%(upstream:track)%00%(upstream:remotename)%00%(upstream:remoteref) refs/heads/main refs/remotes/main [13ms]
2026-09-12 14:46:16.483 [info] > git for-each-ref --sort -committerdate --format %(refname)%00%(objectname)%00%(*objectname) [18ms]
2026-09-12 14:46:16.498 [info] > git status -z -uall [48ms]
2026-09-12 14:46:16.894 [info] > git check-ignore -v -z --stdin [8ms]
2026-09-12 14:46:21.515 [info] > git check-ignore -v -z --stdin [6ms]
2026-09-12 14:46:23.646 [info] > git config --get commit.template [5ms]
2026-09-12 14:46:23.677 [info] > git for-each-ref --format=%(refname)%00%(upstream:short)%00%(objectname)%00%(upstream:track)%00%(upstream:remotename)%00%(upstream:remoteref) refs/heads/main refs/remotes/main [9ms]
2026-09-12 14:46:23.734 [info] > git status -z -uall [32ms]
2026-09-12 14:46:23.735 [info] > git for-each-ref --sort -committerdate --format %(refname)%00%(objectname)%00%(*objectname) [5ms]
2026-09-12 14:46:24.099 [info] > git check-ignore -v -z --stdin [2ms]
2026-09-12 14:46:27.591 [info] > git check-ignore -v -z --stdin [4ms]
2026-09-12 14:46:27.927 [info] > git check-ignore -v -z --stdin [2ms]
2026-09-12 14:46:28.313 [info] > git check-ignore -v -z --stdin [3ms]
2026-09-12 14:46:28.778 [info] > git config --get commit.template [22ms]
2026-09-12 14:46:28.779 [info] > git for-each-ref --format=%(refname)%00%(upstream:short)%00%(objectname)%00%(upstream:track)%00%(upstream:remotename)%00%(upstream:remoteref) refs/heads/main refs/remotes/main [8ms]
2026-09-12 14:46:28.823 [info] > git status -z -uall [24ms]
2026-09-12 14:46:28.828 [info] > git for-each-ref --sort -committerdate --format %(refname)%00%(objectname)%00%(*objectname) [7ms]
2026-09-12 14:46:29.169 [info] > git check-ignore -v -z --stdin [6ms]
2026-09-12 14:46:29.967 [info] > git check-ignore -v -z --stdin [12ms]
2026-09-12 14:46:33.134 [info] > git check-ignore -v -z --stdin [32ms]
2026-09-12 14:46:33.407 [info] > git check-ignore -v -z --stdin [4ms]
2026-09-12 14:46:33.873 [info] > git config --get commit.template [6ms]
2026-09-12 14:46:33.914 [info] > git for-each-ref --format=%(refname)%00%(upstream:short)%00%(objectname)%00%(upstream:track)%00%(upstream:remotename)%00%(upstream:remoteref) refs/heads/main refs/remotes/main [3ms]
2026-09-12 14:46:33.954 [info] > git status -z -uall [24ms]
2026-09-12 14:46:33.961 [info] > git for-each-ref --sort -committerdate --format %(refname)%00%(objectname)%00%(*objectname) [10ms]
2026-09-12 14:46:34.391 [info] > git check-ignore -v -z --stdin [2ms]
2026-09-12 14:46:35.225 [info] > git check-ignore -v -z --stdin [2ms]
2026-09-12 14:46:36.480 [info] > git check-ignore -v -z --stdin [10ms]
2026-09-12 14:46:36.870 [info] > git check-ignore -v -z --stdin [1ms]
2026-09-12 14:46:37.627 [info] > git check-ignore -v -z --stdin [5ms]
2026-09-12 14:46:38.940 [info] > git check-ignore -v -z --stdin [2ms]
2026-09-12 14:46:39.029 [info] > git config --get commit.template [3ms]
2026-09-12 14:46:39.072 [info] > git for-each-ref --format=%(refname)%00%(upstream:short)%00%(objectname)%00%(upstream:track)%00%(upstream:remotename)%00%(upstream:remoteref) refs/heads/main refs/remotes/main [7ms]
2026-09-12 14:46:39.118 [info] > git for-each-ref --sort -committerdate --format %(refname)%00%(objectname)%00%(*objectname) [8ms]
2026-09-12 14:46:39.124 [info] > git status -z -uall [33ms]
2026-09-12 14:46:39.460 [info] > git check-ignore -v -z --stdin [7ms]
2026-09-12 14:46:39.728 [info] > git check-ignore -v -z --stdin [6ms]
2026-09-12 14:46:43.273 [info] > git check-ignore -v -z --stdin [2ms]
2026-09-12 14:46:43.851 [info] > git check-ignore -v -z --stdin [2ms]
2026-09-12 14:46:44.152 [info] > git config --get commit.template [12ms]
2026-09-12 14:46:44.152 [info] > git for-each-ref --format=%(refname)%00%(upstream:short)%00%(objectname)%00%(upstream:track)%00%(upstream:remotename)%00%(upstream:remoteref) refs/heads/main refs/remotes/main [4ms]
2026-09-12 14:46:44.190 [info] > git for-each-ref --sort -committerdate --format %(refname)%00%(objectname)%00%(*objectname) [2ms]
2026-09-12 14:46:44.197 [info] > git status -z -uall [26ms]
2026-09-12 14:46:44.686 [info] > git check-ignore -v -z --stdin [8ms]
2026-09-12 14:46:45.083 [info] > git check-ignore -v -z --stdin [7ms]
2026-09-12 14:46:49.213 [info] > git config --get commit.template [2ms]
2026-09-12 14:46:49.224 [info] > git for-each-ref --format=%(refname)%00%(upstream:short)%00%(objectname)%00%(upstream:track)%00%(upstream:remotename)%00%(upstream:remoteref) refs/heads/main refs/remotes/main [2ms]
2026-09-12 14:46:49.263 [info] > git status -z -uall [24ms]
2026-09-12 14:46:49.265 [info] > git for-each-ref --sort -committerdate --format %(refname)%00%(objectname)%00%(*objectname) [9ms]
2026-09-12 14:46:49.609 [info] > git check-ignore -v -z --stdin [3ms]
2026-09-12 14:46:53.607 [info] > git check-ignore -v -z --stdin [4ms]
2026-09-12 14:46:54.139 [info] > git check-ignore -v -z --stdin [3ms]
2026-09-12 14:46:54.741 [info] > git check-ignore -v -z --stdin [2ms]
2026-09-12 14:46:55.227 [info] > git check-ignore -v -z --stdin [3ms]
2026-09-12 14:46:57.132 [info] > git config --get commit.template [7ms]
2026-09-12 14:46:57.156 [info] > git for-each-ref --format=%(refname)%00%(upstream:short)%00%(objectname)%00%(upstream:track)%00%(upstream:remotename)%00%(upstream:remoteref) refs/heads/main refs/remotes/main [3ms]
2026-09-12 14:46:57.189 [info] > git for-each-ref --sort -committerdate --format %(refname)%00%(objectname)%00%(*objectname) [3ms]
2026-09-12 14:46:57.193 [info] > git status -z -uall [22ms]
2026-09-12 14:46:57.519 [info] > git check-ignore -v -z --stdin [1ms]
2026-09-12 14:47:06.620 [info] > git check-ignore -v -z --stdin [2ms]
2026-09-12 14:47:06.870 [info] > git check-ignore -v -z --stdin [2ms]
2026-09-12 14:47:09.039 [info] > git config --get commit.template [1ms]
2026-09-12 14:47:09.056 [info] > git for-each-ref --format=%(refname)%00%(upstream:short)%00%(objectname)%00%(upstream:track)%00%(upstream:remotename)%00%(upstream:remoteref) refs/heads/main refs/remotes/main [3ms]
2026-09-12 14:47:09.092 [info] > git for-each-ref --sort -committerdate --format %(refname)%00%(objectname)%00%(*objectname) [4ms]
2026-09-12 14:47:09.098 [info] > git status -z -uall [30ms]
2026-09-12 14:47:09.437 [info] > git check-ignore -v -z --stdin [3ms]
2026-09-12 14:47:14.127 [info] > git config --get commit.template [13ms]
2026-09-12 14:47:14.128 [info] > git for-each-ref --format=%(refname)%00%(upstream:short)%00%(objectname)%00%(upstream:track)%00%(upstream:remotename)%00%(upstream:remoteref) refs/heads/main refs/remotes/main [3ms]
2026-09-12 14:47:14.155 [info] > git for-each-ref --sort -committerdate --format %(refname)%00%(objectname)%00%(*objectname) [2ms]
2026-09-12 14:47:14.161 [info] > git status -z -uall [21ms]
2026-09-12 14:47:14.484 [info] > git check-ignore -v -z --stdin [4ms]
2026-09-12 14:49:23.084 [info] > git check-ignore -v -z --stdin [6ms]
2026-09-12 14:49:25.025 [info] > git config --get commit.template [7ms]
2026-09-12 14:49:25.049 [info] > git for-each-ref --format=%(refname)%00%(upstream:short)%00%(objectname)%00%(upstream:track)%00%(upstream:remotename)%00%(upstream:remoteref) refs/heads/main refs/remotes/main [8ms]
2026-09-12 14:49:25.084 [info] > git for-each-ref --sort -committerdate --format %(refname)%00%(objectname)%00%(*objectname) [3ms]
2026-09-12 14:49:25.085 [info] > git status -z -uall [17ms]
2026-09-12 14:49:25.414 [info] > git check-ignore -v -z --stdin [3ms]
2026-09-12 14:49:28.122 [info] > git check-ignore -v -z --stdin [2ms]
2026-09-12 14:49:28.791 [info] > git check-ignore -v -z --stdin [2ms]
2026-09-12 14:49:30.118 [info] > git config --get commit.template [8ms]
2026-09-12 14:49:30.121 [info] > git for-each-ref --format=%(refname)%00%(upstream:short)%00%(objectname)%00%(upstream:track)%00%(upstream:remotename)%00%(upstream:remoteref) refs/heads/main refs/remotes/main [3ms]
2026-09-12 14:49:30.153 [info] > git status -z -uall [22ms]
2026-09-12 14:49:30.159 [info] > git for-each-ref --sort -committerdate --format %(refname)%00%(objectname)%00%(*objectname) [9ms]
2026-09-12 14:49:30.482 [info] > git check-ignore -v -z --stdin [1ms]
2026-09-12 14:49:32.467 [info] > git check-ignore -v -z --stdin [2ms]
2026-09-12 14:49:33.059 [info] > git check-ignore -v -z --stdin [4ms]
2026-09-12 14:49:33.888 [info] > git check-ignore -v -z --stdin [2ms]
2026-09-12 14:49:34.322 [info] > git check-ignore -v -z --stdin [2ms]
2026-09-12 14:49:34.562 [info] > git check-ignore -v -z --stdin [3ms]
2026-09-12 14:49:35.220 [info] > git config --get commit.template [35ms]
2026-09-12 14:49:35.222 [info] > git for-each-ref --format=%(refname)%00%(upstream:short)%00%(objectname)%00%(upstream:track)%00%(upstream:remotename)%00%(upstream:remoteref) refs/heads/main refs/remotes/main [12ms]
2026-09-12 14:49:35.263 [info] > git for-each-ref --sort -committerdate --format %(refname)%00%(objectname)%00%(*objectname) [5ms]
2026-09-12 14:49:35.274 [info] > git status -z -uall [30ms]
2026-09-12 14:49:35.607 [info] > git check-ignore -v -z --stdin [2ms]
2026-09-12 14:49:40.388 [info] > git config --get commit.template [55ms]
2026-09-12 14:49:40.391 [info] > git for-each-ref --format=%(refname)%00%(upstream:short)%00%(objectname)%00%(upstream:track)%00%(upstream:remotename)%00%(upstream:remoteref) refs/heads/main refs/remotes/main [13ms]
2026-09-12 14:49:40.461 [info] > git for-each-ref --sort -committerdate --format %(refname)%00%(objectname)%00%(*objectname) [8ms]
2026-09-12 14:49:40.465 [info] > git status -z -uall [41ms]
2026-09-12 14:49:40.795 [info] > git check-ignore -v -z --stdin [3ms]
2026-09-12 14:50:54.966 [info] > git check-ignore -v -z --stdin [19ms]
2026-09-12 14:50:55.010 [info] > git show --textconv :Python/django/SOA/OrientationApp/templates/Orientation.html [26ms]
2026-09-12 14:50:55.024 [info] > git ls-files --stage -- Python/django/SOA/OrientationApp/templates/Orientation.html [15ms]
2026-09-12 14:50:55.065 [info] > git cat-file -s 13af512edcfe005a9cf1a537e2d521be3548f5fe [5ms]
2026-09-12 14:50:58.968 [info] > git check-ignore -v -z --stdin [2ms]
2026-09-12 14:51:00.821 [info] > git check-ignore -v -z --stdin [2ms]
2026-09-12 14:51:00.861 [info] > git config --get commit.template [5ms]
2026-09-12 14:51:00.877 [info] > git for-each-ref --format=%(refname)%00%(upstream:short)%00%(objectname)%00%(upstream:track)%00%(upstream:remotename)%00%(upstream:remoteref) refs/heads/main refs/remotes/main [6ms]
2026-09-12 14:51:00.898 [info] > git for-each-ref --sort -committerdate --format %(refname)%00%(objectname)%00%(*objectname) [3ms]
2026-09-12 14:51:00.905 [info] > git status -z -uall [20ms]
2026-09-12 14:51:01.352 [info] > git check-ignore -v -z --stdin [3ms]
2026-09-12 14:51:02.221 [info] > git check-ignore -v -z --stdin [2ms]
2026-09-12 14:51:03.385 [info] > git check-ignore -v -z --stdin [2ms]
2026-09-12 14:51:05.940 [info] > git config --get commit.template [13ms]
2026-09-12 14:51:05.941 [info] > git for-each-ref --format=%(refname)%00%(upstream:short)%00%(objectname)%00%(upstream:track)%00%(upstream:remotename)%00%(upstream:remoteref) refs/heads/main refs/remotes/main [2ms]
2026-09-12 14:51:05.962 [info] > git status -z -uall [12ms]
2026-09-12 14:51:05.963 [info] > git for-each-ref --sort -committerdate --format %(refname)%00%(objectname)%00%(*objectname) [3ms]
2026-09-12 14:51:06.286 [info] > git check-ignore -v -z --stdin [3ms]
2026-09-12 14:51:10.620 [info] > git check-ignore -v -z --stdin [4ms]
2026-09-12 14:51:12.486 [info] > git config --get commit.template [10ms]
2026-09-12 14:51:12.488 [info] > git for-each-ref --format=%(refname)%00%(upstream:short)%00%(objectname)%00%(upstream:track)%00%(upstream:remotename)%00%(upstream:remoteref) refs/heads/main refs/remotes/main [4ms]
2026-09-12 14:51:12.507 [info] > git for-each-ref --sort -committerdate --format %(refname)%00%(objectname)%00%(*objectname) [3ms]
2026-09-12 14:51:12.512 [info] > git status -z -uall [14ms]
2026-09-12 14:51:12.870 [info] > git check-ignore -v -z --stdin [2ms]
2026-09-12 14:51:13.451 [info] > git check-ignore -v -z --stdin [4ms]
2026-09-12 14:51:13.897 [info] > git check-ignore -v -z --stdin [2ms]
2026-09-12 14:51:15.340 [info] > git check-ignore -v -z --stdin [3ms]
2026-09-12 14:51:16.166 [info] > git check-ignore -v -z --stdin [3ms]
2026-09-12 14:51:17.550 [info] > git config --get commit.template [13ms]
2026-09-12 14:51:17.552 [info] > git for-each-ref --format=%(refname)%00%(upstream:short)%00%(objectname)%00%(upstream:track)%00%(upstream:remotename)%00%(upstream:remoteref) refs/heads/main refs/remotes/main [4ms]
2026-09-12 14:51:17.574 [info] > git status -z -uall [12ms]
2026-09-12 14:51:17.574 [info] > git for-each-ref --sort -committerdate --format %(refname)%00%(objectname)%00%(*objectname) [5ms]
2026-09-12 14:51:17.913 [info] > git check-ignore -v -z --stdin [5ms]
2026-09-12 14:51:20.614 [info] > git check-ignore -v -z --stdin [3ms]
2026-09-12 14:51:22.134 [info] > git check-ignore -v -z --stdin [3ms]
2026-09-12 14:51:22.593 [info] > git config --get commit.template [2ms]
2026-09-12 14:51:22.607 [info] > git for-each-ref --format=%(refname)%00%(upstream:short)%00%(objectname)%00%(upstream:track)%00%(upstream:remotename)%00%(upstream:remoteref) refs/heads/main refs/remotes/main [3ms]
2026-09-12 14:51:22.629 [info] > git for-each-ref --sort -committerdate --format %(refname)%00%(objectname)%00%(*objectname) [4ms]
2026-09-12 14:51:22.642 [info] > git status -z -uall [24ms]
2026-09-12 14:51:22.979 [info] > git check-ignore -v -z --stdin [5ms]
2026-09-12 14:51:27.671 [info] > git config --get commit.template [11ms]
2026-09-12 14:51:27.673 [info] > git for-each-ref --format=%(refname)%00%(upstream:short)%00%(objectname)%00%(upstream:track)%00%(upstream:remotename)%00%(upstream:remoteref) refs/heads/main refs/remotes/main [2ms]
2026-09-12 14:51:27.710 [info] > git status -z -uall [16ms]
2026-09-12 14:51:27.712 [info] > git for-each-ref --sort -committerdate --format %(refname)%00%(objectname)%00%(*objectname) [4ms]
2026-09-12 14:51:28.080 [info] > git check-ignore -v -z --stdin [3ms]
2026-09-12 14:51:28.613 [info] > git check-ignore -v -z --stdin [3ms]
2026-09-12 14:51:29.625 [info] > git check-ignore -v -z --stdin [3ms]
2026-09-12 14:51:30.105 [info] > git check-ignore -v -z --stdin [3ms]
2026-09-12 14:51:31.680 [info] > git check-ignore -v -z --stdin [4ms]
2026-09-12 14:51:32.743 [info] > git config --get commit.template [3ms]
2026-09-12 14:51:32.755 [info] > git for-each-ref --format=%(refname)%00%(upstream:short)%00%(objectname)%00%(upstream:track)%00%(upstream:remotename)%00%(upstream:remoteref) refs/heads/main refs/remotes/main [3ms]
2026-09-12 14:51:32.777 [info] > git for-each-ref --sort -committerdate --format %(refname)%00%(objectname)%00%(*objectname) [3ms]
2026-09-12 14:51:32.785 [info] > git status -z -uall [18ms]
2026-09-12 14:51:33.107 [info] > git check-ignore -v -z --stdin [3ms]
2026-09-12 14:51:33.396 [info] > git check-ignore -v -z --stdin [2ms]
2026-09-12 14:51:37.813 [info] > git config --get commit.template [10ms]
2026-09-12 14:51:37.816 [info] > git for-each-ref --format=%(refname)%00%(upstream:short)%00%(objectname)%00%(upstream:track)%00%(upstream:remotename)%00%(upstream:remoteref) refs/heads/main refs/remotes/main [4ms]
2026-09-12 14:51:37.838 [info] > git for-each-ref --sort -committerdate --format %(refname)%00%(objectname)%00%(*objectname) [1ms]
2026-09-12 14:51:37.849 [info] > git status -z -uall [23ms]
2026-09-12 14:51:38.173 [info] > git check-ignore -v -z --stdin [3ms]
2026-09-12 14:51:41.144 [info] > git check-ignore -v -z --stdin [2ms]
2026-09-12 14:51:41.482 [info] > git check-ignore -v -z --stdin [4ms]
2026-09-12 14:51:41.900 [info] > git check-ignore -v -z --stdin [3ms]
2026-09-12 14:51:42.634 [info] > git check-ignore -v -z --stdin [2ms]
2026-09-12 14:51:44.531 [info] > git config --get commit.template [4ms]
2026-09-12 14:51:44.544 [info] > git for-each-ref --format=%(refname)%00%(upstream:short)%00%(objectname)%00%(upstream:track)%00%(upstream:remotename)%00%(upstream:remoteref) refs/heads/main refs/remotes/main [5ms]
2026-09-12 14:51:44.567 [info] > git for-each-ref --sort -committerdate --format %(refname)%00%(objectname)%00%(*objectname) [6ms]
2026-09-12 14:51:44.575 [info] > git status -z -uall [21ms]
2026-09-12 14:51:44.907 [info] > git check-ignore -v -z --stdin [5ms]
2026-09-12 14:51:45.546 [info] > git check-ignore -v -z --stdin [2ms]
2026-09-12 14:51:45.791 [info] > git check-ignore -v -z --stdin [4ms]
2026-09-12 14:51:46.043 [info] > git check-ignore -v -z --stdin [4ms]
2026-09-12 14:51:46.867 [info] > git check-ignore -v -z --stdin [3ms]
2026-09-12 14:51:48.418 [info] > git check-ignore -v -z --stdin [4ms]
2026-09-12 14:51:49.602 [info] > git config --get commit.template [5ms]
2026-09-12 14:51:49.623 [info] > git for-each-ref --format=%(refname)%00%(upstream:short)%00%(objectname)%00%(upstream:track)%00%(upstream:remotename)%00%(upstream:remoteref) refs/heads/main refs/remotes/main [12ms]
2026-09-12 14:51:49.678 [info] > git for-each-ref --sort -committerdate --format %(refname)%00%(objectname)%00%(*objectname) [6ms]
2026-09-12 14:51:49.680 [info] > git status -z -uall [43ms]
2026-09-12 14:51:49.754 [info] > git check-ignore -v -z --stdin [2ms]
2026-09-12 14:51:50.045 [info] > git check-ignore -v -z --stdin [4ms]
2026-09-12 14:51:51.638 [info] > git check-ignore -v -z --stdin [3ms]
2026-09-12 14:51:54.269 [info] > git check-ignore -v -z --stdin [2ms]
2026-09-12 14:51:54.708 [info] > git config --get commit.template [12ms]
2026-09-12 14:51:54.712 [info] > git for-each-ref --format=%(refname)%00%(upstream:short)%00%(objectname)%00%(upstream:track)%00%(upstream:remotename)%00%(upstream:remoteref) refs/heads/main refs/remotes/main [5ms]
2026-09-12 14:51:54.730 [info] > git for-each-ref --sort -committerdate --format %(refname)%00%(objectname)%00%(*objectname) [2ms]
2026-09-12 14:51:54.734 [info] > git status -z -uall [12ms]
2026-09-12 14:51:55.053 [info] > git check-ignore -v -z --stdin [3ms]
2026-09-12 14:51:56.174 [info] > git check-ignore -v -z --stdin [2ms]
2026-09-12 14:51:56.947 [info] > git check-ignore -v -z --stdin [3ms]
2026-09-12 14:51:57.178 [info] > git check-ignore -v -z --stdin [3ms]
2026-09-12 14:51:59.757 [info] > git config --get commit.template [6ms]
2026-09-12 14:51:59.772 [info] > git for-each-ref --format=%(refname)%00%(upstream:short)%00%(objectname)%00%(upstream:track)%00%(upstream:remotename)%00%(upstream:remoteref) refs/heads/main refs/remotes/main [4ms]
2026-09-12 14:51:59.793 [info] > git for-each-ref --sort -committerdate --format %(refname)%00%(objectname)%00%(*objectname) [2ms]
2026-09-12 14:51:59.797 [info] > git status -z -uall [15ms]
2026-09-12 14:52:00.120 [info] > git check-ignore -v -z --stdin [3ms]
2026-09-12 14:52:00.874 [info] > git check-ignore -v -z --stdin [3ms]
2026-09-12 14:52:02.241 [info] > git check-ignore -v -z --stdin [2ms]
2026-09-12 14:52:02.994 [info] > git check-ignore -v -z --stdin [2ms]
2026-09-12 14:52:03.954 [info] > git check-ignore -v -z --stdin [3ms]
2026-09-12 14:52:04.834 [info] > git config --get commit.template [9ms]
2026-09-12 14:52:04.847 [info] > git check-ignore -v -z --stdin [15ms]
2026-09-12 14:52:04.849 [info] > git for-each-ref --format=%(refname)%00%(upstream:short)%00%(objectname)%00%(upstream:track)%00%(upstream:remotename)%00%(upstream:remoteref) refs/heads/main refs/remotes/main [3ms]
2026-09-12 14:52:04.869 [info] > git for-each-ref --sort -committerdate --format %(refname)%00%(objectname)%00%(*objectname) [3ms]
2026-09-12 14:52:04.873 [info] > git status -z -uall [13ms]
2026-09-12 14:52:05.419 [info] > git check-ignore -v -z --stdin [2ms]
2026-09-12 14:52:05.652 [info] > git check-ignore -v -z --stdin [4ms]
2026-09-12 14:52:07.156 [info] > git check-ignore -v -z --stdin [2ms]
2026-09-12 14:52:07.647 [info] > git check-ignore -v -z --stdin [3ms]
2026-09-12 14:52:08.337 [info] > git check-ignore -v -z --stdin [2ms]
2026-09-12 14:52:09.759 [info] > git check-ignore -v -z --stdin [1ms]
2026-09-12 14:52:09.934 [info] > git config --get commit.template [38ms]
2026-09-12 14:52:09.936 [info] > git for-each-ref --format=%(refname)%00%(upstream:short)%00%(objectname)%00%(upstream:track)%00%(upstream:remotename)%00%(upstream:remoteref) refs/heads/main refs/remotes/main [27ms]
2026-09-12 14:52:09.975 [info] > git for-each-ref --sort -committerdate --format %(refname)%00%(objectname)%00%(*objectname) [8ms]
2026-09-12 14:52:09.977 [info] > git status -z -uall [25ms]
2026-09-12 14:52:10.153 [info] > git check-ignore -v -z --stdin [2ms]
2026-09-12 14:52:10.401 [info] > git check-ignore -v -z --stdin [2ms]
2026-09-12 14:52:15.024 [info] > git config --get commit.template [24ms]
2026-09-12 14:52:15.026 [info] > git for-each-ref --format=%(refname)%00%(upstream:short)%00%(objectname)%00%(upstream:track)%00%(upstream:remotename)%00%(upstream:remoteref) refs/heads/main refs/remotes/main [4ms]
2026-09-12 14:52:15.057 [info] > git for-each-ref --sort -committerdate --format %(refname)%00%(objectname)%00%(*objectname) [4ms]
2026-09-12 14:52:15.060 [info] > git status -z -uall [15ms]
2026-09-12 14:52:15.386 [info] > git check-ignore -v -z --stdin [2ms]
2026-09-12 14:52:15.808 [info] > git check-ignore -v -z --stdin [2ms]
2026-09-12 14:52:16.956 [info] > git check-ignore -v -z --stdin [5ms]
2026-09-12 14:52:17.563 [info] > git check-ignore -v -z --stdin [2ms]
2026-09-12 14:52:18.057 [info] > git check-ignore -v -z --stdin [2ms]
2026-09-12 14:52:18.769 [info] > git check-ignore -v -z --stdin [2ms]
2026-09-12 14:52:20.100 [info] > git config --get commit.template [11ms]
2026-09-12 14:52:20.104 [info] > git for-each-ref --format=%(refname)%00%(upstream:short)%00%(objectname)%00%(upstream:track)%00%(upstream:remotename)%00%(upstream:remoteref) refs/heads/main refs/remotes/main [7ms]
2026-09-12 14:52:20.139 [info] > git for-each-ref --sort -committerdate --format %(refname)%00%(objectname)%00%(*objectname) [6ms]
2026-09-12 14:52:20.145 [info] > git status -z -uall [22ms]
2026-09-12 14:52:20.470 [info] > git check-ignore -v -z --stdin [3ms]
2026-09-12 14:52:21.721 [info] > git check-ignore -v -z --stdin [4ms]
2026-09-12 14:52:22.797 [info] > git check-ignore -v -z --stdin [6ms]
2026-09-12 14:52:23.310 [info] > git check-ignore -v -z --stdin [3ms]
2026-09-12 14:52:25.163 [info] > git config --get commit.template [3ms]
2026-09-12 14:52:25.183 [info] > git for-each-ref --format=%(refname)%00%(upstream:short)%00%(objectname)%00%(upstream:track)%00%(upstream:remotename)%00%(upstream:remoteref) refs/heads/main refs/remotes/main [4ms]
2026-09-12 14:52:25.204 [info] > git for-each-ref --sort -committerdate --format %(refname)%00%(objectname)%00%(*objectname) [3ms]
2026-09-12 14:52:25.207 [info] > git status -z -uall [13ms]
2026-09-12 14:52:25.583 [info] > git check-ignore -v -z --stdin [2ms]
2026-09-12 14:52:30.226 [info] > git config --get commit.template [7ms]
2026-09-12 14:52:30.231 [info] > git for-each-ref --format=%(refname)%00%(upstream:short)%00%(objectname)%00%(upstream:track)%00%(upstream:remotename)%00%(upstream:remoteref) refs/heads/main refs/remotes/main [5ms]
2026-09-12 14:52:30.257 [info] > git for-each-ref --sort -committerdate --format %(refname)%00%(objectname)%00%(*objectname) [3ms]
2026-09-12 14:52:30.264 [info] > git status -z -uall [17ms]
2026-09-12 14:52:30.608 [info] > git check-ignore -v -z --stdin [1ms]
2026-09-12 14:52:35.267 [info] > git check-ignore -v -z --stdin [1ms]
2026-09-12 14:52:35.315 [info] > git config --get commit.template [20ms]
2026-09-12 14:52:35.315 [info] > git for-each-ref --format=%(refname)%00%(upstream:short)%00%(objectname)%00%(upstream:track)%00%(upstream:remotename)%00%(upstream:remoteref) refs/heads/main refs/remotes/main [2ms]
2026-09-12 14:52:35.354 [info] > git for-each-ref --sort -committerdate --format %(refname)%00%(objectname)%00%(*objectname) [13ms]
2026-09-12 14:52:35.363 [info] > git status -z -uall [36ms]
2026-09-12 14:52:35.844 [info] > git check-ignore -v -z --stdin [4ms]
2026-09-12 14:52:36.663 [info] > git check-ignore -v -z --stdin [2ms]
2026-09-12 14:52:36.913 [info] > git check-ignore -v -z --stdin [3ms]
2026-09-12 14:52:37.419 [info] > git check-ignore -v -z --stdin [2ms]
2026-09-12 14:52:38.183 [info] > git check-ignore -v -z --stdin [2ms]
2026-09-12 14:52:39.100 [info] > git check-ignore -v -z --stdin [2ms]
2026-09-12 14:52:39.483 [info] > git check-ignore -v -z --stdin [3ms]
2026-09-12 14:52:41.391 [info] > git config --get commit.template [9ms]
2026-09-12 14:52:41.393 [info] > git for-each-ref --format=%(refname)%00%(upstream:short)%00%(objectname)%00%(upstream:track)%00%(upstream:remotename)%00%(upstream:remoteref) refs/heads/main refs/remotes/main [2ms]
2026-09-12 14:52:41.410 [info] > git for-each-ref --sort -committerdate --format %(refname)%00%(objectname)%00%(*objectname) [2ms]
2026-09-12 14:52:41.417 [info] > git status -z -uall [16ms]
2026-09-12 14:52:41.745 [info] > git check-ignore -v -z --stdin [2ms]
2026-09-12 14:52:42.641 [info] > git check-ignore -v -z --stdin [2ms]
2026-09-12 14:52:46.440 [info] > git config --get commit.template [3ms]
2026-09-12 14:52:46.464 [info] > git for-each-ref --format=%(refname)%00%(upstream:short)%00%(objectname)%00%(upstream:track)%00%(upstream:remotename)%00%(upstream:remoteref) refs/heads/main refs/remotes/main [3ms]
2026-09-12 14:52:46.483 [info] > git for-each-ref --sort -committerdate --format %(refname)%00%(objectname)%00%(*objectname) [2ms]
2026-09-12 14:52:46.488 [info] > git status -z -uall [17ms]
2026-09-12 14:52:46.809 [info] > git check-ignore -v -z --stdin [2ms]
2026-09-12 14:52:49.596 [info] > git check-ignore -v -z --stdin [2ms]
2026-09-12 14:52:50.000 [info] > git check-ignore -v -z --stdin [4ms]
2026-09-12 14:52:50.189 [info] > git check-ignore -v -z --stdin [3ms]
2026-09-12 14:52:50.857 [info] > git check-ignore -v -z --stdin [11ms]
2026-09-12 14:52:52.535 [info] > git config --get commit.template [10ms]
2026-09-12 14:52:52.538 [info] > git for-each-ref --format=%(refname)%00%(upstream:short)%00%(objectname)%00%(upstream:track)%00%(upstream:remotename)%00%(upstream:remoteref) refs/heads/main refs/remotes/main [4ms]
2026-09-12 14:52:52.558 [info] > git for-each-ref --sort -committerdate --format %(refname)%00%(objectname)%00%(*objectname) [3ms]
2026-09-12 14:52:52.559 [info] > git status -z -uall [13ms]
2026-09-12 14:52:52.888 [info] > git check-ignore -v -z --stdin [3ms]
2026-09-12 14:53:06.526 [info] > git check-ignore -v -z --stdin [2ms]
2026-09-12 14:53:07.375 [info] > git check-ignore -v -z --stdin [16ms]
2026-09-12 14:53:07.792 [info] > git check-ignore -v -z --stdin [3ms]
2026-09-12 14:53:08.060 [info] > git check-ignore -v -z --stdin [1ms]
2026-09-12 14:53:08.419 [info] > git check-ignore -v -z --stdin [2ms]
2026-09-12 14:53:10.372 [info] > git config --get commit.template [22ms]
2026-09-12 14:53:10.378 [info] > git for-each-ref --format=%(refname)%00%(upstream:short)%00%(objectname)%00%(upstream:track)%00%(upstream:remotename)%00%(upstream:remoteref) refs/heads/main refs/remotes/main [7ms]
2026-09-12 14:53:10.427 [info] > git status -z -uall [26ms]
2026-09-12 14:53:10.436 [info] > git for-each-ref --sort -committerdate --format %(refname)%00%(objectname)%00%(*objectname) [14ms]
2026-09-12 14:53:10.771 [info] > git check-ignore -v -z --stdin [4ms]
2026-09-12 14:53:15.539 [info] > git config --get commit.template [42ms]
2026-09-12 14:53:15.540 [info] > git for-each-ref --format=%(refname)%00%(upstream:short)%00%(objectname)%00%(upstream:track)%00%(upstream:remotename)%00%(upstream:remoteref) refs/heads/main refs/remotes/main [4ms]
2026-09-12 14:53:15.592 [info] > git for-each-ref --sort -committerdate --format %(refname)%00%(objectname)%00%(*objectname) [5ms]
2026-09-12 14:53:15.594 [info] > git status -z -uall [25ms]
2026-09-12 14:53:15.959 [info] > git check-ignore -v -z --stdin [15ms]
2026-09-12 15:08:32.114 [info] > git check-ignore -v -z --stdin [3ms]
2026-09-12 15:08:32.171 [info] > git show --textconv :Python/django/SOA/OrientationApp/views.py [24ms]
2026-09-12 15:08:32.174 [info] > git ls-files --stage -- Python/django/SOA/OrientationApp/views.py [6ms]
2026-09-12 15:08:32.196 [info] > git cat-file -s a409af7d5fe6ef2a9c6148795980612bca67ea42 [4ms]
2026-09-12 15:08:51.881 [info] > git check-ignore -v -z --stdin [3ms]
2026-09-12 15:08:51.958 [info] > git show --textconv :Python/django/SOA/OrientationApp/logic.py [44ms]
2026-09-12 15:08:51.959 [info] > git ls-files --stage -- Python/django/SOA/OrientationApp/logic.py [14ms]
2026-09-12 15:08:51.976 [info] > git cat-file -s f3261da2e9cf2646e3aca90bc184a376caa65bcc [4ms]
2026-09-12 15:19:01.947 [info] > git check-ignore -v -z --stdin [8ms]
2026-09-12 15:19:02.718 [info] > git check-ignore -v -z --stdin [7ms]
2026-09-12 15:19:04.806 [info] > git config --get commit.template [9ms]
2026-09-12 15:19:04.807 [info] > git for-each-ref --format=%(refname)%00%(upstream:short)%00%(objectname)%00%(upstream:track)%00%(upstream:remotename)%00%(upstream:remoteref) refs/heads/main refs/remotes/main [2ms]
2026-09-12 15:19:04.827 [info] > git for-each-ref --sort -committerdate --format %(refname)%00%(objectname)%00%(*objectname) [3ms]
2026-09-12 15:19:04.834 [info] > git status -z -uall [19ms]
2026-09-12 15:19:05.167 [info] > git check-ignore -v -z --stdin [13ms]
2026-09-12 15:19:09.906 [info] > git config --get commit.template [38ms]
2026-09-12 15:19:09.908 [info] > git for-each-ref --format=%(refname)%00%(upstream:short)%00%(objectname)%00%(upstream:track)%00%(upstream:remotename)%00%(upstream:remoteref) refs/heads/main refs/remotes/main [3ms]
2026-09-12 15:19:09.935 [info] > git for-each-ref --sort -committerdate --format %(refname)%00%(objectname)%00%(*objectname) [2ms]
2026-09-12 15:19:09.943 [info] > git status -z -uall [21ms]
2026-09-12 15:19:10.275 [info] > git check-ignore -v -z --stdin [5ms]
2026-09-12 15:19:12.352 [info] > git check-ignore -v -z --stdin [3ms]
2026-09-12 15:19:15.266 [info] > git config --get commit.template [3ms]
2026-09-12 15:19:15.289 [info] > git for-each-ref --format=%(refname)%00%(upstream:short)%00%(objectname)%00%(upstream:track)%00%(upstream:remotename)%00%(upstream:remoteref) refs/heads/main refs/remotes/main [5ms]
2026-09-12 15:19:15.319 [info] > git status -z -uall [16ms]
2026-09-12 15:19:15.319 [info] > git for-each-ref --sort -committerdate --format %(refname)%00%(objectname)%00%(*objectname) [4ms]
2026-09-12 15:19:15.674 [info] > git check-ignore -v -z --stdin [5ms]
2026-09-12 15:19:32.749 [info] > git check-ignore -v -z --stdin [3ms]
2026-09-12 15:19:33.199 [info] > git check-ignore -v -z --stdin [2ms]
2026-09-12 15:19:36.011 [info] > git config --get commit.template [16ms]
2026-09-12 15:19:36.013 [info] > git for-each-ref --format=%(refname)%00%(upstream:short)%00%(objectname)%00%(upstream:track)%00%(upstream:remotename)%00%(upstream:remoteref) refs/heads/main refs/remotes/main [7ms]
2026-09-12 15:19:36.041 [info] > git for-each-ref --sort -committerdate --format %(refname)%00%(objectname)%00%(*objectname) [2ms]
2026-09-12 15:19:36.047 [info] > git status -z -uall [19ms]
2026-09-12 15:19:36.560 [info] > git check-ignore -v -z --stdin [22ms]
2026-09-12 15:19:37.796 [info] > git check-ignore -v -z --stdin [2ms]
2026-09-12 15:19:41.082 [info] > git config --get commit.template [15ms]
2026-09-12 15:19:41.082 [info] > git for-each-ref --format=%(refname)%00%(upstream:short)%00%(objectname)%00%(upstream:track)%00%(upstream:remotename)%00%(upstream:remoteref) refs/heads/main refs/remotes/main [4ms]
2026-09-12 15:19:41.114 [info] > git for-each-ref --sort -committerdate --format %(refname)%00%(objectname)%00%(*objectname) [3ms]
2026-09-12 15:19:41.121 [info] > git status -z -uall [23ms]
2026-09-12 15:19:41.477 [info] > git check-ignore -v -z --stdin [2ms]
2026-09-12 15:19:45.730 [info] > git check-ignore -v -z --stdin [4ms]
2026-09-12 15:19:46.154 [info] > git config --get commit.template [13ms]
2026-09-12 15:19:46.157 [info] > git for-each-ref --format=%(refname)%00%(upstream:short)%00%(objectname)%00%(upstream:track)%00%(upstream:remotename)%00%(upstream:remoteref) refs/heads/main refs/remotes/main [4ms]
2026-09-12 15:19:46.181 [info] > git for-each-ref --sort -committerdate --format %(refname)%00%(objectname)%00%(*objectname) [3ms]
2026-09-12 15:19:46.183 [info] > git status -z -uall [16ms]
2026-09-12 15:19:46.538 [info] > git check-ignore -v -z --stdin [12ms]
2026-09-12 15:19:47.407 [info] > git check-ignore -v -z --stdin [4ms]
2026-09-12 15:19:47.750 [info] > git check-ignore -v -z --stdin [3ms]
2026-09-12 15:19:48.130 [info] > git check-ignore -v -z --stdin [3ms]
2026-09-12 15:19:51.219 [info] > git config --get commit.template [9ms]
2026-09-12 15:19:51.221 [info] > git for-each-ref --format=%(refname)%00%(upstream:short)%00%(objectname)%00%(upstream:track)%00%(upstream:remotename)%00%(upstream:remoteref) refs/heads/main refs/remotes/main [3ms]
2026-09-12 15:19:51.245 [info] > git for-each-ref --sort -committerdate --format %(refname)%00%(objectname)%00%(*objectname) [4ms]
2026-09-12 15:19:51.249 [info] > git status -z -uall [17ms]
2026-09-12 15:19:51.575 [info] > git check-ignore -v -z --stdin [3ms]
2026-09-12 15:19:52.148 [info] > git check-ignore -v -z --stdin [13ms]
2026-09-12 15:19:52.791 [info] > git check-ignore -v -z --stdin [4ms]
2026-09-12 15:19:53.453 [info] > git check-ignore -v -z --stdin [4ms]
2026-09-12 15:19:53.770 [info] > git check-ignore -v -z --stdin [3ms]
2026-09-12 15:19:54.038 [info] > git check-ignore -v -z --stdin [1ms]
2026-09-12 15:19:54.366 [info] > git check-ignore -v -z --stdin [8ms]
2026-09-12 15:19:54.714 [info] > git check-ignore -v -z --stdin [6ms]
2026-09-12 15:19:55.012 [info] > git check-ignore -v -z --stdin [4ms]
2026-09-12 15:19:55.279 [info] > git check-ignore -v -z --stdin [6ms]
2026-09-12 15:19:55.907 [info] > git check-ignore -v -z --stdin [5ms]
2026-09-12 15:19:56.083 [info] > git check-ignore -v -z --stdin [4ms]
2026-09-12 15:19:56.533 [info] > git check-ignore -v -z --stdin [7ms]
2026-09-12 15:19:56.850 [info] > git check-ignore -v -z --stdin [5ms]
2026-09-12 15:19:57.080 [info] > git check-ignore -v -z --stdin [5ms]
2026-09-12 15:19:58.589 [info] > git check-ignore -v -z --stdin [3ms]
2026-09-12 15:19:59.560 [info] > git check-ignore -v -z --stdin [4ms]
2026-09-12 15:19:59.981 [info] > git config --get commit.template [6ms]
2026-09-12 15:19:59.994 [info] > git for-each-ref --format=%(refname)%00%(upstream:short)%00%(objectname)%00%(upstream:track)%00%(upstream:remotename)%00%(upstream:remoteref) refs/heads/main refs/remotes/main [2ms]
2026-09-12 15:20:00.012 [info] > git for-each-ref --sort -committerdate --format %(refname)%00%(objectname)%00%(*objectname) [3ms]
2026-09-12 15:20:00.020 [info] > git status -z -uall [18ms]
2026-09-12 15:20:00.096 [info] > git check-ignore -v -z --stdin [3ms]
2026-09-12 15:20:00.382 [info] > git check-ignore -v -z --stdin [3ms]
2026-09-12 15:20:00.902 [info] > git check-ignore -v -z --stdin [3ms]
2026-09-12 15:20:01.686 [info] > git check-ignore -v -z --stdin [3ms]
2026-09-12 15:20:01.898 [info] > git check-ignore -v -z --stdin [3ms]
2026-09-12 15:20:02.202 [info] > git check-ignore -v -z --stdin [3ms]
2026-09-12 15:20:02.745 [info] > git check-ignore -v -z --stdin [3ms]
2026-09-12 15:20:03.156 [info] > git check-ignore -v -z --stdin [2ms]
2026-09-12 15:20:03.353 [info] > git check-ignore -v -z --stdin [3ms]
2026-09-12 15:20:03.662 [info] > git check-ignore -v -z --stdin [4ms]
2026-09-12 15:20:05.302 [info] > git check-ignore -v -z --stdin [2ms]
2026-09-12 15:20:05.576 [info] > git config --get commit.template [29ms]
2026-09-12 15:20:05.578 [info] > git for-each-ref --format=%(refname)%00%(upstream:short)%00%(objectname)%00%(upstream:track)%00%(upstream:remotename)%00%(upstream:remoteref) refs/heads/main refs/remotes/main [10ms]
2026-09-12 15:20:05.648 [info] > git for-each-ref --sort -committerdate --format %(refname)%00%(objectname)%00%(*objectname) [4ms]
2026-09-12 15:20:05.653 [info] > git status -z -uall [48ms]
2026-09-12 15:20:06.001 [info] > git check-ignore -v -z --stdin [4ms]
2026-09-12 15:20:06.367 [info] > git check-ignore -v -z --stdin [10ms]
2026-09-12 15:20:07.194 [info] > git check-ignore -v -z --stdin [2ms]
2026-09-12 15:20:07.461 [info] > git check-ignore -v -z --stdin [3ms]
2026-09-12 15:20:08.073 [info] > git check-ignore -v -z --stdin [7ms]
2026-09-12 15:20:09.017 [info] > git check-ignore -v -z --stdin [12ms]
2026-09-12 15:20:09.717 [info] > git check-ignore -v -z --stdin [5ms]
2026-09-12 15:20:10.433 [info] > git check-ignore -v -z --stdin [3ms]
2026-09-12 15:20:10.698 [info] > git config --get commit.template [12ms]
2026-09-12 15:20:10.700 [info] > git for-each-ref --format=%(refname)%00%(upstream:short)%00%(objectname)%00%(upstream:track)%00%(upstream:remotename)%00%(upstream:remoteref) refs/heads/main refs/remotes/main [2ms]
2026-09-12 15:20:10.717 [info] > git for-each-ref --sort -committerdate --format %(refname)%00%(objectname)%00%(*objectname) [3ms]
2026-09-12 15:20:10.723 [info] > git status -z -uall [16ms]
2026-09-12 15:20:11.319 [info] > git check-ignore -v -z --stdin [4ms]
2026-09-12 15:20:15.761 [info] > git config --get commit.template [15ms]
2026-09-12 15:20:15.762 [info] > git for-each-ref --format=%(refname)%00%(upstream:short)%00%(objectname)%00%(upstream:track)%00%(upstream:remotename)%00%(upstream:remoteref) refs/heads/main refs/remotes/main [3ms]
2026-09-12 15:20:15.790 [info] > git for-each-ref --sort -committerdate --format %(refname)%00%(objectname)%00%(*objectname) [5ms]
2026-09-12 15:20:15.795 [info] > git status -z -uall [22ms]
2026-09-12 15:20:16.141 [info] > git check-ignore -v -z --stdin [4ms]
2026-09-12 15:20:44.001 [info] > git check-ignore -v -z --stdin [4ms]
2026-09-12 15:20:44.516 [info] > git check-ignore -v -z --stdin [3ms]
2026-09-12 15:20:44.755 [info] > git check-ignore -v -z --stdin [4ms]
2026-09-12 15:20:45.015 [info] > git check-ignore -v -z --stdin [6ms]
2026-09-12 15:20:45.214 [info] > git check-ignore -v -z --stdin [2ms]
2026-09-12 15:20:45.811 [info] > git check-ignore -v -z --stdin [4ms]
2026-09-12 15:20:47.683 [info] > git config --get commit.template [25ms]
2026-09-12 15:20:47.685 [info] > git for-each-ref --format=%(refname)%00%(upstream:short)%00%(objectname)%00%(upstream:track)%00%(upstream:remotename)%00%(upstream:remoteref) refs/heads/main refs/remotes/main [4ms]
2026-09-12 15:20:47.744 [info] > git status -z -uall [43ms]
2026-09-12 15:20:47.747 [info] > git for-each-ref --sort -committerdate --format %(refname)%00%(objectname)%00%(*objectname) [7ms]
2026-09-12 15:20:48.195 [info] > git check-ignore -v -z --stdin [6ms]
2026-09-12 15:20:51.313 [info] > git check-ignore -v -z --stdin [3ms]
2026-09-12 15:20:52.772 [info] > git config --get commit.template [3ms]
2026-09-12 15:20:52.784 [info] > git for-each-ref --format=%(refname)%00%(upstream:short)%00%(objectname)%00%(upstream:track)%00%(upstream:remotename)%00%(upstream:remoteref) refs/heads/main refs/remotes/main [3ms]
2026-09-12 15:20:52.809 [info] > git for-each-ref --sort -committerdate --format %(refname)%00%(objectname)%00%(*objectname) [2ms]
2026-09-12 15:20:52.814 [info] > git status -z -uall [19ms]
2026-09-12 15:20:53.150 [info] > git check-ignore -v -z --stdin [3ms]
2026-09-12 15:20:57.839 [info] > git config --get commit.template [9ms]
2026-09-12 15:20:57.841 [info] > git for-each-ref --format=%(refname)%00%(upstream:short)%00%(objectname)%00%(upstream:track)%00%(upstream:remotename)%00%(upstream:remoteref) refs/heads/main refs/remotes/main [3ms]
2026-09-12 15:20:57.859 [info] > git for-each-ref --sort -committerdate --format %(refname)%00%(objectname)%00%(*objectname) [3ms]
2026-09-12 15:20:57.864 [info] > git status -z -uall [15ms]
2026-09-12 15:20:58.197 [info] > git check-ignore -v -z --stdin [3ms]
2026-09-12 15:20:59.108 [info] > git check-ignore -v -z --stdin [2ms]
2026-09-12 15:21:02.898 [info] > git config --get commit.template [15ms]
2026-09-12 15:21:02.900 [info] > git for-each-ref --format=%(refname)%00%(upstream:short)%00%(objectname)%00%(upstream:track)%00%(upstream:remotename)%00%(upstream:remoteref) refs/heads/main refs/remotes/main [3ms]
2026-09-12 15:21:02.939 [info] > git for-each-ref --sort -committerdate --format %(refname)%00%(objectname)%00%(*objectname) [8ms]
2026-09-12 15:21:02.942 [info] > git status -z -uall [28ms]
2026-09-12 15:21:03.272 [info] > git check-ignore -v -z --stdin [5ms]
2026-09-12 15:21:09.133 [info] > git check-ignore -v -z --stdin [5ms]
2026-09-12 15:21:10.225 [info] > git check-ignore -v -z --stdin [6ms]
2026-09-12 15:21:10.520 [info] > git check-ignore -v -z --stdin [5ms]
2026-09-12 15:21:10.791 [info] > git check-ignore -v -z --stdin [7ms]
2026-09-12 15:21:11.062 [info] > git check-ignore -v -z --stdin [28ms]
2026-09-12 15:21:11.069 [info] > git config --get commit.template [6ms]
2026-09-12 15:21:11.128 [info] > git for-each-ref --format=%(refname)%00%(upstream:short)%00%(objectname)%00%(upstream:track)%00%(upstream:remotename)%00%(upstream:remoteref) refs/heads/main refs/remotes/main [26ms]
2026-09-12 15:21:11.181 [info] > git for-each-ref --sort -committerdate --format %(refname)%00%(objectname)%00%(*objectname) [10ms]
2026-09-12 15:21:11.198 [info] > git status -z -uall [40ms]
2026-09-12 15:21:11.347 [info] > git check-ignore -v -z --stdin [3ms]
2026-09-12 15:21:12.011 [info] > git check-ignore -v -z --stdin [5ms]
2026-09-12 15:21:13.537 [info] > git check-ignore -v -z --stdin [6ms]
2026-09-12 15:21:14.615 [info] > git check-ignore -v -z --stdin [13ms]
2026-09-12 15:21:16.110 [info] > git check-ignore -v -z --stdin [4ms]
2026-09-12 15:21:16.247 [info] > git config --get commit.template [18ms]
2026-09-12 15:21:16.251 [info] > git for-each-ref --format=%(refname)%00%(upstream:short)%00%(objectname)%00%(upstream:track)%00%(upstream:remotename)%00%(upstream:remoteref) refs/heads/main refs/remotes/main [8ms]
2026-09-12 15:21:16.304 [info] > git status -z -uall [36ms]
2026-09-12 15:21:16.305 [info] > git for-each-ref --sort -committerdate --format %(refname)%00%(objectname)%00%(*objectname) [4ms]
2026-09-12 15:21:16.343 [info] > git check-ignore -v -z --stdin [3ms]
2026-09-12 15:21:16.768 [info] > git check-ignore -v -z --stdin [3ms]
2026-09-12 15:21:17.176 [info] > git check-ignore -v -z --stdin [4ms]
2026-09-12 15:21:17.866 [info] > git check-ignore -v -z --stdin [4ms]
2026-09-12 15:21:18.789 [info] > git check-ignore -v -z --stdin [15ms]
2026-09-12 15:21:19.058 [info] > git check-ignore -v -z --stdin [5ms]
2026-09-12 15:21:19.595 [info] > git check-ignore -v -z --stdin [2ms]
2026-09-12 15:21:20.027 [info] > git check-ignore -v -z --stdin [3ms]
2026-09-12 15:21:20.281 [info] > git check-ignore -v -z --stdin [9ms]
2026-09-12 15:21:21.327 [info] > git config --get commit.template [4ms]
2026-09-12 15:21:21.337 [info] > git for-each-ref --format=%(refname)%00%(upstream:short)%00%(objectname)%00%(upstream:track)%00%(upstream:remotename)%00%(upstream:remoteref) refs/heads/main refs/remotes/main [4ms]
2026-09-12 15:21:21.359 [info] > git for-each-ref --sort -committerdate --format %(refname)%00%(objectname)%00%(*objectname) [5ms]
2026-09-12 15:21:21.363 [info] > git status -z -uall [18ms]
2026-09-12 15:21:21.716 [info] > git check-ignore -v -z --stdin [5ms]
2026-09-12 15:21:22.004 [info] > git check-ignore -v -z --stdin [8ms]
2026-09-12 15:21:22.414 [info] > git check-ignore -v -z --stdin [11ms]
2026-09-12 15:21:23.489 [info] > git check-ignore -v -z --stdin [6ms]
2026-09-12 15:21:24.215 [info] > git check-ignore -v -z --stdin [4ms]
2026-09-12 15:21:26.047 [info] > git check-ignore -v -z --stdin [3ms]
2026-09-12 15:21:26.393 [info] > git config --get commit.template [8ms]
2026-09-12 15:21:26.394 [info] > git for-each-ref --format=%(refname)%00%(upstream:short)%00%(objectname)%00%(upstream:track)%00%(upstream:remotename)%00%(upstream:remoteref) refs/heads/main refs/remotes/main [1ms]
2026-09-12 15:21:26.420 [info] > git for-each-ref --sort -committerdate --format %(refname)%00%(objectname)%00%(*objectname) [4ms]
2026-09-12 15:21:26.440 [info] > git status -z -uall [38ms]
2026-09-12 15:21:26.789 [info] > git check-ignore -v -z --stdin [3ms]
2026-09-12 15:21:27.286 [info] > git check-ignore -v -z --stdin [5ms]
2026-09-12 15:21:27.767 [info] > git check-ignore -v -z --stdin [10ms]
2026-09-12 15:21:28.134 [info] > git check-ignore -v -z --stdin [3ms]
2026-09-12 15:21:28.861 [info] > git check-ignore -v -z --stdin [3ms]
2026-09-12 15:21:30.619 [info] > git check-ignore -v -z --stdin [6ms]
2026-09-12 15:21:31.465 [info] > git config --get commit.template [2ms]
2026-09-12 15:21:31.474 [info] > git for-each-ref --format=%(refname)%00%(upstream:short)%00%(objectname)%00%(upstream:track)%00%(upstream:remotename)%00%(upstream:remoteref) refs/heads/main refs/remotes/main [2ms]
2026-09-12 15:21:31.505 [info] > git status -z -uall [19ms]
2026-09-12 15:21:31.505 [info] > git for-each-ref --sort -committerdate --format %(refname)%00%(objectname)%00%(*objectname) [6ms]
2026-09-12 15:21:31.829 [info] > git check-ignore -v -z --stdin [4ms]
2026-09-12 15:21:33.287 [info] > git check-ignore -v -z --stdin [3ms]
2026-09-12 15:21:34.069 [info] > git check-ignore -v -z --stdin [4ms]
2026-09-12 15:21:35.625 [info] > git check-ignore -v -z --stdin [2ms]
2026-09-12 15:21:36.072 [info] > git check-ignore -v -z --stdin [3ms]
2026-09-12 15:21:36.540 [info] > git config --get commit.template [5ms]
2026-09-12 15:21:36.559 [info] > git for-each-ref --format=%(refname)%00%(upstream:short)%00%(objectname)%00%(upstream:track)%00%(upstream:remotename)%00%(upstream:remoteref) refs/heads/main refs/remotes/main [4ms]
2026-09-12 15:21:36.580 [info] > git for-each-ref --sort -committerdate --format %(refname)%00%(objectname)%00%(*objectname) [3ms]
2026-09-12 15:21:36.583 [info] > git status -z -uall [15ms]
2026-09-12 15:21:36.913 [info] > git check-ignore -v -z --stdin [3ms]
2026-09-12 15:21:39.447 [info] > git check-ignore -v -z --stdin [5ms]
2026-09-12 15:21:41.329 [info] > git check-ignore -v -z --stdin [2ms]
2026-09-12 15:21:41.662 [info] > git config --get commit.template [38ms]
2026-09-12 15:21:41.662 [info] > git for-each-ref --format=%(refname)%00%(upstream:short)%00%(objectname)%00%(upstream:track)%00%(upstream:remotename)%00%(upstream:remoteref) refs/heads/main refs/remotes/main [1ms]
2026-09-12 15:21:41.715 [info] > git status -z -uall [22ms]
2026-09-12 15:21:41.715 [info] > git for-each-ref --sort -committerdate --format %(refname)%00%(objectname)%00%(*objectname) [11ms]
2026-09-12 15:21:41.720 [info] > git check-ignore -v -z --stdin [6ms]
2026-09-12 15:21:42.207 [info] > git check-ignore -v -z --stdin [5ms]
2026-09-12 15:21:43.272 [info] > git check-ignore -v -z --stdin [4ms]
2026-09-12 15:21:43.972 [info] > git check-ignore -v -z --stdin [3ms]
2026-09-12 15:21:44.969 [info] > git check-ignore -v -z --stdin [3ms]
2026-09-12 15:21:45.413 [info] > git check-ignore -v -z --stdin [7ms]
2026-09-12 15:21:45.590 [info] > git check-ignore -v -z --stdin [3ms]
2026-09-12 15:21:46.763 [info] > git config --get commit.template [15ms]
2026-09-12 15:21:46.764 [info] > git for-each-ref --format=%(refname)%00%(upstream:short)%00%(objectname)%00%(upstream:track)%00%(upstream:remotename)%00%(upstream:remoteref) refs/heads/main refs/remotes/main [4ms]
2026-09-12 15:21:46.782 [info] > git for-each-ref --sort -committerdate --format %(refname)%00%(objectname)%00%(*objectname) [3ms]
2026-09-12 15:21:46.786 [info] > git status -z -uall [14ms]
2026-09-12 15:21:47.138 [info] > git check-ignore -v -z --stdin [5ms]
2026-09-12 15:21:51.822 [info] > git config --get commit.template [12ms]
2026-09-12 15:21:51.827 [info] > git for-each-ref --format=%(refname)%00%(upstream:short)%00%(objectname)%00%(upstream:track)%00%(upstream:remotename)%00%(upstream:remoteref) refs/heads/main refs/remotes/main [9ms]
2026-09-12 15:21:51.865 [info] > git for-each-ref --sort -committerdate --format %(refname)%00%(objectname)%00%(*objectname) [4ms]
2026-09-12 15:21:51.876 [info] > git status -z -uall [30ms]
2026-09-12 15:21:52.200 [info] > git check-ignore -v -z --stdin [3ms]
2026-09-12 15:22:08.267 [info] > git check-ignore -v -z --stdin [1ms]
2026-09-12 15:22:10.147 [info] > git check-ignore -v -z --stdin [25ms]
2026-09-12 15:22:10.174 [info] > git config --get commit.template [8ms]
2026-09-12 15:22:10.238 [info] > git for-each-ref --format=%(refname)%00%(upstream:short)%00%(objectname)%00%(upstream:track)%00%(upstream:remotename)%00%(upstream:remoteref) refs/heads/main refs/remotes/main [18ms]
2026-09-12 15:22:10.278 [info] > git for-each-ref --sort -committerdate --format %(refname)%00%(objectname)%00%(*objectname) [2ms]
2026-09-12 15:22:10.279 [info] > git status -z -uall [20ms]
2026-09-12 15:22:10.676 [info] > git check-ignore -v -z --stdin [5ms]
2026-09-12 15:22:13.749 [info] > git check-ignore -v -z --stdin [2ms]
2026-09-12 15:22:15.348 [info] > git config --get commit.template [4ms]
2026-09-12 15:22:15.373 [info] > git for-each-ref --format=%(refname)%00%(upstream:short)%00%(objectname)%00%(upstream:track)%00%(upstream:remotename)%00%(upstream:remoteref) refs/heads/main refs/remotes/main [4ms]
2026-09-12 15:22:15.414 [info] > git for-each-ref --sort -committerdate --format %(refname)%00%(objectname)%00%(*objectname) [5ms]
2026-09-12 15:22:15.426 [info] > git status -z -uall [36ms]
2026-09-12 15:22:16.247 [info] > git check-ignore -v -z --stdin [3ms]
2026-09-12 15:22:18.992 [info] > git check-ignore -v -z --stdin [3ms]
2026-09-12 15:22:19.951 [info] > git check-ignore -v -z --stdin [4ms]
2026-09-12 15:22:20.464 [info] > git config --get commit.template [17ms]
2026-09-12 15:22:20.467 [info] > git for-each-ref --format=%(refname)%00%(upstream:short)%00%(objectname)%00%(upstream:track)%00%(upstream:remotename)%00%(upstream:remoteref) refs/heads/main refs/remotes/main [4ms]
2026-09-12 15:22:20.488 [info] > git for-each-ref --sort -committerdate --format %(refname)%00%(objectname)%00%(*objectname) [4ms]
2026-09-12 15:22:20.496 [info] > git status -z -uall [19ms]
2026-09-12 15:22:20.838 [info] > git check-ignore -v -z --stdin [3ms]
2026-09-12 15:22:22.930 [info] > git check-ignore -v -z --stdin [4ms]
2026-09-12 15:22:25.795 [info] > git config --get commit.template [15ms]
2026-09-12 15:22:25.822 [info] > git for-each-ref --format=%(refname)%00%(upstream:short)%00%(objectname)%00%(upstream:track)%00%(upstream:remotename)%00%(upstream:remoteref) refs/heads/main refs/remotes/main [4ms]
2026-09-12 15:22:25.885 [info] > git status -z -uall [26ms]
2026-09-12 15:22:25.886 [info] > git for-each-ref --sort -committerdate --format %(refname)%00%(objectname)%00%(*objectname) [9ms]
2026-09-12 15:22:26.255 [info] > git check-ignore -v -z --stdin [2ms]
2026-09-12 15:22:30.914 [info] > git config --get commit.template [2ms]
2026-09-12 15:22:30.929 [info] > git for-each-ref --format=%(refname)%00%(upstream:short)%00%(objectname)%00%(upstream:track)%00%(upstream:remotename)%00%(upstream:remoteref) refs/heads/main refs/remotes/main [4ms]
2026-09-12 15:22:30.962 [info] > git for-each-ref --sort -committerdate --format %(refname)%00%(objectname)%00%(*objectname) [3ms]
2026-09-12 15:22:30.964 [info] > git status -z -uall [18ms]
2026-09-12 15:22:31.341 [info] > git check-ignore -v -z --stdin [3ms]
2026-09-12 15:22:54.734 [info] > git check-ignore -v -z --stdin [1ms]
2026-09-12 15:22:55.218 [info] > git check-ignore -v -z --stdin [7ms]
2026-09-12 15:22:56.489 [info] > git check-ignore -v -z --stdin [3ms]
2026-09-12 15:22:57.139 [info] > git config --get commit.template [30ms]
2026-09-12 15:22:57.142 [info] > git for-each-ref --format=%(refname)%00%(upstream:short)%00%(objectname)%00%(upstream:track)%00%(upstream:remotename)%00%(upstream:remoteref) refs/heads/main refs/remotes/main [7ms]
2026-09-12 15:22:57.167 [info] > git for-each-ref --sort -committerdate --format %(refname)%00%(objectname)%00%(*objectname) [3ms]
2026-09-12 15:22:57.173 [info] > git status -z -uall [18ms]
2026-09-12 15:22:57.507 [info] > git check-ignore -v -z --stdin [2ms]
2026-09-12 15:23:02.367 [info] > git config --get commit.template [39ms]
2026-09-12 15:23:02.470 [info] > git for-each-ref --format=%(refname)%00%(upstream:short)%00%(objectname)%00%(upstream:track)%00%(upstream:remotename)%00%(upstream:remoteref) refs/heads/main refs/remotes/main [28ms]
2026-09-12 15:23:02.750 [info] > git status -z -uall [128ms]
2026-09-12 15:23:02.752 [info] > git for-each-ref --sort -committerdate --format %(refname)%00%(objectname)%00%(*objectname) [72ms]
2026-09-12 15:23:03.652 [info] > git check-ignore -v -z --stdin [29ms]
2026-09-12 15:25:43.052 [info] > git check-ignore -v -z --stdin [4ms]
2026-09-12 15:25:45.030 [info] > git config --get commit.template [34ms]
2026-09-12 15:25:45.034 [info] > git for-each-ref --format=%(refname)%00%(upstream:short)%00%(objectname)%00%(upstream:track)%00%(upstream:remotename)%00%(upstream:remoteref) refs/heads/main refs/remotes/main [5ms]
2026-09-12 15:25:45.080 [info] > git for-each-ref --sort -committerdate --format %(refname)%00%(objectname)%00%(*objectname) [5ms]
2026-09-12 15:25:45.083 [info] > git status -z -uall [28ms]
2026-09-12 15:25:45.407 [info] > git check-ignore -v -z --stdin [2ms]
2026-09-12 15:25:48.352 [info] > git check-ignore -v -z --stdin [2ms]
2026-09-12 15:25:50.259 [info] > git config --get commit.template [8ms]
2026-09-12 15:25:50.261 [info] > git for-each-ref --format=%(refname)%00%(upstream:short)%00%(objectname)%00%(upstream:track)%00%(upstream:remotename)%00%(upstream:remoteref) refs/heads/main refs/remotes/main [2ms]
2026-09-12 15:25:50.279 [info] > git for-each-ref --sort -committerdate --format %(refname)%00%(objectname)%00%(*objectname) [3ms]
2026-09-12 15:25:50.286 [info] > git status -z -uall [18ms]
2026-09-12 15:25:50.611 [info] > git check-ignore -v -z --stdin [4ms]
2026-09-12 15:25:51.087 [info] > git check-ignore -v -z --stdin [3ms]
2026-09-12 15:25:55.537 [info] > git config --get commit.template [142ms]
2026-09-12 15:25:55.561 [info] > git for-each-ref --format=%(refname)%00%(upstream:short)%00%(objectname)%00%(upstream:track)%00%(upstream:remotename)%00%(upstream:remoteref) refs/heads/main refs/remotes/main [39ms]
2026-09-12 15:25:55.701 [info] > git for-each-ref --sort -committerdate --format %(refname)%00%(objectname)%00%(*objectname) [33ms]
2026-09-12 15:25:55.804 [info] > git status -z -uall [177ms]
2026-09-12 15:25:56.286 [info] > git check-ignore -v -z --stdin [8ms]
2026-09-12 15:26:01.657 [info] > git config --get commit.template [59ms]
2026-09-12 15:26:01.658 [info] > git for-each-ref --format=%(refname)%00%(upstream:short)%00%(objectname)%00%(upstream:track)%00%(upstream:remotename)%00%(upstream:remoteref) refs/heads/main refs/remotes/main [15ms]
2026-09-12 15:26:01.798 [info] > git status -z -uall [47ms]
2026-09-12 15:26:01.798 [info] > git for-each-ref --sort -committerdate --format %(refname)%00%(objectname)%00%(*objectname) [11ms]
2026-09-12 15:26:02.153 [info] > git check-ignore -v -z --stdin [6ms]
2026-09-12 15:31:01.402 [info] > git check-ignore -v -z --stdin [3ms]
2026-09-12 15:31:01.437 [info] > git show --textconv :Python/django/SOA/OrientationApp/templates/Orientation.html [14ms]
2026-09-12 15:31:01.441 [info] > git ls-files --stage -- Python/django/SOA/OrientationApp/templates/Orientation.html [5ms]
2026-09-12 15:31:01.456 [info] > git cat-file -s 13af512edcfe005a9cf1a537e2d521be3548f5fe [7ms]
2026-09-12 15:31:06.073 [info] > git check-ignore -v -z --stdin [2ms]
2026-09-12 15:31:06.931 [info] > git check-ignore -v -z --stdin [3ms]
2026-09-12 15:31:07.408 [info] > git check-ignore -v -z --stdin [3ms]
2026-09-12 15:31:09.297 [info] > git config --get commit.template [7ms]
2026-09-12 15:31:09.298 [info] > git for-each-ref --format=%(refname)%00%(upstream:short)%00%(objectname)%00%(upstream:track)%00%(upstream:remotename)%00%(upstream:remoteref) refs/heads/main refs/remotes/main [2ms]
2026-09-12 15:31:09.309 [info] > git for-each-ref --sort -committerdate --format %(refname)%00%(objectname)%00%(*objectname) [2ms]
2026-09-12 15:31:09.312 [info] > git status -z -uall [9ms]
2026-09-12 15:31:09.351 [info] > git check-ignore -v -z --stdin [3ms]
2026-09-12 15:31:09.628 [info] > git check-ignore -v -z --stdin [1ms]
2026-09-12 15:31:10.650 [info] > git check-ignore -v -z --stdin [1ms]
2026-09-12 15:31:12.598 [info] > git check-ignore -v -z --stdin [2ms]
2026-09-12 15:31:13.347 [info] > git check-ignore -v -z --stdin [4ms]
2026-09-12 15:31:14.001 [info] > git check-ignore -v -z --stdin [1ms]
2026-09-12 15:31:14.325 [info] > git config --get commit.template [2ms]
2026-09-12 15:31:14.333 [info] > git for-each-ref --format=%(refname)%00%(upstream:short)%00%(objectname)%00%(upstream:track)%00%(upstream:remotename)%00%(upstream:remoteref) refs/heads/main refs/remotes/main [2ms]
2026-09-12 15:31:14.344 [info] > git for-each-ref --sort -committerdate --format %(refname)%00%(objectname)%00%(*objectname) [1ms]
2026-09-12 15:31:14.347 [info] > git status -z -uall [9ms]
2026-09-12 15:31:14.813 [info] > git check-ignore -v -z --stdin [2ms]
2026-09-12 15:31:15.083 [info] > git check-ignore -v -z --stdin [2ms]
2026-09-12 15:31:15.387 [info] > git check-ignore -v -z --stdin [2ms]
2026-09-12 15:31:19.396 [info] > git config --get commit.template [1ms]
2026-09-12 15:31:19.408 [info] > git for-each-ref --format=%(refname)%00%(upstream:short)%00%(objectname)%00%(upstream:track)%00%(upstream:remotename)%00%(upstream:remoteref) refs/heads/main refs/remotes/main [2ms]
2026-09-12 15:31:19.434 [info] > git for-each-ref --sort -committerdate --format %(refname)%00%(objectname)%00%(*objectname) [5ms]
2026-09-12 15:31:19.440 [info] > git status -z -uall [19ms]
2026-09-12 15:31:35.289 [info] > git config --get commit.template [3ms]
2026-09-12 15:31:35.308 [info] > git for-each-ref --format=%(refname)%00%(upstream:short)%00%(objectname)%00%(upstream:track)%00%(upstream:remotename)%00%(upstream:remoteref) refs/heads/main refs/remotes/main [3ms]
2026-09-12 15:31:35.334 [info] > git status -z -uall [14ms]
2026-09-12 15:31:35.334 [info] > git for-each-ref --sort -committerdate --format %(refname)%00%(objectname)%00%(*objectname) [6ms]
2026-09-12 15:31:40.352 [info] > git config --get commit.template [2ms]
2026-09-12 15:31:40.362 [info] > git for-each-ref --format=%(refname)%00%(upstream:short)%00%(objectname)%00%(upstream:track)%00%(upstream:remotename)%00%(upstream:remoteref) refs/heads/main refs/remotes/main [5ms]
2026-09-12 15:31:40.384 [info] > git status -z -uall [13ms]
2026-09-12 15:31:40.385 [info] > git for-each-ref --sort -committerdate --format %(refname)%00%(objectname)%00%(*objectname) [4ms]
2026-09-12 15:31:44.949 [info] > git check-ignore -v -z --stdin [2ms]
2026-09-12 15:31:45.001 [info] > git show --textconv :Python/django/SOA/OrientationApp/templates/Orientation.html [17ms]
2026-09-12 15:31:45.005 [info] > git ls-files --stage -- Python/django/SOA/OrientationApp/templates/Orientation.html [7ms]
2026-09-12 15:31:45.015 [info] > git cat-file -s 13af512edcfe005a9cf1a537e2d521be3548f5fe [3ms]
2026-09-12 15:31:45.417 [info] > git config --get commit.template [1ms]
2026-09-12 15:31:45.424 [info] > git for-each-ref --format=%(refname)%00%(upstream:short)%00%(objectname)%00%(upstream:track)%00%(upstream:remotename)%00%(upstream:remoteref) refs/heads/main refs/remotes/main [2ms]
2026-09-12 15:31:45.456 [info] > git for-each-ref --sort -committerdate --format %(refname)%00%(objectname)%00%(*objectname) [2ms]
2026-09-12 15:31:45.459 [info] > git status -z -uall [21ms]
2026-09-12 15:31:45.801 [info] > git check-ignore -v -z --stdin [5ms]
2026-09-12 15:31:46.530 [info] > git check-ignore -v -z --stdin [2ms]
2026-09-12 15:31:46.820 [info] > git check-ignore -v -z --stdin [2ms]
2026-09-12 15:31:47.866 [info] > git check-ignore -v -z --stdin [1ms]
2026-09-12 15:31:48.484 [info] > git check-ignore -v -z --stdin [2ms]
2026-09-12 15:31:49.091 [info] > git check-ignore -v -z --stdin [1ms]
2026-09-12 15:31:49.859 [info] > git check-ignore -v -z --stdin [2ms]
2026-09-12 15:31:50.476 [info] > git config --get commit.template [7ms]
2026-09-12 15:31:50.482 [info] > git for-each-ref --format=%(refname)%00%(upstream:short)%00%(objectname)%00%(upstream:track)%00%(upstream:remotename)%00%(upstream:remoteref) refs/heads/main refs/remotes/main [7ms]
2026-09-12 15:31:50.483 [info] > git check-ignore -v -z --stdin [1ms]
2026-09-12 15:31:50.493 [info] > git for-each-ref --sort -committerdate --format %(refname)%00%(objectname)%00%(*objectname) [2ms]
2026-09-12 15:31:50.495 [info] > git status -z -uall [8ms]
2026-09-12 15:31:50.902 [info] > git check-ignore -v -z --stdin [2ms]
2026-09-12 15:31:54.153 [info] > git check-ignore -v -z --stdin [2ms]
2026-09-12 15:31:55.139 [info] > git check-ignore -v -z --stdin [2ms]
2026-09-12 15:31:55.504 [info] > git config --get commit.template [7ms]
2026-09-12 15:31:55.505 [info] > git for-each-ref --format=%(refname)%00%(upstream:short)%00%(objectname)%00%(upstream:track)%00%(upstream:remotename)%00%(upstream:remoteref) refs/heads/main refs/remotes/main [2ms]
2026-09-12 15:31:55.515 [info] > git for-each-ref --sort -committerdate --format %(refname)%00%(objectname)%00%(*objectname) [0ms]
2026-09-12 15:31:55.519 [info] > git status -z -uall [10ms]
2026-09-12 15:31:55.833 [info] > git check-ignore -v -z --stdin [2ms]
2026-09-12 15:31:57.410 [info] > git check-ignore -v -z --stdin [1ms]
2026-09-12 15:31:57.703 [info] > git check-ignore -v -z --stdin [1ms]
2026-09-12 15:31:57.919 [info] > git check-ignore -v -z --stdin [2ms]
2026-09-12 15:31:58.428 [info] > git check-ignore -v -z --stdin [1ms]
2026-09-12 15:31:58.951 [info] > git check-ignore -v -z --stdin [2ms]
2026-09-12 15:31:59.255 [info] > git check-ignore -v -z --stdin [3ms]
2026-09-12 15:31:59.574 [info] > git check-ignore -v -z --stdin [2ms]
2026-09-12 15:31:59.822 [info] > git check-ignore -v -z --stdin [2ms]
2026-09-12 15:32:00.246 [info] > git check-ignore -v -z --stdin [1ms]
2026-09-12 15:32:00.537 [info] > git config --get commit.template [5ms]
2026-09-12 15:32:00.538 [info] > git for-each-ref --format=%(refname)%00%(upstream:short)%00%(objectname)%00%(upstream:track)%00%(upstream:remotename)%00%(upstream:remoteref) refs/heads/main refs/remotes/main [2ms]
2026-09-12 15:32:00.571 [info] > git for-each-ref --sort -committerdate --format %(refname)%00%(objectname)%00%(*objectname) [14ms]
2026-09-12 15:32:00.574 [info] > git status -z -uall [25ms]
2026-09-12 15:32:00.890 [info] > git check-ignore -v -z --stdin [1ms]
2026-09-12 15:32:01.986 [info] > git check-ignore -v -z --stdin [4ms]
2026-09-12 15:32:02.664 [info] > git check-ignore -v -z --stdin [3ms]
2026-09-12 15:32:05.592 [info] > git config --get commit.template [6ms]
2026-09-12 15:32:05.593 [info] > git for-each-ref --format=%(refname)%00%(upstream:short)%00%(objectname)%00%(upstream:track)%00%(upstream:remotename)%00%(upstream:remoteref) refs/heads/main refs/remotes/main [2ms]
2026-09-12 15:32:05.604 [info] > git for-each-ref --sort -committerdate --format %(refname)%00%(objectname)%00%(*objectname) [2ms]
2026-09-12 15:32:05.605 [info] > git status -z -uall [8ms]
2026-09-12 15:32:05.919 [info] > git check-ignore -v -z --stdin [2ms]
2026-09-12 15:32:09.256 [info] > git check-ignore -v -z --stdin [2ms]
2026-09-12 15:32:11.150 [info] > git config --get commit.template [5ms]
2026-09-12 15:32:11.151 [info] > git for-each-ref --format=%(refname)%00%(upstream:short)%00%(objectname)%00%(upstream:track)%00%(upstream:remotename)%00%(upstream:remoteref) refs/heads/main refs/remotes/main [1ms]
2026-09-12 15:32:11.162 [info] > git for-each-ref --sort -committerdate --format %(refname)%00%(objectname)%00%(*objectname) [2ms]
2026-09-12 15:32:11.164 [info] > git status -z -uall [8ms]
2026-09-12 15:32:11.478 [info] > git check-ignore -v -z --stdin [1ms]
2026-09-12 15:32:15.670 [info] > git check-ignore -v -z --stdin [1ms]
2026-09-12 15:32:17.138 [info] > git check-ignore -v -z --stdin [2ms]
2026-09-12 15:32:17.551 [info] > git config --get commit.template [5ms]
2026-09-12 15:32:17.553 [info] > git for-each-ref --format=%(refname)%00%(upstream:short)%00%(objectname)%00%(upstream:track)%00%(upstream:remotename)%00%(upstream:remoteref) refs/heads/main refs/remotes/main [2ms]
2026-09-12 15:32:17.574 [info] > git for-each-ref --sort -committerdate --format %(refname)%00%(objectname)%00%(*objectname) [3ms]
2026-09-12 15:32:17.575 [info] > git status -z -uall [11ms]
2026-09-12 15:32:18.000 [info] > git check-ignore -v -z --stdin [2ms]
2026-09-12 15:32:22.609 [info] > git config --get commit.template [7ms]
2026-09-12 15:32:22.613 [info] > git for-each-ref --format=%(refname)%00%(upstream:short)%00%(objectname)%00%(upstream:track)%00%(upstream:remotename)%00%(upstream:remoteref) refs/heads/main refs/remotes/main [6ms]
2026-09-12 15:32:22.637 [info] > git for-each-ref --sort -committerdate --format %(refname)%00%(objectname)%00%(*objectname) [2ms]
2026-09-12 15:32:22.640 [info] > git status -z -uall [14ms]
2026-09-12 15:32:22.966 [info] > git check-ignore -v -z --stdin [1ms]
2026-09-12 15:32:27.663 [info] > git config --get commit.template [7ms]
2026-09-12 15:32:27.668 [info] > git for-each-ref --format=%(refname)%00%(upstream:short)%00%(objectname)%00%(upstream:track)%00%(upstream:remotename)%00%(upstream:remoteref) refs/heads/main refs/remotes/main [6ms]
2026-09-12 15:32:27.688 [info] > git for-each-ref --sort -committerdate --format %(refname)%00%(objectname)%00%(*objectname) [2ms]
2026-09-12 15:32:27.691 [info] > git status -z -uall [12ms]
2026-09-12 15:32:28.012 [info] > git check-ignore -v -z --stdin [2ms]
2026-09-12 15:32:58.348 [info] > git check-ignore -v -z --stdin [3ms]
2026-09-12 15:32:59.059 [info] > git check-ignore -v -z --stdin [2ms]
2026-09-12 15:33:00.777 [info] > git check-ignore -v -z --stdin [2ms]
2026-09-12 15:33:00.952 [info] > git config --get commit.template [3ms]
2026-09-12 15:33:00.960 [info] > git for-each-ref --format=%(refname)%00%(upstream:short)%00%(objectname)%00%(upstream:track)%00%(upstream:remotename)%00%(upstream:remoteref) refs/heads/main refs/remotes/main [2ms]
2026-09-12 15:33:00.971 [info] > git for-each-ref --sort -committerdate --format %(refname)%00%(objectname)%00%(*objectname) [2ms]
2026-09-12 15:33:00.974 [info] > git status -z -uall [9ms]
2026-09-12 15:33:01.446 [info] > git check-ignore -v -z --stdin [2ms]
2026-09-12 15:33:02.615 [info] > git check-ignore -v -z --stdin [2ms]
2026-09-12 15:33:02.846 [info] > git check-ignore -v -z --stdin [1ms]
2026-09-12 15:33:03.195 [info] > git check-ignore -v -z --stdin [2ms]
2026-09-12 15:33:03.935 [info] > git check-ignore -v -z --stdin [2ms]
2026-09-12 15:33:05.991 [info] > git config --get commit.template [5ms]
2026-09-12 15:33:05.992 [info] > git for-each-ref --format=%(refname)%00%(upstream:short)%00%(objectname)%00%(upstream:track)%00%(upstream:remotename)%00%(upstream:remoteref) refs/heads/main refs/remotes/main [1ms]
2026-09-12 15:33:06.002 [info] > git for-each-ref --sort -committerdate --format %(refname)%00%(objectname)%00%(*objectname) [1ms]
2026-09-12 15:33:06.006 [info] > git status -z -uall [9ms]
2026-09-12 15:33:06.329 [info] > git check-ignore -v -z --stdin [2ms]
2026-09-12 15:33:11.042 [info] > git config --get commit.template [14ms]
2026-09-12 15:33:11.043 [info] > git for-each-ref --format=%(refname)%00%(upstream:short)%00%(objectname)%00%(upstream:track)%00%(upstream:remotename)%00%(upstream:remoteref) refs/heads/main refs/remotes/main [2ms]
2026-09-12 15:33:11.065 [info] > git for-each-ref --sort -committerdate --format %(refname)%00%(objectname)%00%(*objectname) [1ms]
2026-09-12 15:33:11.069 [info] > git status -z -uall [12ms]
2026-09-12 15:33:11.383 [info] > git check-ignore -v -z --stdin [2ms]
2026-09-12 15:33:48.743 [info] > git check-ignore -v -z --stdin [3ms]
2026-09-12 15:33:48.798 [info] > git show --textconv :Python/django/SOA/OrientationApp/logic.py [16ms]
2026-09-12 15:33:48.799 [info] > git ls-files --stage -- Python/django/SOA/OrientationApp/logic.py [3ms]
2026-09-12 15:33:48.807 [info] > git cat-file -s f3261da2e9cf2646e3aca90bc184a376caa65bcc [0ms]
2026-09-12 15:33:57.526 [info] > git check-ignore -v -z --stdin [1ms]
2026-09-12 15:33:58.166 [info] > git check-ignore -v -z --stdin [2ms]
2026-09-12 15:33:58.989 [info] > git check-ignore -v -z --stdin [1ms]
2026-09-12 15:33:59.347 [info] > git check-ignore -v -z --stdin [1ms]
2026-09-12 15:33:59.743 [info] > git check-ignore -v -z --stdin [1ms]
2026-09-12 15:34:01.724 [info] > git config --get commit.template [12ms]
2026-09-12 15:34:01.725 [info] > git for-each-ref --format=%(refname)%00%(upstream:short)%00%(objectname)%00%(upstream:track)%00%(upstream:remotename)%00%(upstream:remoteref) refs/heads/main refs/remotes/main [3ms]
2026-09-12 15:34:01.759 [info] > git status -z -uall [22ms]
2026-09-12 15:34:01.759 [info] > git for-each-ref --sort -committerdate --format %(refname)%00%(objectname)%00%(*objectname) [1ms]
2026-09-12 15:34:02.083 [info] > git check-ignore -v -z --stdin [2ms]
2026-09-12 15:34:04.776 [info] > git check-ignore -v -z --stdin [1ms]
2026-09-12 15:34:05.163 [info] > git check-ignore -v -z --stdin [1ms]
2026-09-12 15:34:05.386 [info] > git check-ignore -v -z --stdin [1ms]
2026-09-12 15:34:05.911 [info] > git check-ignore -v -z --stdin [2ms]
2026-09-12 15:34:06.123 [info] > git check-ignore -v -z --stdin [2ms]
2026-09-12 15:34:06.685 [info] > git check-ignore -v -z --stdin [2ms]
2026-09-12 15:34:06.778 [info] > git config --get commit.template [6ms]
2026-09-12 15:34:06.780 [info] > git for-each-ref --format=%(refname)%00%(upstream:short)%00%(objectname)%00%(upstream:track)%00%(upstream:remotename)%00%(upstream:remoteref) refs/heads/main refs/remotes/main [2ms]
2026-09-12 15:34:06.797 [info] > git for-each-ref --sort -committerdate --format %(refname)%00%(objectname)%00%(*objectname) [3ms]
2026-09-12 15:34:06.804 [info] > git status -z -uall [17ms]
2026-09-12 15:34:07.125 [info] > git check-ignore -v -z --stdin [4ms]
2026-09-12 15:34:11.832 [info] > git config --get commit.template [2ms]
2026-09-12 15:34:11.855 [info] > git for-each-ref --format=%(refname)%00%(upstream:short)%00%(objectname)%00%(upstream:track)%00%(upstream:remotename)%00%(upstream:remoteref) refs/heads/main refs/remotes/main [10ms]
2026-09-12 15:34:11.881 [info] > git status -z -uall [11ms]
2026-09-12 15:34:11.889 [info] > git for-each-ref --sort -committerdate --format %(refname)%00%(objectname)%00%(*objectname) [8ms]
2026-09-12 15:34:12.208 [info] > git check-ignore -v -z --stdin [2ms]
2026-09-12 15:34:15.509 [info] > git check-ignore -v -z --stdin [2ms]
2026-09-12 15:34:16.359 [info] > git check-ignore -v -z --stdin [2ms]
2026-09-12 15:34:16.727 [info] > git check-ignore -v -z --stdin [2ms]
2026-09-12 15:34:18.323 [info] > git check-ignore -v -z --stdin [4ms]
2026-09-12 15:34:19.071 [info] > git config --get commit.template [5ms]
2026-09-12 15:34:19.076 [info] > git for-each-ref --format=%(refname)%00%(upstream:short)%00%(objectname)%00%(upstream:track)%00%(upstream:remotename)%00%(upstream:remoteref) refs/heads/main refs/remotes/main [6ms]
2026-09-12 15:34:19.089 [info] > git for-each-ref --sort -committerdate --format %(refname)%00%(objectname)%00%(*objectname) [1ms]
2026-09-12 15:34:19.093 [info] > git status -z -uall [10ms]
2026-09-12 15:34:19.204 [info] > git check-ignore -v -z --stdin [2ms]
2026-09-12 15:34:19.408 [info] > git check-ignore -v -z --stdin [0ms]
2026-09-12 15:34:19.778 [info] > git check-ignore -v -z --stdin [1ms]
2026-09-12 15:34:20.044 [info] > git check-ignore -v -z --stdin [1ms]
2026-09-12 15:34:20.294 [info] > git check-ignore -v -z --stdin [2ms]
2026-09-12 15:34:20.707 [info] > git check-ignore -v -z --stdin [2ms]
2026-09-12 15:34:21.282 [info] > git check-ignore -v -z --stdin [1ms]
2026-09-12 15:34:22.206 [info] > git check-ignore -v -z --stdin [1ms]
2026-09-12 15:34:22.663 [info] > git check-ignore -v -z --stdin [2ms]
2026-09-12 15:34:25.038 [info] > git config --get commit.template [6ms]
2026-09-12 15:34:25.039 [info] > git for-each-ref --format=%(refname)%00%(upstream:short)%00%(objectname)%00%(upstream:track)%00%(upstream:remotename)%00%(upstream:remoteref) refs/heads/main refs/remotes/main [1ms]
2026-09-12 15:34:25.049 [info] > git for-each-ref --sort -committerdate --format %(refname)%00%(objectname)%00%(*objectname) [1ms]
2026-09-12 15:34:25.051 [info] > git status -z -uall [8ms]
2026-09-12 15:34:25.404 [info] > git check-ignore -v -z --stdin [5ms]
2026-09-12 15:34:37.096 [info] > git check-ignore -v -z --stdin [1ms]
2026-09-12 15:34:38.158 [info] > git check-ignore -v -z --stdin [1ms]
2026-09-12 15:34:38.754 [info] > git check-ignore -v -z --stdin [5ms]
2026-09-12 15:34:38.973 [info] > git check-ignore -v -z --stdin [3ms]
2026-09-12 15:34:39.017 [info] > git config --get commit.template [4ms]
2026-09-12 15:34:39.029 [info] > git for-each-ref --format=%(refname)%00%(upstream:short)%00%(objectname)%00%(upstream:track)%00%(upstream:remotename)%00%(upstream:remoteref) refs/heads/main refs/remotes/main [2ms]
2026-09-12 15:34:39.043 [info] > git for-each-ref --sort -committerdate --format %(refname)%00%(objectname)%00%(*objectname) [2ms]
2026-09-12 15:34:39.046 [info] > git status -z -uall [12ms]
2026-09-12 15:34:39.403 [info] > git check-ignore -v -z --stdin [2ms]
2026-09-12 15:34:40.170 [info] > git check-ignore -v -z --stdin [2ms]
2026-09-12 15:34:40.552 [info] > git check-ignore -v -z --stdin [1ms]
2026-09-12 15:34:41.755 [info] > git check-ignore -v -z --stdin [2ms]
2026-09-12 15:34:42.298 [info] > git check-ignore -v -z --stdin [1ms]
2026-09-12 15:34:47.221 [info] > git config --get commit.template [6ms]
2026-09-12 15:34:47.222 [info] > git for-each-ref --format=%(refname)%00%(upstream:short)%00%(objectname)%00%(upstream:track)%00%(upstream:remotename)%00%(upstream:remoteref) refs/heads/main refs/remotes/main [1ms]
2026-09-12 15:34:47.245 [info] > git status -z -uall [14ms]
2026-09-12 15:34:47.245 [info] > git for-each-ref --sort -committerdate --format %(refname)%00%(objectname)%00%(*objectname) [0ms]
2026-09-12 15:34:47.608 [info] > git check-ignore -v -z --stdin [3ms]
2026-09-12 15:36:47.527 [info] > git check-ignore -v -z --stdin [1ms]
2026-09-12 15:36:48.949 [info] > git check-ignore -v -z --stdin [3ms]
2026-09-12 15:36:57.587 [info] > git check-ignore -v -z --stdin [2ms]
2026-09-12 15:36:57.823 [info] > git check-ignore -v -z --stdin [2ms]
2026-09-12 15:37:00.275 [info] > git check-ignore -v -z --stdin [3ms]
2026-09-12 15:37:00.599 [info] > git check-ignore -v -z --stdin [3ms]
2026-09-12 15:37:07.519 [info] > git check-ignore -v -z --stdin [1ms]
2026-09-12 15:37:08.072 [info] > git check-ignore -v -z --stdin [2ms]
2026-09-12 15:37:08.472 [info] > git check-ignore -v -z --stdin [3ms]
2026-09-12 15:37:08.679 [info] > git check-ignore -v -z --stdin [2ms]
2026-09-12 15:39:54.493 [info] > git check-ignore -v -z --stdin [3ms]
2026-09-12 15:39:55.716 [info] > git check-ignore -v -z --stdin [2ms]
2026-09-12 15:40:05.425 [info] > git check-ignore -v -z --stdin [3ms]
2026-09-12 15:40:06.260 [info] > git check-ignore -v -z --stdin [2ms]
2026-09-12 15:40:08.678 [info] > git check-ignore -v -z --stdin [2ms]
2026-09-12 15:40:13.177 [info] > git check-ignore -v -z --stdin [2ms]
2026-09-12 15:40:15.184 [info] > git check-ignore -v -z --stdin [2ms]
2026-09-12 15:40:30.468 [info] > git check-ignore -v -z --stdin [4ms]
2026-09-12 15:40:35.819 [info] > git check-ignore -v -z --stdin [3ms]
2026-09-12 15:40:36.705 [info] > git check-ignore -v -z --stdin [1ms]
2026-09-12 15:40:38.881 [info] > git check-ignore -v -z --stdin [2ms]
2026-09-12 15:40:44.018 [info] > git check-ignore -v -z --stdin [2ms]
2026-09-12 15:40:47.063 [info] > git check-ignore -v -z --stdin [3ms]
2026-09-12 15:42:39.059 [info] > git check-ignore -v -z --stdin [2ms]
2026-09-12 15:42:39.745 [info] > git check-ignore -v -z --stdin [1ms]
2026-09-12 15:42:44.128 [info] > git check-ignore -v -z --stdin [2ms]
2026-09-12 15:42:50.733 [info] > git check-ignore -v -z --stdin [1ms]
2026-09-12 15:42:51.683 [info] > git check-ignore -v -z --stdin [2ms]
2026-09-12 15:42:53.198 [info] > git check-ignore -v -z --stdin [3ms]
2026-09-12 15:42:53.543 [info] > git check-ignore -v -z --stdin [2ms]
2026-09-12 15:42:53.759 [info] > git check-ignore -v -z --stdin [2ms]
2026-09-12 15:42:54.046 [info] > git check-ignore -v -z --stdin [1ms]
2026-09-12 15:42:54.252 [info] > git check-ignore -v -z --stdin [1ms]
2026-09-12 15:42:55.051 [info] > git check-ignore -v -z --stdin [1ms]
2026-09-12 15:42:55.272 [info] > git check-ignore -v -z --stdin [2ms]
2026-09-12 15:42:55.917 [info] > git check-ignore -v -z --stdin [2ms]
2026-09-12 15:43:02.445 [info] > git check-ignore -v -z --stdin [2ms]
2026-09-12 15:43:03.219 [info] > git check-ignore -v -z --stdin [1ms]
2026-09-12 15:43:03.437 [info] > git check-ignore -v -z --stdin [2ms]
2026-09-12 15:43:03.876 [info] > git check-ignore -v -z --stdin [1ms]
2026-09-12 15:43:04.134 [info] > git check-ignore -v -z --stdin [2ms]
2026-09-12 15:43:04.572 [info] > git check-ignore -v -z --stdin [1ms]
2026-09-12 15:43:06.493 [info] > git check-ignore -v -z --stdin [2ms]
2026-09-12 15:43:08.302 [info] > git check-ignore -v -z --stdin [1ms]
2026-09-12 15:43:08.730 [info] > git check-ignore -v -z --stdin [3ms]
2026-09-12 15:43:09.112 [info] > git check-ignore -v -z --stdin [1ms]
2026-09-12 15:43:09.305 [info] > git check-ignore -v -z --stdin [1ms]
2026-09-12 15:43:10.204 [info] > git check-ignore -v -z --stdin [1ms]
2026-09-12 15:43:11.255 [info] > git check-ignore -v -z --stdin [4ms]
2026-09-12 15:43:11.606 [info] > git check-ignore -v -z --stdin [2ms]
2026-09-12 15:43:12.071 [info] > git check-ignore -v -z --stdin [2ms]
2026-09-12 15:43:12.429 [info] > git check-ignore -v -z --stdin [1ms]
2026-09-12 15:44:38.049 [info] > git config --get commit.template [18ms]
2026-09-12 15:44:38.051 [info] > git for-each-ref --format=%(refname)%00%(upstream:short)%00%(objectname)%00%(upstream:track)%00%(upstream:remotename)%00%(upstream:remoteref) refs/heads/main refs/remotes/main [4ms]
2026-09-12 15:44:38.080 [info] > git for-each-ref --sort -committerdate --format %(refname)%00%(objectname)%00%(*objectname) [9ms]
2026-09-12 15:44:38.088 [info] > git status -z -uall [27ms]
2026-09-12 15:44:38.547 [info] > git check-ignore -v -z --stdin [34ms]
2026-09-12 15:44:43.095 [info] > git config --get commit.template [5ms]
2026-09-12 15:44:43.097 [info] > git for-each-ref --format=%(refname)%00%(upstream:short)%00%(objectname)%00%(upstream:track)%00%(upstream:remotename)%00%(upstream:remoteref) refs/heads/main refs/remotes/main [2ms]
2026-09-12 15:44:43.113 [info] > git for-each-ref --sort -committerdate --format %(refname)%00%(objectname)%00%(*objectname) [1ms]
2026-09-12 15:44:43.116 [info] > git status -z -uall [9ms]
2026-09-12 15:44:43.442 [info] > git check-ignore -v -z --stdin [12ms]
2026-09-12 15:44:46.922 [info] > git check-ignore -v -z --stdin [2ms]
2026-09-12 15:44:49.617 [info] > git config --get commit.template [13ms]
2026-09-12 15:44:49.618 [info] > git for-each-ref --format=%(refname)%00%(upstream:short)%00%(objectname)%00%(upstream:track)%00%(upstream:remotename)%00%(upstream:remoteref) refs/heads/main refs/remotes/main [2ms]
2026-09-12 15:44:49.637 [info] > git for-each-ref --sort -committerdate --format %(refname)%00%(objectname)%00%(*objectname) [1ms]
2026-09-12 15:44:49.646 [info] > git status -z -uall [20ms]
2026-09-12 15:44:49.963 [info] > git check-ignore -v -z --stdin [2ms]
2026-09-12 15:44:56.038 [info] > git check-ignore -v -z --stdin [2ms]
2026-09-12 15:44:57.244 [info] > git check-ignore -v -z --stdin [2ms]
2026-09-12 15:44:58.410 [info] > git check-ignore -v -z --stdin [2ms]
2026-09-12 15:44:59.223 [info] > git config --get commit.template [2ms]
2026-09-12 15:44:59.234 [info] > git for-each-ref --format=%(refname)%00%(upstream:short)%00%(objectname)%00%(upstream:track)%00%(upstream:remotename)%00%(upstream:remoteref) refs/heads/main refs/remotes/main [2ms]
2026-09-12 15:44:59.247 [info] > git for-each-ref --sort -committerdate --format %(refname)%00%(objectname)%00%(*objectname) [2ms]
2026-09-12 15:44:59.250 [info] > git status -z -uall [11ms]
2026-09-12 15:44:59.578 [info] > git check-ignore -v -z --stdin [2ms]
2026-09-12 15:45:01.366 [info] > git check-ignore -v -z --stdin [2ms]
2026-09-12 15:45:01.718 [info] > git check-ignore -v -z --stdin [2ms]
2026-09-12 15:45:04.243 [info] > git check-ignore -v -z --stdin [2ms]
2026-09-12 15:45:04.267 [info] > git config --get commit.template [8ms]
2026-09-12 15:45:04.267 [info] > git for-each-ref --format=%(refname)%00%(upstream:short)%00%(objectname)%00%(upstream:track)%00%(upstream:remotename)%00%(upstream:remoteref) refs/heads/main refs/remotes/main [2ms]
2026-09-12 15:45:04.280 [info] > git for-each-ref --sort -committerdate --format %(refname)%00%(objectname)%00%(*objectname) [0ms]
2026-09-12 15:45:04.299 [info] > git status -z -uall [26ms]
2026-09-12 15:45:04.895 [info] > git check-ignore -v -z --stdin [1ms]
2026-09-12 15:45:05.220 [info] > git check-ignore -v -z --stdin [2ms]
2026-09-12 15:45:05.460 [info] > git check-ignore -v -z --stdin [2ms]
2026-09-12 15:45:05.717 [info] > git check-ignore -v -z --stdin [3ms]
2026-09-12 15:45:05.917 [info] > git check-ignore -v -z --stdin [2ms]
2026-09-12 15:45:07.361 [info] > git check-ignore -v -z --stdin [2ms]
2026-09-12 15:45:07.684 [info] > git check-ignore -v -z --stdin [3ms]
2026-09-12 15:45:09.315 [info] > git config --get commit.template [5ms]
2026-09-12 15:45:09.316 [info] > git for-each-ref --format=%(refname)%00%(upstream:short)%00%(objectname)%00%(upstream:track)%00%(upstream:remotename)%00%(upstream:remoteref) refs/heads/main refs/remotes/main [1ms]
2026-09-12 15:45:09.328 [info] > git for-each-ref --sort -committerdate --format %(refname)%00%(objectname)%00%(*objectname) [2ms]
2026-09-12 15:45:09.332 [info] > git status -z -uall [10ms]
2026-09-12 15:45:09.448 [info] > git check-ignore -v -z --stdin [2ms]
2026-09-12 15:45:09.754 [info] > git check-ignore -v -z --stdin [1ms]
2026-09-12 15:45:10.008 [info] > git check-ignore -v -z --stdin [2ms]
2026-09-12 15:45:10.669 [info] > git check-ignore -v -z --stdin [2ms]
2026-09-12 15:45:11.093 [info] > git check-ignore -v -z --stdin [1ms]
2026-09-12 15:45:11.656 [info] > git check-ignore -v -z --stdin [2ms]
2026-09-12 15:45:12.064 [info] > git check-ignore -v -z --stdin [2ms]
2026-09-12 15:45:12.750 [info] > git check-ignore -v -z --stdin [2ms]
2026-09-12 15:45:12.988 [info] > git check-ignore -v -z --stdin [1ms]
2026-09-12 15:45:13.421 [info] > git check-ignore -v -z --stdin [2ms]
2026-09-12 15:45:13.630 [info] > git check-ignore -v -z --stdin [3ms]
2026-09-12 15:45:15.450 [info] > git check-ignore -v -z --stdin [5ms]
2026-09-12 15:45:16.145 [info] > git config --get commit.template [2ms]
2026-09-12 15:45:16.151 [info] > git for-each-ref --format=%(refname)%00%(upstream:short)%00%(objectname)%00%(upstream:track)%00%(upstream:remotename)%00%(upstream:remoteref) refs/heads/main refs/remotes/main [2ms]
2026-09-12 15:45:16.165 [info] > git status -z -uall [9ms]
2026-09-12 15:45:16.165 [info] > git for-each-ref --sort -committerdate --format %(refname)%00%(objectname)%00%(*objectname) [1ms]
2026-09-12 15:45:16.484 [info] > git check-ignore -v -z --stdin [3ms]
2026-09-12 15:45:21.185 [info] > git config --get commit.template [5ms]
2026-09-12 15:45:21.187 [info] > git for-each-ref --format=%(refname)%00%(upstream:short)%00%(objectname)%00%(upstream:track)%00%(upstream:remotename)%00%(upstream:remoteref) refs/heads/main refs/remotes/main [3ms]
2026-09-12 15:45:21.198 [info] > git for-each-ref --sort -committerdate --format %(refname)%00%(objectname)%00%(*objectname) [2ms]
2026-09-12 15:45:21.200 [info] > git status -z -uall [8ms]
2026-09-12 15:45:21.520 [info] > git check-ignore -v -z --stdin [1ms]
2026-09-12 15:47:18.850 [info] > git check-ignore -v -z --stdin [4ms]
2026-09-12 15:47:20.786 [info] > git config --get commit.template [30ms]
2026-09-12 15:47:20.788 [info] > git for-each-ref --format=%(refname)%00%(upstream:short)%00%(objectname)%00%(upstream:track)%00%(upstream:remotename)%00%(upstream:remoteref) refs/heads/main refs/remotes/main [4ms]
2026-09-12 15:47:20.854 [info] > git status -z -uall [23ms]
2026-09-12 15:47:20.855 [info] > git for-each-ref --sort -committerdate --format %(refname)%00%(objectname)%00%(*objectname) [4ms]
2026-09-12 15:47:21.201 [info] > git check-ignore -v -z --stdin [2ms]
2026-09-12 15:47:21.962 [info] > git check-ignore -v -z --stdin [3ms]
2026-09-12 15:47:23.566 [info] > git check-ignore -v -z --stdin [2ms]
2026-09-12 15:47:25.919 [info] > git config --get commit.template [4ms]
2026-09-12 15:47:25.946 [info] > git for-each-ref --format=%(refname)%00%(upstream:short)%00%(objectname)%00%(upstream:track)%00%(upstream:remotename)%00%(upstream:remoteref) refs/heads/main refs/remotes/main [18ms]
2026-09-12 15:47:25.952 [info] > git check-ignore -v -z --stdin [6ms]
2026-09-12 15:47:25.988 [info] > git for-each-ref --sort -committerdate --format %(refname)%00%(objectname)%00%(*objectname) [7ms]
2026-09-12 15:47:25.990 [info] > git status -z -uall [18ms]
2026-09-12 15:47:26.305 [info] > git check-ignore -v -z --stdin [1ms]
2026-09-12 15:47:38.311 [info] > git config --get commit.template [12ms]
2026-09-12 15:47:38.316 [info] > git for-each-ref --format=%(refname)%00%(upstream:short)%00%(objectname)%00%(upstream:track)%00%(upstream:remotename)%00%(upstream:remoteref) refs/heads/main refs/remotes/main [5ms]
2026-09-12 15:47:38.344 [info] > git for-each-ref --sort -committerdate --format %(refname)%00%(objectname)%00%(*objectname) [6ms]
2026-09-12 15:47:38.349 [info] > git status -z -uall [22ms]
2026-09-12 15:47:38.979 [info] > git check-ignore -v -z --stdin [3ms]
2026-09-12 15:47:46.999 [info] > git check-ignore -v -z --stdin [1ms]
2026-09-12 15:47:48.903 [info] > git config --get commit.template [20ms]
2026-09-12 15:47:48.906 [info] > git for-each-ref --format=%(refname)%00%(upstream:short)%00%(objectname)%00%(upstream:track)%00%(upstream:remotename)%00%(upstream:remoteref) refs/heads/main refs/remotes/main [5ms]
2026-09-12 15:47:48.940 [info] > git status -z -uall [17ms]
2026-09-12 15:47:48.943 [info] > git for-each-ref --sort -committerdate --format %(refname)%00%(objectname)%00%(*objectname) [4ms]
2026-09-12 15:47:49.274 [info] > git check-ignore -v -z --stdin [3ms]
2026-09-12 15:47:50.921 [info] > git check-ignore -v -z --stdin [1ms]
2026-09-12 15:47:51.359 [info] > git check-ignore -v -z --stdin [4ms]
2026-09-12 15:47:51.578 [info] > git check-ignore -v -z --stdin [2ms]
2026-09-12 15:47:52.894 [info] > git check-ignore -v -z --stdin [3ms]
2026-09-12 15:47:53.561 [info] > git check-ignore -v -z --stdin [3ms]
2026-09-12 15:47:54.203 [info] > git config --get commit.template [3ms]
2026-09-12 15:47:54.209 [info] > git for-each-ref --format=%(refname)%00%(upstream:short)%00%(objectname)%00%(upstream:track)%00%(upstream:remotename)%00%(upstream:remoteref) refs/heads/main refs/remotes/main [1ms]
2026-09-12 15:47:54.220 [info] > git for-each-ref --sort -committerdate --format %(refname)%00%(objectname)%00%(*objectname) [1ms]
2026-09-12 15:47:54.223 [info] > git status -z -uall [8ms]
2026-09-12 15:47:54.543 [info] > git check-ignore -v -z --stdin [2ms]
2026-09-12 15:47:59.241 [info] > git config --get commit.template [8ms]
2026-09-12 15:47:59.242 [info] > git for-each-ref --format=%(refname)%00%(upstream:short)%00%(objectname)%00%(upstream:track)%00%(upstream:remotename)%00%(upstream:remoteref) refs/heads/main refs/remotes/main [2ms]
2026-09-12 15:47:59.257 [info] > git for-each-ref --sort -committerdate --format %(refname)%00%(objectname)%00%(*objectname) [3ms]
2026-09-12 15:47:59.261 [info] > git status -z -uall [11ms]
2026-09-12 15:47:59.575 [info] > git check-ignore -v -z --stdin [1ms]
2026-09-12 15:48:20.068 [info] > git check-ignore -v -z --stdin [12ms]
2026-09-12 15:48:20.105 [info] > git show --textconv :Python/django/SOA/OrientationApp/templates/Orientation.html [16ms]
2026-09-12 15:48:20.109 [info] > git ls-files --stage -- Python/django/SOA/OrientationApp/templates/Orientation.html [5ms]
2026-09-12 15:48:20.128 [info] > git cat-file -s 13af512edcfe005a9cf1a537e2d521be3548f5fe [4ms]
2026-09-12 15:48:53.277 [info] > git check-ignore -v -z --stdin [1ms]
2026-09-12 15:48:53.327 [info] > git show --textconv :Python/django/SOA/OrientationApp/views.py [22ms]
2026-09-12 15:48:53.334 [info] > git ls-files --stage -- Python/django/SOA/OrientationApp/views.py [7ms]
2026-09-12 15:48:53.355 [info] > git cat-file -s a409af7d5fe6ef2a9c6148795980612bca67ea42 [3ms]
2026-09-12 15:49:11.463 [info] > git check-ignore -v -z --stdin [2ms]
2026-09-12 15:49:13.420 [info] > git config --get commit.template [8ms]
2026-09-12 15:49:13.421 [info] > git for-each-ref --format=%(refname)%00%(upstream:short)%00%(objectname)%00%(upstream:track)%00%(upstream:remotename)%00%(upstream:remoteref) refs/heads/main refs/remotes/main [2ms]
2026-09-12 15:49:13.435 [info] > git for-each-ref --sort -committerdate --format %(refname)%00%(objectname)%00%(*objectname) [2ms]
2026-09-12 15:49:13.436 [info] > git status -z -uall [10ms]
2026-09-12 15:49:13.750 [info] > git check-ignore -v -z --stdin [1ms]
2026-09-12 15:49:18.451 [info] > git config --get commit.template [2ms]
2026-09-12 15:49:18.457 [info] > git for-each-ref --format=%(refname)%00%(upstream:short)%00%(objectname)%00%(upstream:track)%00%(upstream:remotename)%00%(upstream:remoteref) refs/heads/main refs/remotes/main [2ms]
2026-09-12 15:49:18.469 [info] > git for-each-ref --sort -committerdate --format %(refname)%00%(objectname)%00%(*objectname) [1ms]
2026-09-12 15:49:18.472 [info] > git status -z -uall [9ms]
2026-09-12 15:49:18.794 [info] > git check-ignore -v -z --stdin [2ms]
2026-09-12 15:49:45.550 [info] > git check-ignore -v -z --stdin [3ms]
2026-09-12 15:49:46.149 [info] > git check-ignore -v -z --stdin [1ms]
2026-09-12 15:49:48.683 [info] > git config --get commit.template [11ms]
2026-09-12 15:49:48.684 [info] > git for-each-ref --format=%(refname)%00%(upstream:short)%00%(objectname)%00%(upstream:track)%00%(upstream:remotename)%00%(upstream:remoteref) refs/heads/main refs/remotes/main [2ms]
2026-09-12 15:49:48.701 [info] > git for-each-ref --sort -committerdate --format %(refname)%00%(objectname)%00%(*objectname) [3ms]
2026-09-12 15:49:48.703 [info] > git status -z -uall [12ms]
2026-09-12 15:49:49.024 [info] > git check-ignore -v -z --stdin [3ms]
2026-09-12 15:49:53.727 [info] > git config --get commit.template [8ms]
2026-09-12 15:49:53.730 [info] > git for-each-ref --format=%(refname)%00%(upstream:short)%00%(objectname)%00%(upstream:track)%00%(upstream:remotename)%00%(upstream:remoteref) refs/heads/main refs/remotes/main [4ms]
2026-09-12 15:49:53.750 [info] > git for-each-ref --sort -committerdate --format %(refname)%00%(objectname)%00%(*objectname) [4ms]
2026-09-12 15:49:53.751 [info] > git status -z -uall [14ms]
2026-09-12 15:49:54.071 [info] > git check-ignore -v -z --stdin [3ms]
2026-09-12 15:50:35.348 [info] > git check-ignore -v -z --stdin [4ms]
2026-09-12 15:50:35.362 [info] > git show --textconv :Python/django/SOA/OrientationApp/logic.py [7ms]
2026-09-12 15:50:35.363 [info] > git ls-files --stage -- Python/django/SOA/OrientationApp/logic.py [2ms]
2026-09-12 15:50:35.378 [info] > git cat-file -s f3261da2e9cf2646e3aca90bc184a376caa65bcc [3ms]
2026-09-12 15:50:39.170 [info] > git check-ignore -v -z --stdin [1ms]
2026-09-12 15:50:39.198 [info] > git show --textconv :Python/django/SOA/OrientationApp/templates/Orientation.html [18ms]
2026-09-12 15:50:39.210 [info] > git ls-files --stage -- Python/django/SOA/OrientationApp/templates/Orientation.html [13ms]
2026-09-12 15:50:39.226 [info] > git cat-file -s 13af512edcfe005a9cf1a537e2d521be3548f5fe [2ms]
2026-09-12 15:50:44.652 [info] > git check-ignore -v -z --stdin [3ms]
2026-09-12 15:50:44.682 [info] > git show --textconv :Python/django/SOA/OrientationApp/views.py [15ms]
2026-09-12 15:50:44.686 [info] > git ls-files --stage -- Python/django/SOA/OrientationApp/views.py [5ms]
2026-09-12 15:50:44.696 [info] > git cat-file -s a409af7d5fe6ef2a9c6148795980612bca67ea42 [3ms]
2026-09-12 15:51:10.724 [info] > git check-ignore -v -z --stdin [11ms]
2026-09-12 15:51:10.758 [info] > git show --textconv :Python/django/SOA/OrientationApp/logic.py [17ms]
2026-09-12 15:51:10.760 [info] > git ls-files --stage -- Python/django/SOA/OrientationApp/logic.py [3ms]
2026-09-12 15:51:10.779 [info] > git cat-file -s f3261da2e9cf2646e3aca90bc184a376caa65bcc [10ms]
2026-09-12 15:51:23.260 [info] > git check-ignore -v -z --stdin [2ms]
2026-09-12 15:51:24.789 [info] > git check-ignore -v -z --stdin [2ms]
2026-09-12 15:51:25.134 [info] > git config --get commit.template [8ms]
2026-09-12 15:51:25.134 [info] > git for-each-ref --format=%(refname)%00%(upstream:short)%00%(objectname)%00%(upstream:track)%00%(upstream:remotename)%00%(upstream:remoteref) refs/heads/main refs/remotes/main [2ms]
2026-09-12 15:51:25.147 [info] > git for-each-ref --sort -committerdate --format %(refname)%00%(objectname)%00%(*objectname) [1ms]
2026-09-12 15:51:25.150 [info] > git status -z -uall [10ms]
2026-09-12 15:51:25.473 [info] > git check-ignore -v -z --stdin [4ms]
2026-09-12 15:51:30.172 [info] > git config --get commit.template [3ms]
2026-09-12 15:51:30.186 [info] > git for-each-ref --format=%(refname)%00%(upstream:short)%00%(objectname)%00%(upstream:track)%00%(upstream:remotename)%00%(upstream:remoteref) refs/heads/main refs/remotes/main [3ms]
2026-09-12 15:51:30.211 [info] > git for-each-ref --sort -committerdate --format %(refname)%00%(objectname)%00%(*objectname) [2ms]
2026-09-12 15:51:30.216 [info] > git status -z -uall [17ms]
2026-09-12 15:51:30.533 [info] > git check-ignore -v -z --stdin [3ms]
2026-09-12 15:51:47.600 [info] > git check-ignore -v -z --stdin [2ms]
2026-09-12 15:51:47.629 [info] > git show --textconv :Python/django/SOA/OrientationApp/templates/Orientation.html [11ms]
2026-09-12 15:51:47.632 [info] > git ls-files --stage -- Python/django/SOA/OrientationApp/templates/Orientation.html [3ms]
2026-09-12 15:51:47.640 [info] > git cat-file -s 13af512edcfe005a9cf1a537e2d521be3548f5fe [3ms]
2026-09-12 15:52:58.239 [info] > git check-ignore -v -z --stdin [4ms]
2026-09-12 15:52:58.289 [info] > git show --textconv :Python/django/SOA/OrientationApp/views.py [17ms]
2026-09-12 15:52:58.291 [info] > git ls-files --stage -- Python/django/SOA/OrientationApp/views.py [3ms]
2026-09-12 15:52:58.325 [info] > git cat-file -s a409af7d5fe6ef2a9c6148795980612bca67ea42 [12ms]
2026-09-12 15:53:37.267 [info] > git check-ignore -v -z --stdin [3ms]
2026-09-12 15:53:37.295 [info] > git show --textconv :Python/django/SOA/OrientationApp/logic.py [10ms]
2026-09-12 15:53:37.296 [info] > git ls-files --stage -- Python/django/SOA/OrientationApp/logic.py [2ms]
2026-09-12 15:53:37.304 [info] > git cat-file -s f3261da2e9cf2646e3aca90bc184a376caa65bcc [0ms]
2026-09-12 15:53:52.477 [info] > git check-ignore -v -z --stdin [2ms]
2026-09-12 15:53:52.816 [info] > git check-ignore -v -z --stdin [2ms]
2026-09-12 15:53:55.407 [info] > git config --get commit.template [5ms]
2026-09-12 15:53:55.408 [info] > git for-each-ref --format=%(refname)%00%(upstream:short)%00%(objectname)%00%(upstream:track)%00%(upstream:remotename)%00%(upstream:remoteref) refs/heads/main refs/remotes/main [1ms]
2026-09-12 15:53:55.418 [info] > git for-each-ref --sort -committerdate --format %(refname)%00%(objectname)%00%(*objectname) [1ms]
2026-09-12 15:53:55.421 [info] > git status -z -uall [8ms]
2026-09-12 15:53:55.750 [info] > git check-ignore -v -z --stdin [2ms]
2026-09-12 15:53:56.625 [info] > git check-ignore -v -z --stdin [11ms]
2026-09-12 15:53:56.670 [info] > git show --textconv :Python/django/SOA/OrientationApp/views.py [27ms]
2026-09-12 15:53:56.675 [info] > git ls-files --stage -- Python/django/SOA/OrientationApp/views.py [6ms]
2026-09-12 15:53:56.758 [info] > git cat-file -s a409af7d5fe6ef2a9c6148795980612bca67ea42 [2ms]
2026-09-12 16:09:00.092 [info] > git check-ignore -v -z --stdin [1ms]
2026-09-12 16:09:02.962 [info] > git config --get commit.template [14ms]
2026-09-12 16:09:02.963 [info] > git for-each-ref --format=%(refname)%00%(upstream:short)%00%(objectname)%00%(upstream:track)%00%(upstream:remotename)%00%(upstream:remoteref) refs/heads/main refs/remotes/main [2ms]
2026-09-12 16:09:02.987 [info] > git status -z -uall [12ms]
2026-09-12 16:09:02.988 [info] > git for-each-ref --sort -committerdate --format %(refname)%00%(objectname)%00%(*objectname) [4ms]
2026-09-12 16:09:03.315 [info] > git check-ignore -v -z --stdin [2ms]
2026-09-12 16:09:28.896 [info] > git check-ignore -v -z --stdin [1ms]
2026-09-12 16:09:30.788 [info] > git config --get commit.template [9ms]
2026-09-12 16:09:30.788 [info] > git for-each-ref --format=%(refname)%00%(upstream:short)%00%(objectname)%00%(upstream:track)%00%(upstream:remotename)%00%(upstream:remoteref) refs/heads/main refs/remotes/main [1ms]
2026-09-12 16:09:30.832 [info] > git status -z -uall [27ms]
2026-09-12 16:09:30.836 [info] > git for-each-ref --sort -committerdate --format %(refname)%00%(objectname)%00%(*objectname) [5ms]
2026-09-12 16:09:31.408 [info] > git check-ignore -v -z --stdin [2ms]
2026-09-12 16:09:35.864 [info] > git config --get commit.template [2ms]
2026-09-12 16:09:35.873 [info] > git for-each-ref --format=%(refname)%00%(upstream:short)%00%(objectname)%00%(upstream:track)%00%(upstream:remotename)%00%(upstream:remoteref) refs/heads/main refs/remotes/main [2ms]
2026-09-12 16:09:35.889 [info] > git for-each-ref --sort -committerdate --format %(refname)%00%(objectname)%00%(*objectname) [1ms]
2026-09-12 16:09:35.913 [info] > git status -z -uall [33ms]
2026-09-12 16:09:36.237 [info] > git check-ignore -v -z --stdin [4ms]
2026-09-12 16:09:41.417 [info] > git config --get commit.template [4ms]
2026-09-12 16:09:41.427 [info] > git for-each-ref --format=%(refname)%00%(upstream:short)%00%(objectname)%00%(upstream:track)%00%(upstream:remotename)%00%(upstream:remoteref) refs/heads/main refs/remotes/main [2ms]
2026-09-12 16:09:41.444 [info] > git status -z -uall [10ms]
2026-09-12 16:09:41.445 [info] > git for-each-ref --sort -committerdate --format %(refname)%00%(objectname)%00%(*objectname) [4ms]
2026-09-12 16:09:41.764 [info] > git check-ignore -v -z --stdin [3ms]
2026-09-12 16:09:54.566 [info] > git check-ignore -v -z --stdin [2ms]
2026-09-12 16:09:54.601 [info] > git show --textconv :Python/django/SOA/OrientationApp/logic.py [25ms]
2026-09-12 16:09:54.602 [info] > git ls-files --stage -- Python/django/SOA/OrientationApp/logic.py [1ms]
2026-09-12 16:09:54.625 [info] > git cat-file -s f3261da2e9cf2646e3aca90bc184a376caa65bcc [6ms]
2026-09-12 16:10:03.369 [info] > git check-ignore -v -z --stdin [6ms]
2026-09-12 16:10:05.476 [info] > git config --get commit.template [3ms]
2026-09-12 16:10:05.488 [info] > git for-each-ref --format=%(refname)%00%(upstream:short)%00%(objectname)%00%(upstream:track)%00%(upstream:remotename)%00%(upstream:remoteref) refs/heads/main refs/remotes/main [4ms]
2026-09-12 16:10:05.525 [info] > git status -z -uall [28ms]
2026-09-12 16:10:05.528 [info] > git for-each-ref --sort -committerdate --format %(refname)%00%(objectname)%00%(*objectname) [14ms]
2026-09-12 16:10:05.845 [info] > git check-ignore -v -z --stdin [1ms]
2026-09-12 16:10:08.253 [info] > git check-ignore -v -z --stdin [2ms]
2026-09-12 16:10:10.579 [info] > git config --get commit.template [23ms]
2026-09-12 16:10:10.581 [info] > git for-each-ref --format=%(refname)%00%(upstream:short)%00%(objectname)%00%(upstream:track)%00%(upstream:remotename)%00%(upstream:remoteref) refs/heads/main refs/remotes/main [8ms]
2026-09-12 16:10:10.638 [info] > git for-each-ref --sort -committerdate --format %(refname)%00%(objectname)%00%(*objectname) [8ms]
2026-09-12 16:10:10.647 [info] > git status -z -uall [42ms]
2026-09-12 16:10:10.973 [info] > git check-ignore -v -z --stdin [2ms]
2026-09-12 16:10:13.317 [info] > git check-ignore -v -z --stdin [2ms]
2026-09-12 16:10:13.339 [info] > git show --textconv :Python/django/SOA/OrientationApp/views.py [11ms]
2026-09-12 16:10:13.342 [info] > git ls-files --stage -- Python/django/SOA/OrientationApp/views.py [3ms]
2026-09-12 16:10:13.353 [info] > git cat-file -s a409af7d5fe6ef2a9c6148795980612bca67ea42 [4ms]
2026-09-12 16:10:15.671 [info] > git config --get commit.template [2ms]
2026-09-12 16:10:15.677 [info] > git for-each-ref --format=%(refname)%00%(upstream:short)%00%(objectname)%00%(upstream:track)%00%(upstream:remotename)%00%(upstream:remoteref) refs/heads/main refs/remotes/main [1ms]
2026-09-12 16:10:15.689 [info] > git for-each-ref --sort -committerdate --format %(refname)%00%(objectname)%00%(*objectname) [2ms]
2026-09-12 16:10:15.692 [info] > git status -z -uall [9ms]
2026-09-12 16:10:16.006 [info] > git check-ignore -v -z --stdin [1ms]
2026-09-12 16:10:19.312 [info] > git check-ignore -v -z --stdin [1ms]
2026-09-12 16:10:19.358 [info] > git show --textconv :Python/django/SOA/OrientationApp/logic.py [17ms]
2026-09-12 16:10:19.363 [info] > git ls-files --stage -- Python/django/SOA/OrientationApp/logic.py [9ms]
2026-09-12 16:10:19.382 [info] > git cat-file -s f3261da2e9cf2646e3aca90bc184a376caa65bcc [3ms]
2026-09-12 16:10:22.653 [info] > git check-ignore -v -z --stdin [1ms]
2026-09-12 16:10:24.575 [info] > git config --get commit.template [23ms]
2026-09-12 16:10:24.576 [info] > git for-each-ref --format=%(refname)%00%(upstream:short)%00%(objectname)%00%(upstream:track)%00%(upstream:remotename)%00%(upstream:remoteref) refs/heads/main refs/remotes/main [6ms]
2026-09-12 16:10:24.612 [info] > git status -z -uall [16ms]
2026-09-12 16:10:24.616 [info] > git for-each-ref --sort -committerdate --format %(refname)%00%(objectname)%00%(*objectname) [4ms]
2026-09-12 16:10:24.941 [info] > git check-ignore -v -z --stdin [3ms]
2026-09-12 16:10:28.202 [info] > git check-ignore -v -z --stdin [1ms]
2026-09-12 16:10:29.635 [info] > git config --get commit.template [9ms]
2026-09-12 16:10:29.638 [info] > git for-each-ref --format=%(refname)%00%(upstream:short)%00%(objectname)%00%(upstream:track)%00%(upstream:remotename)%00%(upstream:remoteref) refs/heads/main refs/remotes/main [3ms]
2026-09-12 16:10:29.659 [info] > git for-each-ref --sort -committerdate --format %(refname)%00%(objectname)%00%(*objectname) [1ms]
2026-09-12 16:10:29.662 [info] > git status -z -uall [15ms]
2026-09-12 16:10:29.988 [info] > git check-ignore -v -z --stdin [2ms]
2026-09-12 16:10:30.672 [info] > git check-ignore -v -z --stdin [2ms]
2026-09-12 16:10:34.687 [info] > git config --get commit.template [2ms]
2026-09-12 16:10:34.710 [info] > git for-each-ref --format=%(refname)%00%(upstream:short)%00%(objectname)%00%(upstream:track)%00%(upstream:remotename)%00%(upstream:remoteref) refs/heads/main refs/remotes/main [2ms]
2026-09-12 16:10:34.729 [info] > git for-each-ref --sort -committerdate --format %(refname)%00%(objectname)%00%(*objectname) [1ms]
2026-09-12 16:10:34.731 [info] > git status -z -uall [11ms]
2026-09-12 16:10:35.050 [info] > git check-ignore -v -z --stdin [1ms]
2026-09-12 16:10:50.997 [info] > git config --get commit.template [9ms]
2026-09-12 16:10:50.998 [info] > git for-each-ref --format=%(refname)%00%(upstream:short)%00%(objectname)%00%(upstream:track)%00%(upstream:remotename)%00%(upstream:remoteref) refs/heads/main refs/remotes/main [2ms]
2026-09-12 16:10:51.014 [info] > git for-each-ref --sort -committerdate --format %(refname)%00%(objectname)%00%(*objectname) [2ms]
2026-09-12 16:10:51.016 [info] > git status -z -uall [12ms]
2026-09-12 16:10:51.336 [info] > git check-ignore -v -z --stdin [2ms]
2026-09-12 16:11:05.628 [info] > git check-ignore -v -z --stdin [2ms]
2026-09-12 16:11:05.657 [info] > git show --textconv :Python/django/SOA/OrientationApp/views.py [19ms]
2026-09-12 16:11:05.667 [info] > git ls-files --stage -- Python/django/SOA/OrientationApp/views.py [13ms]
2026-09-12 16:11:05.678 [info] > git cat-file -s a409af7d5fe6ef2a9c6148795980612bca67ea42 [2ms]
2026-09-12 16:11:22.790 [info] > git check-ignore -v -z --stdin [2ms]
2026-09-12 16:11:25.319 [info] > git config --get commit.template [7ms]
2026-09-12 16:11:25.320 [info] > git for-each-ref --format=%(refname)%00%(upstream:short)%00%(objectname)%00%(upstream:track)%00%(upstream:remotename)%00%(upstream:remoteref) refs/heads/main refs/remotes/main [2ms]
2026-09-12 16:11:25.331 [info] > git for-each-ref --sort -committerdate --format %(refname)%00%(objectname)%00%(*objectname) [2ms]
2026-09-12 16:11:25.334 [info] > git status -z -uall [9ms]
2026-09-12 16:11:25.649 [info] > git check-ignore -v -z --stdin [1ms]
2026-09-12 16:11:42.693 [info] > git check-ignore -v -z --stdin [1ms]
2026-09-12 16:11:42.952 [info] > git check-ignore -v -z --stdin [2ms]
2026-09-12 16:11:44.873 [info] > git config --get commit.template [11ms]
2026-09-12 16:11:44.875 [info] > git for-each-ref --format=%(refname)%00%(upstream:short)%00%(objectname)%00%(upstream:track)%00%(upstream:remotename)%00%(upstream:remoteref) refs/heads/main refs/remotes/main [3ms]
2026-09-12 16:11:44.891 [info] > git for-each-ref --sort -committerdate --format %(refname)%00%(objectname)%00%(*objectname) [2ms]
2026-09-12 16:11:44.894 [info] > git status -z -uall [11ms]
2026-09-12 16:11:45.294 [info] > git check-ignore -v -z --stdin [3ms]
2026-09-12 16:11:46.134 [info] > git check-ignore -v -z --stdin [1ms]
2026-09-12 16:11:49.912 [info] > git config --get commit.template [6ms]
2026-09-12 16:11:49.914 [info] > git for-each-ref --format=%(refname)%00%(upstream:short)%00%(objectname)%00%(upstream:track)%00%(upstream:remotename)%00%(upstream:remoteref) refs/heads/main refs/remotes/main [2ms]
2026-09-12 16:11:49.935 [info] > git status -z -uall [13ms]
2026-09-12 16:11:49.937 [info] > git for-each-ref --sort -committerdate --format %(refname)%00%(objectname)%00%(*objectname) [2ms]
2026-09-12 16:11:50.254 [info] > git check-ignore -v -z --stdin [2ms]
2026-09-12 16:11:58.618 [info] > git check-ignore -v -z --stdin [2ms]
2026-09-12 16:11:58.971 [info] > git check-ignore -v -z --stdin [2ms]
2026-09-12 16:11:59.330 [info] > git check-ignore -v -z --stdin [7ms]
2026-09-12 16:11:59.685 [info] > git check-ignore -v -z --stdin [2ms]
2026-09-12 16:12:02.385 [info] > git config --get commit.template [3ms]
2026-09-12 16:12:02.393 [info] > git for-each-ref --format=%(refname)%00%(upstream:short)%00%(objectname)%00%(upstream:track)%00%(upstream:remotename)%00%(upstream:remoteref) refs/heads/main refs/remotes/main [1ms]
2026-09-12 16:12:02.408 [info] > git for-each-ref --sort -committerdate --format %(refname)%00%(objectname)%00%(*objectname) [1ms]
2026-09-12 16:12:02.411 [info] > git status -z -uall [10ms]
2026-09-12 16:12:02.724 [info] > git check-ignore -v -z --stdin [1ms]
2026-09-12 16:12:34.533 [info] > git check-ignore -v -z --stdin [2ms]
2026-09-12 16:12:35.514 [info] > git check-ignore -v -z --stdin [2ms]
2026-09-12 16:12:35.752 [info] > git check-ignore -v -z --stdin [2ms]
2026-09-12 16:12:35.937 [info] > git check-ignore -v -z --stdin [1ms]
2026-09-12 16:12:36.179 [info] > git check-ignore -v -z --stdin [2ms]
2026-09-12 16:12:36.650 [info] > git check-ignore -v -z --stdin [1ms]
2026-09-12 16:12:37.426 [info] > git check-ignore -v -z --stdin [2ms]
2026-09-12 16:12:38.130 [info] > git check-ignore -v -z --stdin [1ms]
2026-09-12 16:12:38.819 [info] > git check-ignore -v -z --stdin [1ms]
2026-09-12 16:12:39.342 [info] > git check-ignore -v -z --stdin [2ms]
2026-09-12 16:12:41.073 [info] > git check-ignore -v -z --stdin [2ms]
2026-09-12 16:12:41.962 [info] > git check-ignore -v -z --stdin [2ms]
2026-09-12 16:12:42.140 [info] > git config --get commit.template [6ms]
2026-09-12 16:12:42.142 [info] > git for-each-ref --format=%(refname)%00%(upstream:short)%00%(objectname)%00%(upstream:track)%00%(upstream:remotename)%00%(upstream:remoteref) refs/heads/main refs/remotes/main [2ms]
2026-09-12 16:12:42.152 [info] > git for-each-ref --sort -committerdate --format %(refname)%00%(objectname)%00%(*objectname) [1ms]
2026-09-12 16:12:42.156 [info] > git status -z -uall [10ms]
2026-09-12 16:12:42.544 [info] > git check-ignore -v -z --stdin [3ms]
2026-09-12 16:12:42.845 [info] > git check-ignore -v -z --stdin [2ms]
2026-09-12 16:12:43.694 [info] > git check-ignore -v -z --stdin [2ms]
2026-09-12 16:12:43.882 [info] > git check-ignore -v -z --stdin [2ms]
2026-09-12 16:12:45.025 [info] > git check-ignore -v -z --stdin [2ms]
2026-09-12 16:12:45.274 [info] > git check-ignore -v -z --stdin [2ms]
2026-09-12 16:12:45.642 [info] > git check-ignore -v -z --stdin [2ms]
2026-09-12 16:12:46.220 [info] > git check-ignore -v -z --stdin [5ms]
2026-09-12 16:12:46.475 [info] > git check-ignore -v -z --stdin [2ms]
2026-09-12 16:12:46.779 [info] > git check-ignore -v -z --stdin [1ms]
2026-09-12 16:12:47.176 [info] > git config --get commit.template [8ms]
2026-09-12 16:12:47.178 [info] > git for-each-ref --format=%(refname)%00%(upstream:short)%00%(objectname)%00%(upstream:track)%00%(upstream:remotename)%00%(upstream:remoteref) refs/heads/main refs/remotes/main [3ms]
2026-09-12 16:12:47.191 [info] > git for-each-ref --sort -committerdate --format %(refname)%00%(objectname)%00%(*objectname) [2ms]
2026-09-12 16:12:47.195 [info] > git status -z -uall [12ms]
2026-09-12 16:12:47.536 [info] > git check-ignore -v -z --stdin [2ms]
2026-09-12 16:12:48.587 [info] > git check-ignore -v -z --stdin [12ms]
2026-09-12 16:12:49.379 [info] > git check-ignore -v -z --stdin [5ms]
2026-09-12 16:12:49.962 [info] > git check-ignore -v -z --stdin [3ms]
2026-09-12 16:12:50.469 [info] > git check-ignore -v -z --stdin [2ms]
2026-09-12 16:12:51.805 [info] > git check-ignore -v -z --stdin [2ms]
2026-09-12 16:12:52.383 [info] > git config --get commit.template [4ms]
2026-09-12 16:12:52.396 [info] > git for-each-ref --format=%(refname)%00%(upstream:short)%00%(objectname)%00%(upstream:track)%00%(upstream:remotename)%00%(upstream:remoteref) refs/heads/main refs/remotes/main [4ms]
2026-09-12 16:12:52.415 [info] > git for-each-ref --sort -committerdate --format %(refname)%00%(objectname)%00%(*objectname) [4ms]
2026-09-12 16:12:52.432 [info] > git status -z -uall [30ms]
2026-09-12 16:12:52.759 [info] > git check-ignore -v -z --stdin [1ms]
2026-09-12 16:12:53.703 [info] > git check-ignore -v -z --stdin [2ms]
2026-09-12 16:12:54.069 [info] > git check-ignore -v -z --stdin [2ms]
2026-09-12 16:12:54.482 [info] > git check-ignore -v -z --stdin [1ms]
2026-09-12 16:12:55.570 [info] > git check-ignore -v -z --stdin [2ms]
2026-09-12 16:12:57.454 [info] > git config --get commit.template [8ms]
2026-09-12 16:12:57.455 [info] > git for-each-ref --format=%(refname)%00%(upstream:short)%00%(objectname)%00%(upstream:track)%00%(upstream:remotename)%00%(upstream:remoteref) refs/heads/main refs/remotes/main [2ms]
2026-09-12 16:12:57.475 [info] > git status -z -uall [11ms]
2026-09-12 16:12:57.476 [info] > git for-each-ref --sort -committerdate --format %(refname)%00%(objectname)%00%(*objectname) [3ms]
2026-09-12 16:12:57.816 [info] > git check-ignore -v -z --stdin [2ms]
2026-09-12 16:13:02.499 [info] > git config --get commit.template [10ms]
2026-09-12 16:13:02.501 [info] > git for-each-ref --format=%(refname)%00%(upstream:short)%00%(objectname)%00%(upstream:track)%00%(upstream:remotename)%00%(upstream:remoteref) refs/heads/main refs/remotes/main [3ms]
2026-09-12 16:13:02.523 [info] > git status -z -uall [11ms]
2026-09-12 16:13:02.524 [info] > git for-each-ref --sort -committerdate --format %(refname)%00%(objectname)%00%(*objectname) [2ms]
2026-09-12 16:13:02.843 [info] > git check-ignore -v -z --stdin [1ms]
2026-09-12 16:15:49.820 [info] > git check-ignore -v -z --stdin [1ms]
2026-09-12 16:15:51.764 [info] > git config --get commit.template [1ms]
2026-09-12 16:15:51.822 [info] > git for-each-ref --format=%(refname)%00%(upstream:short)%00%(objectname)%00%(upstream:track)%00%(upstream:remotename)%00%(upstream:remoteref) refs/heads/main refs/remotes/main [2ms]
2026-09-12 16:15:51.845 [info] > git for-each-ref --sort -committerdate --format %(refname)%00%(objectname)%00%(*objectname) [8ms]
2026-09-12 16:15:51.847 [info] > git status -z -uall [18ms]
2026-09-12 16:15:52.173 [info] > git check-ignore -v -z --stdin [1ms]
2026-09-12 16:15:53.073 [info] > git check-ignore -v -z --stdin [1ms]
2026-09-12 16:15:53.471 [info] > git check-ignore -v -z --stdin [2ms]
2026-09-12 16:15:54.522 [info] > git check-ignore -v -z --stdin [1ms]
2026-09-12 16:15:55.169 [info] > git check-ignore -v -z --stdin [2ms]
2026-09-12 16:15:56.882 [info] > git config --get commit.template [21ms]
2026-09-12 16:15:56.883 [info] > git for-each-ref --format=%(refname)%00%(upstream:short)%00%(objectname)%00%(upstream:track)%00%(upstream:remotename)%00%(upstream:remoteref) refs/heads/main refs/remotes/main [2ms]
2026-09-12 16:15:56.897 [info] > git for-each-ref --sort -committerdate --format %(refname)%00%(objectname)%00%(*objectname) [2ms]
2026-09-12 16:15:56.910 [info] > git status -z -uall [20ms]
2026-09-12 16:15:57.228 [info] > git check-ignore -v -z --stdin [1ms]
2026-09-12 16:16:01.931 [info] > git config --get commit.template [11ms]
2026-09-12 16:16:01.935 [info] > git for-each-ref --format=%(refname)%00%(upstream:short)%00%(objectname)%00%(upstream:track)%00%(upstream:remotename)%00%(upstream:remoteref) refs/heads/main refs/remotes/main [4ms]
2026-09-12 16:16:01.962 [info] > git for-each-ref --sort -committerdate --format %(refname)%00%(objectname)%00%(*objectname) [1ms]
2026-09-12 16:16:01.964 [info] > git status -z -uall [18ms]
2026-09-12 16:16:02.328 [info] > git check-ignore -v -z --stdin [2ms]
2026-09-12 16:16:07.776 [info] > git check-ignore -v -z --stdin [2ms]
2026-09-12 16:16:07.979 [info] > git check-ignore -v -z --stdin [2ms]
2026-09-12 16:16:09.910 [info] > git config --get commit.template [3ms]
2026-09-12 16:16:09.936 [info] > git for-each-ref --format=%(refname)%00%(upstream:short)%00%(objectname)%00%(upstream:track)%00%(upstream:remotename)%00%(upstream:remoteref) refs/heads/main refs/remotes/main [16ms]
2026-09-12 16:16:09.977 [info] > git status -z -uall [21ms]
2026-09-12 16:16:09.981 [info] > git for-each-ref --sort -committerdate --format %(refname)%00%(objectname)%00%(*objectname) [6ms]
2026-09-12 16:16:10.302 [info] > git check-ignore -v -z --stdin [1ms]
2026-09-12 16:16:16.658 [info] > git check-ignore -v -z --stdin [2ms]
2026-09-12 16:16:17.155 [info] > git check-ignore -v -z --stdin [2ms]
2026-09-12 16:16:17.839 [info] > git check-ignore -v -z --stdin [1ms]
2026-09-12 16:16:20.494 [info] > git config --get commit.template [7ms]
2026-09-12 16:16:20.495 [info] > git for-each-ref --format=%(refname)%00%(upstream:short)%00%(objectname)%00%(upstream:track)%00%(upstream:remotename)%00%(upstream:remoteref) refs/heads/main refs/remotes/main [2ms]
2026-09-12 16:16:20.531 [info] > git status -z -uall [21ms]
2026-09-12 16:16:20.532 [info] > git for-each-ref --sort -committerdate --format %(refname)%00%(objectname)%00%(*objectname) [3ms]
2026-09-12 16:16:20.858 [info] > git check-ignore -v -z --stdin [1ms]
2026-09-12 16:16:27.840 [info] > git check-ignore -v -z --stdin [2ms]
2026-09-12 16:16:28.145 [info] > git check-ignore -v -z --stdin [2ms]
2026-09-12 16:16:30.113 [info] > git config --get commit.template [25ms]
2026-09-12 16:16:30.120 [info] > git for-each-ref --format=%(refname)%00%(upstream:short)%00%(objectname)%00%(upstream:track)%00%(upstream:remotename)%00%(upstream:remoteref) refs/heads/main refs/remotes/main [7ms]
2026-09-12 16:16:30.142 [info] > git status -z -uall [10ms]
2026-09-12 16:16:30.144 [info] > git for-each-ref --sort -committerdate --format %(refname)%00%(objectname)%00%(*objectname) [2ms]
2026-09-12 16:16:30.585 [info] > git check-ignore -v -z --stdin [2ms]
2026-09-12 16:16:32.384 [info] > git check-ignore -v -z --stdin [2ms]
2026-09-12 16:16:33.548 [info] > git check-ignore -v -z --stdin [2ms]
2026-09-12 16:16:33.978 [info] > git check-ignore -v -z --stdin [3ms]
2026-09-12 16:16:34.332 [info] > git check-ignore -v -z --stdin [2ms]
2026-09-12 16:16:35.042 [info] > git check-ignore -v -z --stdin [1ms]
2026-09-12 16:16:35.187 [info] > git config --get commit.template [14ms]
2026-09-12 16:16:35.188 [info] > git for-each-ref --format=%(refname)%00%(upstream:short)%00%(objectname)%00%(upstream:track)%00%(upstream:remotename)%00%(upstream:remoteref) refs/heads/main refs/remotes/main [3ms]
2026-09-12 16:16:35.220 [info] > git status -z -uall [17ms]
2026-09-12 16:16:35.222 [info] > git for-each-ref --sort -committerdate --format %(refname)%00%(objectname)%00%(*objectname) [4ms]
2026-09-12 16:16:35.545 [info] > git check-ignore -v -z --stdin [3ms]
2026-09-12 16:16:36.470 [info] > git check-ignore -v -z --stdin [2ms]
2026-09-12 16:16:37.187 [info] > git check-ignore -v -z --stdin [2ms]
2026-09-12 16:16:40.248 [info] > git config --get commit.template [2ms]
2026-09-12 16:16:40.257 [info] > git for-each-ref --format=%(refname)%00%(upstream:short)%00%(objectname)%00%(upstream:track)%00%(upstream:remotename)%00%(upstream:remoteref) refs/heads/main refs/remotes/main [1ms]
2026-09-12 16:16:40.276 [info] > git status -z -uall [11ms]
2026-09-12 16:16:40.278 [info] > git for-each-ref --sort -committerdate --format %(refname)%00%(objectname)%00%(*objectname) [6ms]
2026-09-12 16:16:40.656 [info] > git check-ignore -v -z --stdin [3ms]
2026-09-12 16:16:43.566 [info] > git check-ignore -v -z --stdin [1ms]
2026-09-12 16:16:44.340 [info] > git check-ignore -v -z --stdin [4ms]
2026-09-12 16:16:45.103 [info] > git check-ignore -v -z --stdin [2ms]
2026-09-12 16:16:45.327 [info] > git config --get commit.template [10ms]
2026-09-12 16:16:45.329 [info] > git for-each-ref --format=%(refname)%00%(upstream:short)%00%(objectname)%00%(upstream:track)%00%(upstream:remotename)%00%(upstream:remoteref) refs/heads/main refs/remotes/main [2ms]
2026-09-12 16:16:45.344 [info] > git for-each-ref --sort -committerdate --format %(refname)%00%(objectname)%00%(*objectname) [2ms]
2026-09-12 16:16:45.347 [info] > git status -z -uall [11ms]
2026-09-12 16:16:45.669 [info] > git check-ignore -v -z --stdin [1ms]
2026-09-12 16:16:49.415 [info] > git check-ignore -v -z --stdin [2ms]
2026-09-12 16:16:50.373 [info] > git config --get commit.template [11ms]
2026-09-12 16:16:50.374 [info] > git for-each-ref --format=%(refname)%00%(upstream:short)%00%(objectname)%00%(upstream:track)%00%(upstream:remotename)%00%(upstream:remoteref) refs/heads/main refs/remotes/main [2ms]
2026-09-12 16:16:50.392 [info] > git for-each-ref --sort -committerdate --format %(refname)%00%(objectname)%00%(*objectname) [1ms]
2026-09-12 16:16:50.392 [info] > git status -z -uall [8ms]
2026-09-12 16:16:50.725 [info] > git check-ignore -v -z --stdin [7ms]
2026-09-12 16:16:51.563 [info] > git check-ignore -v -z --stdin [2ms]
2026-09-12 16:16:52.974 [info] > git check-ignore -v -z --stdin [2ms]
2026-09-12 16:16:53.663 [info] > git check-ignore -v -z --stdin [4ms]
2026-09-12 16:16:55.457 [info] > git config --get commit.template [3ms]
2026-09-12 16:16:55.472 [info] > git for-each-ref --format=%(refname)%00%(upstream:short)%00%(objectname)%00%(upstream:track)%00%(upstream:remotename)%00%(upstream:remoteref) refs/heads/main refs/remotes/main [2ms]
2026-09-12 16:16:55.492 [info] > git for-each-ref --sort -committerdate --format %(refname)%00%(objectname)%00%(*objectname) [1ms]
2026-09-12 16:16:55.507 [info] > git status -z -uall [25ms]
2026-09-12 16:16:55.827 [info] > git check-ignore -v -z --stdin [2ms]
2026-09-12 16:17:00.525 [info] > git config --get commit.template [6ms]
2026-09-12 16:17:00.526 [info] > git for-each-ref --format=%(refname)%00%(upstream:short)%00%(objectname)%00%(upstream:track)%00%(upstream:remotename)%00%(upstream:remoteref) refs/heads/main refs/remotes/main [2ms]
2026-09-12 16:17:00.537 [info] > git for-each-ref --sort -committerdate --format %(refname)%00%(objectname)%00%(*objectname) [2ms]
2026-09-12 16:17:00.539 [info] > git status -z -uall [8ms]
2026-09-12 16:17:00.856 [info] > git check-ignore -v -z --stdin [1ms]
2026-09-12 16:17:01.656 [info] > git check-ignore -v -z --stdin [2ms]
2026-09-12 16:17:05.555 [info] > git config --get commit.template [6ms]
2026-09-12 16:17:05.556 [info] > git for-each-ref --format=%(refname)%00%(upstream:short)%00%(objectname)%00%(upstream:track)%00%(upstream:remotename)%00%(upstream:remoteref) refs/heads/main refs/remotes/main [2ms]
2026-09-12 16:17:05.568 [info] > git for-each-ref --sort -committerdate --format %(refname)%00%(objectname)%00%(*objectname) [2ms]
2026-09-12 16:17:05.572 [info] > git status -z -uall [10ms]
2026-09-12 16:17:05.889 [info] > git check-ignore -v -z --stdin [2ms]
2026-09-12 16:17:06.292 [info] > git check-ignore -v -z --stdin [2ms]
2026-09-12 16:17:07.250 [info] > git check-ignore -v -z --stdin [4ms]
2026-09-12 16:17:07.646 [info] > git check-ignore -v -z --stdin [1ms]
2026-09-12 16:17:10.592 [info] > git config --get commit.template [9ms]
2026-09-12 16:17:10.594 [info] > git for-each-ref --format=%(refname)%00%(upstream:short)%00%(objectname)%00%(upstream:track)%00%(upstream:remotename)%00%(upstream:remoteref) refs/heads/main refs/remotes/main [3ms]
2026-09-12 16:17:10.618 [info] > git for-each-ref --sort -committerdate --format %(refname)%00%(objectname)%00%(*objectname) [2ms]
2026-09-12 16:17:10.620 [info] > git status -z -uall [12ms]
2026-09-12 16:17:10.651 [info] > git check-ignore -v -z --stdin [1ms]
2026-09-12 16:17:10.941 [info] > git check-ignore -v -z --stdin [2ms]
2026-09-12 16:17:15.650 [info] > git config --get commit.template [11ms]
2026-09-12 16:17:15.651 [info] > git for-each-ref --format=%(refname)%00%(upstream:short)%00%(objectname)%00%(upstream:track)%00%(upstream:remotename)%00%(upstream:remoteref) refs/heads/main refs/remotes/main [2ms]
2026-09-12 16:17:15.669 [info] > git for-each-ref --sort -committerdate --format %(refname)%00%(objectname)%00%(*objectname) [3ms]
2026-09-12 16:17:15.671 [info] > git status -z -uall [14ms]
2026-09-12 16:17:15.992 [info] > git check-ignore -v -z --stdin [2ms]
2026-09-12 16:17:16.557 [info] > git check-ignore -v -z --stdin [2ms]
2026-09-12 16:17:20.687 [info] > git config --get commit.template [5ms]
2026-09-12 16:17:20.689 [info] > git for-each-ref --format=%(refname)%00%(upstream:short)%00%(objectname)%00%(upstream:track)%00%(upstream:remotename)%00%(upstream:remoteref) refs/heads/main refs/remotes/main [1ms]
2026-09-12 16:17:20.700 [info] > git for-each-ref --sort -committerdate --format %(refname)%00%(objectname)%00%(*objectname) [2ms]
2026-09-12 16:17:20.702 [info] > git status -z -uall [9ms]
2026-09-12 16:17:21.016 [info] > git check-ignore -v -z --stdin [2ms]
2026-09-12 16:17:25.840 [info] > git check-ignore -v -z --stdin [3ms]
2026-09-12 16:17:26.022 [info] > git check-ignore -v -z --stdin [2ms]
2026-09-12 16:17:26.628 [info] > git check-ignore -v -z --stdin [4ms]
2026-09-12 16:17:28.490 [info] > git config --get commit.template [17ms]
2026-09-12 16:17:28.494 [info] > git for-each-ref --format=%(refname)%00%(upstream:short)%00%(objectname)%00%(upstream:track)%00%(upstream:remotename)%00%(upstream:remoteref) refs/heads/main refs/remotes/main [6ms]
2026-09-12 16:17:28.588 [info] > git for-each-ref --sort -committerdate --format %(refname)%00%(objectname)%00%(*objectname) [31ms]
2026-09-12 16:17:28.591 [info] > git status -z -uall [69ms]
2026-09-12 16:17:28.916 [info] > git check-ignore -v -z --stdin [2ms]
2026-09-12 16:17:29.735 [info] > git check-ignore -v -z --stdin [3ms]
2026-09-12 16:17:32.137 [info] > git check-ignore -v -z --stdin [1ms]
2026-09-12 16:17:33.612 [info] > git config --get commit.template [6ms]
2026-09-12 16:17:33.614 [info] > git for-each-ref --format=%(refname)%00%(upstream:short)%00%(objectname)%00%(upstream:track)%00%(upstream:remotename)%00%(upstream:remoteref) refs/heads/main refs/remotes/main [2ms]
2026-09-12 16:17:33.626 [info] > git for-each-ref --sort -committerdate --format %(refname)%00%(objectname)%00%(*objectname) [1ms]
2026-09-12 16:17:33.630 [info] > git status -z -uall [10ms]
2026-09-12 16:17:33.955 [info] > git check-ignore -v -z --stdin [1ms]
2026-09-12 16:17:38.641 [info] > git config --get commit.template [2ms]
2026-09-12 16:17:38.647 [info] > git for-each-ref --format=%(refname)%00%(upstream:short)%00%(objectname)%00%(upstream:track)%00%(upstream:remotename)%00%(upstream:remoteref) refs/heads/main refs/remotes/main [1ms]
2026-09-12 16:17:38.667 [info] > git status -z -uall [12ms]
2026-09-12 16:17:38.671 [info] > git for-each-ref --sort -committerdate --format %(refname)%00%(objectname)%00%(*objectname) [6ms]
2026-09-12 16:17:39.043 [info] > git check-ignore -v -z --stdin [3ms]
2026-09-12 16:17:43.694 [info] > git config --get commit.template [5ms]
2026-09-12 16:17:43.704 [info] > git for-each-ref --format=%(refname)%00%(upstream:short)%00%(objectname)%00%(upstream:track)%00%(upstream:remotename)%00%(upstream:remoteref) refs/heads/main refs/remotes/main [2ms]
2026-09-12 16:17:43.721 [info] > git for-each-ref --sort -committerdate --format %(refname)%00%(objectname)%00%(*objectname) [3ms]
2026-09-12 16:17:43.724 [info] > git status -z -uall [12ms]
2026-09-12 16:17:44.039 [info] > git check-ignore -v -z --stdin [1ms]
2026-09-12 16:23:08.747 [info] > git check-ignore -v -z --stdin [7ms]
2026-09-12 16:23:08.803 [info] > git show --textconv :Python/django/SOA/OrientationApp/logic.py [23ms]
2026-09-12 16:23:08.814 [info] > git ls-files --stage -- Python/django/SOA/OrientationApp/logic.py [11ms]
2026-09-12 16:23:08.836 [info] > git cat-file -s f3261da2e9cf2646e3aca90bc184a376caa65bcc [11ms]
2026-09-12 16:27:03.761 [info] > git check-ignore -v -z --stdin [4ms]
2026-09-12 16:27:03.795 [info] > git show --textconv :Python/django/SOA/OrientationApp/views.py [9ms]
2026-09-12 16:27:03.797 [info] > git ls-files --stage -- Python/django/SOA/OrientationApp/views.py [2ms]
2026-09-12 16:27:03.807 [info] > git cat-file -s a409af7d5fe6ef2a9c6148795980612bca67ea42 [4ms]
2026-09-12 16:27:12.325 [info] > git check-ignore -v -z --stdin [1ms]
2026-09-12 16:27:14.236 [info] > git config --get commit.template [12ms]
2026-09-12 16:27:14.239 [info] > git for-each-ref --format=%(refname)%00%(upstream:short)%00%(objectname)%00%(upstream:track)%00%(upstream:remotename)%00%(upstream:remoteref) refs/heads/main refs/remotes/main [3ms]
2026-09-12 16:27:14.271 [info] > git status -z -uall [21ms]
2026-09-12 16:27:14.275 [info] > git for-each-ref --sort -committerdate --format %(refname)%00%(objectname)%00%(*objectname) [9ms]
2026-09-12 16:27:14.743 [info] > git check-ignore -v -z --stdin [2ms]
2026-09-12 16:27:17.645 [info] > git check-ignore -v -z --stdin [2ms]
2026-09-12 16:27:18.099 [info] > git check-ignore -v -z --stdin [7ms]
2026-09-12 16:27:18.331 [info] > git check-ignore -v -z --stdin [1ms]
2026-09-12 16:27:19.288 [info] > git config --get commit.template [1ms]
2026-09-12 16:27:19.296 [info] > git for-each-ref --format=%(refname)%00%(upstream:short)%00%(objectname)%00%(upstream:track)%00%(upstream:remotename)%00%(upstream:remoteref) refs/heads/main refs/remotes/main [3ms]
2026-09-12 16:27:19.308 [info] > git for-each-ref --sort -committerdate --format %(refname)%00%(objectname)%00%(*objectname) [1ms]
2026-09-12 16:27:19.312 [info] > git status -z -uall [11ms]
2026-09-12 16:27:19.635 [info] > git check-ignore -v -z --stdin [2ms]
2026-09-12 16:27:24.063 [info] > git check-ignore -v -z --stdin [1ms]
2026-09-12 16:27:24.332 [info] > git config --get commit.template [8ms]
2026-09-12 16:27:24.333 [info] > git for-each-ref --format=%(refname)%00%(upstream:short)%00%(objectname)%00%(upstream:track)%00%(upstream:remotename)%00%(upstream:remoteref) refs/heads/main refs/remotes/main [2ms]
2026-09-12 16:27:24.358 [info] > git for-each-ref --sort -committerdate --format %(refname)%00%(objectname)%00%(*objectname) [3ms]
2026-09-12 16:27:24.359 [info] > git status -z -uall [14ms]
2026-09-12 16:27:24.672 [info] > git check-ignore -v -z --stdin [1ms]
2026-09-12 16:27:29.378 [info] > git config --get commit.template [2ms]
2026-09-12 16:27:29.385 [info] > git for-each-ref --format=%(refname)%00%(upstream:short)%00%(objectname)%00%(upstream:track)%00%(upstream:remotename)%00%(upstream:remoteref) refs/heads/main refs/remotes/main [2ms]
2026-09-12 16:27:29.395 [info] > git for-each-ref --sort -committerdate --format %(refname)%00%(objectname)%00%(*objectname) [1ms]
2026-09-12 16:27:29.399 [info] > git status -z -uall [9ms]
2026-09-12 16:27:29.710 [info] > git check-ignore -v -z --stdin [1ms]
2026-09-12 16:27:31.026 [info] > git check-ignore -v -z --stdin [1ms]
2026-09-12 16:27:34.259 [info] > git check-ignore -v -z --stdin [1ms]
2026-09-12 16:27:34.415 [info] > git config --get commit.template [5ms]
2026-09-12 16:27:34.417 [info] > git for-each-ref --format=%(refname)%00%(upstream:short)%00%(objectname)%00%(upstream:track)%00%(upstream:remotename)%00%(upstream:remoteref) refs/heads/main refs/remotes/main [2ms]
2026-09-12 16:27:34.427 [info] > git for-each-ref --sort -committerdate --format %(refname)%00%(objectname)%00%(*objectname) [2ms]
2026-09-12 16:27:34.436 [info] > git status -z -uall [15ms]
2026-09-12 16:27:34.753 [info] > git check-ignore -v -z --stdin [2ms]
2026-09-12 16:27:35.026 [info] > git check-ignore -v -z --stdin [3ms]
2026-09-12 16:27:35.539 [info] > git check-ignore -v -z --stdin [8ms]
2026-09-12 16:27:36.438 [info] > git check-ignore -v -z --stdin [1ms]
2026-09-12 16:27:38.211 [info] > git check-ignore -v -z --stdin [2ms]
2026-09-12 16:27:38.580 [info] > git check-ignore -v -z --stdin [2ms]
2026-09-12 16:27:38.978 [info] > git check-ignore -v -z --stdin [3ms]
2026-09-12 16:27:39.450 [info] > git config --get commit.template [1ms]
2026-09-12 16:27:39.457 [info] > git for-each-ref --format=%(refname)%00%(upstream:short)%00%(objectname)%00%(upstream:track)%00%(upstream:remotename)%00%(upstream:remoteref) refs/heads/main refs/remotes/main [2ms]
2026-09-12 16:27:39.469 [info] > git for-each-ref --sort -committerdate --format %(refname)%00%(objectname)%00%(*objectname) [2ms]
2026-09-12 16:27:39.472 [info] > git status -z -uall [9ms]
2026-09-12 16:27:39.795 [info] > git check-ignore -v -z --stdin [3ms]
2026-09-12 16:27:40.101 [info] > git check-ignore -v -z --stdin [2ms]
2026-09-12 16:27:44.492 [info] > git config --get commit.template [6ms]
2026-09-12 16:27:44.493 [info] > git for-each-ref --format=%(refname)%00%(upstream:short)%00%(objectname)%00%(upstream:track)%00%(upstream:remotename)%00%(upstream:remoteref) refs/heads/main refs/remotes/main [2ms]
2026-09-12 16:27:44.505 [info] > git for-each-ref --sort -committerdate --format %(refname)%00%(objectname)%00%(*objectname) [3ms]
2026-09-12 16:27:44.507 [info] > git status -z -uall [9ms]
2026-09-12 16:27:44.961 [info] > git check-ignore -v -z --stdin [1ms]
2026-09-12 16:27:45.368 [info] > git check-ignore -v -z --stdin [1ms]
2026-09-12 16:27:45.986 [info] > git check-ignore -v -z --stdin [1ms]
2026-09-12 16:27:49.181 [info] > git check-ignore -v -z --stdin [2ms]
2026-09-12 16:27:49.525 [info] > git check-ignore -v -z --stdin [2ms]
2026-09-12 16:27:49.525 [info] > git config --get commit.template [9ms]
2026-09-12 16:27:49.531 [info] > git for-each-ref --format=%(refname)%00%(upstream:short)%00%(objectname)%00%(upstream:track)%00%(upstream:remotename)%00%(upstream:remoteref) refs/heads/main refs/remotes/main [1ms]
2026-09-12 16:27:49.559 [info] > git status -z -uall [19ms]
2026-09-12 16:27:49.577 [info] > git for-each-ref --sort -committerdate --format %(refname)%00%(objectname)%00%(*objectname) [21ms]
2026-09-12 16:27:49.922 [info] > git check-ignore -v -z --stdin [2ms]
2026-09-12 16:27:54.597 [info] > git config --get commit.template [7ms]
2026-09-12 16:27:54.598 [info] > git for-each-ref --format=%(refname)%00%(upstream:short)%00%(objectname)%00%(upstream:track)%00%(upstream:remotename)%00%(upstream:remoteref) refs/heads/main refs/remotes/main [2ms]
2026-09-12 16:27:54.611 [info] > git for-each-ref --sort -committerdate --format %(refname)%00%(objectname)%00%(*objectname) [2ms]
2026-09-12 16:27:54.614 [info] > git status -z -uall [10ms]
2026-09-12 16:27:54.953 [info] > git check-ignore -v -z --stdin [3ms]
2026-09-12 16:27:55.253 [info] > git check-ignore -v -z --stdin [1ms]
2026-09-12 16:27:55.810 [info] > git check-ignore -v -z --stdin [2ms]
2026-09-12 16:27:56.463 [info] > git check-ignore -v -z --stdin [4ms]
2026-09-12 16:27:59.628 [info] > git config --get commit.template [1ms]
2026-09-12 16:27:59.634 [info] > git for-each-ref --format=%(refname)%00%(upstream:short)%00%(objectname)%00%(upstream:track)%00%(upstream:remotename)%00%(upstream:remoteref) refs/heads/main refs/remotes/main [1ms]
2026-09-12 16:27:59.646 [info] > git for-each-ref --sort -committerdate --format %(refname)%00%(objectname)%00%(*objectname) [2ms]
2026-09-12 16:27:59.649 [info] > git status -z -uall [9ms]
2026-09-12 16:27:59.964 [info] > git check-ignore -v -z --stdin [2ms]
2026-09-12 16:28:01.601 [info] > git check-ignore -v -z --stdin [1ms]
2026-09-12 16:28:01.843 [info] > git check-ignore -v -z --stdin [3ms]
2026-09-12 16:28:02.476 [info] > git check-ignore -v -z --stdin [1ms]
2026-09-12 16:28:03.889 [info] > git check-ignore -v -z --stdin [2ms]
2026-09-12 16:28:04.426 [info] > git check-ignore -v -z --stdin [1ms]
2026-09-12 16:28:04.870 [info] > git config --get commit.template [12ms]
2026-09-12 16:28:04.900 [info] > git for-each-ref --format=%(refname)%00%(upstream:short)%00%(objectname)%00%(upstream:track)%00%(upstream:remotename)%00%(upstream:remoteref) refs/heads/main refs/remotes/main [7ms]
2026-09-12 16:28:04.936 [info] > git status -z -uall [15ms]
2026-09-12 16:28:04.937 [info] > git for-each-ref --sort -committerdate --format %(refname)%00%(objectname)%00%(*objectname) [3ms]
2026-09-12 16:28:05.261 [info] > git check-ignore -v -z --stdin [4ms]
2026-09-12 16:28:09.981 [info] > git config --get commit.template [12ms]
2026-09-12 16:28:09.985 [info] > git for-each-ref --format=%(refname)%00%(upstream:short)%00%(objectname)%00%(upstream:track)%00%(upstream:remotename)%00%(upstream:remoteref) refs/heads/main refs/remotes/main [5ms]
2026-09-12 16:28:10.013 [info] > git status -z -uall [11ms]
2026-09-12 16:28:10.023 [info] > git for-each-ref --sort -committerdate --format %(refname)%00%(objectname)%00%(*objectname) [11ms]
2026-09-12 16:28:10.132 [info] > git check-ignore -v -z --stdin [1ms]
2026-09-12 16:28:10.355 [info] > git check-ignore -v -z --stdin [2ms]
2026-09-12 16:28:10.663 [info] > git check-ignore -v -z --stdin [1ms]
2026-09-12 16:28:13.347 [info] > git check-ignore -v -z --stdin [2ms]
2026-09-12 16:28:13.681 [info] > git check-ignore -v -z --stdin [2ms]
2026-09-12 16:28:14.580 [info] > git check-ignore -v -z --stdin [2ms]
2026-09-12 16:28:15.041 [info] > git config --get commit.template [2ms]
2026-09-12 16:28:15.048 [info] > git for-each-ref --format=%(refname)%00%(upstream:short)%00%(objectname)%00%(upstream:track)%00%(upstream:remotename)%00%(upstream:remoteref) refs/heads/main refs/remotes/main [3ms]
2026-09-12 16:28:15.077 [info] > git status -z -uall [20ms]
2026-09-12 16:28:15.080 [info] > git for-each-ref --sort -committerdate --format %(refname)%00%(objectname)%00%(*objectname) [6ms]
2026-09-12 16:28:15.402 [info] > git check-ignore -v -z --stdin [1ms]
2026-09-12 16:28:19.539 [info] > git check-ignore -v -z --stdin [1ms]
2026-09-12 16:28:20.106 [info] > git config --get commit.template [11ms]
2026-09-12 16:28:20.110 [info] > git for-each-ref --format=%(refname)%00%(upstream:short)%00%(objectname)%00%(upstream:track)%00%(upstream:remotename)%00%(upstream:remoteref) refs/heads/main refs/remotes/main [5ms]
2026-09-12 16:28:20.139 [info] > git status -z -uall [16ms]
2026-09-12 16:28:20.143 [info] > git for-each-ref --sort -committerdate --format %(refname)%00%(objectname)%00%(*objectname) [6ms]
2026-09-12 16:28:20.464 [info] > git check-ignore -v -z --stdin [2ms]
2026-09-12 16:28:21.752 [info] > git check-ignore -v -z --stdin [12ms]
2026-09-12 16:28:24.312 [info] > git check-ignore -v -z --stdin [2ms]
2026-09-12 16:28:25.164 [info] > git config --get commit.template [8ms]
2026-09-12 16:28:25.166 [info] > git for-each-ref --format=%(refname)%00%(upstream:short)%00%(objectname)%00%(upstream:track)%00%(upstream:remotename)%00%(upstream:remoteref) refs/heads/main refs/remotes/main [2ms]
2026-09-12 16:28:25.184 [info] > git for-each-ref --sort -committerdate --format %(refname)%00%(objectname)%00%(*objectname) [3ms]
2026-09-12 16:28:25.185 [info] > git status -z -uall [10ms]
2026-09-12 16:28:25.505 [info] > git check-ignore -v -z --stdin [1ms]
2026-09-12 16:28:26.786 [info] > git check-ignore -v -z --stdin [3ms]
2026-09-12 16:28:29.792 [info] > git check-ignore -v -z --stdin [1ms]
2026-09-12 16:28:30.202 [info] > git config --get commit.template [2ms]
2026-09-12 16:28:30.209 [info] > git for-each-ref --format=%(refname)%00%(upstream:short)%00%(objectname)%00%(upstream:track)%00%(upstream:remotename)%00%(upstream:remoteref) refs/heads/main refs/remotes/main [2ms]
2026-09-12 16:28:30.229 [info] > git status -z -uall [13ms]
2026-09-12 16:28:30.231 [info] > git for-each-ref --sort -committerdate --format %(refname)%00%(objectname)%00%(*objectname) [3ms]
2026-09-12 16:28:30.551 [info] > git check-ignore -v -z --stdin [1ms]
2026-09-12 16:28:31.608 [info] > git check-ignore -v -z --stdin [6ms]
2026-09-12 16:28:35.258 [info] > git config --get commit.template [10ms]
2026-09-12 16:28:35.261 [info] > git for-each-ref --format=%(refname)%00%(upstream:short)%00%(objectname)%00%(upstream:track)%00%(upstream:remotename)%00%(upstream:remoteref) refs/heads/main refs/remotes/main [4ms]
2026-09-12 16:28:35.281 [info] > git for-each-ref --sort -committerdate --format %(refname)%00%(objectname)%00%(*objectname) [2ms]
2026-09-12 16:28:35.285 [info] > git status -z -uall [15ms]
2026-09-12 16:28:35.602 [info] > git check-ignore -v -z --stdin [2ms]
2026-09-12 16:28:41.728 [info] > git check-ignore -v -z --stdin [3ms]
2026-09-12 16:28:43.607 [info] > git config --get commit.template [7ms]
2026-09-12 16:28:43.625 [info] > git for-each-ref --format=%(refname)%00%(upstream:short)%00%(objectname)%00%(upstream:track)%00%(upstream:remotename)%00%(upstream:remoteref) refs/heads/main refs/remotes/main [6ms]
2026-09-12 16:28:43.670 [info] > git status -z -uall [29ms]
2026-09-12 16:28:43.671 [info] > git for-each-ref --sort -committerdate --format %(refname)%00%(objectname)%00%(*objectname) [6ms]
2026-09-12 16:28:43.993 [info] > git check-ignore -v -z --stdin [5ms]
2026-09-12 16:28:46.983 [info] > git check-ignore -v -z --stdin [2ms]
2026-09-12 16:28:48.696 [info] > git config --get commit.template [5ms]
2026-09-12 16:28:48.706 [info] > git for-each-ref --format=%(refname)%00%(upstream:short)%00%(objectname)%00%(upstream:track)%00%(upstream:remotename)%00%(upstream:remoteref) refs/heads/main refs/remotes/main [3ms]
2026-09-12 16:28:48.725 [info] > git for-each-ref --sort -committerdate --format %(refname)%00%(objectname)%00%(*objectname) [2ms]
2026-09-12 16:28:48.726 [info] > git status -z -uall [10ms]
2026-09-12 16:28:49.137 [info] > git check-ignore -v -z --stdin [3ms]
2026-09-12 16:28:53.754 [info] > git config --get commit.template [13ms]
2026-09-12 16:28:53.756 [info] > git for-each-ref --format=%(refname)%00%(upstream:short)%00%(objectname)%00%(upstream:track)%00%(upstream:remotename)%00%(upstream:remoteref) refs/heads/main refs/remotes/main [3ms]
2026-09-12 16:28:53.772 [info] > git for-each-ref --sort -committerdate --format %(refname)%00%(objectname)%00%(*objectname) [2ms]
2026-09-12 16:28:53.773 [info] > git status -z -uall [10ms]
2026-09-12 16:28:54.097 [info] > git check-ignore -v -z --stdin [3ms]
2026-09-12 16:29:03.207 [info] > git check-ignore -v -z --stdin [2ms]
2026-09-12 16:29:05.840 [info] > git config --get commit.template [2ms]
2026-09-12 16:29:05.854 [info] > git for-each-ref --format=%(refname)%00%(upstream:short)%00%(objectname)%00%(upstream:track)%00%(upstream:remotename)%00%(upstream:remoteref) refs/heads/main refs/remotes/main [4ms]
2026-09-12 16:29:05.890 [info] > git for-each-ref --sort -committerdate --format %(refname)%00%(objectname)%00%(*objectname) [3ms]
2026-09-12 16:29:05.895 [info] > git status -z -uall [25ms]
2026-09-12 16:29:06.232 [info] > git check-ignore -v -z --stdin [6ms]
2026-09-12 16:29:10.177 [info] > git check-ignore -v -z --stdin [2ms]
2026-09-12 16:29:10.425 [info] > git check-ignore -v -z --stdin [4ms]
2026-09-12 16:29:12.360 [info] > git config --get commit.template [4ms]
2026-09-12 16:29:12.378 [info] > git for-each-ref --format=%(refname)%00%(upstream:short)%00%(objectname)%00%(upstream:track)%00%(upstream:remotename)%00%(upstream:remoteref) refs/heads/main refs/remotes/main [4ms]
2026-09-12 16:29:12.395 [info] > git for-each-ref --sort -committerdate --format %(refname)%00%(objectname)%00%(*objectname) [2ms]
2026-09-12 16:29:12.396 [info] > git status -z -uall [8ms]
2026-09-12 16:29:12.960 [info] > git check-ignore -v -z --stdin [2ms]
2026-09-12 16:29:14.852 [info] > git check-ignore -v -z --stdin [1ms]
2026-09-12 16:29:17.420 [info] > git config --get commit.template [7ms]
2026-09-12 16:29:17.421 [info] > git for-each-ref --format=%(refname)%00%(upstream:short)%00%(objectname)%00%(upstream:track)%00%(upstream:remotename)%00%(upstream:remoteref) refs/heads/main refs/remotes/main [2ms]
2026-09-12 16:29:17.440 [info] > git for-each-ref --sort -committerdate --format %(refname)%00%(objectname)%00%(*objectname) [3ms]
2026-09-12 16:29:17.443 [info] > git status -z -uall [14ms]
2026-09-12 16:29:17.767 [info] > git check-ignore -v -z --stdin [1ms]
2026-09-12 16:29:19.573 [info] > git check-ignore -v -z --stdin [3ms]
2026-09-12 16:29:20.719 [info] > git check-ignore -v -z --stdin [2ms]
2026-09-12 16:29:22.463 [info] > git config --get commit.template [8ms]
2026-09-12 16:29:22.465 [info] > git for-each-ref --format=%(refname)%00%(upstream:short)%00%(objectname)%00%(upstream:track)%00%(upstream:remotename)%00%(upstream:remoteref) refs/heads/main refs/remotes/main [3ms]
2026-09-12 16:29:22.476 [info] > git for-each-ref --sort -committerdate --format %(refname)%00%(objectname)%00%(*objectname) [1ms]
2026-09-12 16:29:22.479 [info] > git status -z -uall [8ms]
2026-09-12 16:29:22.791 [info] > git check-ignore -v -z --stdin [1ms]
2026-09-12 16:29:27.494 [info] > git config --get commit.template [5ms]
2026-09-12 16:29:27.496 [info] > git for-each-ref --format=%(refname)%00%(upstream:short)%00%(objectname)%00%(upstream:track)%00%(upstream:remotename)%00%(upstream:remoteref) refs/heads/main refs/remotes/main [2ms]
2026-09-12 16:29:27.508 [info] > git for-each-ref --sort -committerdate --format %(refname)%00%(objectname)%00%(*objectname) [1ms]
2026-09-12 16:29:27.511 [info] > git status -z -uall [9ms]
2026-09-12 16:29:27.825 [info] > git check-ignore -v -z --stdin [1ms]
2026-09-12 16:30:27.554 [info] > git check-ignore -v -z --stdin [1ms]
2026-09-12 16:30:28.194 [info] > git check-ignore -v -z --stdin [1ms]
2026-09-12 16:30:28.659 [info] > git check-ignore -v -z --stdin [4ms]
2026-09-12 16:30:29.129 [info] > git check-ignore -v -z --stdin [2ms]
2026-09-12 16:30:30.413 [info] > git check-ignore -v -z --stdin [2ms]
2026-09-12 16:30:30.637 [info] > git check-ignore -v -z --stdin [2ms]
2026-09-12 16:30:31.019 [info] > git config --get commit.template [6ms]
2026-09-12 16:30:31.020 [info] > git for-each-ref --format=%(refname)%00%(upstream:short)%00%(objectname)%00%(upstream:track)%00%(upstream:remotename)%00%(upstream:remoteref) refs/heads/main refs/remotes/main [2ms]
2026-09-12 16:30:31.031 [info] > git for-each-ref --sort -committerdate --format %(refname)%00%(objectname)%00%(*objectname) [3ms]
2026-09-12 16:30:31.034 [info] > git status -z -uall [10ms]
2026-09-12 16:30:31.350 [info] > git check-ignore -v -z --stdin [2ms]
2026-09-12 16:30:34.143 [info] > git check-ignore -v -z --stdin [2ms]
2026-09-12 16:30:35.822 [info] > git check-ignore -v -z --stdin [3ms]
2026-09-12 16:30:36.052 [info] > git config --get commit.template [7ms]
2026-09-12 16:30:36.053 [info] > git for-each-ref --format=%(refname)%00%(upstream:short)%00%(objectname)%00%(upstream:track)%00%(upstream:remotename)%00%(upstream:remoteref) refs/heads/main refs/remotes/main [2ms]
2026-09-12 16:30:36.068 [info] > git for-each-ref --sort -committerdate --format %(refname)%00%(objectname)%00%(*objectname) [3ms]
2026-09-12 16:30:36.069 [info] > git status -z -uall [10ms]
2026-09-12 16:30:36.399 [info] > git check-ignore -v -z --stdin [2ms]
2026-09-12 16:30:37.285 [info] > git check-ignore -v -z --stdin [1ms]
2026-09-12 16:30:40.878 [info] > git check-ignore -v -z --stdin [1ms]
2026-09-12 16:30:41.084 [info] > git config --get commit.template [5ms]
2026-09-12 16:30:41.085 [info] > git for-each-ref --format=%(refname)%00%(upstream:short)%00%(objectname)%00%(upstream:track)%00%(upstream:remotename)%00%(upstream:remoteref) refs/heads/main refs/remotes/main [1ms]
2026-09-12 16:30:41.097 [info] > git for-each-ref --sort -committerdate --format %(refname)%00%(objectname)%00%(*objectname) [1ms]
2026-09-12 16:30:41.099 [info] > git status -z -uall [8ms]
2026-09-12 16:30:41.420 [info] > git check-ignore -v -z --stdin [1ms]
2026-09-12 16:30:41.710 [info] > git check-ignore -v -z --stdin [2ms]
2026-09-12 16:30:42.110 [info] > git check-ignore -v -z --stdin [1ms]
2026-09-12 16:30:42.509 [info] > git check-ignore -v -z --stdin [2ms]
2026-09-12 16:30:43.935 [info] > git check-ignore -v -z --stdin [1ms]
2026-09-12 16:30:45.198 [info] > git check-ignore -v -z --stdin [2ms]
2026-09-12 16:30:45.424 [info] > git check-ignore -v -z --stdin [2ms]
2026-09-12 16:30:46.138 [info] > git config --get commit.template [22ms]
2026-09-12 16:30:46.156 [info] > git check-ignore -v -z --stdin [20ms]
2026-09-12 16:30:46.157 [info] > git for-each-ref --format=%(refname)%00%(upstream:short)%00%(objectname)%00%(upstream:track)%00%(upstream:remotename)%00%(upstream:remoteref) refs/heads/main refs/remotes/main [3ms]
2026-09-12 16:30:46.185 [info] > git for-each-ref --sort -committerdate --format %(refname)%00%(objectname)%00%(*objectname) [6ms]
2026-09-12 16:30:46.197 [info] > git status -z -uall [30ms]
2026-09-12 16:30:46.515 [info] > git check-ignore -v -z --stdin [2ms]
2026-09-12 16:30:48.004 [info] > git check-ignore -v -z --stdin [1ms]
2026-09-12 16:30:48.260 [info] > git check-ignore -v -z --stdin [3ms]
2026-09-12 16:30:49.359 [info] > git check-ignore -v -z --stdin [2ms]
2026-09-12 16:30:50.272 [info] > git check-ignore -v -z --stdin [3ms]
2026-09-12 16:30:50.677 [info] > git check-ignore -v -z --stdin [1ms]
2026-09-12 16:30:51.231 [info] > git config --get commit.template [10ms]
2026-09-12 16:30:51.232 [info] > git for-each-ref --format=%(refname)%00%(upstream:short)%00%(objectname)%00%(upstream:track)%00%(upstream:remotename)%00%(upstream:remoteref) refs/heads/main refs/remotes/main [2ms]
2026-09-12 16:30:51.244 [info] > git for-each-ref --sort -committerdate --format %(refname)%00%(objectname)%00%(*objectname) [2ms]
2026-09-12 16:30:51.246 [info] > git status -z -uall [9ms]
2026-09-12 16:30:51.557 [info] > git check-ignore -v -z --stdin [1ms]
2026-09-12 16:30:52.689 [info] > git check-ignore -v -z --stdin [2ms]
2026-09-12 16:30:54.095 [info] > git check-ignore -v -z --stdin [2ms]
2026-09-12 16:30:54.370 [info] > git check-ignore -v -z --stdin [1ms]
2026-09-12 16:30:54.773 [info] > git check-ignore -v -z --stdin [2ms]
2026-09-12 16:30:55.361 [info] > git check-ignore -v -z --stdin [3ms]
2026-09-12 16:30:56.262 [info] > git config --get commit.template [6ms]
2026-09-12 16:30:56.264 [info] > git for-each-ref --format=%(refname)%00%(upstream:short)%00%(objectname)%00%(upstream:track)%00%(upstream:remotename)%00%(upstream:remoteref) refs/heads/main refs/remotes/main [2ms]
2026-09-12 16:30:56.275 [info] > git for-each-ref --sort -committerdate --format %(refname)%00%(objectname)%00%(*objectname) [3ms]
2026-09-12 16:30:56.278 [info] > git status -z -uall [10ms]
2026-09-12 16:30:56.600 [info] > git check-ignore -v -z --stdin [3ms]
2026-09-12 16:31:01.293 [info] > git config --get commit.template [2ms]
2026-09-12 16:31:01.302 [info] > git for-each-ref --format=%(refname)%00%(upstream:short)%00%(objectname)%00%(upstream:track)%00%(upstream:remotename)%00%(upstream:remoteref) refs/heads/main refs/remotes/main [2ms]
2026-09-12 16:31:01.316 [info] > git for-each-ref --sort -committerdate --format %(refname)%00%(objectname)%00%(*objectname) [2ms]
2026-09-12 16:31:01.320 [info] > git status -z -uall [11ms]
2026-09-12 16:31:01.637 [info] > git check-ignore -v -z --stdin [2ms]
2026-09-12 16:31:07.788 [info] > git config --get commit.template [12ms]
2026-09-12 16:31:07.789 [info] > git for-each-ref --format=%(refname)%00%(upstream:short)%00%(objectname)%00%(upstream:track)%00%(upstream:remotename)%00%(upstream:remoteref) refs/heads/main refs/remotes/main [2ms]
2026-09-12 16:31:07.813 [info] > git for-each-ref --sort -committerdate --format %(refname)%00%(objectname)%00%(*objectname) [3ms]
2026-09-12 16:31:07.815 [info] > git status -z -uall [14ms]
2026-09-12 16:31:08.133 [info] > git check-ignore -v -z --stdin [1ms]
2026-09-12 16:31:32.818 [info] > git check-ignore -v -z --stdin [3ms]
2026-09-12 16:31:32.898 [info] > git show --textconv :Python/django/SOA/OrientationApp/templates/Orientation.html [17ms]
2026-09-12 16:31:32.900 [info] > git ls-files --stage -- Python/django/SOA/OrientationApp/templates/Orientation.html [5ms]
2026-09-12 16:31:32.908 [info] > git cat-file -s 13af512edcfe005a9cf1a537e2d521be3548f5fe [2ms]
2026-09-12 16:34:12.772 [info] > git check-ignore -v -z --stdin [14ms]
2026-09-12 16:34:12.852 [info] > git show --textconv :Python/django/SOA/OrientationApp/views.py [6ms]
2026-09-12 16:34:12.855 [info] > git ls-files --stage -- Python/django/SOA/OrientationApp/views.py [3ms]
2026-09-12 16:34:12.861 [info] > git cat-file -s a409af7d5fe6ef2a9c6148795980612bca67ea42 [2ms]
2026-09-12 16:34:27.691 [info] > git check-ignore -v -z --stdin [4ms]
2026-09-12 16:34:29.594 [info] > git config --get commit.template [4ms]
2026-09-12 16:34:29.613 [info] > git for-each-ref --format=%(refname)%00%(upstream:short)%00%(objectname)%00%(upstream:track)%00%(upstream:remotename)%00%(upstream:remoteref) refs/heads/main refs/remotes/main [3ms]
2026-09-12 16:34:29.664 [info] > git for-each-ref --sort -committerdate --format %(refname)%00%(objectname)%00%(*objectname) [5ms]
2026-09-12 16:34:29.667 [info] > git status -z -uall [33ms]
2026-09-12 16:34:29.991 [info] > git check-ignore -v -z --stdin [3ms]
2026-09-12 16:34:32.243 [info] > git check-ignore -v -z --stdin [2ms]
2026-09-12 16:34:32.932 [info] > git check-ignore -v -z --stdin [2ms]
2026-09-12 16:34:35.124 [info] > git check-ignore -v -z --stdin [1ms]
2026-09-12 16:34:35.389 [info] > git check-ignore -v -z --stdin [2ms]
2026-09-12 16:34:35.432 [info] > git config --get commit.template [2ms]
2026-09-12 16:34:35.439 [info] > git for-each-ref --format=%(refname)%00%(upstream:short)%00%(objectname)%00%(upstream:track)%00%(upstream:remotename)%00%(upstream:remoteref) refs/heads/main refs/remotes/main [2ms]
2026-09-12 16:34:35.455 [info] > git for-each-ref --sort -committerdate --format %(refname)%00%(objectname)%00%(*objectname) [3ms]
2026-09-12 16:34:35.456 [info] > git status -z -uall [10ms]
2026-09-12 16:34:35.885 [info] > git check-ignore -v -z --stdin [2ms]
2026-09-12 16:34:36.235 [info] > git check-ignore -v -z --stdin [2ms]
2026-09-12 16:34:40.478 [info] > git config --get commit.template [1ms]
2026-09-12 16:34:40.487 [info] > git for-each-ref --format=%(refname)%00%(upstream:short)%00%(objectname)%00%(upstream:track)%00%(upstream:remotename)%00%(upstream:remoteref) refs/heads/main refs/remotes/main [3ms]
2026-09-12 16:34:40.503 [info] > git for-each-ref --sort -committerdate --format %(refname)%00%(objectname)%00%(*objectname) [2ms]
2026-09-12 16:34:40.507 [info] > git status -z -uall [13ms]
2026-09-12 16:34:40.824 [info] > git check-ignore -v -z --stdin [1ms]
2026-09-12 16:34:42.311 [info] > git check-ignore -v -z --stdin [4ms]
2026-09-12 16:34:42.791 [info] > git check-ignore -v -z --stdin [3ms]
2026-09-12 16:34:45.570 [info] > git config --get commit.template [8ms]
2026-09-12 16:34:45.570 [info] > git for-each-ref --format=%(refname)%00%(upstream:short)%00%(objectname)%00%(upstream:track)%00%(upstream:remotename)%00%(upstream:remoteref) refs/heads/main refs/remotes/main [1ms]
2026-09-12 16:34:45.586 [info] > git for-each-ref --sort -committerdate --format %(refname)%00%(objectname)%00%(*objectname) [2ms]
2026-09-12 16:34:45.591 [info] > git status -z -uall [14ms]
2026-09-12 16:34:45.926 [info] > git check-ignore -v -z --stdin [1ms]
2026-09-12 16:34:50.608 [info] > git config --get commit.template [7ms]
2026-09-12 16:34:50.609 [info] > git for-each-ref --format=%(refname)%00%(upstream:short)%00%(objectname)%00%(upstream:track)%00%(upstream:remotename)%00%(upstream:remoteref) refs/heads/main refs/remotes/main [2ms]
2026-09-12 16:34:50.620 [info] > git for-each-ref --sort -committerdate --format %(refname)%00%(objectname)%00%(*objectname) [1ms]
2026-09-12 16:34:50.623 [info] > git status -z -uall [9ms]
2026-09-12 16:34:50.941 [info] > git check-ignore -v -z --stdin [2ms]
2026-09-12 16:35:03.000 [info] > git check-ignore -v -z --stdin [2ms]
2026-09-12 16:35:03.363 [info] > git check-ignore -v -z --stdin [3ms]
2026-09-12 16:35:06.226 [info] > git config --get commit.template [12ms]
2026-09-12 16:35:06.228 [info] > git for-each-ref --format=%(refname)%00%(upstream:short)%00%(objectname)%00%(upstream:track)%00%(upstream:remotename)%00%(upstream:remoteref) refs/heads/main refs/remotes/main [2ms]
2026-09-12 16:35:06.256 [info] > git status -z -uall [16ms]
2026-09-12 16:35:06.260 [info] > git for-each-ref --sort -committerdate --format %(refname)%00%(objectname)%00%(*objectname) [6ms]
2026-09-12 16:35:06.576 [info] > git check-ignore -v -z --stdin [3ms]
2026-09-12 16:35:12.985 [info] > git check-ignore -v -z --stdin [2ms]
2026-09-12 16:35:13.441 [info] > git check-ignore -v -z --stdin [1ms]
2026-09-12 16:35:14.840 [info] > git check-ignore -v -z --stdin [2ms]
2026-09-12 16:35:15.566 [info] > git config --get commit.template [3ms]
2026-09-12 16:35:15.581 [info] > git for-each-ref --format=%(refname)%00%(upstream:short)%00%(objectname)%00%(upstream:track)%00%(upstream:remotename)%00%(upstream:remoteref) refs/heads/main refs/remotes/main [2ms]
2026-09-12 16:35:15.610 [info] > git for-each-ref --sort -committerdate --format %(refname)%00%(objectname)%00%(*objectname) [10ms]
2026-09-12 16:35:15.611 [info] > git status -z -uall [18ms]
2026-09-12 16:35:15.939 [info] > git check-ignore -v -z --stdin [3ms]
2026-09-12 16:35:17.387 [info] > git check-ignore -v -z --stdin [7ms]
2026-09-12 16:35:17.752 [info] > git check-ignore -v -z --stdin [4ms]
2026-09-12 16:35:18.037 [info] > git check-ignore -v -z --stdin [1ms]
2026-09-12 16:35:20.645 [info] > git config --get commit.template [13ms]
2026-09-12 16:35:20.646 [info] > git for-each-ref --format=%(refname)%00%(upstream:short)%00%(objectname)%00%(upstream:track)%00%(upstream:remotename)%00%(upstream:remoteref) refs/heads/main refs/remotes/main [2ms]
2026-09-12 16:35:20.667 [info] > git for-each-ref --sort -committerdate --format %(refname)%00%(objectname)%00%(*objectname) [3ms]
2026-09-12 16:35:20.669 [info] > git status -z -uall [13ms]
2026-09-12 16:35:20.989 [info] > git check-ignore -v -z --stdin [2ms]
2026-09-12 16:35:22.902 [info] > git check-ignore -v -z --stdin [1ms]
2026-09-12 16:35:23.266 [info] > git check-ignore -v -z --stdin [1ms]
2026-09-12 16:35:25.693 [info] > git config --get commit.template [12ms]
2026-09-12 16:35:25.695 [info] > git for-each-ref --format=%(refname)%00%(upstream:short)%00%(objectname)%00%(upstream:track)%00%(upstream:remotename)%00%(upstream:remoteref) refs/heads/main refs/remotes/main [2ms]
2026-09-12 16:35:25.721 [info] > git for-each-ref --sort -committerdate --format %(refname)%00%(objectname)%00%(*objectname) [4ms]
2026-09-12 16:35:25.728 [info] > git status -z -uall [21ms]
2026-09-12 16:35:26.062 [info] > git check-ignore -v -z --stdin [2ms]
2026-09-12 16:35:30.747 [info] > git config --get commit.template [6ms]
2026-09-12 16:35:30.748 [info] > git for-each-ref --format=%(refname)%00%(upstream:short)%00%(objectname)%00%(upstream:track)%00%(upstream:remotename)%00%(upstream:remoteref) refs/heads/main refs/remotes/main [2ms]
2026-09-12 16:35:30.778 [info] > git for-each-ref --sort -committerdate --format %(refname)%00%(objectname)%00%(*objectname) [2ms]
2026-09-12 16:35:30.784 [info] > git status -z -uall [31ms]
2026-09-12 16:35:31.112 [info] > git check-ignore -v -z --stdin [3ms]
2026-09-12 16:35:31.756 [info] > git check-ignore -v -z --stdin [2ms]
2026-09-12 16:35:34.461 [info] > git check-ignore -v -z --stdin [1ms]
2026-09-12 16:35:35.822 [info] > git config --get commit.template [0ms]
2026-09-12 16:35:35.831 [info] > git for-each-ref --format=%(refname)%00%(upstream:short)%00%(objectname)%00%(upstream:track)%00%(upstream:remotename)%00%(upstream:remoteref) refs/heads/main refs/remotes/main [2ms]
2026-09-12 16:35:35.844 [info] > git for-each-ref --sort -committerdate --format %(refname)%00%(objectname)%00%(*objectname) [1ms]
2026-09-12 16:35:35.847 [info] > git status -z -uall [11ms]
2026-09-12 16:35:36.167 [info] > git check-ignore -v -z --stdin [1ms]
2026-09-12 16:35:40.864 [info] > git config --get commit.template [6ms]
2026-09-12 16:35:40.865 [info] > git for-each-ref --format=%(refname)%00%(upstream:short)%00%(objectname)%00%(upstream:track)%00%(upstream:remotename)%00%(upstream:remoteref) refs/heads/main refs/remotes/main [1ms]
2026-09-12 16:35:40.877 [info] > git for-each-ref --sort -committerdate --format %(refname)%00%(objectname)%00%(*objectname) [1ms]
2026-09-12 16:35:40.880 [info] > git status -z -uall [9ms]
2026-09-12 16:35:41.195 [info] > git check-ignore -v -z --stdin [2ms]
2026-09-12 16:36:03.997 [info] > git check-ignore -v -z --stdin [2ms]
2026-09-12 16:36:04.033 [info] > git show --textconv :Python/django/SOA/OrientationApp/logic.py [9ms]
2026-09-12 16:36:04.039 [info] > git ls-files --stage -- Python/django/SOA/OrientationApp/logic.py [6ms]
2026-09-12 16:36:04.052 [info] > git cat-file -s f3261da2e9cf2646e3aca90bc184a376caa65bcc [4ms]
2026-09-12 16:36:32.422 [info] > git check-ignore -v -z --stdin [1ms]
2026-09-12 16:36:33.002 [info] > git check-ignore -v -z --stdin [2ms]
2026-09-12 16:36:33.900 [info] > git check-ignore -v -z --stdin [1ms]
2026-09-12 16:36:35.789 [info] > git config --get commit.template [15ms]
2026-09-12 16:36:35.790 [info] > git for-each-ref --format=%(refname)%00%(upstream:short)%00%(objectname)%00%(upstream:track)%00%(upstream:remotename)%00%(upstream:remoteref) refs/heads/main refs/remotes/main [2ms]
2026-09-12 16:36:35.809 [info] > git for-each-ref --sort -committerdate --format %(refname)%00%(objectname)%00%(*objectname) [4ms]
2026-09-12 16:36:35.809 [info] > git status -z -uall [11ms]
2026-09-12 16:36:36.134 [info] > git check-ignore -v -z --stdin [3ms]
2026-09-12 16:36:37.039 [info] > git check-ignore -v -z --stdin [1ms]
2026-09-12 16:36:39.263 [info] > git check-ignore -v -z --stdin [10ms]
2026-09-12 16:36:40.841 [info] > git config --get commit.template [20ms]
2026-09-12 16:36:40.842 [info] > git for-each-ref --format=%(refname)%00%(upstream:short)%00%(objectname)%00%(upstream:track)%00%(upstream:remotename)%00%(upstream:remoteref) refs/heads/main refs/remotes/main [2ms]
2026-09-12 16:36:40.884 [info] > git status -z -uall [23ms]
2026-09-12 16:36:40.888 [info] > git for-each-ref --sort -committerdate --format %(refname)%00%(objectname)%00%(*objectname) [6ms]
2026-09-12 16:36:41.230 [info] > git check-ignore -v -z --stdin [2ms]
2026-09-12 16:36:45.908 [info] > git config --get commit.template [5ms]
2026-09-12 16:36:45.909 [info] > git for-each-ref --format=%(refname)%00%(upstream:short)%00%(objectname)%00%(upstream:track)%00%(upstream:remotename)%00%(upstream:remoteref) refs/heads/main refs/remotes/main [1ms]
2026-09-12 16:36:45.920 [info] > git for-each-ref --sort -committerdate --format %(refname)%00%(objectname)%00%(*objectname) [1ms]
2026-09-12 16:36:45.922 [info] > git status -z -uall [8ms]
2026-09-12 16:36:46.240 [info] > git check-ignore -v -z --stdin [3ms]
2026-09-12 16:37:00.912 [info] > git check-ignore -v -z --stdin [3ms]
2026-09-12 16:37:02.817 [info] > git config --get commit.template [10ms]
2026-09-12 16:37:02.818 [info] > git for-each-ref --format=%(refname)%00%(upstream:short)%00%(objectname)%00%(upstream:track)%00%(upstream:remotename)%00%(upstream:remoteref) refs/heads/main refs/remotes/main [2ms]
2026-09-12 16:37:02.845 [info] > git for-each-ref --sort -committerdate --format %(refname)%00%(objectname)%00%(*objectname) [12ms]
2026-09-12 16:37:02.847 [info] > git status -z -uall [20ms]
2026-09-12 16:37:02.847 [info] > git check-ignore -v -z --stdin [3ms]
2026-09-12 16:37:03.166 [info] > git check-ignore -v -z --stdin [1ms]
2026-09-12 16:37:06.349 [info] > git check-ignore -v -z --stdin [2ms]
2026-09-12 16:37:07.872 [info] > git config --get commit.template [10ms]
2026-09-12 16:37:07.872 [info] > git for-each-ref --format=%(refname)%00%(upstream:short)%00%(objectname)%00%(upstream:track)%00%(upstream:remotename)%00%(upstream:remoteref) refs/heads/main refs/remotes/main [2ms]
2026-09-12 16:37:07.890 [info] > git for-each-ref --sort -committerdate --format %(refname)%00%(objectname)%00%(*objectname) [1ms]
2026-09-12 16:37:07.894 [info] > git status -z -uall [11ms]
2026-09-12 16:37:08.211 [info] > git check-ignore -v -z --stdin [2ms]
2026-09-12 16:37:10.093 [info] > git check-ignore -v -z --stdin [2ms]
2026-09-12 16:37:12.925 [info] > git config --get commit.template [13ms]
2026-09-12 16:37:12.927 [info] > git for-each-ref --format=%(refname)%00%(upstream:short)%00%(objectname)%00%(upstream:track)%00%(upstream:remotename)%00%(upstream:remoteref) refs/heads/main refs/remotes/main [2ms]
2026-09-12 16:37:12.957 [info] > git status -z -uall [17ms]
2026-09-12 16:37:12.959 [info] > git for-each-ref --sort -committerdate --format %(refname)%00%(objectname)%00%(*objectname) [4ms]
2026-09-12 16:37:13.280 [info] > git check-ignore -v -z --stdin [2ms]
2026-09-12 16:37:17.465 [info] > git check-ignore -v -z --stdin [2ms]
2026-09-12 16:37:17.979 [info] > git config --get commit.template [8ms]
2026-09-12 16:37:17.981 [info] > git for-each-ref --format=%(refname)%00%(upstream:short)%00%(objectname)%00%(upstream:track)%00%(upstream:remotename)%00%(upstream:remoteref) refs/heads/main refs/remotes/main [2ms]
2026-09-12 16:37:18.001 [info] > git for-each-ref --sort -committerdate --format %(refname)%00%(objectname)%00%(*objectname) [2ms]
2026-09-12 16:37:18.019 [info] > git status -z -uall [28ms]
2026-09-12 16:37:18.344 [info] > git check-ignore -v -z --stdin [1ms]
2026-09-12 16:37:19.473 [info] > git check-ignore -v -z --stdin [2ms]
2026-09-12 16:37:19.775 [info] > git check-ignore -v -z --stdin [2ms]
2026-09-12 16:37:20.823 [info] > git check-ignore -v -z --stdin [2ms]
2026-09-12 16:37:21.101 [info] > git check-ignore -v -z --stdin [3ms]
2026-09-12 16:37:21.395 [info] > git check-ignore -v -z --stdin [1ms]
2026-09-12 16:37:21.821 [info] > git check-ignore -v -z --stdin [1ms]
2026-09-12 16:37:22.760 [info] > git check-ignore -v -z --stdin [1ms]
2026-09-12 16:37:23.040 [info] > git config --get commit.template [9ms]
2026-09-12 16:37:23.056 [info] > git for-each-ref --format=%(refname)%00%(upstream:short)%00%(objectname)%00%(upstream:track)%00%(upstream:remotename)%00%(upstream:remoteref) refs/heads/main refs/remotes/main [2ms]
2026-09-12 16:37:23.080 [info] > git for-each-ref --sort -committerdate --format %(refname)%00%(objectname)%00%(*objectname) [2ms]
2026-09-12 16:37:23.082 [info] > git status -z -uall [9ms]
2026-09-12 16:37:23.402 [info] > git check-ignore -v -z --stdin [1ms]
2026-09-12 16:37:24.037 [info] > git check-ignore -v -z --stdin [3ms]
2026-09-12 16:37:24.569 [info] > git check-ignore -v -z --stdin [5ms]
2026-09-12 16:37:24.774 [info] > git check-ignore -v -z --stdin [1ms]
2026-09-12 16:37:25.025 [info] > git check-ignore -v -z --stdin [2ms]
2026-09-12 16:37:25.309 [info] > git check-ignore -v -z --stdin [2ms]
2026-09-12 16:37:28.104 [info] > git config --get commit.template [10ms]
2026-09-12 16:37:28.105 [info] > git for-each-ref --format=%(refname)%00%(upstream:short)%00%(objectname)%00%(upstream:track)%00%(upstream:remotename)%00%(upstream:remoteref) refs/heads/main refs/remotes/main [2ms]
2026-09-12 16:37:28.139 [info] > git status -z -uall [19ms]
2026-09-12 16:37:28.140 [info] > git for-each-ref --sort -committerdate --format %(refname)%00%(objectname)%00%(*objectname) [2ms]
2026-09-12 16:37:28.458 [info] > git check-ignore -v -z --stdin [1ms]
2026-09-12 16:37:33.022 [info] > git check-ignore -v -z --stdin [2ms]
2026-09-12 16:37:33.158 [info] > git config --get commit.template [6ms]
2026-09-12 16:37:33.160 [info] > git for-each-ref --format=%(refname)%00%(upstream:short)%00%(objectname)%00%(upstream:track)%00%(upstream:remotename)%00%(upstream:remoteref) refs/heads/main refs/remotes/main [2ms]
2026-09-12 16:37:33.174 [info] > git for-each-ref --sort -committerdate --format %(refname)%00%(objectname)%00%(*objectname) [2ms]
2026-09-12 16:37:33.174 [info] > git status -z -uall [8ms]
2026-09-12 16:37:33.541 [info] > git check-ignore -v -z --stdin [2ms]
2026-09-12 16:37:34.191 [info] > git check-ignore -v -z --stdin [2ms]
2026-09-12 16:37:35.334 [info] > git check-ignore -v -z --stdin [1ms]
2026-09-12 16:37:35.852 [info] > git check-ignore -v -z --stdin [1ms]
2026-09-12 16:37:36.155 [info] > git check-ignore -v -z --stdin [2ms]
2026-09-12 16:37:36.861 [info] > git check-ignore -v -z --stdin [2ms]
2026-09-12 16:37:37.154 [info] > git check-ignore -v -z --stdin [1ms]
2026-09-12 16:37:37.653 [info] > git check-ignore -v -z --stdin [2ms]
2026-09-12 16:37:38.015 [info] > git check-ignore -v -z --stdin [3ms]
2026-09-12 16:37:38.477 [info] > git check-ignore -v -z --stdin [2ms]
2026-09-12 16:37:38.820 [info] > git check-ignore -v -z --stdin [1ms]
2026-09-12 16:37:39.127 [info] > git check-ignore -v -z --stdin [2ms]
2026-09-12 16:37:39.767 [info] > git check-ignore -v -z --stdin [2ms]
2026-09-12 16:37:40.069 [info] > git check-ignore -v -z --stdin [5ms]
2026-09-12 16:37:42.662 [info] > git config --get commit.template [8ms]
2026-09-12 16:37:42.664 [info] > git for-each-ref --format=%(refname)%00%(upstream:short)%00%(objectname)%00%(upstream:track)%00%(upstream:remotename)%00%(upstream:remoteref) refs/heads/main refs/remotes/main [3ms]
2026-09-12 16:37:42.682 [info] > git for-each-ref --sort -committerdate --format %(refname)%00%(objectname)%00%(*objectname) [2ms]
2026-09-12 16:37:42.686 [info] > git status -z -uall [14ms]
2026-09-12 16:37:43.002 [info] > git check-ignore -v -z --stdin [2ms]
2026-09-12 16:37:43.436 [info] > git check-ignore -v -z --stdin [2ms]
2026-09-12 16:37:44.155 [info] > git check-ignore -v -z --stdin [2ms]
2026-09-12 16:37:46.945 [info] > git check-ignore -v -z --stdin [3ms]
2026-09-12 16:37:47.705 [info] > git config --get commit.template [6ms]
2026-09-12 16:37:47.705 [info] > git for-each-ref --format=%(refname)%00%(upstream:short)%00%(objectname)%00%(upstream:track)%00%(upstream:remotename)%00%(upstream:remoteref) refs/heads/main refs/remotes/main [1ms]
2026-09-12 16:37:47.717 [info] > git for-each-ref --sort -committerdate --format %(refname)%00%(objectname)%00%(*objectname) [2ms]
2026-09-12 16:37:47.719 [info] > git status -z -uall [9ms]
2026-09-12 16:37:48.106 [info] > git check-ignore -v -z --stdin [8ms]
2026-09-12 16:37:48.416 [info] > git check-ignore -v -z --stdin [1ms]
2026-09-12 16:37:50.533 [info] > git check-ignore -v -z --stdin [3ms]
2026-09-12 16:37:51.803 [info] > git check-ignore -v -z --stdin [2ms]
2026-09-12 16:37:52.303 [info] > git check-ignore -v -z --stdin [2ms]
2026-09-12 16:37:52.669 [info] > git check-ignore -v -z --stdin [1ms]
2026-09-12 16:37:52.736 [info] > git config --get commit.template [1ms]
2026-09-12 16:37:52.752 [info] > git for-each-ref --format=%(refname)%00%(upstream:short)%00%(objectname)%00%(upstream:track)%00%(upstream:remotename)%00%(upstream:remoteref) refs/heads/main refs/remotes/main [3ms]
2026-09-12 16:37:52.773 [info] > git for-each-ref --sort -committerdate --format %(refname)%00%(objectname)%00%(*objectname) [1ms]
2026-09-12 16:37:52.777 [info] > git status -z -uall [12ms]
2026-09-12 16:37:52.857 [info] > git check-ignore -v -z --stdin [2ms]
2026-09-12 16:37:53.180 [info] > git check-ignore -v -z --stdin [2ms]
2026-09-12 16:37:53.786 [info] > git check-ignore -v -z --stdin [2ms]
2026-09-12 16:37:54.037 [info] > git check-ignore -v -z --stdin [2ms]
2026-09-12 16:37:54.500 [info] > git check-ignore -v -z --stdin [1ms]
2026-09-12 16:37:54.856 [info] > git check-ignore -v -z --stdin [2ms]
2026-09-12 16:37:55.113 [info] > git check-ignore -v -z --stdin [1ms]
2026-09-12 16:37:55.555 [info] > git check-ignore -v -z --stdin [2ms]
2026-09-12 16:37:56.751 [info] > git check-ignore -v -z --stdin [2ms]
2026-09-12 16:37:57.018 [info] > git check-ignore -v -z --stdin [1ms]
2026-09-12 16:37:57.796 [info] > git config --get commit.template [8ms]
2026-09-12 16:37:57.798 [info] > git for-each-ref --format=%(refname)%00%(upstream:short)%00%(objectname)%00%(upstream:track)%00%(upstream:remotename)%00%(upstream:remoteref) refs/heads/main refs/remotes/main [2ms]
2026-09-12 16:37:57.826 [info] > git status -z -uall [22ms]
2026-09-12 16:37:57.829 [info] > git for-each-ref --sort -committerdate --format %(refname)%00%(objectname)%00%(*objectname) [6ms]
2026-09-12 16:37:58.155 [info] > git check-ignore -v -z --stdin [3ms]
2026-09-12 16:38:02.845 [info] > git config --get commit.template [1ms]
2026-09-12 16:38:02.854 [info] > git for-each-ref --format=%(refname)%00%(upstream:short)%00%(objectname)%00%(upstream:track)%00%(upstream:remotename)%00%(upstream:remoteref) refs/heads/main refs/remotes/main [3ms]
2026-09-12 16:38:02.868 [info] > git for-each-ref --sort -committerdate --format %(refname)%00%(objectname)%00%(*objectname) [2ms]
2026-09-12 16:38:02.871 [info] > git status -z -uall [11ms]
2026-09-12 16:38:03.190 [info] > git check-ignore -v -z --stdin [1ms]
2026-09-12 16:41:53.884 [info] > git check-ignore -v -z --stdin [8ms]
2026-09-12 16:41:53.936 [info] > git show --textconv :Python/django/SOA/OrientationApp/templates/Orientation.html [22ms]
2026-09-12 16:41:53.960 [info] > git ls-files --stage -- Python/django/SOA/OrientationApp/templates/Orientation.html [25ms]
2026-09-12 16:41:53.976 [info] > git cat-file -s 13af512edcfe005a9cf1a537e2d521be3548f5fe [3ms]
2026-09-12 16:41:57.972 [info] > git check-ignore -v -z --stdin [1ms]
2026-09-12 16:41:59.863 [info] > git config --get commit.template [7ms]
2026-09-12 16:41:59.865 [info] > git for-each-ref --format=%(refname)%00%(upstream:short)%00%(objectname)%00%(upstream:track)%00%(upstream:remotename)%00%(upstream:remoteref) refs/heads/main refs/remotes/main [3ms]
2026-09-12 16:41:59.878 [info] > git for-each-ref --sort -committerdate --format %(refname)%00%(objectname)%00%(*objectname) [1ms]
2026-09-12 16:41:59.881 [info] > git status -z -uall [9ms]
2026-09-12 16:42:00.198 [info] > git check-ignore -v -z --stdin [2ms]
2026-09-12 16:42:01.817 [info] > git check-ignore -v -z --stdin [2ms]
2026-09-12 16:42:03.015 [info] > git check-ignore -v -z --stdin [2ms]
2026-09-12 16:42:03.301 [info] > git check-ignore -v -z --stdin [1ms]
2026-09-12 16:42:03.804 [info] > git check-ignore -v -z --stdin [2ms]
2026-09-12 16:42:04.062 [info] > git check-ignore -v -z --stdin [2ms]
2026-09-12 16:42:04.896 [info] > git config --get commit.template [1ms]
2026-09-12 16:42:04.902 [info] > git for-each-ref --format=%(refname)%00%(upstream:short)%00%(objectname)%00%(upstream:track)%00%(upstream:remotename)%00%(upstream:remoteref) refs/heads/main refs/remotes/main [2ms]
2026-09-12 16:42:04.914 [info] > git for-each-ref --sort -committerdate --format %(refname)%00%(objectname)%00%(*objectname) [1ms]
2026-09-12 16:42:04.918 [info] > git status -z -uall [10ms]
2026-09-12 16:42:05.236 [info] > git check-ignore -v -z --stdin [1ms]
2026-09-12 16:42:09.956 [info] > git config --get commit.template [13ms]
2026-09-12 16:42:09.958 [info] > git for-each-ref --format=%(refname)%00%(upstream:short)%00%(objectname)%00%(upstream:track)%00%(upstream:remotename)%00%(upstream:remoteref) refs/heads/main refs/remotes/main [3ms]
2026-09-12 16:42:09.989 [info] > git for-each-ref --sort -committerdate --format %(refname)%00%(objectname)%00%(*objectname) [3ms]
2026-09-12 16:42:09.991 [info] > git status -z -uall [19ms]
2026-09-12 16:42:10.312 [info] > git check-ignore -v -z --stdin [1ms]
2026-09-12 16:42:18.536 [info] > git check-ignore -v -z --stdin [3ms]
2026-09-12 16:42:20.426 [info] > git config --get commit.template [19ms]
2026-09-12 16:42:20.440 [info] > git for-each-ref --format=%(refname)%00%(upstream:short)%00%(objectname)%00%(upstream:track)%00%(upstream:remotename)%00%(upstream:remoteref) refs/heads/main refs/remotes/main [15ms]
2026-09-12 16:42:20.468 [info] > git status -z -uall [15ms]
2026-09-12 16:42:20.469 [info] > git for-each-ref --sort -committerdate --format %(refname)%00%(objectname)%00%(*objectname) [4ms]
2026-09-12 16:42:20.792 [info] > git check-ignore -v -z --stdin [2ms]
2026-09-12 16:42:37.225 [info] > git check-ignore -v -z --stdin [1ms]
2026-09-12 16:42:39.127 [info] > git config --get commit.template [5ms]
2026-09-12 16:42:39.128 [info] > git for-each-ref --format=%(refname)%00%(upstream:short)%00%(objectname)%00%(upstream:track)%00%(upstream:remotename)%00%(upstream:remoteref) refs/heads/main refs/remotes/main [2ms]
2026-09-12 16:42:39.139 [info] > git for-each-ref --sort -committerdate --format %(refname)%00%(objectname)%00%(*objectname) [2ms]
2026-09-12 16:42:39.141 [info] > git status -z -uall [9ms]
2026-09-12 16:42:39.460 [info] > git check-ignore -v -z --stdin [2ms]
2026-09-12 16:43:10.794 [info] > git check-ignore -v -z --stdin [1ms]
2026-09-12 16:43:11.022 [info] > git check-ignore -v -z --stdin [1ms]
2026-09-12 16:43:12.924 [info] > git config --get commit.template [6ms]
2026-09-12 16:43:12.924 [info] > git for-each-ref --format=%(refname)%00%(upstream:short)%00%(objectname)%00%(upstream:track)%00%(upstream:remotename)%00%(upstream:remoteref) refs/heads/main refs/remotes/main [1ms]
2026-09-12 16:43:12.946 [info] > git status -z -uall [9ms]
2026-09-12 16:43:12.947 [info] > git for-each-ref --sort -committerdate --format %(refname)%00%(objectname)%00%(*objectname) [1ms]
2026-09-12 16:43:13.261 [info] > git check-ignore -v -z --stdin [2ms]
2026-09-12 16:43:18.070 [info] > git config --get commit.template [48ms]
2026-09-12 16:43:18.077 [info] > git for-each-ref --format=%(refname)%00%(upstream:short)%00%(objectname)%00%(upstream:track)%00%(upstream:remotename)%00%(upstream:remoteref) refs/heads/main refs/remotes/main [11ms]
2026-09-12 16:43:18.149 [info] > git status -z -uall [34ms]
2026-09-12 16:43:18.151 [info] > git for-each-ref --sort -committerdate --format %(refname)%00%(objectname)%00%(*objectname) [3ms]
2026-09-12 16:43:18.499 [info] > git check-ignore -v -z --stdin [3ms]
2026-09-12 16:44:47.899 [info] > git check-ignore -v -z --stdin [4ms]
2026-09-12 16:44:47.952 [info] > git show --textconv :Python/django/SOA/OrientationApp/logic.py [24ms]
2026-09-12 16:44:47.956 [info] > git ls-files --stage -- Python/django/SOA/OrientationApp/logic.py [5ms]
2026-09-12 16:44:47.971 [info] > git cat-file -s f3261da2e9cf2646e3aca90bc184a376caa65bcc [3ms]
2026-09-12 16:44:53.889 [info] > git check-ignore -v -z --stdin [1ms]
2026-09-12 16:44:54.371 [info] > git check-ignore -v -z --stdin [2ms]
2026-09-12 16:44:57.451 [info] > git config --get commit.template [14ms]
2026-09-12 16:44:57.452 [info] > git for-each-ref --format=%(refname)%00%(upstream:short)%00%(objectname)%00%(upstream:track)%00%(upstream:remotename)%00%(upstream:remoteref) refs/heads/main refs/remotes/main [2ms]
2026-09-12 16:44:57.472 [info] > git for-each-ref --sort -committerdate --format %(refname)%00%(objectname)%00%(*objectname) [4ms]
2026-09-12 16:44:57.474 [info] > git status -z -uall [14ms]
2026-09-12 16:44:57.793 [info] > git check-ignore -v -z --stdin [2ms]
2026-09-12 16:47:42.872 [info] > git check-ignore -v -z --stdin [2ms]
2026-09-12 16:47:43.326 [info] > git check-ignore -v -z --stdin [2ms]
2026-09-12 16:47:43.972 [info] > git check-ignore -v -z --stdin [3ms]
2026-09-12 16:47:44.373 [info] > git check-ignore -v -z --stdin [3ms]
2026-09-12 16:47:44.580 [info] > git check-ignore -v -z --stdin [2ms]
2026-09-12 16:47:44.861 [info] > git check-ignore -v -z --stdin [3ms]
2026-09-12 16:47:45.218 [info] > git check-ignore -v -z --stdin [2ms]
2026-09-12 16:47:45.423 [info] > git check-ignore -v -z --stdin [2ms]
2026-09-12 16:47:46.979 [info] > git check-ignore -v -z --stdin [3ms]
2026-09-12 16:47:47.326 [info] > git config --get commit.template [5ms]
2026-09-12 16:47:47.327 [info] > git for-each-ref --format=%(refname)%00%(upstream:short)%00%(objectname)%00%(upstream:track)%00%(upstream:remotename)%00%(upstream:remoteref) refs/heads/main refs/remotes/main [1ms]
2026-09-12 16:47:47.337 [info] > git for-each-ref --sort -committerdate --format %(refname)%00%(objectname)%00%(*objectname) [2ms]
2026-09-12 16:47:47.340 [info] > git status -z -uall [9ms]
2026-09-12 16:47:47.718 [info] > git check-ignore -v -z --stdin [1ms]
2026-09-12 16:47:48.208 [info] > git check-ignore -v -z --stdin [2ms]
2026-09-12 16:47:49.625 [info] > git check-ignore -v -z --stdin [2ms]
2026-09-12 16:47:52.345 [info] > git config --get commit.template [13ms]
2026-09-12 16:47:52.349 [info] > git for-each-ref --format=%(refname)%00%(upstream:short)%00%(objectname)%00%(upstream:track)%00%(upstream:remotename)%00%(upstream:remoteref) refs/heads/main refs/remotes/main [7ms]
2026-09-12 16:47:52.375 [info] > git status -z -uall [14ms]
2026-09-12 16:47:52.376 [info] > git for-each-ref --sort -committerdate --format %(refname)%00%(objectname)%00%(*objectname) [2ms]
2026-09-12 16:47:52.718 [info] > git check-ignore -v -z --stdin [4ms]
2026-09-12 16:47:53.834 [info] > git check-ignore -v -z --stdin [2ms]
2026-09-12 16:47:53.896 [info] > git show --textconv :Python/django/SOA/OrientationApp/views.py [42ms]
2026-09-12 16:47:53.905 [info] > git ls-files --stage -- Python/django/SOA/OrientationApp/views.py [12ms]
2026-09-12 16:47:53.930 [info] > git cat-file -s a409af7d5fe6ef2a9c6148795980612bca67ea42 [4ms]
2026-09-12 16:49:15.239 [info] > git check-ignore -v -z --stdin [2ms]
2026-09-12 16:49:15.583 [info] > git check-ignore -v -z --stdin [2ms]
2026-09-12 16:49:16.627 [info] > git check-ignore -v -z --stdin [1ms]
2026-09-12 16:49:17.478 [info] > git config --get commit.template [12ms]
2026-09-12 16:49:17.479 [info] > git for-each-ref --format=%(refname)%00%(upstream:short)%00%(objectname)%00%(upstream:track)%00%(upstream:remotename)%00%(upstream:remoteref) refs/heads/main refs/remotes/main [5ms]
2026-09-12 16:49:17.501 [info] > git status -z -uall [11ms]
2026-09-12 16:49:17.503 [info] > git for-each-ref --sort -committerdate --format %(refname)%00%(objectname)%00%(*objectname) [2ms]
2026-09-12 16:49:18.130 [info] > git check-ignore -v -z --stdin [4ms]
2026-09-12 16:49:18.564 [info] > git check-ignore -v -z --stdin [1ms]
2026-09-12 16:49:22.533 [info] > git config --get commit.template [7ms]
2026-09-12 16:49:22.534 [info] > git for-each-ref --format=%(refname)%00%(upstream:short)%00%(objectname)%00%(upstream:track)%00%(upstream:remotename)%00%(upstream:remoteref) refs/heads/main refs/remotes/main [2ms]
2026-09-12 16:49:22.548 [info] > git for-each-ref --sort -committerdate --format %(refname)%00%(objectname)%00%(*objectname) [2ms]
2026-09-12 16:49:22.550 [info] > git status -z -uall [9ms]
2026-09-12 16:49:22.953 [info] > git check-ignore -v -z --stdin [4ms]
2026-09-12 16:49:23.160 [info] > git check-ignore -v -z --stdin [2ms]
2026-09-12 16:49:27.425 [info] > git check-ignore -v -z --stdin [2ms]
2026-09-12 16:49:27.574 [info] > git config --get commit.template [3ms]
2026-09-12 16:49:27.595 [info] > git for-each-ref --format=%(refname)%00%(upstream:short)%00%(objectname)%00%(upstream:track)%00%(upstream:remotename)%00%(upstream:remoteref) refs/heads/main refs/remotes/main [6ms]
2026-09-12 16:49:27.628 [info] > git status -z -uall [15ms]
2026-09-12 16:49:27.630 [info] > git for-each-ref --sort -committerdate --format %(refname)%00%(objectname)%00%(*objectname) [5ms]
2026-09-12 16:49:27.954 [info] > git check-ignore -v -z --stdin [3ms]
2026-09-12 16:49:30.338 [info] > git check-ignore -v -z --stdin [1ms]
2026-09-12 16:49:32.677 [info] > git config --get commit.template [10ms]
2026-09-12 16:49:32.678 [info] > git for-each-ref --format=%(refname)%00%(upstream:short)%00%(objectname)%00%(upstream:track)%00%(upstream:remotename)%00%(upstream:remoteref) refs/heads/main refs/remotes/main [2ms]
2026-09-12 16:49:32.694 [info] > git status -z -uall [10ms]
2026-09-12 16:49:32.695 [info] > git for-each-ref --sort -committerdate --format %(refname)%00%(objectname)%00%(*objectname) [4ms]
2026-09-12 16:49:33.047 [info] > git check-ignore -v -z --stdin [4ms]
2026-09-12 16:49:34.253 [info] > git check-ignore -v -z --stdin [2ms]
2026-09-12 16:49:34.542 [info] > git check-ignore -v -z --stdin [3ms]
2026-09-12 16:49:37.041 [info] > git check-ignore -v -z --stdin [1ms]
2026-09-12 16:49:37.716 [info] > git config --get commit.template [7ms]
2026-09-12 16:49:37.717 [info] > git for-each-ref --format=%(refname)%00%(upstream:short)%00%(objectname)%00%(upstream:track)%00%(upstream:remotename)%00%(upstream:remoteref) refs/heads/main refs/remotes/main [2ms]
2026-09-12 16:49:37.734 [info] > git for-each-ref --sort -committerdate --format %(refname)%00%(objectname)%00%(*objectname) [2ms]
2026-09-12 16:49:37.740 [info] > git status -z -uall [14ms]
2026-09-12 16:49:38.061 [info] > git check-ignore -v -z --stdin [1ms]
2026-09-12 16:49:38.848 [info] > git check-ignore -v -z --stdin [6ms]
2026-09-12 16:49:42.758 [info] > git config --get commit.template [6ms]
2026-09-12 16:49:42.759 [info] > git for-each-ref --format=%(refname)%00%(upstream:short)%00%(objectname)%00%(upstream:track)%00%(upstream:remotename)%00%(upstream:remoteref) refs/heads/main refs/remotes/main [2ms]
2026-09-12 16:49:42.772 [info] > git for-each-ref --sort -committerdate --format %(refname)%00%(objectname)%00%(*objectname) [3ms]
2026-09-12 16:49:42.776 [info] > git status -z -uall [12ms]
2026-09-12 16:49:43.090 [info] > git check-ignore -v -z --stdin [1ms]
2026-09-12 16:50:16.513 [info] > git check-ignore -v -z --stdin [2ms]
2026-09-12 16:50:17.894 [info] > git check-ignore -v -z --stdin [2ms]
2026-09-12 16:50:18.413 [info] > git config --get commit.template [9ms]
2026-09-12 16:50:18.413 [info] > git for-each-ref --format=%(refname)%00%(upstream:short)%00%(objectname)%00%(upstream:track)%00%(upstream:remotename)%00%(upstream:remoteref) refs/heads/main refs/remotes/main [2ms]
2026-09-12 16:50:18.451 [info] > git status -z -uall [23ms]
2026-09-12 16:50:18.452 [info] > git for-each-ref --sort -committerdate --format %(refname)%00%(objectname)%00%(*objectname) [1ms]
2026-09-12 16:50:18.908 [info] > git check-ignore -v -z --stdin [2ms]
2026-09-12 16:50:23.466 [info] > git config --get commit.template [1ms]
2026-09-12 16:50:23.474 [info] > git for-each-ref --format=%(refname)%00%(upstream:short)%00%(objectname)%00%(upstream:track)%00%(upstream:remotename)%00%(upstream:remoteref) refs/heads/main refs/remotes/main [2ms]
2026-09-12 16:50:23.501 [info] > git for-each-ref --sort -committerdate --format %(refname)%00%(objectname)%00%(*objectname) [3ms]
2026-09-12 16:50:23.507 [info] > git status -z -uall [22ms]
2026-09-12 16:50:23.829 [info] > git check-ignore -v -z --stdin [1ms]
2026-09-12 16:50:26.270 [info] > git check-ignore -v -z --stdin [1ms]
2026-09-12 16:50:26.853 [info] > git check-ignore -v -z --stdin [2ms]
2026-09-12 16:50:28.226 [info] > git check-ignore -v -z --stdin [1ms]
2026-09-12 16:50:30.148 [info] > git config --get commit.template [9ms]
2026-09-12 16:50:30.150 [info] > git for-each-ref --format=%(refname)%00%(upstream:short)%00%(objectname)%00%(upstream:track)%00%(upstream:remotename)%00%(upstream:remoteref) refs/heads/main refs/remotes/main [3ms]
2026-09-12 16:50:30.164 [info] > git for-each-ref --sort -committerdate --format %(refname)%00%(objectname)%00%(*objectname) [1ms]
2026-09-12 16:50:30.165 [info] > git status -z -uall [9ms]
2026-09-12 16:50:30.487 [info] > git check-ignore -v -z --stdin [4ms]
2026-09-12 16:50:30.999 [info] > git check-ignore -v -z --stdin [11ms]
2026-09-12 16:50:35.193 [info] > git config --get commit.template [2ms]
2026-09-12 16:50:35.202 [info] > git for-each-ref --format=%(refname)%00%(upstream:short)%00%(objectname)%00%(upstream:track)%00%(upstream:remotename)%00%(upstream:remoteref) refs/heads/main refs/remotes/main [1ms]
2026-09-12 16:50:35.220 [info] > git for-each-ref --sort -committerdate --format %(refname)%00%(objectname)%00%(*objectname) [2ms]
2026-09-12 16:50:35.222 [info] > git status -z -uall [11ms]
2026-09-12 16:50:35.542 [info] > git check-ignore -v -z --stdin [2ms]
2026-09-12 16:50:39.338 [info] > git check-ignore -v -z --stdin [2ms]
2026-09-12 16:50:40.667 [info] > git check-ignore -v -z --stdin [1ms]
2026-09-12 16:50:41.261 [info] > git config --get commit.template [16ms]
2026-09-12 16:50:41.263 [info] > git for-each-ref --format=%(refname)%00%(upstream:short)%00%(objectname)%00%(upstream:track)%00%(upstream:remotename)%00%(upstream:remoteref) refs/heads/main refs/remotes/main [2ms]
2026-09-12 16:50:41.290 [info] > git for-each-ref --sort -committerdate --format %(refname)%00%(objectname)%00%(*objectname) [4ms]
2026-09-12 16:50:41.294 [info] > git status -z -uall [17ms]
2026-09-12 16:50:41.607 [info] > git check-ignore -v -z --stdin [1ms]
2026-09-12 16:50:45.615 [info] > git check-ignore -v -z --stdin [3ms]
2026-09-12 16:50:46.311 [info] > git config --get commit.template [6ms]
2026-09-12 16:50:46.313 [info] > git for-each-ref --format=%(refname)%00%(upstream:short)%00%(objectname)%00%(upstream:track)%00%(upstream:remotename)%00%(upstream:remoteref) refs/heads/main refs/remotes/main [2ms]
2026-09-12 16:50:46.325 [info] > git for-each-ref --sort -committerdate --format %(refname)%00%(objectname)%00%(*objectname) [2ms]
2026-09-12 16:50:46.327 [info] > git status -z -uall [9ms]
2026-09-12 16:50:46.896 [info] > git check-ignore -v -z --stdin [9ms]
2026-09-12 16:50:47.656 [info] > git check-ignore -v -z --stdin [2ms]
2026-09-12 16:50:48.900 [info] > git check-ignore -v -z --stdin [17ms]
2026-09-12 16:50:51.354 [info] > git config --get commit.template [11ms]
2026-09-12 16:50:51.354 [info] > git for-each-ref --format=%(refname)%00%(upstream:short)%00%(objectname)%00%(upstream:track)%00%(upstream:remotename)%00%(upstream:remoteref) refs/heads/main refs/remotes/main [3ms]
2026-09-12 16:50:51.368 [info] > git for-each-ref --sort -committerdate --format %(refname)%00%(objectname)%00%(*objectname) [0ms]
2026-09-12 16:50:51.371 [info] > git status -z -uall [10ms]
2026-09-12 16:50:51.690 [info] > git check-ignore -v -z --stdin [1ms]
2026-09-12 16:50:56.390 [info] > git config --get commit.template [7ms]
2026-09-12 16:50:56.390 [info] > git for-each-ref --format=%(refname)%00%(upstream:short)%00%(objectname)%00%(upstream:track)%00%(upstream:remotename)%00%(upstream:remoteref) refs/heads/main refs/remotes/main [2ms]
2026-09-12 16:50:56.403 [info] > git for-each-ref --sort -committerdate --format %(refname)%00%(objectname)%00%(*objectname) [2ms]
2026-09-12 16:50:56.405 [info] > git status -z -uall [10ms]
2026-09-12 16:50:56.724 [info] > git check-ignore -v -z --stdin [1ms]
2026-09-12 16:51:02.111 [info] > git check-ignore -v -z --stdin [1ms]
2026-09-12 16:51:04.006 [info] > git config --get commit.template [6ms]
2026-09-12 16:51:04.007 [info] > git for-each-ref --format=%(refname)%00%(upstream:short)%00%(objectname)%00%(upstream:track)%00%(upstream:remotename)%00%(upstream:remoteref) refs/heads/main refs/remotes/main [1ms]
2026-09-12 16:51:04.032 [info] > git for-each-ref --sort -committerdate --format %(refname)%00%(objectname)%00%(*objectname) [6ms]
2026-09-12 16:51:04.033 [info] > git status -z -uall [18ms]
2026-09-12 16:51:04.350 [info] > git check-ignore -v -z --stdin [1ms]
2026-09-12 16:51:05.258 [info] > git check-ignore -v -z --stdin [3ms]
2026-09-12 16:51:05.625 [info] > git check-ignore -v -z --stdin [1ms]
2026-09-12 16:51:06.124 [info] > git check-ignore -v -z --stdin [2ms]
2026-09-12 16:51:09.067 [info] > git config --get commit.template [13ms]
2026-09-12 16:51:09.068 [info] > git for-each-ref --format=%(refname)%00%(upstream:short)%00%(objectname)%00%(upstream:track)%00%(upstream:remotename)%00%(upstream:remoteref) refs/heads/main refs/remotes/main [2ms]
2026-09-12 16:51:09.095 [info] > git status -z -uall [16ms]
2026-09-12 16:51:09.097 [info] > git for-each-ref --sort -committerdate --format %(refname)%00%(objectname)%00%(*objectname) [2ms]
2026-09-12 16:51:09.419 [info] > git check-ignore -v -z --stdin [2ms]
2026-09-12 16:51:12.596 [info] > git check-ignore -v -z --stdin [2ms]
2026-09-12 16:51:12.894 [info] > git check-ignore -v -z --stdin [2ms]
2026-09-12 16:51:13.229 [info] > git check-ignore -v -z --stdin [1ms]
2026-09-12 16:51:14.120 [info] > git config --get commit.template [1ms]
2026-09-12 16:51:14.136 [info] > git for-each-ref --format=%(refname)%00%(upstream:short)%00%(objectname)%00%(upstream:track)%00%(upstream:remotename)%00%(upstream:remoteref) refs/heads/main refs/remotes/main [5ms]
2026-09-12 16:51:14.164 [info] > git for-each-ref --sort -committerdate --format %(refname)%00%(objectname)%00%(*objectname) [2ms]
2026-09-12 16:51:14.166 [info] > git status -z -uall [17ms]
2026-09-12 16:51:14.484 [info] > git check-ignore -v -z --stdin [2ms]
2026-09-12 16:51:19.211 [info] > git config --get commit.template [2ms]
2026-09-12 16:51:19.226 [info] > git for-each-ref --format=%(refname)%00%(upstream:short)%00%(objectname)%00%(upstream:track)%00%(upstream:remotename)%00%(upstream:remoteref) refs/heads/main refs/remotes/main [3ms]
2026-09-12 16:51:19.262 [info] > git status -z -uall [20ms]
2026-09-12 16:51:19.262 [info] > git for-each-ref --sort -committerdate --format %(refname)%00%(objectname)%00%(*objectname) [12ms]
2026-09-12 16:51:19.603 [info] > git check-ignore -v -z --stdin [3ms]
2026-09-12 16:51:28.286 [info] > git check-ignore -v -z --stdin [2ms]
2026-09-12 16:51:30.189 [info] > git config --get commit.template [9ms]
2026-09-12 16:51:30.192 [info] > git for-each-ref --format=%(refname)%00%(upstream:short)%00%(objectname)%00%(upstream:track)%00%(upstream:remotename)%00%(upstream:remoteref) refs/heads/main refs/remotes/main [3ms]
2026-09-12 16:51:30.209 [info] > git for-each-ref --sort -committerdate --format %(refname)%00%(objectname)%00%(*objectname) [3ms]
2026-09-12 16:51:30.212 [info] > git status -z -uall [13ms]
2026-09-12 16:51:30.539 [info] > git check-ignore -v -z --stdin [3ms]
2026-09-12 16:51:32.668 [info] > git check-ignore -v -z --stdin [14ms]
2026-09-12 16:51:35.230 [info] > git config --get commit.template [2ms]
2026-09-12 16:51:35.245 [info] > git for-each-ref --format=%(refname)%00%(upstream:short)%00%(objectname)%00%(upstream:track)%00%(upstream:remotename)%00%(upstream:remoteref) refs/heads/main refs/remotes/main [3ms]
2026-09-12 16:51:35.259 [info] > git for-each-ref --sort -committerdate --format %(refname)%00%(objectname)%00%(*objectname) [1ms]
2026-09-12 16:51:35.263 [info] > git status -z -uall [11ms]
2026-09-12 16:51:35.578 [info] > git check-ignore -v -z --stdin [3ms]
2026-09-12 16:51:40.279 [info] > git config --get commit.template [5ms]
2026-09-12 16:51:40.280 [info] > git for-each-ref --format=%(refname)%00%(upstream:short)%00%(objectname)%00%(upstream:track)%00%(upstream:remotename)%00%(upstream:remoteref) refs/heads/main refs/remotes/main [1ms]
2026-09-12 16:51:40.291 [info] > git for-each-ref --sort -committerdate --format %(refname)%00%(objectname)%00%(*objectname) [0ms]
2026-09-12 16:51:40.294 [info] > git status -z -uall [9ms]
2026-09-12 16:51:40.608 [info] > git check-ignore -v -z --stdin [1ms]
2026-09-12 16:51:47.435 [info] > git check-ignore -v -z --stdin [2ms]
2026-09-12 16:51:48.035 [info] > git check-ignore -v -z --stdin [1ms]
2026-09-12 16:51:48.735 [info] > git check-ignore -v -z --stdin [2ms]
2026-09-12 16:51:49.004 [info] > git check-ignore -v -z --stdin [1ms]
2026-09-12 16:51:51.648 [info] > git config --get commit.template [6ms]
2026-09-12 16:51:51.650 [info] > git for-each-ref --format=%(refname)%00%(upstream:short)%00%(objectname)%00%(upstream:track)%00%(upstream:remotename)%00%(upstream:remoteref) refs/heads/main refs/remotes/main [2ms]
2026-09-12 16:51:51.662 [info] > git for-each-ref --sort -committerdate --format %(refname)%00%(objectname)%00%(*objectname) [2ms]
2026-09-12 16:51:51.666 [info] > git status -z -uall [11ms]
2026-09-12 16:51:52.013 [info] > git check-ignore -v -z --stdin [3ms]
2026-09-12 16:51:52.333 [info] > git check-ignore -v -z --stdin [5ms]
2026-09-12 16:51:52.598 [info] > git check-ignore -v -z --stdin [2ms]
2026-09-12 16:51:52.807 [info] > git check-ignore -v -z --stdin [1ms]
2026-09-12 16:51:53.500 [info] > git check-ignore -v -z --stdin [2ms]
2026-09-12 16:51:53.735 [info] > git check-ignore -v -z --stdin [2ms]
2026-09-12 16:51:56.687 [info] > git config --get commit.template [9ms]
2026-09-12 16:51:56.688 [info] > git for-each-ref --format=%(refname)%00%(upstream:short)%00%(objectname)%00%(upstream:track)%00%(upstream:remotename)%00%(upstream:remoteref) refs/heads/main refs/remotes/main [2ms]
2026-09-12 16:51:56.700 [info] > git for-each-ref --sort -committerdate --format %(refname)%00%(objectname)%00%(*objectname) [1ms]
2026-09-12 16:51:56.705 [info] > git status -z -uall [12ms]
2026-09-12 16:51:57.058 [info] > git check-ignore -v -z --stdin [2ms]
2026-09-12 16:52:01.721 [info] > git config --get commit.template [3ms]
2026-09-12 16:52:01.735 [info] > git for-each-ref --format=%(refname)%00%(upstream:short)%00%(objectname)%00%(upstream:track)%00%(upstream:remotename)%00%(upstream:remoteref) refs/heads/main refs/remotes/main [4ms]
2026-09-12 16:52:01.760 [info] > git status -z -uall [15ms]
2026-09-12 16:52:01.762 [info] > git for-each-ref --sort -committerdate --format %(refname)%00%(objectname)%00%(*objectname) [4ms]
2026-09-12 16:52:02.090 [info] > git check-ignore -v -z --stdin [1ms]
2026-09-12 16:52:04.972 [info] > git check-ignore -v -z --stdin [1ms]
2026-09-12 16:52:05.222 [info] > git check-ignore -v -z --stdin [2ms]
2026-09-12 16:52:06.048 [info] > git check-ignore -v -z --stdin [2ms]
2026-09-12 16:52:08.649 [info] > git config --get commit.template [7ms]
2026-09-12 16:52:08.649 [info] > git for-each-ref --format=%(refname)%00%(upstream:short)%00%(objectname)%00%(upstream:track)%00%(upstream:remotename)%00%(upstream:remoteref) refs/heads/main refs/remotes/main [1ms]
2026-09-12 16:52:08.661 [info] > git for-each-ref --sort -committerdate --format %(refname)%00%(objectname)%00%(*objectname) [2ms]
2026-09-12 16:52:08.664 [info] > git status -z -uall [9ms]
2026-09-12 16:52:08.978 [info] > git check-ignore -v -z --stdin [1ms]
2026-09-12 16:52:12.558 [info] > git check-ignore -v -z --stdin [1ms]
2026-09-12 16:52:13.177 [info] > git check-ignore -v -z --stdin [2ms]
2026-09-12 16:52:14.087 [info] > git check-ignore -v -z --stdin [2ms]
2026-09-12 16:52:14.679 [info] > git check-ignore -v -z --stdin [7ms]
2026-09-12 16:52:15.290 [info] > git check-ignore -v -z --stdin [2ms]
2026-09-12 16:52:15.679 [info] > git check-ignore -v -z --stdin [3ms]
2026-09-12 16:52:16.080 [info] > git check-ignore -v -z --stdin [3ms]
2026-09-12 16:52:16.544 [info] > git check-ignore -v -z --stdin [2ms]
2026-09-12 16:52:17.684 [info] > git check-ignore -v -z --stdin [1ms]
2026-09-12 16:52:18.283 [info] > git check-ignore -v -z --stdin [7ms]
2026-09-12 16:52:18.534 [info] > git config --get commit.template [3ms]
2026-09-12 16:52:18.558 [info] > git for-each-ref --format=%(refname)%00%(upstream:short)%00%(objectname)%00%(upstream:track)%00%(upstream:remotename)%00%(upstream:remoteref) refs/heads/main refs/remotes/main [2ms]
2026-09-12 16:52:18.577 [info] > git for-each-ref --sort -committerdate --format %(refname)%00%(objectname)%00%(*objectname) [3ms]
2026-09-12 16:52:18.578 [info] > git status -z -uall [8ms]
2026-09-12 16:52:19.189 [info] > git check-ignore -v -z --stdin [1ms]
2026-09-12 16:52:20.131 [info] > git check-ignore -v -z --stdin [8ms]
2026-09-12 16:52:20.906 [info] > git check-ignore -v -z --stdin [30ms]
2026-09-12 16:52:21.570 [info] > git check-ignore -v -z --stdin [2ms]
2026-09-12 16:52:21.945 [info] > git check-ignore -v -z --stdin [2ms]
2026-09-12 16:52:22.915 [info] > git check-ignore -v -z --stdin [4ms]
2026-09-12 16:52:23.271 [info] > git check-ignore -v -z --stdin [2ms]
2026-09-12 16:52:23.586 [info] > git config --get commit.template [9ms]
2026-09-12 16:52:23.594 [info] > git for-each-ref --format=%(refname)%00%(upstream:short)%00%(objectname)%00%(upstream:track)%00%(upstream:remotename)%00%(upstream:remoteref) refs/heads/main refs/remotes/main [8ms]
2026-09-12 16:52:23.613 [info] > git for-each-ref --sort -committerdate --format %(refname)%00%(objectname)%00%(*objectname) [2ms]
2026-09-12 16:52:23.614 [info] > git status -z -uall [10ms]
2026-09-12 16:52:23.932 [info] > git check-ignore -v -z --stdin [2ms]
2026-09-12 16:52:28.634 [info] > git config --get commit.template [7ms]
2026-09-12 16:52:28.635 [info] > git for-each-ref --format=%(refname)%00%(upstream:short)%00%(objectname)%00%(upstream:track)%00%(upstream:remotename)%00%(upstream:remoteref) refs/heads/main refs/remotes/main [1ms]
2026-09-12 16:52:28.647 [info] > git for-each-ref --sort -committerdate --format %(refname)%00%(objectname)%00%(*objectname) [2ms]
2026-09-12 16:52:28.650 [info] > git status -z -uall [9ms]
2026-09-12 16:52:28.965 [info] > git check-ignore -v -z --stdin [2ms]
2026-09-12 16:53:16.473 [info] > git check-ignore -v -z --stdin [1ms]
2026-09-12 16:53:16.803 [info] > git check-ignore -v -z --stdin [2ms]
2026-09-12 16:53:18.709 [info] > git config --get commit.template [5ms]
2026-09-12 16:53:18.710 [info] > git for-each-ref --format=%(refname)%00%(upstream:short)%00%(objectname)%00%(upstream:track)%00%(upstream:remotename)%00%(upstream:remoteref) refs/heads/main refs/remotes/main [1ms]
2026-09-12 16:53:18.721 [info] > git for-each-ref --sort -committerdate --format %(refname)%00%(objectname)%00%(*objectname) [1ms]
2026-09-12 16:53:18.731 [info] > git status -z -uall [16ms]
2026-09-12 16:53:19.046 [info] > git check-ignore -v -z --stdin [1ms]
2026-09-12 16:53:24.166 [info] > git check-ignore -v -z --stdin [2ms]
2026-09-12 16:53:25.066 [info] > git check-ignore -v -z --stdin [2ms]
2026-09-12 16:53:25.862 [info] > git check-ignore -v -z --stdin [1ms]
2026-09-12 16:53:26.464 [info] > git check-ignore -v -z --stdin [1ms]
2026-09-12 16:53:27.198 [info] > git check-ignore -v -z --stdin [2ms]
2026-09-12 16:53:27.452 [info] > git check-ignore -v -z --stdin [1ms]
2026-09-12 16:53:27.672 [info] > git check-ignore -v -z --stdin [2ms]
2026-09-12 16:53:28.377 [info] > git check-ignore -v -z --stdin [11ms]
2026-09-12 16:53:28.802 [info] > git check-ignore -v -z --stdin [4ms]
2026-09-12 16:53:29.122 [info] > git check-ignore -v -z --stdin [2ms]
2026-09-12 16:53:29.451 [info] > git check-ignore -v -z --stdin [2ms]
2026-09-12 16:53:31.419 [info] > git config --get commit.template [1ms]
2026-09-12 16:53:31.428 [info] > git for-each-ref --format=%(refname)%00%(upstream:short)%00%(objectname)%00%(upstream:track)%00%(upstream:remotename)%00%(upstream:remoteref) refs/heads/main refs/remotes/main [3ms]
2026-09-12 16:53:31.447 [info] > git for-each-ref --sort -committerdate --format %(refname)%00%(objectname)%00%(*objectname) [1ms]
2026-09-12 16:53:31.450 [info] > git status -z -uall [11ms]
2026-09-12 16:53:31.810 [info] > git check-ignore -v -z --stdin [2ms]
2026-09-12 16:53:32.398 [info] > git check-ignore -v -z --stdin [2ms]
2026-09-12 16:53:33.204 [info] > git check-ignore -v -z --stdin [27ms]
2026-09-12 16:53:33.844 [info] > git check-ignore -v -z --stdin [4ms]
2026-09-12 16:53:34.059 [info] > git check-ignore -v -z --stdin [1ms]
2026-09-12 16:53:34.919 [info] > git check-ignore -v -z --stdin [1ms]
2026-09-12 16:53:36.553 [info] > git check-ignore -v -z --stdin [2ms]
2026-09-12 16:53:36.813 [info] > git config --get commit.template [5ms]
2026-09-12 16:53:36.814 [info] > git for-each-ref --format=%(refname)%00%(upstream:short)%00%(objectname)%00%(upstream:track)%00%(upstream:remotename)%00%(upstream:remoteref) refs/heads/main refs/remotes/main [2ms]
2026-09-12 16:53:36.826 [info] > git for-each-ref --sort -committerdate --format %(refname)%00%(objectname)%00%(*objectname) [2ms]
2026-09-12 16:53:36.828 [info] > git status -z -uall [9ms]
2026-09-12 16:53:37.145 [info] > git check-ignore -v -z --stdin [2ms]
2026-09-12 16:53:37.856 [info] > git check-ignore -v -z --stdin [2ms]
2026-09-12 16:53:40.224 [info] > git check-ignore -v -z --stdin [2ms]
2026-09-12 16:53:40.896 [info] > git check-ignore -v -z --stdin [1ms]
2026-09-12 16:53:41.846 [info] > git config --get commit.template [1ms]
2026-09-12 16:53:41.886 [info] > git for-each-ref --format=%(refname)%00%(upstream:short)%00%(objectname)%00%(upstream:track)%00%(upstream:remotename)%00%(upstream:remoteref) refs/heads/main refs/remotes/main [6ms]
2026-09-12 16:53:41.931 [info] > git status -z -uall [21ms]
2026-09-12 16:53:41.933 [info] > git for-each-ref --sort -committerdate --format %(refname)%00%(objectname)%00%(*objectname) [3ms]
2026-09-12 16:53:42.067 [info] > git check-ignore -v -z --stdin [1ms]
2026-09-12 16:53:42.270 [info] > git check-ignore -v -z --stdin [1ms]
2026-09-12 16:53:43.590 [info] > git check-ignore -v -z --stdin [2ms]
2026-09-12 16:53:44.185 [info] > git check-ignore -v -z --stdin [2ms]
2026-09-12 16:53:44.604 [info] > git check-ignore -v -z --stdin [1ms]
2026-09-12 16:53:44.964 [info] > git check-ignore -v -z --stdin [2ms]
2026-09-12 16:53:46.032 [info] > git check-ignore -v -z --stdin [2ms]
2026-09-12 16:53:46.671 [info] > git check-ignore -v -z --stdin [4ms]
2026-09-12 16:53:46.880 [info] > git check-ignore -v -z --stdin [2ms]
2026-09-12 16:53:46.948 [info] > git config --get commit.template [6ms]
2026-09-12 16:53:46.949 [info] > git for-each-ref --format=%(refname)%00%(upstream:short)%00%(objectname)%00%(upstream:track)%00%(upstream:remotename)%00%(upstream:remoteref) refs/heads/main refs/remotes/main [2ms]
2026-09-12 16:53:46.973 [info] > git for-each-ref --sort -committerdate --format %(refname)%00%(objectname)%00%(*objectname) [5ms]
2026-09-12 16:53:46.974 [info] > git status -z -uall [15ms]
2026-09-12 16:53:47.293 [info] > git check-ignore -v -z --stdin [2ms]
2026-09-12 16:53:49.841 [info] > git check-ignore -v -z --stdin [1ms]
2026-09-12 16:53:52.000 [info] > git config --get commit.template [6ms]
2026-09-12 16:53:52.001 [info] > git for-each-ref --format=%(refname)%00%(upstream:short)%00%(objectname)%00%(upstream:track)%00%(upstream:remotename)%00%(upstream:remoteref) refs/heads/main refs/remotes/main [2ms]
2026-09-12 16:53:52.015 [info] > git for-each-ref --sort -committerdate --format %(refname)%00%(objectname)%00%(*objectname) [3ms]
2026-09-12 16:53:52.018 [info] > git status -z -uall [11ms]
2026-09-12 16:53:52.063 [info] > git check-ignore -v -z --stdin [2ms]
2026-09-12 16:53:52.331 [info] > git check-ignore -v -z --stdin [2ms]
2026-09-12 16:53:52.768 [info] > git check-ignore -v -z --stdin [2ms]
2026-09-12 16:53:53.007 [info] > git check-ignore -v -z --stdin [2ms]
2026-09-12 16:53:53.966 [info] > git check-ignore -v -z --stdin [2ms]
2026-09-12 16:53:54.601 [info] > git check-ignore -v -z --stdin [1ms]
2026-09-12 16:53:55.364 [info] > git check-ignore -v -z --stdin [1ms]
2026-09-12 16:53:55.581 [info] > git check-ignore -v -z --stdin [2ms]
2026-09-12 16:53:55.795 [info] > git check-ignore -v -z --stdin [1ms]
2026-09-12 16:53:57.333 [info] > git check-ignore -v -z --stdin [2ms]
2026-09-12 16:53:57.692 [info] > git check-ignore -v -z --stdin [11ms]
2026-09-12 16:53:57.693 [info] > git config --get commit.template [2ms]
2026-09-12 16:53:57.700 [info] > git for-each-ref --format=%(refname)%00%(upstream:short)%00%(objectname)%00%(upstream:track)%00%(upstream:remotename)%00%(upstream:remoteref) refs/heads/main refs/remotes/main [2ms]
2026-09-12 16:53:57.713 [info] > git for-each-ref --sort -committerdate --format %(refname)%00%(objectname)%00%(*objectname) [2ms]
2026-09-12 16:53:57.718 [info] > git status -z -uall [13ms]
2026-09-12 16:53:58.226 [info] > git check-ignore -v -z --stdin [2ms]
2026-09-12 16:53:58.598 [info] > git check-ignore -v -z --stdin [1ms]
2026-09-12 16:53:59.217 [info] > git check-ignore -v -z --stdin [1ms]
2026-09-12 16:53:59.581 [info] > git check-ignore -v -z --stdin [2ms]
2026-09-12 16:54:00.208 [info] > git check-ignore -v -z --stdin [2ms]
2026-09-12 16:54:00.540 [info] > git check-ignore -v -z --stdin [1ms]
2026-09-12 16:54:01.314 [info] > git check-ignore -v -z --stdin [2ms]
2026-09-12 16:54:01.855 [info] > git check-ignore -v -z --stdin [1ms]
2026-09-12 16:54:03.771 [info] > git config --get commit.template [9ms]
2026-09-12 16:54:03.773 [info] > git for-each-ref --format=%(refname)%00%(upstream:short)%00%(objectname)%00%(upstream:track)%00%(upstream:remotename)%00%(upstream:remoteref) refs/heads/main refs/remotes/main [3ms]
2026-09-12 16:54:03.786 [info] > git for-each-ref --sort -committerdate --format %(refname)%00%(objectname)%00%(*objectname) [1ms]
2026-09-12 16:54:03.789 [info] > git status -z -uall [11ms]
2026-09-12 16:54:04.111 [info] > git check-ignore -v -z --stdin [1ms]
2026-09-12 16:54:04.607 [info] > git check-ignore -v -z --stdin [1ms]
2026-09-12 16:54:08.804 [info] > git config --get commit.template [6ms]
2026-09-12 16:54:08.805 [info] > git for-each-ref --format=%(refname)%00%(upstream:short)%00%(objectname)%00%(upstream:track)%00%(upstream:remotename)%00%(upstream:remoteref) refs/heads/main refs/remotes/main [1ms]
2026-09-12 16:54:08.823 [info] > git status -z -uall [12ms]
2026-09-12 16:54:08.850 [info] > git for-each-ref --sort -committerdate --format %(refname)%00%(objectname)%00%(*objectname) [30ms]
2026-09-12 16:54:09.172 [info] > git check-ignore -v -z --stdin [2ms]
2026-09-12 16:54:20.606 [info] > git check-ignore -v -z --stdin [2ms]
2026-09-12 16:54:23.104 [info] > git config --get commit.template [9ms]
2026-09-12 16:54:23.104 [info] > git for-each-ref --format=%(refname)%00%(upstream:short)%00%(objectname)%00%(upstream:track)%00%(upstream:remotename)%00%(upstream:remoteref) refs/heads/main refs/remotes/main [2ms]
2026-09-12 16:54:23.116 [info] > git for-each-ref --sort -committerdate --format %(refname)%00%(objectname)%00%(*objectname) [1ms]
2026-09-12 16:54:23.119 [info] > git status -z -uall [9ms]
2026-09-12 16:54:23.439 [info] > git check-ignore -v -z --stdin [3ms]
2026-09-12 16:54:28.152 [info] > git config --get commit.template [1ms]
2026-09-12 16:54:28.160 [info] > git for-each-ref --format=%(refname)%00%(upstream:short)%00%(objectname)%00%(upstream:track)%00%(upstream:remotename)%00%(upstream:remoteref) refs/heads/main refs/remotes/main [2ms]
2026-09-12 16:54:28.185 [info] > git for-each-ref --sort -committerdate --format %(refname)%00%(objectname)%00%(*objectname) [3ms]
2026-09-12 16:54:28.185 [info] > git status -z -uall [12ms]
2026-09-12 16:54:28.505 [info] > git check-ignore -v -z --stdin [2ms]
2026-09-12 16:54:30.658 [info] > git check-ignore -v -z --stdin [1ms]
2026-09-12 16:54:30.938 [info] > git check-ignore -v -z --stdin [2ms]
2026-09-12 16:54:33.206 [info] > git config --get commit.template [6ms]
2026-09-12 16:54:33.207 [info] > git for-each-ref --format=%(refname)%00%(upstream:short)%00%(objectname)%00%(upstream:track)%00%(upstream:remotename)%00%(upstream:remoteref) refs/heads/main refs/remotes/main [2ms]
2026-09-12 16:54:33.218 [info] > git for-each-ref --sort -committerdate --format %(refname)%00%(objectname)%00%(*objectname) [2ms]
2026-09-12 16:54:33.221 [info] > git status -z -uall [10ms]
2026-09-12 16:54:33.538 [info] > git check-ignore -v -z --stdin [1ms]
2026-09-12 16:54:35.184 [info] > git check-ignore -v -z --stdin [1ms]
2026-09-12 16:54:38.291 [info] > git config --get commit.template [3ms]
2026-09-12 16:54:38.302 [info] > git for-each-ref --format=%(refname)%00%(upstream:short)%00%(objectname)%00%(upstream:track)%00%(upstream:remotename)%00%(upstream:remoteref) refs/heads/main refs/remotes/main [1ms]
2026-09-12 16:54:38.317 [info] > git for-each-ref --sort -committerdate --format %(refname)%00%(objectname)%00%(*objectname) [3ms]
2026-09-12 16:54:38.320 [info] > git status -z -uall [12ms]
2026-09-12 16:54:38.684 [info] > git check-ignore -v -z --stdin [5ms]
2026-09-12 16:54:43.339 [info] > git config --get commit.template [2ms]
2026-09-12 16:54:43.348 [info] > git for-each-ref --format=%(refname)%00%(upstream:short)%00%(objectname)%00%(upstream:track)%00%(upstream:remotename)%00%(upstream:remoteref) refs/heads/main refs/remotes/main [3ms]
2026-09-12 16:54:43.362 [info] > git for-each-ref --sort -committerdate --format %(refname)%00%(objectname)%00%(*objectname) [2ms]
2026-09-12 16:54:43.365 [info] > git status -z -uall [10ms]
2026-09-12 16:54:43.680 [info] > git check-ignore -v -z --stdin [2ms]
2026-09-12 16:56:53.466 [info] > git check-ignore -v -z --stdin [2ms]
2026-09-12 16:56:53.837 [info] > git check-ignore -v -z --stdin [4ms]
2026-09-12 16:56:55.738 [info] > git config --get commit.template [14ms]
2026-09-12 16:56:55.749 [info] > git for-each-ref --format=%(refname)%00%(upstream:short)%00%(objectname)%00%(upstream:track)%00%(upstream:remotename)%00%(upstream:remoteref) refs/heads/main refs/remotes/main [14ms]
2026-09-12 16:56:55.787 [info] > git status -z -uall [20ms]
2026-09-12 16:56:55.792 [info] > git for-each-ref --sort -committerdate --format %(refname)%00%(objectname)%00%(*objectname) [8ms]
2026-09-12 16:56:56.164 [info] > git check-ignore -v -z --stdin [2ms]
2026-09-12 16:57:10.895 [info] > git check-ignore -v -z --stdin [2ms]
2026-09-12 16:57:11.680 [info] > git check-ignore -v -z --stdin [2ms]
2026-09-12 16:57:12.836 [info] > git check-ignore -v -z --stdin [1ms]
2026-09-12 16:57:13.050 [info] > git check-ignore -v -z --stdin [1ms]
2026-09-12 16:57:13.574 [info] > git config --get commit.template [8ms]
2026-09-12 16:57:13.575 [info] > git for-each-ref --format=%(refname)%00%(upstream:short)%00%(objectname)%00%(upstream:track)%00%(upstream:remotename)%00%(upstream:remoteref) refs/heads/main refs/remotes/main [2ms]
2026-09-12 16:57:13.593 [info] > git status -z -uall [10ms]
2026-09-12 16:57:13.595 [info] > git for-each-ref --sort -committerdate --format %(refname)%00%(objectname)%00%(*objectname) [6ms]
2026-09-12 16:57:13.911 [info] > git check-ignore -v -z --stdin [2ms]
2026-09-12 16:57:15.084 [info] > git check-ignore -v -z --stdin [2ms]
2026-09-12 16:57:18.633 [info] > git config --get commit.template [13ms]
2026-09-12 16:57:18.635 [info] > git for-each-ref --format=%(refname)%00%(upstream:short)%00%(objectname)%00%(upstream:track)%00%(upstream:remotename)%00%(upstream:remoteref) refs/heads/main refs/remotes/main [2ms]
2026-09-12 16:57:18.664 [info] > git for-each-ref --sort -committerdate --format %(refname)%00%(objectname)%00%(*objectname) [4ms]
2026-09-12 16:57:18.668 [info] > git status -z -uall [19ms]
2026-09-12 16:57:18.986 [info] > git check-ignore -v -z --stdin [2ms]
2026-09-12 16:57:42.799 [info] > git check-ignore -v -z --stdin [2ms]
2026-09-12 16:57:43.324 [info] > git check-ignore -v -z --stdin [2ms]
2026-09-12 16:57:43.719 [info] > git check-ignore -v -z --stdin [2ms]
2026-09-12 16:57:45.670 [info] > git config --get commit.template [16ms]
2026-09-12 16:57:45.672 [info] > git for-each-ref --format=%(refname)%00%(upstream:short)%00%(objectname)%00%(upstream:track)%00%(upstream:remotename)%00%(upstream:remoteref) refs/heads/main refs/remotes/main [2ms]
2026-09-12 16:57:45.690 [info] > git for-each-ref --sort -committerdate --format %(refname)%00%(objectname)%00%(*objectname) [2ms]
2026-09-12 16:57:45.692 [info] > git status -z -uall [10ms]
2026-09-12 16:57:45.729 [info] > git check-ignore -v -z --stdin [1ms]
2026-09-12 16:57:46.038 [info] > git check-ignore -v -z --stdin [11ms]
2026-09-12 16:57:48.724 [info] > git check-ignore -v -z --stdin [1ms]
2026-09-12 16:57:49.131 [info] > git check-ignore -v -z --stdin [2ms]
2026-09-12 16:57:50.713 [info] > git config --get commit.template [1ms]
2026-09-12 16:57:50.721 [info] > git for-each-ref --format=%(refname)%00%(upstream:short)%00%(objectname)%00%(upstream:track)%00%(upstream:remotename)%00%(upstream:remoteref) refs/heads/main refs/remotes/main [2ms]
2026-09-12 16:57:50.740 [info] > git status -z -uall [11ms]
2026-09-12 16:57:50.744 [info] > git for-each-ref --sort -committerdate --format %(refname)%00%(objectname)%00%(*objectname) [6ms]
2026-09-12 16:57:51.110 [info] > git check-ignore -v -z --stdin [5ms]
2026-09-12 16:57:55.763 [info] > git config --get commit.template [8ms]
2026-09-12 16:57:55.765 [info] > git for-each-ref --format=%(refname)%00%(upstream:short)%00%(objectname)%00%(upstream:track)%00%(upstream:remotename)%00%(upstream:remoteref) refs/heads/main refs/remotes/main [3ms]
2026-09-12 16:57:55.776 [info] > git for-each-ref --sort -committerdate --format %(refname)%00%(objectname)%00%(*objectname) [1ms]
2026-09-12 16:57:55.779 [info] > git status -z -uall [9ms]
2026-09-12 16:57:56.095 [info] > git check-ignore -v -z --stdin [1ms]
2026-09-12 16:57:59.749 [info] > git check-ignore -v -z --stdin [2ms]
2026-09-12 16:58:00.245 [info] > git check-ignore -v -z --stdin [1ms]
2026-09-12 16:58:02.138 [info] > git config --get commit.template [4ms]
2026-09-12 16:58:02.157 [info] > git for-each-ref --format=%(refname)%00%(upstream:short)%00%(objectname)%00%(upstream:track)%00%(upstream:remotename)%00%(upstream:remoteref) refs/heads/main refs/remotes/main [5ms]
2026-09-12 16:58:02.179 [info] > git for-each-ref --sort -committerdate --format %(refname)%00%(objectname)%00%(*objectname) [4ms]
2026-09-12 16:58:02.180 [info] > git status -z -uall [15ms]
2026-09-12 16:58:02.525 [info] > git check-ignore -v -z --stdin [1ms]
2026-09-12 16:58:07.199 [info] > git config --get commit.template [8ms]
2026-09-12 16:58:07.200 [info] > git for-each-ref --format=%(refname)%00%(upstream:short)%00%(objectname)%00%(upstream:track)%00%(upstream:remotename)%00%(upstream:remoteref) refs/heads/main refs/remotes/main [1ms]
2026-09-12 16:58:07.214 [info] > git for-each-ref --sort -committerdate --format %(refname)%00%(objectname)%00%(*objectname) [2ms]
2026-09-12 16:58:07.217 [info] > git status -z -uall [11ms]
2026-09-12 16:58:07.533 [info] > git check-ignore -v -z --stdin [2ms]
2026-09-12 16:58:56.166 [info] > git check-ignore -v -z --stdin [2ms]
2026-09-12 16:58:58.115 [info] > git config --get commit.template [6ms]
2026-09-12 16:58:58.117 [info] > git for-each-ref --format=%(refname)%00%(upstream:short)%00%(objectname)%00%(upstream:track)%00%(upstream:remotename)%00%(upstream:remoteref) refs/heads/main refs/remotes/main [2ms]
2026-09-12 16:58:58.133 [info] > git for-each-ref --sort -committerdate --format %(refname)%00%(objectname)%00%(*objectname) [2ms]
2026-09-12 16:58:58.135 [info] > git status -z -uall [11ms]
2026-09-12 16:58:58.161 [info] > git check-ignore -v -z --stdin [2ms]
2026-09-12 16:58:59.105 [info] > git check-ignore -v -z --stdin [2ms]
2026-09-12 16:58:59.341 [info] > git check-ignore -v -z --stdin [1ms]
2026-09-12 16:59:03.169 [info] > git config --get commit.template [14ms]
2026-09-12 16:59:03.170 [info] > git for-each-ref --format=%(refname)%00%(upstream:short)%00%(objectname)%00%(upstream:track)%00%(upstream:remotename)%00%(upstream:remoteref) refs/heads/main refs/remotes/main [1ms]
2026-09-12 16:59:03.183 [info] > git for-each-ref --sort -committerdate --format %(refname)%00%(objectname)%00%(*objectname) [2ms]
2026-09-12 16:59:03.186 [info] > git status -z -uall [10ms]
2026-09-12 16:59:03.580 [info] > git check-ignore -v -z --stdin [8ms]
2026-09-12 16:59:08.192 [info] > git config --get commit.template [7ms]
2026-09-12 16:59:08.194 [info] > git for-each-ref --format=%(refname)%00%(upstream:short)%00%(objectname)%00%(upstream:track)%00%(upstream:remotename)%00%(upstream:remoteref) refs/heads/main refs/remotes/main [3ms]
2026-09-12 16:59:08.215 [info] > git for-each-ref --sort -committerdate --format %(refname)%00%(objectname)%00%(*objectname) [2ms]
2026-09-12 16:59:08.216 [info] > git status -z -uall [13ms]
2026-09-12 16:59:08.539 [info] > git check-ignore -v -z --stdin [1ms]
2026-09-12 16:59:13.230 [info] > git config --get commit.template [6ms]
2026-09-12 16:59:13.231 [info] > git for-each-ref --format=%(refname)%00%(upstream:short)%00%(objectname)%00%(upstream:track)%00%(upstream:remotename)%00%(upstream:remoteref) refs/heads/main refs/remotes/main [1ms]
2026-09-12 16:59:13.244 [info] > git for-each-ref --sort -committerdate --format %(refname)%00%(objectname)%00%(*objectname) [2ms]
2026-09-12 16:59:13.250 [info] > git status -z -uall [13ms]
2026-09-12 16:59:13.577 [info] > git check-ignore -v -z --stdin [2ms]
2026-09-12 16:59:55.240 [info] > git config --get commit.template [7ms]
2026-09-12 16:59:55.242 [info] > git for-each-ref --format=%(refname)%00%(upstream:short)%00%(objectname)%00%(upstream:track)%00%(upstream:remotename)%00%(upstream:remoteref) refs/heads/main refs/remotes/main [2ms]
2026-09-12 16:59:55.258 [info] > git for-each-ref --sort -committerdate --format %(refname)%00%(objectname)%00%(*objectname) [2ms]
2026-09-12 16:59:55.261 [info] > git status -z -uall [12ms]
2026-09-12 16:59:55.581 [info] > git check-ignore -v -z --stdin [3ms]
2026-09-12 17:00:20.724 [info] > git config --get commit.template [6ms]
2026-09-12 17:00:20.751 [info] > git for-each-ref --format=%(refname)%00%(upstream:short)%00%(objectname)%00%(upstream:track)%00%(upstream:remotename)%00%(upstream:remoteref) refs/heads/main refs/remotes/main [8ms]
2026-09-12 17:00:20.829 [info] > git status -z -uall [40ms]
2026-09-12 17:00:20.839 [info] > git for-each-ref --sort -committerdate --format %(refname)%00%(objectname)%00%(*objectname) [13ms]
2026-09-12 17:00:21.205 [info] > git check-ignore -v -z --stdin [5ms]
2026-09-12 17:01:06.561 [info] > git config --get commit.template [2ms]
2026-09-12 17:01:06.568 [info] > git for-each-ref --format=%(refname)%00%(upstream:short)%00%(objectname)%00%(upstream:track)%00%(upstream:remotename)%00%(upstream:remoteref) refs/heads/main refs/remotes/main [2ms]
2026-09-12 17:01:06.583 [info] > git for-each-ref --sort -committerdate --format %(refname)%00%(objectname)%00%(*objectname) [2ms]
2026-09-12 17:01:06.586 [info] > git status -z -uall [12ms]
2026-09-12 17:01:06.903 [info] > git check-ignore -v -z --stdin [2ms]
2026-09-12 17:02:01.428 [info] > git check-ignore -v -z --stdin [11ms]
2026-09-12 17:02:01.456 [info] > git show --textconv :Python/django/SOA/OrientationApp/logic.py [14ms]
2026-09-12 17:02:01.463 [info] > git ls-files --stage -- Python/django/SOA/OrientationApp/logic.py [7ms]
2026-09-12 17:02:01.498 [info] > git cat-file -s f3261da2e9cf2646e3aca90bc184a376caa65bcc [5ms]
2026-09-12 17:02:15.787 [info] > git check-ignore -v -z --stdin [2ms]
2026-09-12 17:02:16.279 [info] > git check-ignore -v -z --stdin [3ms]
2026-09-12 17:02:16.571 [info] > git check-ignore -v -z --stdin [3ms]
2026-09-12 17:02:16.778 [info] > git check-ignore -v -z --stdin [1ms]
2026-09-12 17:02:17.253 [info] > git check-ignore -v -z --stdin [2ms]
2026-09-12 17:02:18.208 [info] > git check-ignore -v -z --stdin [3ms]
2026-09-12 17:02:18.476 [info] > git check-ignore -v -z --stdin [2ms]
2026-09-12 17:02:18.820 [info] > git check-ignore -v -z --stdin [2ms]
2026-09-12 17:02:19.140 [info] > git check-ignore -v -z --stdin [2ms]
2026-09-12 17:02:19.529 [info] > git check-ignore -v -z --stdin [2ms]
2026-09-12 17:02:20.551 [info] > git check-ignore -v -z --stdin [2ms]
2026-09-12 17:02:21.203 [info] > git check-ignore -v -z --stdin [2ms]
2026-09-12 17:02:21.498 [info] > git check-ignore -v -z --stdin [2ms]
2026-09-12 17:02:21.880 [info] > git check-ignore -v -z --stdin [2ms]
2026-09-12 17:02:22.464 [info] > git check-ignore -v -z --stdin [2ms]
2026-09-12 17:02:23.179 [info] > git check-ignore -v -z --stdin [2ms]
2026-09-12 17:02:25.113 [info] > git config --get commit.template [2ms]
2026-09-12 17:02:25.146 [info] > git for-each-ref --format=%(refname)%00%(upstream:short)%00%(objectname)%00%(upstream:track)%00%(upstream:remotename)%00%(upstream:remoteref) refs/heads/main refs/remotes/main [6ms]
2026-09-12 17:02:25.184 [info] > git for-each-ref --sort -committerdate --format %(refname)%00%(objectname)%00%(*objectname) [5ms]
2026-09-12 17:02:25.237 [info] > git status -z -uall [63ms]
2026-09-12 17:02:25.590 [info] > git check-ignore -v -z --stdin [3ms]
2026-09-12 17:02:29.592 [info] > git check-ignore -v -z --stdin [4ms]
2026-09-12 17:02:32.218 [info] > git config --get commit.template [6ms]
2026-09-12 17:02:32.219 [info] > git for-each-ref --format=%(refname)%00%(upstream:short)%00%(objectname)%00%(upstream:track)%00%(upstream:remotename)%00%(upstream:remoteref) refs/heads/main refs/remotes/main [2ms]
2026-09-12 17:02:32.230 [info] > git for-each-ref --sort -committerdate --format %(refname)%00%(objectname)%00%(*objectname) [2ms]
2026-09-12 17:02:32.232 [info] > git status -z -uall [9ms]
2026-09-12 17:02:32.570 [info] > git check-ignore -v -z --stdin [13ms]
2026-09-12 17:02:37.247 [info] > git config --get commit.template [6ms]
2026-09-12 17:02:37.249 [info] > git for-each-ref --format=%(refname)%00%(upstream:short)%00%(objectname)%00%(upstream:track)%00%(upstream:remotename)%00%(upstream:remoteref) refs/heads/main refs/remotes/main [2ms]
2026-09-12 17:02:37.261 [info] > git for-each-ref --sort -committerdate --format %(refname)%00%(objectname)%00%(*objectname) [1ms]
2026-09-12 17:02:37.264 [info] > git status -z -uall [10ms]
2026-09-12 17:02:37.585 [info] > git check-ignore -v -z --stdin [2ms]
2026-09-12 17:02:44.639 [info] > git config --get commit.template [17ms]
2026-09-12 17:02:44.648 [info] > git for-each-ref --format=%(refname)%00%(upstream:short)%00%(objectname)%00%(upstream:track)%00%(upstream:remotename)%00%(upstream:remoteref) refs/heads/main refs/remotes/main [12ms]
2026-09-12 17:02:44.770 [info] > git status -z -uall [71ms]
2026-09-12 17:02:44.771 [info] > git for-each-ref --sort -committerdate --format %(refname)%00%(objectname)%00%(*objectname) [11ms]
2026-09-12 17:02:45.142 [info] > git check-ignore -v -z --stdin [3ms]
2026-09-12 17:02:58.012 [info] > git config --get commit.template [6ms]
2026-09-12 17:02:58.013 [info] > git for-each-ref --format=%(refname)%00%(upstream:short)%00%(objectname)%00%(upstream:track)%00%(upstream:remotename)%00%(upstream:remoteref) refs/heads/main refs/remotes/main [2ms]
2026-09-12 17:02:58.027 [info] > git for-each-ref --sort -committerdate --format %(refname)%00%(objectname)%00%(*objectname) [2ms]
2026-09-12 17:02:58.029 [info] > git status -z -uall [11ms]
2026-09-12 17:02:58.345 [info] > git check-ignore -v -z --stdin [2ms]
2026-09-12 17:03:15.202 [info] > git config --get commit.template [7ms]
2026-09-12 17:03:15.203 [info] > git for-each-ref --format=%(refname)%00%(upstream:short)%00%(objectname)%00%(upstream:track)%00%(upstream:remotename)%00%(upstream:remoteref) refs/heads/main refs/remotes/main [2ms]
2026-09-12 17:03:15.219 [info] > git for-each-ref --sort -committerdate --format %(refname)%00%(objectname)%00%(*objectname) [1ms]
2026-09-12 17:03:15.222 [info] > git status -z -uall [12ms]
2026-09-12 17:03:15.542 [info] > git check-ignore -v -z --stdin [2ms]
2026-09-12 17:03:51.368 [info] > git config --get commit.template [10ms]
2026-09-12 17:03:51.369 [info] > git for-each-ref --format=%(refname)%00%(upstream:short)%00%(objectname)%00%(upstream:track)%00%(upstream:remotename)%00%(upstream:remoteref) refs/heads/main refs/remotes/main [2ms]
2026-09-12 17:03:51.389 [info] > git for-each-ref --sort -committerdate --format %(refname)%00%(objectname)%00%(*objectname) [1ms]
2026-09-12 17:03:51.392 [info] > git status -z -uall [11ms]
2026-09-12 17:03:51.719 [info] > git check-ignore -v -z --stdin [3ms]
2026-09-12 17:04:05.503 [info] > git config --get commit.template [1ms]
2026-09-12 17:04:05.518 [info] > git for-each-ref --format=%(refname)%00%(upstream:short)%00%(objectname)%00%(upstream:track)%00%(upstream:remotename)%00%(upstream:remoteref) refs/heads/main refs/remotes/main [2ms]
2026-09-12 17:04:05.543 [info] > git for-each-ref --sort -committerdate --format %(refname)%00%(objectname)%00%(*objectname) [2ms]
2026-09-12 17:04:05.546 [info] > git status -z -uall [16ms]
2026-09-12 17:04:05.864 [info] > git check-ignore -v -z --stdin [2ms]
2026-09-12 17:04:07.326 [info] > git check-ignore -v -z --stdin [26ms]
2026-09-12 17:04:07.521 [info] > git show --textconv :Python/django/SOA/OrientationApp/templates/Orientation.html [12ms]
2026-09-12 17:04:07.528 [info] > git ls-files --stage -- Python/django/SOA/OrientationApp/templates/Orientation.html [6ms]
2026-09-12 17:04:07.548 [info] > git cat-file -s 13af512edcfe005a9cf1a537e2d521be3548f5fe [2ms]
2026-09-12 17:04:20.798 [info] > git check-ignore -v -z --stdin [1ms]
2026-09-12 17:04:22.637 [info] > git config --get commit.template [61ms]
2026-09-12 17:04:22.643 [info] > git for-each-ref --format=%(refname)%00%(upstream:short)%00%(objectname)%00%(upstream:track)%00%(upstream:remotename)%00%(upstream:remoteref) refs/heads/main refs/remotes/main [9ms]
2026-09-12 17:04:22.767 [info] > git status -z -uall [71ms]
2026-09-12 17:04:22.768 [info] > git for-each-ref --sort -committerdate --format %(refname)%00%(objectname)%00%(*objectname) [9ms]
2026-09-12 17:04:23.105 [info] > git check-ignore -v -z --stdin [3ms]
2026-09-12 17:04:37.666 [info] > git config --get commit.template [7ms]
2026-09-12 17:04:37.667 [info] > git for-each-ref --format=%(refname)%00%(upstream:short)%00%(objectname)%00%(upstream:track)%00%(upstream:remotename)%00%(upstream:remoteref) refs/heads/main refs/remotes/main [2ms]
2026-09-12 17:04:37.680 [info] > git for-each-ref --sort -committerdate --format %(refname)%00%(objectname)%00%(*objectname) [2ms]
2026-09-12 17:04:37.683 [info] > git status -z -uall [11ms]
2026-09-12 17:04:37.995 [info] > git check-ignore -v -z --stdin [1ms]
2026-09-12 17:04:56.387 [info] > git config --get commit.template [17ms]
2026-09-12 17:04:56.392 [info] > git for-each-ref --format=%(refname)%00%(upstream:short)%00%(objectname)%00%(upstream:track)%00%(upstream:remotename)%00%(upstream:remoteref) refs/heads/main refs/remotes/main [8ms]
2026-09-12 17:04:56.484 [info] > git status -z -uall [57ms]
2026-09-12 17:04:56.489 [info] > git for-each-ref --sort -committerdate --format %(refname)%00%(objectname)%00%(*objectname) [7ms]
2026-09-12 17:04:56.860 [info] > git check-ignore -v -z --stdin [11ms]
2026-09-12 17:05:20.893 [info] > git config --get commit.template [7ms]
2026-09-12 17:05:20.895 [info] > git for-each-ref --format=%(refname)%00%(upstream:short)%00%(objectname)%00%(upstream:track)%00%(upstream:remotename)%00%(upstream:remoteref) refs/heads/main refs/remotes/main [2ms]
2026-09-12 17:05:20.910 [info] > git for-each-ref --sort -committerdate --format %(refname)%00%(objectname)%00%(*objectname) [2ms]
2026-09-12 17:05:20.912 [info] > git status -z -uall [11ms]
2026-09-12 17:05:21.228 [info] > git check-ignore -v -z --stdin [2ms]
2026-09-12 17:05:42.906 [info] > git check-ignore -v -z --stdin [5ms]
2026-09-12 17:05:42.939 [info] > git show --textconv :Python/django/SOA/OrientationApp/logic.py [12ms]
2026-09-12 17:05:42.940 [info] > git ls-files --stage -- Python/django/SOA/OrientationApp/logic.py [5ms]
2026-09-12 17:05:42.955 [info] > git cat-file -s f3261da2e9cf2646e3aca90bc184a376caa65bcc [2ms]
2026-09-12 17:06:10.032 [info] > git check-ignore -v -z --stdin [2ms]
2026-09-12 17:06:10.797 [info] > git check-ignore -v -z --stdin [1ms]
2026-09-12 17:06:11.692 [info] > git check-ignore -v -z --stdin [2ms]
2026-09-12 17:06:12.284 [info] > git check-ignore -v -z --stdin [2ms]
2026-09-12 17:06:12.660 [info] > git check-ignore -v -z --stdin [1ms]
2026-09-12 17:06:13.093 [info] > git check-ignore -v -z --stdin [3ms]
2026-09-12 17:06:13.454 [info] > git check-ignore -v -z --stdin [1ms]
2026-09-12 17:06:14.036 [info] > git check-ignore -v -z --stdin [2ms]
2026-09-12 17:06:14.307 [info] > git check-ignore -v -z --stdin [1ms]
2026-09-12 17:06:14.572 [info] > git check-ignore -v -z --stdin [2ms]
2026-09-12 17:06:14.902 [info] > git check-ignore -v -z --stdin [2ms]
2026-09-12 17:06:15.210 [info] > git check-ignore -v -z --stdin [1ms]
2026-09-12 17:06:15.506 [info] > git check-ignore -v -z --stdin [1ms]
2026-09-12 17:06:15.757 [info] > git check-ignore -v -z --stdin [1ms]
2026-09-12 17:06:16.021 [info] > git check-ignore -v -z --stdin [8ms]
2026-09-12 17:06:16.316 [info] > git check-ignore -v -z --stdin [1ms]
2026-09-12 17:06:16.542 [info] > git check-ignore -v -z --stdin [1ms]
2026-09-12 17:06:17.184 [info] > git check-ignore -v -z --stdin [1ms]
2026-09-12 17:06:19.273 [info] > git config --get commit.template [2ms]
2026-09-12 17:06:19.291 [info] > git for-each-ref --format=%(refname)%00%(upstream:short)%00%(objectname)%00%(upstream:track)%00%(upstream:remotename)%00%(upstream:remoteref) refs/heads/main refs/remotes/main [1ms]
2026-09-12 17:06:19.319 [info] > git for-each-ref --sort -committerdate --format %(refname)%00%(objectname)%00%(*objectname) [4ms]
2026-09-12 17:06:19.320 [info] > git status -z -uall [11ms]
2026-09-12 17:06:19.635 [info] > git check-ignore -v -z --stdin [1ms]
2026-09-12 17:06:21.029 [info] > git check-ignore -v -z --stdin [1ms]
2026-09-12 17:06:21.561 [info] > git check-ignore -v -z --stdin [2ms]
2026-09-12 17:06:21.969 [info] > git check-ignore -v -z --stdin [10ms]
2026-09-12 17:06:22.201 [info] > git check-ignore -v -z --stdin [2ms]
2026-09-12 17:06:22.404 [info] > git check-ignore -v -z --stdin [2ms]
2026-09-12 17:06:23.179 [info] > git check-ignore -v -z --stdin [4ms]
2026-09-12 17:06:25.961 [info] > git config --get commit.template [32ms]
2026-09-12 17:06:25.962 [info] > git for-each-ref --format=%(refname)%00%(upstream:short)%00%(objectname)%00%(upstream:track)%00%(upstream:remotename)%00%(upstream:remoteref) refs/heads/main refs/remotes/main [3ms]
2026-09-12 17:06:25.988 [info] > git for-each-ref --sort -committerdate --format %(refname)%00%(objectname)%00%(*objectname) [3ms]
2026-09-12 17:06:26.003 [info] > git status -z -uall [27ms]
2026-09-12 17:06:26.436 [info] > git check-ignore -v -z --stdin [2ms]
2026-09-12 17:06:29.538 [info] > git check-ignore -v -z --stdin [1ms]
2026-09-12 17:06:31.036 [info] > git config --get commit.template [4ms]
2026-09-12 17:06:31.057 [info] > git for-each-ref --format=%(refname)%00%(upstream:short)%00%(objectname)%00%(upstream:track)%00%(upstream:remotename)%00%(upstream:remoteref) refs/heads/main refs/remotes/main [2ms]
2026-09-12 17:06:31.106 [info] > git status -z -uall [34ms]
2026-09-12 17:06:31.113 [info] > git for-each-ref --sort -committerdate --format %(refname)%00%(objectname)%00%(*objectname) [14ms]
2026-09-12 17:06:31.497 [info] > git check-ignore -v -z --stdin [11ms]
2026-09-12 17:06:36.146 [info] > git config --get commit.template [6ms]
2026-09-12 17:06:36.148 [info] > git for-each-ref --format=%(refname)%00%(upstream:short)%00%(objectname)%00%(upstream:track)%00%(upstream:remotename)%00%(upstream:remoteref) refs/heads/main refs/remotes/main [2ms]
2026-09-12 17:06:36.161 [info] > git for-each-ref --sort -committerdate --format %(refname)%00%(objectname)%00%(*objectname) [2ms]
2026-09-12 17:06:36.164 [info] > git status -z -uall [11ms]
2026-09-12 17:06:36.483 [info] > git check-ignore -v -z --stdin [1ms]
2026-09-12 17:06:39.008 [info] > git check-ignore -v -z --stdin [2ms]
2026-09-12 17:06:39.937 [info] > git check-ignore -v -z --stdin [4ms]
2026-09-12 17:06:40.448 [info] > git check-ignore -v -z --stdin [2ms]
2026-09-12 17:06:43.199 [info] > git config --get commit.template [5ms]
2026-09-12 17:06:43.201 [info] > git for-each-ref --format=%(refname)%00%(upstream:short)%00%(objectname)%00%(upstream:track)%00%(upstream:remotename)%00%(upstream:remoteref) refs/heads/main refs/remotes/main [2ms]
2026-09-12 17:06:43.212 [info] > git for-each-ref --sort -committerdate --format %(refname)%00%(objectname)%00%(*objectname) [2ms]
2026-09-12 17:06:43.215 [info] > git status -z -uall [9ms]
2026-09-12 17:06:43.534 [info] > git check-ignore -v -z --stdin [2ms]
2026-09-12 17:06:44.792 [info] > git check-ignore -v -z --stdin [1ms]
2026-09-12 17:06:46.560 [info] > git check-ignore -v -z --stdin [2ms]
2026-09-12 17:06:47.085 [info] > git check-ignore -v -z --stdin [2ms]
2026-09-12 17:06:48.232 [info] > git config --get commit.template [2ms]
2026-09-12 17:06:48.239 [info] > git for-each-ref --format=%(refname)%00%(upstream:short)%00%(objectname)%00%(upstream:track)%00%(upstream:remotename)%00%(upstream:remoteref) refs/heads/main refs/remotes/main [2ms]
2026-09-12 17:06:48.251 [info] > git for-each-ref --sort -committerdate --format %(refname)%00%(objectname)%00%(*objectname) [1ms]
2026-09-12 17:06:48.254 [info] > git status -z -uall [10ms]
2026-09-12 17:06:48.569 [info] > git check-ignore -v -z --stdin [1ms]
2026-09-12 17:06:49.280 [info] > git check-ignore -v -z --stdin [3ms]
2026-09-12 17:06:52.273 [info] > git check-ignore -v -z --stdin [2ms]
2026-09-12 17:06:53.277 [info] > git config --get commit.template [9ms]
2026-09-12 17:06:53.278 [info] > git for-each-ref --format=%(refname)%00%(upstream:short)%00%(objectname)%00%(upstream:track)%00%(upstream:remotename)%00%(upstream:remoteref) refs/heads/main refs/remotes/main [2ms]
2026-09-12 17:06:53.309 [info] > git status -z -uall [15ms]
2026-09-12 17:06:53.311 [info] > git for-each-ref --sort -committerdate --format %(refname)%00%(objectname)%00%(*objectname) [3ms]
2026-09-12 17:06:53.654 [info] > git check-ignore -v -z --stdin [5ms]
2026-09-12 17:06:54.646 [info] > git check-ignore -v -z --stdin [1ms]
2026-09-12 17:06:57.166 [info] > git check-ignore -v -z --stdin [2ms]
2026-09-12 17:06:58.333 [info] > git config --get commit.template [7ms]
2026-09-12 17:06:58.334 [info] > git for-each-ref --format=%(refname)%00%(upstream:short)%00%(objectname)%00%(upstream:track)%00%(upstream:remotename)%00%(upstream:remoteref) refs/heads/main refs/remotes/main [1ms]
2026-09-12 17:06:58.345 [info] > git for-each-ref --sort -committerdate --format %(refname)%00%(objectname)%00%(*objectname) [1ms]
2026-09-12 17:06:58.348 [info] > git status -z -uall [8ms]
2026-09-12 17:06:58.994 [info] > git check-ignore -v -z --stdin [1ms]
2026-09-12 17:07:02.178 [info] > git check-ignore -v -z --stdin [2ms]
2026-09-12 17:07:03.364 [info] > git config --get commit.template [5ms]
2026-09-12 17:07:03.365 [info] > git for-each-ref --format=%(refname)%00%(upstream:short)%00%(objectname)%00%(upstream:track)%00%(upstream:remotename)%00%(upstream:remoteref) refs/heads/main refs/remotes/main [2ms]
2026-09-12 17:07:03.376 [info] > git for-each-ref --sort -committerdate --format %(refname)%00%(objectname)%00%(*objectname) [2ms]
2026-09-12 17:07:03.378 [info] > git status -z -uall [8ms]
2026-09-12 17:07:03.702 [info] > git check-ignore -v -z --stdin [2ms]
2026-09-12 17:07:08.397 [info] > git config --get commit.template [6ms]
2026-09-12 17:07:08.398 [info] > git for-each-ref --format=%(refname)%00%(upstream:short)%00%(objectname)%00%(upstream:track)%00%(upstream:remotename)%00%(upstream:remoteref) refs/heads/main refs/remotes/main [1ms]
2026-09-12 17:07:08.409 [info] > git for-each-ref --sort -committerdate --format %(refname)%00%(objectname)%00%(*objectname) [2ms]
2026-09-12 17:07:08.411 [info] > git status -z -uall [7ms]
2026-09-12 17:07:08.757 [info] > git check-ignore -v -z --stdin [11ms]
2026-09-12 17:07:17.630 [info] > git check-ignore -v -z --stdin [2ms]
2026-09-12 17:07:18.193 [info] > git check-ignore -v -z --stdin [2ms]
2026-09-12 17:07:19.125 [info] > git check-ignore -v -z --stdin [2ms]
2026-09-12 17:07:21.035 [info] > git config --get commit.template [7ms]
2026-09-12 17:07:21.036 [info] > git for-each-ref --format=%(refname)%00%(upstream:short)%00%(objectname)%00%(upstream:track)%00%(upstream:remotename)%00%(upstream:remoteref) refs/heads/main refs/remotes/main [1ms]
2026-09-12 17:07:21.050 [info] > git for-each-ref --sort -committerdate --format %(refname)%00%(objectname)%00%(*objectname) [3ms]
2026-09-12 17:07:21.052 [info] > git status -z -uall [9ms]
2026-09-12 17:07:21.380 [info] > git check-ignore -v -z --stdin [2ms]
2026-09-12 17:07:25.945 [info] > git check-ignore -v -z --stdin [3ms]
2026-09-12 17:07:26.069 [info] > git config --get commit.template [6ms]
2026-09-12 17:07:26.070 [info] > git for-each-ref --format=%(refname)%00%(upstream:short)%00%(objectname)%00%(upstream:track)%00%(upstream:remotename)%00%(upstream:remoteref) refs/heads/main refs/remotes/main [2ms]
2026-09-12 17:07:26.083 [info] > git for-each-ref --sort -committerdate --format %(refname)%00%(objectname)%00%(*objectname) [3ms]
2026-09-12 17:07:26.087 [info] > git status -z -uall [12ms]
2026-09-12 17:07:26.404 [info] > git check-ignore -v -z --stdin [3ms]
2026-09-12 17:07:26.751 [info] > git check-ignore -v -z --stdin [2ms]
2026-09-12 17:07:28.991 [info] > git check-ignore -v -z --stdin [3ms]
2026-09-12 17:07:31.293 [info] > git config --get commit.template [15ms]
2026-09-12 17:07:31.294 [info] > git for-each-ref --format=%(refname)%00%(upstream:short)%00%(objectname)%00%(upstream:track)%00%(upstream:remotename)%00%(upstream:remoteref) refs/heads/main refs/remotes/main [2ms]
2026-09-12 17:07:31.315 [info] > git status -z -uall [10ms]
2026-09-12 17:07:31.316 [info] > git for-each-ref --sort -committerdate --format %(refname)%00%(objectname)%00%(*objectname) [1ms]
2026-09-12 17:07:31.629 [info] > git check-ignore -v -z --stdin [2ms]
2026-09-12 17:07:36.389 [info] > git config --get commit.template [8ms]
2026-09-12 17:07:36.458 [info] > git for-each-ref --format=%(refname)%00%(upstream:short)%00%(objectname)%00%(upstream:track)%00%(upstream:remotename)%00%(upstream:remoteref) refs/heads/main refs/remotes/main [11ms]
2026-09-12 17:07:36.507 [info] > git status -z -uall [13ms]
2026-09-12 17:07:36.508 [info] > git for-each-ref --sort -committerdate --format %(refname)%00%(objectname)%00%(*objectname) [4ms]
2026-09-12 17:07:36.833 [info] > git check-ignore -v -z --stdin [2ms]
2026-09-12 17:07:41.628 [info] > git config --get commit.template [64ms]
2026-09-12 17:07:41.639 [info] > git for-each-ref --format=%(refname)%00%(upstream:short)%00%(objectname)%00%(upstream:track)%00%(upstream:remotename)%00%(upstream:remoteref) refs/heads/main refs/remotes/main [17ms]
2026-09-12 17:07:41.838 [info] > git status -z -uall [117ms]
2026-09-12 17:07:41.858 [info] > git for-each-ref --sort -committerdate --format %(refname)%00%(objectname)%00%(*objectname) [42ms]
2026-09-12 17:07:42.304 [info] > git check-ignore -v -z --stdin [21ms]
2026-09-12 17:08:05.999 [info] > git config --get commit.template [2ms]
2026-09-12 17:08:06.008 [info] > git for-each-ref --format=%(refname)%00%(upstream:short)%00%(objectname)%00%(upstream:track)%00%(upstream:remotename)%00%(upstream:remoteref) refs/heads/main refs/remotes/main [2ms]
2026-09-12 17:08:06.023 [info] > git for-each-ref --sort -committerdate --format %(refname)%00%(objectname)%00%(*objectname) [2ms]
2026-09-12 17:08:06.028 [info] > git status -z -uall [14ms]
2026-09-12 17:08:06.382 [info] > git check-ignore -v -z --stdin [3ms]
2026-09-12 17:08:58.584 [info] > git config --get commit.template [7ms]
2026-09-12 17:08:58.588 [info] > git for-each-ref --format=%(refname)%00%(upstream:short)%00%(objectname)%00%(upstream:track)%00%(upstream:remotename)%00%(upstream:remoteref) refs/heads/main refs/remotes/main [5ms]
2026-09-12 17:08:58.605 [info] > git for-each-ref --sort -committerdate --format %(refname)%00%(objectname)%00%(*objectname) [2ms]
2026-09-12 17:08:58.607 [info] > git status -z -uall [13ms]
2026-09-12 17:08:58.921 [info] > git check-ignore -v -z --stdin [2ms]
2026-09-12 17:09:54.256 [info] > git config --get commit.template [8ms]
2026-09-12 17:09:54.257 [info] > git for-each-ref --format=%(refname)%00%(upstream:short)%00%(objectname)%00%(upstream:track)%00%(upstream:remotename)%00%(upstream:remoteref) refs/heads/main refs/remotes/main [3ms]
2026-09-12 17:09:54.274 [info] > git for-each-ref --sort -committerdate --format %(refname)%00%(objectname)%00%(*objectname) [3ms]
2026-09-12 17:09:54.278 [info] > git status -z -uall [14ms]
2026-09-12 17:09:54.595 [info] > git check-ignore -v -z --stdin [2ms]
2026-09-12 17:10:37.646 [info] > git config --get commit.template [2ms]
2026-09-12 17:10:37.655 [info] > git for-each-ref --format=%(refname)%00%(upstream:short)%00%(objectname)%00%(upstream:track)%00%(upstream:remotename)%00%(upstream:remoteref) refs/heads/main refs/remotes/main [1ms]
2026-09-12 17:10:37.669 [info] > git for-each-ref --sort -committerdate --format %(refname)%00%(objectname)%00%(*objectname) [3ms]
2026-09-12 17:10:37.671 [info] > git status -z -uall [11ms]
2026-09-12 17:10:37.983 [info] > git check-ignore -v -z --stdin [2ms]
2026-09-12 17:11:03.430 [info] > git config --get commit.template [7ms]
2026-09-12 17:11:03.431 [info] > git for-each-ref --format=%(refname)%00%(upstream:short)%00%(objectname)%00%(upstream:track)%00%(upstream:remotename)%00%(upstream:remoteref) refs/heads/main refs/remotes/main [1ms]
2026-09-12 17:11:03.444 [info] > git for-each-ref --sort -committerdate --format %(refname)%00%(objectname)%00%(*objectname) [1ms]
2026-09-12 17:11:03.447 [info] > git status -z -uall [11ms]
2026-09-12 17:11:03.773 [info] > git check-ignore -v -z --stdin [2ms]
2026-09-12 17:12:43.981 [info] > git check-ignore -v -z --stdin [4ms]
2026-09-12 17:12:44.089 [info] > git show --textconv :Python/django/SOA/OrientationApp/views.py [13ms]
2026-09-12 17:12:44.090 [info] > git ls-files --stage -- Python/django/SOA/OrientationApp/views.py [5ms]
2026-09-12 17:12:44.098 [info] > git cat-file -s a409af7d5fe6ef2a9c6148795980612bca67ea42 [2ms]
2026-09-12 17:12:51.461 [info] > git check-ignore -v -z --stdin [10ms]
2026-09-12 17:12:52.085 [info] > git check-ignore -v -z --stdin [1ms]
2026-09-12 17:12:53.992 [info] > git config --get commit.template [2ms]
2026-09-12 17:12:54.005 [info] > git for-each-ref --format=%(refname)%00%(upstream:short)%00%(objectname)%00%(upstream:track)%00%(upstream:remotename)%00%(upstream:remoteref) refs/heads/main refs/remotes/main [2ms]
2026-09-12 17:12:54.039 [info] > git status -z -uall [17ms]
2026-09-12 17:12:54.039 [info] > git for-each-ref --sort -committerdate --format %(refname)%00%(objectname)%00%(*objectname) [2ms]
2026-09-12 17:12:54.354 [info] > git check-ignore -v -z --stdin [2ms]
2026-09-12 17:12:56.956 [info] > git check-ignore -v -z --stdin [2ms]
2026-09-12 17:12:58.263 [info] > git check-ignore -v -z --stdin [2ms]
2026-09-12 17:12:59.056 [info] > git check-ignore -v -z --stdin [13ms]
2026-09-12 17:12:59.064 [info] > git config --get commit.template [9ms]
2026-09-12 17:12:59.065 [info] > git for-each-ref --format=%(refname)%00%(upstream:short)%00%(objectname)%00%(upstream:track)%00%(upstream:remotename)%00%(upstream:remoteref) refs/heads/main refs/remotes/main [2ms]
2026-09-12 17:12:59.090 [info] > git for-each-ref --sort -committerdate --format %(refname)%00%(objectname)%00%(*objectname) [3ms]
2026-09-12 17:12:59.090 [info] > git status -z -uall [12ms]
2026-09-12 17:12:59.411 [info] > git check-ignore -v -z --stdin [1ms]
2026-09-12 17:13:04.103 [info] > git config --get commit.template [2ms]
2026-09-12 17:13:04.112 [info] > git for-each-ref --format=%(refname)%00%(upstream:short)%00%(objectname)%00%(upstream:track)%00%(upstream:remotename)%00%(upstream:remoteref) refs/heads/main refs/remotes/main [3ms]
2026-09-12 17:13:04.125 [info] > git for-each-ref --sort -committerdate --format %(refname)%00%(objectname)%00%(*objectname) [2ms]
2026-09-12 17:13:04.129 [info] > git status -z -uall [11ms]
2026-09-12 17:13:04.464 [info] > git check-ignore -v -z --stdin [6ms]
2026-09-12 17:14:28.833 [info] > git check-ignore -v -z --stdin [3ms]
2026-09-12 17:14:29.541 [info] > git check-ignore -v -z --stdin [2ms]
2026-09-12 17:14:29.990 [info] > git check-ignore -v -z --stdin [2ms]
2026-09-12 17:14:30.179 [info] > git check-ignore -v -z --stdin [2ms]
2026-09-12 17:14:30.451 [info] > git check-ignore -v -z --stdin [1ms]
2026-09-12 17:14:30.995 [info] > git check-ignore -v -z --stdin [2ms]
2026-09-12 17:14:31.589 [info] > git check-ignore -v -z --stdin [2ms]
2026-09-12 17:26:25.832 [info] > git check-ignore -v -z --stdin [6ms]
2026-09-12 17:26:25.974 [info] > git show --textconv :Python/django/SOA/OrientationApp/logic.py [29ms]
2026-09-12 17:26:25.977 [info] > git ls-files --stage -- Python/django/SOA/OrientationApp/logic.py [4ms]
2026-09-12 17:26:25.990 [info] > git cat-file -s f3261da2e9cf2646e3aca90bc184a376caa65bcc [3ms]
2026-09-12 17:26:36.606 [info] > git check-ignore -v -z --stdin [1ms]
2026-09-12 17:26:37.687 [info] > git check-ignore -v -z --stdin [2ms]
2026-09-12 17:26:37.945 [info] > git check-ignore -v -z --stdin [2ms]
2026-09-12 17:26:38.336 [info] > git check-ignore -v -z --stdin [2ms]
2026-09-12 17:26:38.573 [info] > git check-ignore -v -z --stdin [3ms]
2026-09-12 17:26:39.547 [info] > git check-ignore -v -z --stdin [2ms]
2026-09-12 17:27:00.802 [info] > git config --get commit.template [8ms]
2026-09-12 17:27:00.805 [info] > git for-each-ref --format=%(refname)%00%(upstream:short)%00%(objectname)%00%(upstream:track)%00%(upstream:remotename)%00%(upstream:remoteref) refs/heads/main refs/remotes/main [5ms]
2026-09-12 17:27:00.835 [info] > git for-each-ref --sort -committerdate --format %(refname)%00%(objectname)%00%(*objectname) [4ms]
2026-09-12 17:27:00.841 [info] > git status -z -uall [22ms]
2026-09-12 17:27:01.274 [info] > git check-ignore -v -z --stdin [5ms]
2026-09-12 17:27:04.129 [info] > git check-ignore -v -z --stdin [2ms]
2026-09-12 17:27:04.169 [info] > git ls-files --stage -- Python/django/SOA/OrientationApp/views.py [4ms]
2026-09-12 17:27:04.184 [info] > git show --textconv :Python/django/SOA/OrientationApp/views.py [38ms]
2026-09-12 17:27:04.184 [info] > git cat-file -s a409af7d5fe6ef2a9c6148795980612bca67ea42 [1ms]
2026-09-12 17:27:05.865 [info] > git config --get commit.template [3ms]
2026-09-12 17:27:05.876 [info] > git for-each-ref --format=%(refname)%00%(upstream:short)%00%(objectname)%00%(upstream:track)%00%(upstream:remotename)%00%(upstream:remoteref) refs/heads/main refs/remotes/main [2ms]
2026-09-12 17:27:05.901 [info] > git for-each-ref --sort -committerdate --format %(refname)%00%(objectname)%00%(*objectname) [4ms]
2026-09-12 17:27:05.906 [info] > git status -z -uall [16ms]
2026-09-12 17:27:06.233 [info] > git check-ignore -v -z --stdin [5ms]
2026-09-12 17:27:09.728 [info] > git check-ignore -v -z --stdin [12ms]
2026-09-12 17:27:11.630 [info] > git config --get commit.template [9ms]
2026-09-12 17:27:11.631 [info] > git for-each-ref --format=%(refname)%00%(upstream:short)%00%(objectname)%00%(upstream:track)%00%(upstream:remotename)%00%(upstream:remoteref) refs/heads/main refs/remotes/main [1ms]
2026-09-12 17:27:11.660 [info] > git for-each-ref --sort -committerdate --format %(refname)%00%(objectname)%00%(*objectname) [3ms]
2026-09-12 17:27:11.671 [info] > git status -z -uall [25ms]
2026-09-12 17:27:11.986 [info] > git check-ignore -v -z --stdin [1ms]
2026-09-12 17:27:29.862 [info] > git check-ignore -v -z --stdin [2ms]
2026-09-12 17:27:31.748 [info] > git config --get commit.template [6ms]
2026-09-12 17:27:31.749 [info] > git for-each-ref --format=%(refname)%00%(upstream:short)%00%(objectname)%00%(upstream:track)%00%(upstream:remotename)%00%(upstream:remoteref) refs/heads/main refs/remotes/main [1ms]
2026-09-12 17:27:31.761 [info] > git for-each-ref --sort -committerdate --format %(refname)%00%(objectname)%00%(*objectname) [2ms]
2026-09-12 17:27:31.762 [info] > git status -z -uall [8ms]
2026-09-12 17:27:32.078 [info] > git check-ignore -v -z --stdin [2ms]
2026-09-12 17:27:40.977 [info] > git check-ignore -v -z --stdin [13ms]
2026-09-12 17:27:42.891 [info] > git config --get commit.template [17ms]
2026-09-12 17:27:42.892 [info] > git for-each-ref --format=%(refname)%00%(upstream:short)%00%(objectname)%00%(upstream:track)%00%(upstream:remotename)%00%(upstream:remoteref) refs/heads/main refs/remotes/main [1ms]
2026-09-12 17:27:42.953 [info] > git for-each-ref --sort -committerdate --format %(refname)%00%(objectname)%00%(*objectname) [4ms]
2026-09-12 17:27:42.974 [info] > git status -z -uall [33ms]
2026-09-12 17:27:43.394 [info] > git check-ignore -v -z --stdin [6ms]
2026-09-12 17:27:43.980 [info] > git check-ignore -v -z --stdin [9ms]
2026-09-12 17:27:46.532 [info] > git check-ignore -v -z --stdin [7ms]
2026-09-12 17:27:47.990 [info] > git config --get commit.template [6ms]
2026-09-12 17:27:47.992 [info] > git for-each-ref --format=%(refname)%00%(upstream:short)%00%(objectname)%00%(upstream:track)%00%(upstream:remotename)%00%(upstream:remoteref) refs/heads/main refs/remotes/main [2ms]
2026-09-12 17:27:48.003 [info] > git for-each-ref --sort -committerdate --format %(refname)%00%(objectname)%00%(*objectname) [1ms]
2026-09-12 17:27:48.006 [info] > git status -z -uall [9ms]
2026-09-12 17:27:48.323 [info] > git check-ignore -v -z --stdin [2ms]
2026-09-12 17:27:48.794 [info] > git check-ignore -v -z --stdin [2ms]
2026-09-12 17:27:51.369 [info] > git check-ignore -v -z --stdin [5ms]
2026-09-12 17:27:53.053 [info] > git config --get commit.template [21ms]
2026-09-12 17:27:53.054 [info] > git for-each-ref --format=%(refname)%00%(upstream:short)%00%(objectname)%00%(upstream:track)%00%(upstream:remotename)%00%(upstream:remoteref) refs/heads/main refs/remotes/main [10ms]
2026-09-12 17:27:53.095 [info] > git status -z -uall [14ms]
2026-09-12 17:27:53.097 [info] > git for-each-ref --sort -committerdate --format %(refname)%00%(objectname)%00%(*objectname) [7ms]
2026-09-12 17:27:53.622 [info] > git check-ignore -v -z --stdin [8ms]
2026-09-12 17:27:55.479 [info] > git check-ignore -v -z --stdin [3ms]
2026-09-12 17:27:56.921 [info] > git check-ignore -v -z --stdin [2ms]
2026-09-12 17:27:58.114 [info] > git config --get commit.template [6ms]
2026-09-12 17:27:58.115 [info] > git for-each-ref --format=%(refname)%00%(upstream:short)%00%(objectname)%00%(upstream:track)%00%(upstream:remotename)%00%(upstream:remoteref) refs/heads/main refs/remotes/main [1ms]
2026-09-12 17:27:58.127 [info] > git for-each-ref --sort -committerdate --format %(refname)%00%(objectname)%00%(*objectname) [1ms]
2026-09-12 17:27:58.130 [info] > git status -z -uall [10ms]
2026-09-12 17:27:58.495 [info] > git check-ignore -v -z --stdin [3ms]
2026-09-12 17:27:59.320 [info] > git check-ignore -v -z --stdin [1ms]
2026-09-12 17:28:00.863 [info] > git check-ignore -v -z --stdin [1ms]
2026-09-12 17:28:03.143 [info] > git config --get commit.template [1ms]
2026-09-12 17:28:03.153 [info] > git for-each-ref --format=%(refname)%00%(upstream:short)%00%(objectname)%00%(upstream:track)%00%(upstream:remotename)%00%(upstream:remoteref) refs/heads/main refs/remotes/main [2ms]
2026-09-12 17:28:03.166 [info] > git for-each-ref --sort -committerdate --format %(refname)%00%(objectname)%00%(*objectname) [2ms]
2026-09-12 17:28:03.168 [info] > git status -z -uall [9ms]
2026-09-12 17:28:03.488 [info] > git check-ignore -v -z --stdin [2ms]
2026-09-12 17:28:04.461 [info] > git check-ignore -v -z --stdin [2ms]
2026-09-12 17:28:06.428 [info] > git check-ignore -v -z --stdin [1ms]
2026-09-12 17:28:08.197 [info] > git config --get commit.template [2ms]
2026-09-12 17:28:08.207 [info] > git for-each-ref --format=%(refname)%00%(upstream:short)%00%(objectname)%00%(upstream:track)%00%(upstream:remotename)%00%(upstream:remoteref) refs/heads/main refs/remotes/main [2ms]
2026-09-12 17:28:08.222 [info] > git for-each-ref --sort -committerdate --format %(refname)%00%(objectname)%00%(*objectname) [2ms]
2026-09-12 17:28:08.225 [info] > git status -z -uall [11ms]
2026-09-12 17:28:08.290 [info] > git check-ignore -v -z --stdin [2ms]
2026-09-12 17:28:08.545 [info] > git check-ignore -v -z --stdin [2ms]
2026-09-12 17:28:09.477 [info] > git check-ignore -v -z --stdin [5ms]
2026-09-12 17:28:10.279 [info] > git check-ignore -v -z --stdin [4ms]
2026-09-12 17:28:13.244 [info] > git config --get commit.template [6ms]
2026-09-12 17:28:13.245 [info] > git for-each-ref --format=%(refname)%00%(upstream:short)%00%(objectname)%00%(upstream:track)%00%(upstream:remotename)%00%(upstream:remoteref) refs/heads/main refs/remotes/main [2ms]
2026-09-12 17:28:13.262 [info] > git status -z -uall [12ms]
2026-09-12 17:28:13.262 [info] > git for-each-ref --sort -committerdate --format %(refname)%00%(objectname)%00%(*objectname) [6ms]
2026-09-12 17:28:13.576 [info] > git check-ignore -v -z --stdin [2ms]
2026-09-12 17:28:16.700 [info] > git check-ignore -v -z --stdin [6ms]
2026-09-12 17:28:18.625 [info] > git config --get commit.template [36ms]
2026-09-12 17:28:18.625 [info] > git for-each-ref --format=%(refname)%00%(upstream:short)%00%(objectname)%00%(upstream:track)%00%(upstream:remotename)%00%(upstream:remoteref) refs/heads/main refs/remotes/main [9ms]
2026-09-12 17:28:18.646 [info] > git for-each-ref --sort -committerdate --format %(refname)%00%(objectname)%00%(*objectname) [4ms]
2026-09-12 17:28:18.659 [info] > git status -z -uall [25ms]
2026-09-12 17:28:18.976 [info] > git check-ignore -v -z --stdin [2ms]
2026-09-12 17:28:19.514 [info] > git check-ignore -v -z --stdin [2ms]
2026-09-12 17:28:21.279 [info] > git check-ignore -v -z --stdin [2ms]
2026-09-12 17:28:22.890 [info] > git check-ignore -v -z --stdin [2ms]
2026-09-12 17:28:23.681 [info] > git config --get commit.template [3ms]
2026-09-12 17:28:23.697 [info] > git for-each-ref --format=%(refname)%00%(upstream:short)%00%(objectname)%00%(upstream:track)%00%(upstream:remotename)%00%(upstream:remoteref) refs/heads/main refs/remotes/main [2ms]
2026-09-12 17:28:23.730 [info] > git for-each-ref --sort -committerdate --format %(refname)%00%(objectname)%00%(*objectname) [4ms]
2026-09-12 17:28:23.736 [info] > git status -z -uall [21ms]
2026-09-12 17:28:24.055 [info] > git check-ignore -v -z --stdin [2ms]
2026-09-12 17:28:27.511 [info] > git check-ignore -v -z --stdin [1ms]
2026-09-12 17:28:28.757 [info] > git config --get commit.template [2ms]
2026-09-12 17:28:28.771 [info] > git for-each-ref --format=%(refname)%00%(upstream:short)%00%(objectname)%00%(upstream:track)%00%(upstream:remotename)%00%(upstream:remoteref) refs/heads/main refs/remotes/main [8ms]
2026-09-12 17:28:28.794 [info] > git check-ignore -v -z --stdin [3ms]
2026-09-12 17:28:28.814 [info] > git status -z -uall [11ms]
2026-09-12 17:28:28.816 [info] > git for-each-ref --sort -committerdate --format %(refname)%00%(objectname)%00%(*objectname) [3ms]
2026-09-12 17:28:29.155 [info] > git check-ignore -v -z --stdin [3ms]
2026-09-12 17:28:33.831 [info] > git config --get commit.template [6ms]
2026-09-12 17:28:33.831 [info] > git for-each-ref --format=%(refname)%00%(upstream:short)%00%(objectname)%00%(upstream:track)%00%(upstream:remotename)%00%(upstream:remoteref) refs/heads/main refs/remotes/main [1ms]
2026-09-12 17:28:33.844 [info] > git for-each-ref --sort -committerdate --format %(refname)%00%(objectname)%00%(*objectname) [2ms]
2026-09-12 17:28:33.846 [info] > git status -z -uall [9ms]
2026-09-12 17:28:34.167 [info] > git check-ignore -v -z --stdin [2ms]
2026-09-12 17:28:34.904 [info] > git check-ignore -v -z --stdin [2ms]
2026-09-12 17:28:37.304 [info] > git check-ignore -v -z --stdin [13ms]
2026-09-12 17:28:38.640 [info] > git check-ignore -v -z --stdin [6ms]
2026-09-12 17:28:38.993 [info] > git config --get commit.template [18ms]
2026-09-12 17:28:38.993 [info] > git for-each-ref --format=%(refname)%00%(upstream:short)%00%(objectname)%00%(upstream:track)%00%(upstream:remotename)%00%(upstream:remoteref) refs/heads/main refs/remotes/main [1ms]
2026-09-12 17:28:39.012 [info] > git status -z -uall [11ms]
2026-09-12 17:28:39.012 [info] > git for-each-ref --sort -committerdate --format %(refname)%00%(objectname)%00%(*objectname) [3ms]
2026-09-12 17:28:39.789 [info] > git check-ignore -v -z --stdin [4ms]
2026-09-12 17:28:41.295 [info] > git check-ignore -v -z --stdin [3ms]
2026-09-12 17:28:42.220 [info] > git check-ignore -v -z --stdin [7ms]
2026-09-12 17:28:43.947 [info] > git check-ignore -v -z --stdin [1ms]
2026-09-12 17:28:44.062 [info] > git config --get commit.template [5ms]
2026-09-12 17:28:44.106 [info] > git for-each-ref --format=%(refname)%00%(upstream:short)%00%(objectname)%00%(upstream:track)%00%(upstream:remotename)%00%(upstream:remoteref) refs/heads/main refs/remotes/main [3ms]
2026-09-12 17:28:44.123 [info] > git for-each-ref --sort -committerdate --format %(refname)%00%(objectname)%00%(*objectname) [2ms]
2026-09-12 17:28:44.124 [info] > git status -z -uall [10ms]
2026-09-12 17:28:44.445 [info] > git check-ignore -v -z --stdin [2ms]
2026-09-12 17:28:46.804 [info] > git check-ignore -v -z --stdin [3ms]
2026-09-12 17:28:47.182 [info] > git check-ignore -v -z --stdin [7ms]
2026-09-12 17:28:48.479 [info] > git check-ignore -v -z --stdin [1ms]
2026-09-12 17:28:49.049 [info] > git check-ignore -v -z --stdin [3ms]
2026-09-12 17:28:49.151 [info] > git config --get commit.template [8ms]
2026-09-12 17:28:49.152 [info] > git for-each-ref --format=%(refname)%00%(upstream:short)%00%(objectname)%00%(upstream:track)%00%(upstream:remotename)%00%(upstream:remoteref) refs/heads/main refs/remotes/main [1ms]
2026-09-12 17:28:49.170 [info] > git for-each-ref --sort -committerdate --format %(refname)%00%(objectname)%00%(*objectname) [5ms]
2026-09-12 17:28:49.175 [info] > git status -z -uall [17ms]
2026-09-12 17:28:49.498 [info] > git check-ignore -v -z --stdin [5ms]
2026-09-12 17:28:50.528 [info] > git check-ignore -v -z --stdin [2ms]
2026-09-12 17:28:50.845 [info] > git check-ignore -v -z --stdin [2ms]
2026-09-12 17:28:51.092 [info] > git check-ignore -v -z --stdin [1ms]
2026-09-12 17:28:51.943 [info] > git check-ignore -v -z --stdin [2ms]
2026-09-12 17:28:52.279 [info] > git check-ignore -v -z --stdin [2ms]
2026-09-12 17:28:54.192 [info] > git config --get commit.template [2ms]
2026-09-12 17:28:54.199 [info] > git for-each-ref --format=%(refname)%00%(upstream:short)%00%(objectname)%00%(upstream:track)%00%(upstream:remotename)%00%(upstream:remoteref) refs/heads/main refs/remotes/main [2ms]
2026-09-12 17:28:54.212 [info] > git for-each-ref --sort -committerdate --format %(refname)%00%(objectname)%00%(*objectname) [2ms]
2026-09-12 17:28:54.214 [info] > git status -z -uall [10ms]
2026-09-12 17:28:54.249 [info] > git check-ignore -v -z --stdin [2ms]
2026-09-12 17:28:54.658 [info] > git check-ignore -v -z --stdin [2ms]
2026-09-12 17:28:55.368 [info] > git check-ignore -v -z --stdin [2ms]
2026-09-12 17:28:55.738 [info] > git check-ignore -v -z --stdin [1ms]
2026-09-12 17:28:59.034 [info] > git check-ignore -v -z --stdin [1ms]
2026-09-12 17:28:59.240 [info] > git config --get commit.template [7ms]
2026-09-12 17:28:59.243 [info] > git for-each-ref --format=%(refname)%00%(upstream:short)%00%(objectname)%00%(upstream:track)%00%(upstream:remotename)%00%(upstream:remoteref) refs/heads/main refs/remotes/main [4ms]
2026-09-12 17:28:59.283 [info] > git for-each-ref --sort -committerdate --format %(refname)%00%(objectname)%00%(*objectname) [2ms]
2026-09-12 17:28:59.284 [info] > git status -z -uall [18ms]
2026-09-12 17:28:59.321 [info] > git check-ignore -v -z --stdin [2ms]
2026-09-12 17:29:00.375 [info] > git check-ignore -v -z --stdin [2ms]
2026-09-12 17:29:04.298 [info] > git config --get commit.template [1ms]
2026-09-12 17:29:04.306 [info] > git for-each-ref --format=%(refname)%00%(upstream:short)%00%(objectname)%00%(upstream:track)%00%(upstream:remotename)%00%(upstream:remoteref) refs/heads/main refs/remotes/main [3ms]
2026-09-12 17:29:04.321 [info] > git for-each-ref --sort -committerdate --format %(refname)%00%(objectname)%00%(*objectname) [2ms]
2026-09-12 17:29:04.322 [info] > git status -z -uall [9ms]
2026-09-12 17:29:04.637 [info] > git check-ignore -v -z --stdin [2ms]
2026-09-12 17:29:06.007 [info] > git check-ignore -v -z --stdin [3ms]
2026-09-12 17:29:07.673 [info] > git check-ignore -v -z --stdin [6ms]
2026-09-12 17:29:07.886 [info] > git check-ignore -v -z --stdin [3ms]
2026-09-12 17:29:08.260 [info] > git check-ignore -v -z --stdin [12ms]
2026-09-12 17:29:09.565 [info] > git config --get commit.template [18ms]
2026-09-12 17:29:09.573 [info] > git for-each-ref --format=%(refname)%00%(upstream:short)%00%(objectname)%00%(upstream:track)%00%(upstream:remotename)%00%(upstream:remoteref) refs/heads/main refs/remotes/main [12ms]
2026-09-12 17:29:09.649 [info] > git check-ignore -v -z --stdin [20ms]
2026-09-12 17:29:09.652 [info] > git for-each-ref --sort -committerdate --format %(refname)%00%(objectname)%00%(*objectname) [3ms]
2026-09-12 17:29:09.665 [info] > git status -z -uall [25ms]
2026-09-12 17:29:10.404 [info] > git check-ignore -v -z --stdin [2ms]
2026-09-12 17:29:12.171 [info] > git check-ignore -v -z --stdin [3ms]
2026-09-12 17:29:14.643 [info] > git check-ignore -v -z --stdin [2ms]
2026-09-12 17:29:14.763 [info] > git config --get commit.template [2ms]
2026-09-12 17:29:14.776 [info] > git for-each-ref --format=%(refname)%00%(upstream:short)%00%(objectname)%00%(upstream:track)%00%(upstream:remotename)%00%(upstream:remoteref) refs/heads/main refs/remotes/main [2ms]
2026-09-12 17:29:14.796 [info] > git for-each-ref --sort -committerdate --format %(refname)%00%(objectname)%00%(*objectname) [3ms]
2026-09-12 17:29:14.797 [info] > git status -z -uall [11ms]
2026-09-12 17:29:15.112 [info] > git check-ignore -v -z --stdin [2ms]
2026-09-12 17:29:16.263 [info] > git check-ignore -v -z --stdin [2ms]
2026-09-12 17:29:17.945 [info] > git check-ignore -v -z --stdin [5ms]
2026-09-12 17:29:18.936 [info] > git check-ignore -v -z --stdin [4ms]
2026-09-12 17:29:19.825 [info] > git config --get commit.template [10ms]
2026-09-12 17:29:19.836 [info] > git for-each-ref --format=%(refname)%00%(upstream:short)%00%(objectname)%00%(upstream:track)%00%(upstream:remotename)%00%(upstream:remoteref) refs/heads/main refs/remotes/main [2ms]
2026-09-12 17:29:19.882 [info] > git status -z -uall [22ms]
2026-09-12 17:29:19.883 [info] > git for-each-ref --sort -committerdate --format %(refname)%00%(objectname)%00%(*objectname) [5ms]
2026-09-12 17:29:20.021 [info] > git check-ignore -v -z --stdin [2ms]
2026-09-12 17:29:20.221 [info] > git check-ignore -v -z --stdin [1ms]
2026-09-12 17:29:22.534 [info] > git check-ignore -v -z --stdin [2ms]
2026-09-12 17:29:24.539 [info] > git check-ignore -v -z --stdin [3ms]
2026-09-12 17:29:24.911 [info] > git config --get commit.template [10ms]
2026-09-12 17:29:24.912 [info] > git for-each-ref --format=%(refname)%00%(upstream:short)%00%(objectname)%00%(upstream:track)%00%(upstream:remotename)%00%(upstream:remoteref) refs/heads/main refs/remotes/main [2ms]
2026-09-12 17:29:24.940 [info] > git status -z -uall [18ms]
2026-09-12 17:29:24.941 [info] > git for-each-ref --sort -committerdate --format %(refname)%00%(objectname)%00%(*objectname) [2ms]
2026-09-12 17:29:25.258 [info] > git check-ignore -v -z --stdin [2ms]
2026-09-12 17:29:30.064 [info] > git config --get commit.template [5ms]
2026-09-12 17:29:30.075 [info] > git for-each-ref --format=%(refname)%00%(upstream:short)%00%(objectname)%00%(upstream:track)%00%(upstream:remotename)%00%(upstream:remoteref) refs/heads/main refs/remotes/main [2ms]
2026-09-12 17:29:30.088 [info] > git for-each-ref --sort -committerdate --format %(refname)%00%(objectname)%00%(*objectname) [0ms]
2026-09-12 17:29:30.091 [info] > git status -z -uall [10ms]
2026-09-12 17:29:30.730 [info] > git check-ignore -v -z --stdin [2ms]
2026-09-12 17:29:35.092 [info] > git config --get commit.template [5ms]
2026-09-12 17:29:35.112 [info] > git for-each-ref --format=%(refname)%00%(upstream:short)%00%(objectname)%00%(upstream:track)%00%(upstream:remotename)%00%(upstream:remoteref) refs/heads/main refs/remotes/main [3ms]
2026-09-12 17:29:35.159 [info] > git status -z -uall [32ms]
2026-09-12 17:29:35.163 [info] > git for-each-ref --sort -committerdate --format %(refname)%00%(objectname)%00%(*objectname) [7ms]
2026-09-12 17:29:35.486 [info] > git check-ignore -v -z --stdin [3ms]
2026-09-12 17:29:40.191 [info] > git config --get commit.template [9ms]
2026-09-12 17:29:40.192 [info] > git for-each-ref --format=%(refname)%00%(upstream:short)%00%(objectname)%00%(upstream:track)%00%(upstream:remotename)%00%(upstream:remoteref) refs/heads/main refs/remotes/main [2ms]
2026-09-12 17:29:40.209 [info] > git for-each-ref --sort -committerdate --format %(refname)%00%(objectname)%00%(*objectname) [2ms]
2026-09-12 17:29:40.210 [info] > git status -z -uall [11ms]
2026-09-12 17:29:40.525 [info] > git check-ignore -v -z --stdin [1ms]
2026-09-12 17:30:08.941 [info] > git config --get commit.template [7ms]
2026-09-12 17:30:08.942 [info] > git for-each-ref --format=%(refname)%00%(upstream:short)%00%(objectname)%00%(upstream:track)%00%(upstream:remotename)%00%(upstream:remoteref) refs/heads/main refs/remotes/main [2ms]
2026-09-12 17:30:08.957 [info] > git for-each-ref --sort -committerdate --format %(refname)%00%(objectname)%00%(*objectname) [2ms]
2026-09-12 17:30:08.959 [info] > git status -z -uall [11ms]
2026-09-12 17:30:09.281 [info] > git check-ignore -v -z --stdin [2ms]
2026-09-12 17:30:40.831 [info] > git config --get commit.template [20ms]
2026-09-12 17:30:40.835 [info] > git for-each-ref --format=%(refname)%00%(upstream:short)%00%(objectname)%00%(upstream:track)%00%(upstream:remotename)%00%(upstream:remoteref) refs/heads/main refs/remotes/main [5ms]
2026-09-12 17:30:40.855 [info] > git for-each-ref --sort -committerdate --format %(refname)%00%(objectname)%00%(*objectname) [3ms]
2026-09-12 17:30:40.857 [info] > git status -z -uall [12ms]
2026-09-12 17:30:41.229 [info] > git check-ignore -v -z --stdin [13ms]
2026-09-12 17:31:03.304 [info] > git config --get commit.template [2ms]
2026-09-12 17:31:03.310 [info] > git for-each-ref --format=%(refname)%00%(upstream:short)%00%(objectname)%00%(upstream:track)%00%(upstream:remotename)%00%(upstream:remoteref) refs/heads/main refs/remotes/main [1ms]
2026-09-12 17:31:03.327 [info] > git status -z -uall [12ms]
2026-09-12 17:31:03.327 [info] > git for-each-ref --sort -committerdate --format %(refname)%00%(objectname)%00%(*objectname) [4ms]
2026-09-12 17:31:03.675 [info] > git check-ignore -v -z --stdin [1ms]
2026-09-12 17:31:36.610 [info] > git config --get commit.template [2ms]
2026-09-12 17:31:36.617 [info] > git for-each-ref --format=%(refname)%00%(upstream:short)%00%(objectname)%00%(upstream:track)%00%(upstream:remotename)%00%(upstream:remoteref) refs/heads/main refs/remotes/main [2ms]
2026-09-12 17:31:36.629 [info] > git for-each-ref --sort -committerdate --format %(refname)%00%(objectname)%00%(*objectname) [2ms]
2026-09-12 17:31:36.632 [info] > git status -z -uall [10ms]
2026-09-12 17:31:36.955 [info] > git check-ignore -v -z --stdin [2ms]
2026-09-12 17:32:01.414 [info] > git check-ignore -v -z --stdin [4ms]
2026-09-12 17:32:01.463 [info] > git show --textconv :Python/django/SOA/OrientationApp/templates/Orientation.html [15ms]
2026-09-12 17:32:01.464 [info] > git ls-files --stage -- Python/django/SOA/OrientationApp/templates/Orientation.html [4ms]
2026-09-12 17:32:01.474 [info] > git cat-file -s 13af512edcfe005a9cf1a537e2d521be3548f5fe [3ms]
2026-09-12 17:33:03.194 [info] > git check-ignore -v -z --stdin [3ms]
2026-09-12 17:33:03.230 [info] > git show --textconv :Python/django/SOA/OrientationApp/views.py [25ms]
2026-09-12 17:33:03.232 [info] > git ls-files --stage -- Python/django/SOA/OrientationApp/views.py [3ms]
2026-09-12 17:33:03.243 [info] > git cat-file -s a409af7d5fe6ef2a9c6148795980612bca67ea42 [2ms]
2026-09-12 17:33:35.770 [info] > git check-ignore -v -z --stdin [2ms]
2026-09-12 17:33:37.398 [info] > git check-ignore -v -z --stdin [2ms]
2026-09-12 17:33:37.658 [info] > git config --get commit.template [7ms]
2026-09-12 17:33:37.659 [info] > git for-each-ref --format=%(refname)%00%(upstream:short)%00%(objectname)%00%(upstream:track)%00%(upstream:remotename)%00%(upstream:remoteref) refs/heads/main refs/remotes/main [2ms]
2026-09-12 17:33:37.673 [info] > git for-each-ref --sort -committerdate --format %(refname)%00%(objectname)%00%(*objectname) [2ms]
2026-09-12 17:33:37.676 [info] > git status -z -uall [11ms]
2026-09-12 17:33:37.990 [info] > git check-ignore -v -z --stdin [2ms]
2026-09-12 17:33:42.697 [info] > git config --get commit.template [8ms]
2026-09-12 17:33:42.699 [info] > git for-each-ref --format=%(refname)%00%(upstream:short)%00%(objectname)%00%(upstream:track)%00%(upstream:remotename)%00%(upstream:remoteref) refs/heads/main refs/remotes/main [3ms]
2026-09-12 17:33:42.715 [info] > git for-each-ref --sort -committerdate --format %(refname)%00%(objectname)%00%(*objectname) [5ms]
2026-09-12 17:33:42.726 [info] > git status -z -uall [22ms]
2026-09-12 17:33:43.046 [info] > git check-ignore -v -z --stdin [3ms]
2026-09-12 17:33:46.017 [info] > git check-ignore -v -z --stdin [2ms]
2026-09-12 17:33:46.035 [info] > git show --textconv :Python/django/SOA/OrientationApp/templates/Orientation.html [8ms]
2026-09-12 17:33:46.047 [info] > git ls-files --stage -- Python/django/SOA/OrientationApp/templates/Orientation.html [12ms]
2026-09-12 17:33:46.071 [info] > git cat-file -s 13af512edcfe005a9cf1a537e2d521be3548f5fe [3ms]
2026-09-12 17:34:04.088 [info] > git check-ignore -v -z --stdin [2ms]
2026-09-12 17:34:04.600 [info] > git check-ignore -v -z --stdin [2ms]
2026-09-12 17:34:05.494 [info] > git check-ignore -v -z --stdin [2ms]
2026-09-12 17:34:06.563 [info] > git check-ignore -v -z --stdin [1ms]
2026-09-12 17:34:06.994 [info] > git check-ignore -v -z --stdin [3ms]
2026-09-12 17:34:08.187 [info] > git check-ignore -v -z --stdin [2ms]
2026-09-12 17:34:08.591 [info] > git check-ignore -v -z --stdin [1ms]
2026-09-12 17:34:08.897 [info] > git config --get commit.template [8ms]
2026-09-12 17:34:08.899 [info] > git for-each-ref --format=%(refname)%00%(upstream:short)%00%(objectname)%00%(upstream:track)%00%(upstream:remotename)%00%(upstream:remoteref) refs/heads/main refs/remotes/main [2ms]
2026-09-12 17:34:08.912 [info] > git for-each-ref --sort -committerdate --format %(refname)%00%(objectname)%00%(*objectname) [2ms]
2026-09-12 17:34:08.914 [info] > git status -z -uall [9ms]
2026-09-12 17:34:09.358 [info] > git check-ignore -v -z --stdin [2ms]
2026-09-12 17:34:09.776 [info] > git check-ignore -v -z --stdin [2ms]
2026-09-12 17:34:10.001 [info] > git check-ignore -v -z --stdin [2ms]
2026-09-12 17:34:10.475 [info] > git check-ignore -v -z --stdin [2ms]
2026-09-12 17:34:11.243 [info] > git check-ignore -v -z --stdin [7ms]
2026-09-12 17:34:11.486 [info] > git check-ignore -v -z --stdin [2ms]
2026-09-12 17:34:12.550 [info] > git check-ignore -v -z --stdin [1ms]
2026-09-12 17:34:13.041 [info] > git check-ignore -v -z --stdin [1ms]
2026-09-12 17:34:13.786 [info] > git check-ignore -v -z --stdin [3ms]
2026-09-12 17:34:13.928 [info] > git config --get commit.template [1ms]
2026-09-12 17:34:13.934 [info] > git for-each-ref --format=%(refname)%00%(upstream:short)%00%(objectname)%00%(upstream:track)%00%(upstream:remotename)%00%(upstream:remoteref) refs/heads/main refs/remotes/main [1ms]
2026-09-12 17:34:13.948 [info] > git for-each-ref --sort -committerdate --format %(refname)%00%(objectname)%00%(*objectname) [2ms]
2026-09-12 17:34:13.950 [info] > git status -z -uall [9ms]
2026-09-12 17:34:13.973 [info] > git check-ignore -v -z --stdin [2ms]
2026-09-12 17:34:14.371 [info] > git check-ignore -v -z --stdin [4ms]
2026-09-12 17:34:15.299 [info] > git check-ignore -v -z --stdin [2ms]
2026-09-12 17:34:15.764 [info] > git check-ignore -v -z --stdin [2ms]
2026-09-12 17:34:16.007 [info] > git check-ignore -v -z --stdin [2ms]
2026-09-12 17:34:16.683 [info] > git check-ignore -v -z --stdin [1ms]
2026-09-12 17:34:17.212 [info] > git check-ignore -v -z --stdin [2ms]
2026-09-12 17:34:17.524 [info] > git check-ignore -v -z --stdin [2ms]
2026-09-12 17:34:17.909 [info] > git check-ignore -v -z --stdin [2ms]
2026-09-12 17:34:18.516 [info] > git check-ignore -v -z --stdin [1ms]
2026-09-12 17:34:19.106 [info] > git check-ignore -v -z --stdin [1ms]
2026-09-12 17:34:19.580 [info] > git check-ignore -v -z --stdin [2ms]
2026-09-12 17:34:19.930 [info] > git check-ignore -v -z --stdin [1ms]
2026-09-12 17:34:21.127 [info] > git check-ignore -v -z --stdin [2ms]
2026-09-12 17:34:21.826 [info] > git config --get commit.template [5ms]
2026-09-12 17:34:21.827 [info] > git for-each-ref --format=%(refname)%00%(upstream:short)%00%(objectname)%00%(upstream:track)%00%(upstream:remotename)%00%(upstream:remoteref) refs/heads/main refs/remotes/main [2ms]
2026-09-12 17:34:21.838 [info] > git for-each-ref --sort -committerdate --format %(refname)%00%(objectname)%00%(*objectname) [1ms]
2026-09-12 17:34:21.842 [info] > git status -z -uall [10ms]
2026-09-12 17:34:22.159 [info] > git check-ignore -v -z --stdin [2ms]
2026-09-12 17:34:26.863 [info] > git config --get commit.template [6ms]
2026-09-12 17:34:26.864 [info] > git for-each-ref --format=%(refname)%00%(upstream:short)%00%(objectname)%00%(upstream:track)%00%(upstream:remotename)%00%(upstream:remoteref) refs/heads/main refs/remotes/main [1ms]
2026-09-12 17:34:26.876 [info] > git for-each-ref --sort -committerdate --format %(refname)%00%(objectname)%00%(*objectname) [2ms]
2026-09-12 17:34:26.877 [info] > git status -z -uall [7ms]
2026-09-12 17:34:27.386 [info] > git check-ignore -v -z --stdin [1ms]
2026-09-12 17:34:27.657 [info] > git check-ignore -v -z --stdin [2ms]
2026-09-12 17:34:27.953 [info] > git check-ignore -v -z --stdin [2ms]
2026-09-12 17:34:28.465 [info] > git check-ignore -v -z --stdin [2ms]
2026-09-12 17:34:29.633 [info] > git check-ignore -v -z --stdin [1ms]
2026-09-12 17:34:30.823 [info] > git check-ignore -v -z --stdin [2ms]
2026-09-12 17:34:31.893 [info] > git config --get commit.template [5ms]
2026-09-12 17:34:31.895 [info] > git for-each-ref --format=%(refname)%00%(upstream:short)%00%(objectname)%00%(upstream:track)%00%(upstream:remotename)%00%(upstream:remoteref) refs/heads/main refs/remotes/main [3ms]
2026-09-12 17:34:31.906 [info] > git for-each-ref --sort -committerdate --format %(refname)%00%(objectname)%00%(*objectname) [2ms]
2026-09-12 17:34:31.908 [info] > git status -z -uall [8ms]
2026-09-12 17:34:31.962 [info] > git check-ignore -v -z --stdin [1ms]
2026-09-12 17:34:32.225 [info] > git check-ignore -v -z --stdin [3ms]
2026-09-12 17:34:33.228 [info] > git check-ignore -v -z --stdin [1ms]
2026-09-12 17:34:33.608 [info] > git check-ignore -v -z --stdin [2ms]
2026-09-12 17:34:33.798 [info] > git check-ignore -v -z --stdin [2ms]
2026-09-12 17:34:35.374 [info] > git check-ignore -v -z --stdin [1ms]
2026-09-12 17:34:36.423 [info] > git check-ignore -v -z --stdin [3ms]
2026-09-12 17:34:36.928 [info] > git config --get commit.template [8ms]
2026-09-12 17:34:36.929 [info] > git for-each-ref --format=%(refname)%00%(upstream:short)%00%(objectname)%00%(upstream:track)%00%(upstream:remotename)%00%(upstream:remoteref) refs/heads/main refs/remotes/main [2ms]
2026-09-12 17:34:36.941 [info] > git for-each-ref --sort -committerdate --format %(refname)%00%(objectname)%00%(*objectname) [1ms]
2026-09-12 17:34:36.944 [info] > git status -z -uall [10ms]
2026-09-12 17:34:37.266 [info] > git check-ignore -v -z --stdin [4ms]
2026-09-12 17:34:38.203 [info] > git check-ignore -v -z --stdin [2ms]
2026-09-12 17:34:38.945 [info] > git check-ignore -v -z --stdin [2ms]
2026-09-12 17:34:39.710 [info] > git check-ignore -v -z --stdin [2ms]
2026-09-12 17:34:40.081 [info] > git check-ignore -v -z --stdin [2ms]
2026-09-12 17:34:41.113 [info] > git check-ignore -v -z --stdin [1ms]
2026-09-12 17:34:41.940 [info] > git check-ignore -v -z --stdin [2ms]
2026-09-12 17:34:41.969 [info] > git config --get commit.template [7ms]
2026-09-12 17:34:41.971 [info] > git for-each-ref --format=%(refname)%00%(upstream:short)%00%(objectname)%00%(upstream:track)%00%(upstream:remotename)%00%(upstream:remoteref) refs/heads/main refs/remotes/main [2ms]
2026-09-12 17:34:41.986 [info] > git for-each-ref --sort -committerdate --format %(refname)%00%(objectname)%00%(*objectname) [2ms]
2026-09-12 17:34:41.988 [info] > git status -z -uall [11ms]
2026-09-12 17:34:42.308 [info] > git check-ignore -v -z --stdin [1ms]
2026-09-12 17:34:42.561 [info] > git check-ignore -v -z --stdin [2ms]
2026-09-12 17:34:42.827 [info] > git check-ignore -v -z --stdin [2ms]
2026-09-12 17:34:43.808 [info] > git check-ignore -v -z --stdin [2ms]
2026-09-12 17:34:44.032 [info] > git check-ignore -v -z --stdin [2ms]
2026-09-12 17:34:44.337 [info] > git check-ignore -v -z --stdin [2ms]
2026-09-12 17:34:47.010 [info] > git config --get commit.template [6ms]
2026-09-12 17:34:47.013 [info] > git for-each-ref --format=%(refname)%00%(upstream:short)%00%(objectname)%00%(upstream:track)%00%(upstream:remotename)%00%(upstream:remoteref) refs/heads/main refs/remotes/main [3ms]
2026-09-12 17:34:47.024 [info] > git for-each-ref --sort -committerdate --format %(refname)%00%(objectname)%00%(*objectname) [2ms]
2026-09-12 17:34:47.026 [info] > git status -z -uall [9ms]
2026-09-12 17:34:47.342 [info] > git check-ignore -v -z --stdin [2ms]
2026-09-12 17:34:48.780 [info] > git check-ignore -v -z --stdin [2ms]
2026-09-12 17:34:50.227 [info] > git check-ignore -v -z --stdin [2ms]
2026-09-12 17:34:51.026 [info] > git check-ignore -v -z --stdin [1ms]
2026-09-12 17:34:52.047 [info] > git config --get commit.template [8ms]
2026-09-12 17:34:52.048 [info] > git for-each-ref --format=%(refname)%00%(upstream:short)%00%(objectname)%00%(upstream:track)%00%(upstream:remotename)%00%(upstream:remoteref) refs/heads/main refs/remotes/main [2ms]
2026-09-12 17:34:52.061 [info] > git for-each-ref --sort -committerdate --format %(refname)%00%(objectname)%00%(*objectname) [2ms]
2026-09-12 17:34:52.062 [info] > git status -z -uall [8ms]
2026-09-12 17:34:52.379 [info] > git check-ignore -v -z --stdin [2ms]
2026-09-12 17:34:53.166 [info] > git check-ignore -v -z --stdin [5ms]
2026-09-12 17:34:54.730 [info] > git check-ignore -v -z --stdin [2ms]
2026-09-12 17:34:55.127 [info] > git check-ignore -v -z --stdin [2ms]
2026-09-12 17:34:56.299 [info] > git check-ignore -v -z --stdin [2ms]
2026-09-12 17:34:57.076 [info] > git config --get commit.template [5ms]
2026-09-12 17:34:57.078 [info] > git for-each-ref --format=%(refname)%00%(upstream:short)%00%(objectname)%00%(upstream:track)%00%(upstream:remotename)%00%(upstream:remoteref) refs/heads/main refs/remotes/main [2ms]
2026-09-12 17:34:57.089 [info] > git for-each-ref --sort -committerdate --format %(refname)%00%(objectname)%00%(*objectname) [2ms]
2026-09-12 17:34:57.094 [info] > git status -z -uall [11ms]
2026-09-12 17:34:57.411 [info] > git check-ignore -v -z --stdin [1ms]
2026-09-12 17:34:58.573 [info] > git check-ignore -v -z --stdin [1ms]
2026-09-12 17:34:59.314 [info] > git check-ignore -v -z --stdin [4ms]
2026-09-12 17:34:59.818 [info] > git check-ignore -v -z --stdin [2ms]
2026-09-12 17:35:02.130 [info] > git config --get commit.template [19ms]
2026-09-12 17:35:02.134 [info] > git for-each-ref --format=%(refname)%00%(upstream:short)%00%(objectname)%00%(upstream:track)%00%(upstream:remotename)%00%(upstream:remoteref) refs/heads/main refs/remotes/main [5ms]
2026-09-12 17:35:02.159 [info] > git for-each-ref --sort -committerdate --format %(refname)%00%(objectname)%00%(*objectname) [3ms]
2026-09-12 17:35:02.168 [info] > git status -z -uall [23ms]
2026-09-12 17:35:02.511 [info] > git check-ignore -v -z --stdin [6ms]
2026-09-12 17:35:20.443 [info] > git config --get commit.template [9ms]
2026-09-12 17:35:20.446 [info] > git for-each-ref --format=%(refname)%00%(upstream:short)%00%(objectname)%00%(upstream:track)%00%(upstream:remotename)%00%(upstream:remoteref) refs/heads/main refs/remotes/main [4ms]
2026-09-12 17:35:20.462 [info] > git for-each-ref --sort -committerdate --format %(refname)%00%(objectname)%00%(*objectname) [3ms]
2026-09-12 17:35:20.465 [info] > git status -z -uall [13ms]
2026-09-12 17:35:27.122 [info] > git config --get commit.template [5ms]
2026-09-12 17:35:27.124 [info] > git for-each-ref --format=%(refname)%00%(upstream:short)%00%(objectname)%00%(upstream:track)%00%(upstream:remotename)%00%(upstream:remoteref) refs/heads/main refs/remotes/main [2ms]
2026-09-12 17:35:27.140 [info] > git for-each-ref --sort -committerdate --format %(refname)%00%(objectname)%00%(*objectname) [4ms]
2026-09-12 17:35:27.142 [info] > git status -z -uall [12ms]
2026-09-12 17:35:32.185 [info] > git config --get commit.template [1ms]
2026-09-12 17:35:32.197 [info] > git for-each-ref --format=%(refname)%00%(upstream:short)%00%(objectname)%00%(upstream:track)%00%(upstream:remotename)%00%(upstream:remoteref) refs/heads/main refs/remotes/main [1ms]
2026-09-12 17:35:32.225 [info] > git for-each-ref --sort -committerdate --format %(refname)%00%(objectname)%00%(*objectname) [3ms]
2026-09-12 17:35:32.227 [info] > git status -z -uall [20ms]
2026-09-12 17:35:37.260 [info] > git config --get commit.template [11ms]
2026-09-12 17:35:37.261 [info] > git for-each-ref --format=%(refname)%00%(upstream:short)%00%(objectname)%00%(upstream:track)%00%(upstream:remotename)%00%(upstream:remoteref) refs/heads/main refs/remotes/main [2ms]
2026-09-12 17:35:37.277 [info] > git for-each-ref --sort -committerdate --format %(refname)%00%(objectname)%00%(*objectname) [4ms]
2026-09-12 17:35:37.283 [info] > git status -z -uall [15ms]
2026-09-12 17:35:42.299 [info] > git config --get commit.template [2ms]
2026-09-12 17:35:42.308 [info] > git for-each-ref --format=%(refname)%00%(upstream:short)%00%(objectname)%00%(upstream:track)%00%(upstream:remotename)%00%(upstream:remoteref) refs/heads/main refs/remotes/main [3ms]
2026-09-12 17:35:42.319 [info] > git for-each-ref --sort -committerdate --format %(refname)%00%(objectname)%00%(*objectname) [2ms]
2026-09-12 17:35:42.322 [info] > git status -z -uall [9ms]
2026-09-12 17:35:44.342 [info] > git check-ignore -v -z --stdin [1ms]
2026-09-12 17:35:44.470 [info] > git show --textconv :Python/django/SOA/OrientationApp/templates/Orientation.html [10ms]
2026-09-12 17:35:44.474 [info] > git ls-files --stage -- Python/django/SOA/OrientationApp/templates/Orientation.html [5ms]
2026-09-12 17:35:44.497 [info] > git cat-file -s 13af512edcfe005a9cf1a537e2d521be3548f5fe [4ms]
2026-09-12 17:35:47.522 [info] > git check-ignore -v -z --stdin [2ms]
2026-09-12 17:35:48.257 [info] > git check-ignore -v -z --stdin [1ms]
2026-09-12 17:35:48.582 [info] > git check-ignore -v -z --stdin [1ms]
2026-09-12 17:35:48.872 [info] > git check-ignore -v -z --stdin [3ms]
2026-09-12 17:35:49.435 [info] > git check-ignore -v -z --stdin [1ms]
2026-09-12 17:35:49.714 [info] > git check-ignore -v -z --stdin [3ms]
2026-09-12 17:35:50.440 [info] > git check-ignore -v -z --stdin [2ms]
2026-09-12 17:35:51.213 [info] > git check-ignore -v -z --stdin [2ms]
2026-09-12 17:35:52.833 [info] > git check-ignore -v -z --stdin [2ms]
2026-09-12 17:35:53.111 [info] > git config --get commit.template [6ms]
2026-09-12 17:35:53.113 [info] > git for-each-ref --format=%(refname)%00%(upstream:short)%00%(objectname)%00%(upstream:track)%00%(upstream:remotename)%00%(upstream:remoteref) refs/heads/main refs/remotes/main [2ms]
2026-09-12 17:35:53.126 [info] > git for-each-ref --sort -committerdate --format %(refname)%00%(objectname)%00%(*objectname) [2ms]
2026-09-12 17:35:53.133 [info] > git status -z -uall [14ms]
2026-09-12 17:35:53.452 [info] > git check-ignore -v -z --stdin [2ms]
2026-09-12 17:35:55.224 [info] > git check-ignore -v -z --stdin [3ms]
2026-09-12 17:35:56.645 [info] > git check-ignore -v -z --stdin [1ms]
2026-09-12 17:35:57.562 [info] > git check-ignore -v -z --stdin [1ms]
2026-09-12 17:35:58.158 [info] > git config --get commit.template [14ms]
2026-09-12 17:35:58.158 [info] > git for-each-ref --format=%(refname)%00%(upstream:short)%00%(objectname)%00%(upstream:track)%00%(upstream:remotename)%00%(upstream:remoteref) refs/heads/main refs/remotes/main [2ms]
2026-09-12 17:35:58.186 [info] > git status -z -uall [15ms]
2026-09-12 17:35:58.191 [info] > git for-each-ref --sort -committerdate --format %(refname)%00%(objectname)%00%(*objectname) [6ms]
2026-09-12 17:35:58.545 [info] > git check-ignore -v -z --stdin [2ms]
2026-09-12 17:35:58.877 [info] > git check-ignore -v -z --stdin [1ms]
2026-09-12 17:35:59.106 [info] > git check-ignore -v -z --stdin [1ms]
2026-09-12 17:35:59.379 [info] > git check-ignore -v -z --stdin [1ms]
2026-09-12 17:35:59.636 [info] > git check-ignore -v -z --stdin [2ms]
2026-09-12 17:35:59.896 [info] > git check-ignore -v -z --stdin [2ms]
2026-09-12 17:36:01.105 [info] > git check-ignore -v -z --stdin [4ms]
2026-09-12 17:36:01.748 [info] > git check-ignore -v -z --stdin [3ms]
2026-09-12 17:36:02.409 [info] > git check-ignore -v -z --stdin [1ms]
2026-09-12 17:36:02.902 [info] > git check-ignore -v -z --stdin [1ms]
2026-09-12 17:36:03.168 [info] > git check-ignore -v -z --stdin [2ms]
2026-09-12 17:36:03.218 [info] > git config --get commit.template [13ms]
2026-09-12 17:36:03.218 [info] > git for-each-ref --format=%(refname)%00%(upstream:short)%00%(objectname)%00%(upstream:track)%00%(upstream:remotename)%00%(upstream:remoteref) refs/heads/main refs/remotes/main [1ms]
2026-09-12 17:36:03.243 [info] > git for-each-ref --sort -committerdate --format %(refname)%00%(objectname)%00%(*objectname) [4ms]
2026-09-12 17:36:03.261 [info] > git status -z -uall [32ms]
2026-09-12 17:36:03.580 [info] > git check-ignore -v -z --stdin [2ms]
2026-09-12 17:36:04.309 [info] > git check-ignore -v -z --stdin [1ms]
2026-09-12 17:36:04.655 [info] > git check-ignore -v -z --stdin [2ms]
2026-09-12 17:36:09.087 [info] > git config --get commit.template [5ms]
2026-09-12 17:36:09.088 [info] > git for-each-ref --format=%(refname)%00%(upstream:short)%00%(objectname)%00%(upstream:track)%00%(upstream:remotename)%00%(upstream:remoteref) refs/heads/main refs/remotes/main [1ms]
2026-09-12 17:36:09.100 [info] > git for-each-ref --sort -committerdate --format %(refname)%00%(objectname)%00%(*objectname) [0ms]
2026-09-12 17:36:09.103 [info] > git status -z -uall [10ms]
2026-09-12 17:36:09.419 [info] > git check-ignore -v -z --stdin [1ms]
2026-09-12 17:36:22.033 [info] > git check-ignore -v -z --stdin [3ms]
2026-09-12 17:36:22.115 [info] > git show --textconv :Python/django/SOA/OrientationApp/views.py [20ms]
2026-09-12 17:36:22.122 [info] > git ls-files --stage -- Python/django/SOA/OrientationApp/views.py [8ms]
2026-09-12 17:36:22.155 [info] > git cat-file -s a409af7d5fe6ef2a9c6148795980612bca67ea42 [5ms]
2026-09-12 17:37:08.742 [info] > git check-ignore -v -z --stdin [19ms]
2026-09-12 17:37:08.797 [info] > git show --textconv :Python/django/SOA/OrientationApp/views.py [20ms]
2026-09-12 17:37:08.802 [info] > git ls-files --stage -- Python/django/SOA/OrientationApp/views.py [5ms]
2026-09-12 17:37:08.817 [info] > git cat-file -s a409af7d5fe6ef2a9c6148795980612bca67ea42 [3ms]
2026-09-12 17:37:23.879 [info] > git check-ignore -v -z --stdin [2ms]
2026-09-12 17:37:24.628 [info] > git check-ignore -v -z --stdin [2ms]
2026-09-12 17:37:25.084 [info] > git check-ignore -v -z --stdin [2ms]
2026-09-12 17:37:27.035 [info] > git config --get commit.template [4ms]
2026-09-12 17:37:27.044 [info] > git for-each-ref --format=%(refname)%00%(upstream:short)%00%(objectname)%00%(upstream:track)%00%(upstream:remotename)%00%(upstream:remoteref) refs/heads/main refs/remotes/main [2ms]
2026-09-12 17:37:27.070 [info] > git status -z -uall [18ms]
2026-09-12 17:37:27.071 [info] > git for-each-ref --sort -committerdate --format %(refname)%00%(objectname)%00%(*objectname) [1ms]
2026-09-12 17:37:27.622 [info] > git check-ignore -v -z --stdin [3ms]
2026-09-12 17:37:30.740 [info] > git check-ignore -v -z --stdin [1ms]
2026-09-12 17:37:31.649 [info] > git check-ignore -v -z --stdin [1ms]
2026-09-12 17:37:32.094 [info] > git config --get commit.template [6ms]
2026-09-12 17:37:32.095 [info] > git for-each-ref --format=%(refname)%00%(upstream:short)%00%(objectname)%00%(upstream:track)%00%(upstream:remotename)%00%(upstream:remoteref) refs/heads/main refs/remotes/main [2ms]
2026-09-12 17:37:32.108 [info] > git for-each-ref --sort -committerdate --format %(refname)%00%(objectname)%00%(*objectname) [2ms]
2026-09-12 17:37:32.111 [info] > git status -z -uall [10ms]
2026-09-12 17:37:32.580 [info] > git check-ignore -v -z --stdin [3ms]
2026-09-12 17:37:37.133 [info] > git config --get commit.template [9ms]
2026-09-12 17:37:37.134 [info] > git for-each-ref --format=%(refname)%00%(upstream:short)%00%(objectname)%00%(upstream:track)%00%(upstream:remotename)%00%(upstream:remoteref) refs/heads/main refs/remotes/main [3ms]
2026-09-12 17:37:37.158 [info] > git status -z -uall [16ms]
2026-09-12 17:37:37.160 [info] > git for-each-ref --sort -committerdate --format %(refname)%00%(objectname)%00%(*objectname) [3ms]
2026-09-12 17:37:37.476 [info] > git check-ignore -v -z --stdin [1ms]
2026-09-12 17:37:40.440 [info] > git check-ignore -v -z --stdin [2ms]
2026-09-12 17:37:40.846 [info] > git check-ignore -v -z --stdin [1ms]
2026-09-12 17:37:41.989 [info] > git check-ignore -v -z --stdin [2ms]
2026-09-12 17:37:42.332 [info] > git check-ignore -v -z --stdin [2ms]
2026-09-12 17:37:42.733 [info] > git config --get commit.template [6ms]
2026-09-12 17:37:42.735 [info] > git for-each-ref --format=%(refname)%00%(upstream:short)%00%(objectname)%00%(upstream:track)%00%(upstream:remotename)%00%(upstream:remoteref) refs/heads/main refs/remotes/main [2ms]
2026-09-12 17:37:42.747 [info] > git for-each-ref --sort -committerdate --format %(refname)%00%(objectname)%00%(*objectname) [2ms]
2026-09-12 17:37:42.752 [info] > git status -z -uall [12ms]
2026-09-12 17:37:43.069 [info] > git check-ignore -v -z --stdin [1ms]
2026-09-12 17:37:46.295 [info] > git check-ignore -v -z --stdin [5ms]
2026-09-12 17:37:46.359 [info] > git show --textconv :Python/django/SOA/OrientationApp/templates/Orientation.html [35ms]
2026-09-12 17:37:46.363 [info] > git ls-files --stage -- Python/django/SOA/OrientationApp/templates/Orientation.html [20ms]
2026-09-12 17:37:46.383 [info] > git cat-file -s 13af512edcfe005a9cf1a537e2d521be3548f5fe [8ms]
2026-09-12 17:37:47.772 [info] > git config --get commit.template [10ms]
2026-09-12 17:37:47.781 [info] > git for-each-ref --format=%(refname)%00%(upstream:short)%00%(objectname)%00%(upstream:track)%00%(upstream:remotename)%00%(upstream:remoteref) refs/heads/main refs/remotes/main [10ms]
2026-09-12 17:37:47.810 [info] > git status -z -uall [18ms]
2026-09-12 17:37:47.811 [info] > git for-each-ref --sort -committerdate --format %(refname)%00%(objectname)%00%(*objectname) [3ms]
2026-09-12 17:37:48.129 [info] > git check-ignore -v -z --stdin [2ms]
2026-09-12 17:37:49.036 [info] > git check-ignore -v -z --stdin [2ms]
2026-09-12 17:37:49.090 [info] > git show --textconv :Python/django/SOA/OrientationApp/views.py [11ms]
2026-09-12 17:37:49.094 [info] > git ls-files --stage -- Python/django/SOA/OrientationApp/views.py [4ms]
2026-09-12 17:37:49.113 [info] > git cat-file -s a409af7d5fe6ef2a9c6148795980612bca67ea42 [8ms]
2026-09-12 17:37:50.056 [info] > git check-ignore -v -z --stdin [5ms]
2026-09-12 17:37:50.288 [info] > git check-ignore -v -z --stdin [2ms]
2026-09-12 17:37:50.713 [info] > git check-ignore -v -z --stdin [1ms]
2026-09-12 17:37:51.274 [info] > git check-ignore -v -z --stdin [2ms]
2026-09-12 17:37:51.793 [info] > git check-ignore -v -z --stdin [2ms]
2026-09-12 17:37:52.097 [info] > git check-ignore -v -z --stdin [2ms]
2026-09-12 17:37:52.622 [info] > git check-ignore -v -z --stdin [2ms]
2026-09-12 17:37:52.846 [info] > git check-ignore -v -z --stdin [1ms]
2026-09-12 17:37:53.086 [info] > git check-ignore -v -z --stdin [2ms]
2026-09-12 17:37:53.360 [info] > git check-ignore -v -z --stdin [2ms]
2026-09-12 17:37:54.614 [info] > git check-ignore -v -z --stdin [4ms]
2026-09-12 17:37:54.989 [info] > git check-ignore -v -z --stdin [2ms]
2026-09-12 17:37:55.249 [info] > git config --get commit.template [5ms]
2026-09-12 17:37:55.250 [info] > git for-each-ref --format=%(refname)%00%(upstream:short)%00%(objectname)%00%(upstream:track)%00%(upstream:remotename)%00%(upstream:remoteref) refs/heads/main refs/remotes/main [1ms]
2026-09-12 17:37:55.263 [info] > git for-each-ref --sort -committerdate --format %(refname)%00%(objectname)%00%(*objectname) [1ms]
2026-09-12 17:37:55.265 [info] > git status -z -uall [8ms]
2026-09-12 17:37:55.580 [info] > git check-ignore -v -z --stdin [2ms]
2026-09-12 17:37:55.935 [info] > git check-ignore -v -z --stdin [2ms]
2026-09-12 17:37:56.209 [info] > git check-ignore -v -z --stdin [2ms]
2026-09-12 17:37:57.455 [info] > git check-ignore -v -z --stdin [1ms]
2026-09-12 17:37:58.150 [info] > git check-ignore -v -z --stdin [1ms]
2026-09-12 17:37:58.939 [info] > git check-ignore -v -z --stdin [1ms]
2026-09-12 17:37:59.669 [info] > git check-ignore -v -z --stdin [2ms]
2026-09-12 17:38:00.277 [info] > git config --get commit.template [2ms]
2026-09-12 17:38:00.284 [info] > git for-each-ref --format=%(refname)%00%(upstream:short)%00%(objectname)%00%(upstream:track)%00%(upstream:remotename)%00%(upstream:remoteref) refs/heads/main refs/remotes/main [2ms]
2026-09-12 17:38:00.297 [info] > git for-each-ref --sort -committerdate --format %(refname)%00%(objectname)%00%(*objectname) [2ms]
2026-09-12 17:38:00.301 [info] > git status -z -uall [11ms]
2026-09-12 17:38:00.654 [info] > git check-ignore -v -z --stdin [3ms]
2026-09-12 17:38:01.276 [info] > git check-ignore -v -z --stdin [2ms]
2026-09-12 17:38:05.318 [info] > git config --get commit.template [8ms]
2026-09-12 17:38:05.318 [info] > git for-each-ref --format=%(refname)%00%(upstream:short)%00%(objectname)%00%(upstream:track)%00%(upstream:remotename)%00%(upstream:remoteref) refs/heads/main refs/remotes/main [1ms]
2026-09-12 17:38:05.329 [info] > git for-each-ref --sort -committerdate --format %(refname)%00%(objectname)%00%(*objectname) [1ms]
2026-09-12 17:38:05.333 [info] > git status -z -uall [9ms]
2026-09-12 17:38:05.655 [info] > git check-ignore -v -z --stdin [2ms]
2026-09-12 17:38:20.624 [info] > git check-ignore -v -z --stdin [2ms]
2026-09-12 17:38:20.917 [info] > git check-ignore -v -z --stdin [2ms]
2026-09-12 17:38:21.808 [info] > git check-ignore -v -z --stdin [1ms]
2026-09-12 17:38:22.031 [info] > git check-ignore -v -z --stdin [1ms]
2026-09-12 17:38:22.297 [info] > git check-ignore -v -z --stdin [2ms]
2026-09-12 17:38:22.608 [info] > git check-ignore -v -z --stdin [2ms]
2026-09-12 17:38:23.937 [info] > git check-ignore -v -z --stdin [2ms]
2026-09-12 17:38:24.436 [info] > git check-ignore -v -z --stdin [1ms]
2026-09-12 17:38:24.503 [info] > git config --get commit.template [8ms]
2026-09-12 17:38:24.504 [info] > git for-each-ref --format=%(refname)%00%(upstream:short)%00%(objectname)%00%(upstream:track)%00%(upstream:remotename)%00%(upstream:remoteref) refs/heads/main refs/remotes/main [1ms]
2026-09-12 17:38:24.520 [info] > git for-each-ref --sort -committerdate --format %(refname)%00%(objectname)%00%(*objectname) [3ms]
2026-09-12 17:38:24.521 [info] > git status -z -uall [10ms]
2026-09-12 17:38:24.956 [info] > git check-ignore -v -z --stdin [2ms]
2026-09-12 17:38:26.686 [info] > git check-ignore -v -z --stdin [3ms]
2026-09-12 17:38:27.032 [info] > git check-ignore -v -z --stdin [3ms]
2026-09-12 17:38:27.232 [info] > git check-ignore -v -z --stdin [2ms]
2026-09-12 17:38:27.541 [info] > git check-ignore -v -z --stdin [2ms]
2026-09-12 17:38:27.945 [info] > git check-ignore -v -z --stdin [1ms]
2026-09-12 17:38:28.282 [info] > git check-ignore -v -z --stdin [2ms]
2026-09-12 17:38:29.537 [info] > git config --get commit.template [6ms]
2026-09-12 17:38:29.537 [info] > git for-each-ref --format=%(refname)%00%(upstream:short)%00%(objectname)%00%(upstream:track)%00%(upstream:remotename)%00%(upstream:remoteref) refs/heads/main refs/remotes/main [1ms]
2026-09-12 17:38:29.550 [info] > git for-each-ref --sort -committerdate --format %(refname)%00%(objectname)%00%(*objectname) [2ms]
2026-09-12 17:38:29.554 [info] > git status -z -uall [11ms]
2026-09-12 17:38:29.961 [info] > git check-ignore -v -z --stdin [2ms]
2026-09-12 17:38:30.180 [info] > git check-ignore -v -z --stdin [4ms]
2026-09-12 17:38:30.384 [info] > git check-ignore -v -z --stdin [3ms]
2026-09-12 17:38:31.037 [info] > git check-ignore -v -z --stdin [5ms]
2026-09-12 17:38:31.502 [info] > git check-ignore -v -z --stdin [2ms]
2026-09-12 17:38:32.349 [info] > git check-ignore -v -z --stdin [3ms]
2026-09-12 17:38:33.635 [info] > git check-ignore -v -z --stdin [1ms]
2026-09-12 17:38:34.576 [info] > git check-ignore -v -z --stdin [14ms]
2026-09-12 17:38:34.579 [info] > git config --get commit.template [10ms]
2026-09-12 17:38:34.609 [info] > git for-each-ref --format=%(refname)%00%(upstream:short)%00%(objectname)%00%(upstream:track)%00%(upstream:remotename)%00%(upstream:remoteref) refs/heads/main refs/remotes/main [4ms]
2026-09-12 17:38:34.648 [info] > git for-each-ref --sort -committerdate --format %(refname)%00%(objectname)%00%(*objectname) [3ms]
2026-09-12 17:38:34.651 [info] > git status -z -uall [26ms]
2026-09-12 17:38:34.996 [info] > git check-ignore -v -z --stdin [7ms]
2026-09-12 17:39:04.745 [info] > git config --get commit.template [13ms]
2026-09-12 17:39:04.748 [info] > git for-each-ref --format=%(refname)%00%(upstream:short)%00%(objectname)%00%(upstream:track)%00%(upstream:remotename)%00%(upstream:remoteref) refs/heads/main refs/remotes/main [3ms]
2026-09-12 17:39:04.772 [info] > git for-each-ref --sort -committerdate --format %(refname)%00%(objectname)%00%(*objectname) [6ms]
2026-09-12 17:39:04.784 [info] > git status -z -uall [24ms]
2026-09-12 17:39:05.187 [info] > git check-ignore -v -z --stdin [7ms]
2026-09-12 17:39:11.297 [info] > git check-ignore -v -z --stdin [1ms]
2026-09-12 17:39:12.100 [info] > git check-ignore -v -z --stdin [1ms]
2026-09-12 17:39:13.389 [info] > git check-ignore -v -z --stdin [2ms]
2026-09-12 17:39:14.017 [info] > git config --get commit.template [1ms]
2026-09-12 17:39:14.026 [info] > git for-each-ref --format=%(refname)%00%(upstream:short)%00%(objectname)%00%(upstream:track)%00%(upstream:remotename)%00%(upstream:remoteref) refs/heads/main refs/remotes/main [2ms]
2026-09-12 17:39:14.041 [info] > git for-each-ref --sort -committerdate --format %(refname)%00%(objectname)%00%(*objectname) [1ms]
2026-09-12 17:39:14.045 [info] > git status -z -uall [12ms]
2026-09-12 17:39:14.062 [info] > git check-ignore -v -z --stdin [1ms]
2026-09-12 17:39:14.441 [info] > git check-ignore -v -z --stdin [3ms]
2026-09-12 17:39:14.671 [info] > git check-ignore -v -z --stdin [3ms]
2026-09-12 17:39:15.077 [info] > git check-ignore -v -z --stdin [2ms]
2026-09-12 17:39:15.855 [info] > git check-ignore -v -z --stdin [2ms]
2026-09-12 17:39:16.625 [info] > git check-ignore -v -z --stdin [3ms]
2026-09-12 17:39:17.832 [info] > git check-ignore -v -z --stdin [2ms]
2026-09-12 17:39:18.094 [info] > git check-ignore -v -z --stdin [2ms]
2026-09-12 17:39:19.059 [info] > git config --get commit.template [5ms]
2026-09-12 17:39:19.059 [info] > git for-each-ref --format=%(refname)%00%(upstream:short)%00%(objectname)%00%(upstream:track)%00%(upstream:remotename)%00%(upstream:remoteref) refs/heads/main refs/remotes/main [1ms]
2026-09-12 17:39:19.071 [info] > git for-each-ref --sort -committerdate --format %(refname)%00%(objectname)%00%(*objectname) [2ms]
2026-09-12 17:39:19.073 [info] > git status -z -uall [9ms]
2026-09-12 17:39:19.387 [info] > git check-ignore -v -z --stdin [2ms]
2026-09-12 17:39:20.912 [info] > git check-ignore -v -z --stdin [14ms]
2026-09-12 17:39:21.380 [info] > git check-ignore -v -z --stdin [1ms]
2026-09-12 17:39:22.057 [info] > git check-ignore -v -z --stdin [1ms]
2026-09-12 17:39:22.355 [info] > git check-ignore -v -z --stdin [1ms]
2026-09-12 17:39:23.924 [info] > git check-ignore -v -z --stdin [1ms]
2026-09-12 17:39:24.101 [info] > git config --get commit.template [5ms]
2026-09-12 17:39:24.110 [info] > git for-each-ref --format=%(refname)%00%(upstream:short)%00%(objectname)%00%(upstream:track)%00%(upstream:remotename)%00%(upstream:remoteref) refs/heads/main refs/remotes/main [2ms]
2026-09-12 17:39:24.126 [info] > git status -z -uall [9ms]
2026-09-12 17:39:24.128 [info] > git for-each-ref --sort -committerdate --format %(refname)%00%(objectname)%00%(*objectname) [3ms]
2026-09-12 17:39:24.546 [info] > git check-ignore -v -z --stdin [2ms]
2026-09-12 17:39:29.152 [info] > git config --get commit.template [2ms]
2026-09-12 17:39:29.192 [info] > git for-each-ref --format=%(refname)%00%(upstream:short)%00%(objectname)%00%(upstream:track)%00%(upstream:remotename)%00%(upstream:remoteref) refs/heads/main refs/remotes/main [24ms]
2026-09-12 17:39:29.227 [info] > git for-each-ref --sort -committerdate --format %(refname)%00%(objectname)%00%(*objectname) [3ms]
2026-09-12 17:39:29.240 [info] > git status -z -uall [25ms]
2026-09-12 17:39:29.557 [info] > git check-ignore -v -z --stdin [5ms]
2026-09-12 17:39:37.538 [info] > git config --get commit.template [5ms]
2026-09-12 17:39:37.539 [info] > git for-each-ref --format=%(refname)%00%(upstream:short)%00%(objectname)%00%(upstream:track)%00%(upstream:remotename)%00%(upstream:remoteref) refs/heads/main refs/remotes/main [2ms]
2026-09-12 17:39:37.550 [info] > git for-each-ref --sort -committerdate --format %(refname)%00%(objectname)%00%(*objectname) [2ms]
2026-09-12 17:39:37.553 [info] > git status -z -uall [10ms]
2026-09-12 17:39:37.870 [info] > git check-ignore -v -z --stdin [2ms]
2026-09-12 17:39:44.635 [info] > git check-ignore -v -z --stdin [3ms]
2026-09-12 17:39:44.709 [info] > git show --textconv :Python/django/SOA/OrientationApp/templates/Orientation.html [22ms]
2026-09-12 17:39:44.710 [info] > git ls-files --stage -- Python/django/SOA/OrientationApp/templates/Orientation.html [15ms]
2026-09-12 17:39:44.727 [info] > git cat-file -s 13af512edcfe005a9cf1a537e2d521be3548f5fe [7ms]
2026-09-12 17:39:52.079 [info] > git check-ignore -v -z --stdin [1ms]
2026-09-12 17:39:53.991 [info] > git config --get commit.template [3ms]
2026-09-12 17:39:53.996 [info] > git for-each-ref --format=%(refname)%00%(upstream:short)%00%(objectname)%00%(upstream:track)%00%(upstream:remotename)%00%(upstream:remoteref) refs/heads/main refs/remotes/main [1ms]
2026-09-12 17:39:54.011 [info] > git for-each-ref --sort -committerdate --format %(refname)%00%(objectname)%00%(*objectname) [2ms]
2026-09-12 17:39:54.012 [info] > git status -z -uall [10ms]
2026-09-12 17:39:54.327 [info] > git check-ignore -v -z --stdin [1ms]
2026-09-12 17:39:54.843 [info] > git check-ignore -v -z --stdin [2ms]
2026-09-12 17:39:56.209 [info] > git check-ignore -v -z --stdin [1ms]
2026-09-12 17:39:57.951 [info] > git check-ignore -v -z --stdin [1ms]
2026-09-12 17:39:58.141 [info] > git check-ignore -v -z --stdin [2ms]
2026-09-12 17:39:58.699 [info] > git check-ignore -v -z --stdin [3ms]
2026-09-12 17:39:59.030 [info] > git config --get commit.template [2ms]
2026-09-12 17:39:59.044 [info] > git for-each-ref --format=%(refname)%00%(upstream:short)%00%(objectname)%00%(upstream:track)%00%(upstream:remotename)%00%(upstream:remoteref) refs/heads/main refs/remotes/main [3ms]
2026-09-12 17:39:59.080 [info] > git status -z -uall [19ms]
2026-09-12 17:39:59.081 [info] > git for-each-ref --sort -committerdate --format %(refname)%00%(objectname)%00%(*objectname) [4ms]
2026-09-12 17:39:59.435 [info] > git check-ignore -v -z --stdin [3ms]
2026-09-12 17:40:00.751 [info] > git check-ignore -v -z --stdin [2ms]
2026-09-12 17:40:01.397 [info] > git check-ignore -v -z --stdin [4ms]
2026-09-12 17:40:01.735 [info] > git check-ignore -v -z --stdin [1ms]
2026-09-12 17:40:01.955 [info] > git check-ignore -v -z --stdin [1ms]
2026-09-12 17:40:02.575 [info] > git check-ignore -v -z --stdin [2ms]
2026-09-12 17:40:03.624 [info] > git check-ignore -v -z --stdin [2ms]
2026-09-12 17:40:04.470 [info] > git config --get commit.template [7ms]
2026-09-12 17:40:04.470 [info] > git for-each-ref --format=%(refname)%00%(upstream:short)%00%(objectname)%00%(upstream:track)%00%(upstream:remotename)%00%(upstream:remoteref) refs/heads/main refs/remotes/main [1ms]
2026-09-12 17:40:04.483 [info] > git for-each-ref --sort -committerdate --format %(refname)%00%(objectname)%00%(*objectname) [2ms]
2026-09-12 17:40:04.486 [info] > git status -z -uall [10ms]
2026-09-12 17:40:04.802 [info] > git check-ignore -v -z --stdin [2ms]
2026-09-12 17:40:06.608 [info] > git check-ignore -v -z --stdin [1ms]
2026-09-12 17:40:07.604 [info] > git check-ignore -v -z --stdin [2ms]
2026-09-12 17:40:09.504 [info] > git config --get commit.template [6ms]
2026-09-12 17:40:09.505 [info] > git for-each-ref --format=%(refname)%00%(upstream:short)%00%(objectname)%00%(upstream:track)%00%(upstream:remotename)%00%(upstream:remoteref) refs/heads/main refs/remotes/main [1ms]
2026-09-12 17:40:09.517 [info] > git for-each-ref --sort -committerdate --format %(refname)%00%(objectname)%00%(*objectname) [2ms]
2026-09-12 17:40:09.519 [info] > git status -z -uall [9ms]
2026-09-12 17:40:09.834 [info] > git check-ignore -v -z --stdin [2ms]
2026-09-12 17:40:10.198 [info] > git check-ignore -v -z --stdin [3ms]
2026-09-12 17:40:11.021 [info] > git check-ignore -v -z --stdin [2ms]
2026-09-12 17:40:11.310 [info] > git check-ignore -v -z --stdin [2ms]
2026-09-12 17:40:12.114 [info] > git check-ignore -v -z --stdin [4ms]
2026-09-12 17:40:12.500 [info] > git check-ignore -v -z --stdin [2ms]
2026-09-12 17:40:12.743 [info] > git check-ignore -v -z --stdin [2ms]
2026-09-12 17:40:13.237 [info] > git check-ignore -v -z --stdin [2ms]
2026-09-12 17:40:13.465 [info] > git check-ignore -v -z --stdin [2ms]
2026-09-12 17:40:14.013 [info] > git check-ignore -v -z --stdin [2ms]
2026-09-12 17:40:15.672 [info] > git check-ignore -v -z --stdin [2ms]
2026-09-12 17:40:15.909 [info] > git config --get commit.template [5ms]
2026-09-12 17:40:15.910 [info] > git for-each-ref --format=%(refname)%00%(upstream:short)%00%(objectname)%00%(upstream:track)%00%(upstream:remotename)%00%(upstream:remoteref) refs/heads/main refs/remotes/main [1ms]
2026-09-12 17:40:15.923 [info] > git for-each-ref --sort -committerdate --format %(refname)%00%(objectname)%00%(*objectname) [2ms]
2026-09-12 17:40:15.926 [info] > git status -z -uall [10ms]
2026-09-12 17:40:16.381 [info] > git check-ignore -v -z --stdin [2ms]
2026-09-12 17:40:16.903 [info] > git check-ignore -v -z --stdin [1ms]
2026-09-12 17:40:17.190 [info] > git check-ignore -v -z --stdin [1ms]
2026-09-12 17:40:17.897 [info] > git check-ignore -v -z --stdin [2ms]
2026-09-12 17:40:18.472 [info] > git check-ignore -v -z --stdin [2ms]
2026-09-12 17:40:19.148 [info] > git check-ignore -v -z --stdin [1ms]
2026-09-12 17:40:19.489 [info] > git check-ignore -v -z --stdin [1ms]
2026-09-12 17:40:19.755 [info] > git check-ignore -v -z --stdin [2ms]
2026-09-12 17:40:20.015 [info] > git check-ignore -v -z --stdin [2ms]
2026-09-12 17:40:20.232 [info] > git check-ignore -v -z --stdin [2ms]
2026-09-12 17:40:21.091 [info] > git check-ignore -v -z --stdin [3ms]
2026-09-12 17:40:21.611 [info] > git check-ignore -v -z --stdin [1ms]
2026-09-12 17:40:21.865 [info] > git check-ignore -v -z --stdin [1ms]
2026-09-12 17:40:22.354 [info] > git check-ignore -v -z --stdin [3ms]
2026-09-12 17:40:22.704 [info] > git check-ignore -v -z --stdin [2ms]
2026-09-12 17:40:22.935 [info] > git check-ignore -v -z --stdin [3ms]
2026-09-12 17:40:23.833 [info] > git check-ignore -v -z --stdin [2ms]
2026-09-12 17:40:24.205 [info] > git check-ignore -v -z --stdin [2ms]
2026-09-12 17:40:24.925 [info] > git check-ignore -v -z --stdin [3ms]
2026-09-12 17:40:25.816 [info] > git check-ignore -v -z --stdin [7ms]
2026-09-12 17:40:26.039 [info] > git check-ignore -v -z --stdin [3ms]
2026-09-12 17:40:26.427 [info] > git check-ignore -v -z --stdin [2ms]
2026-09-12 17:40:27.067 [info] > git check-ignore -v -z --stdin [3ms]
2026-09-12 17:40:27.360 [info] > git check-ignore -v -z --stdin [2ms]
2026-09-12 17:40:27.974 [info] > git check-ignore -v -z --stdin [2ms]
2026-09-12 17:40:28.472 [info] > git check-ignore -v -z --stdin [2ms]
2026-09-12 17:40:29.146 [info] > git check-ignore -v -z --stdin [2ms]
2026-09-12 17:40:31.039 [info] > git config --get commit.template [6ms]
2026-09-12 17:40:31.041 [info] > git for-each-ref --format=%(refname)%00%(upstream:short)%00%(objectname)%00%(upstream:track)%00%(upstream:remotename)%00%(upstream:remoteref) refs/heads/main refs/remotes/main [2ms]
2026-09-12 17:40:31.053 [info] > git for-each-ref --sort -committerdate --format %(refname)%00%(objectname)%00%(*objectname) [2ms]
2026-09-12 17:40:31.055 [info] > git status -z -uall [8ms]
2026-09-12 17:40:31.493 [info] > git check-ignore -v -z --stdin [2ms]
2026-09-12 17:40:32.190 [info] > git check-ignore -v -z --stdin [2ms]
2026-09-12 17:40:33.046 [info] > git check-ignore -v -z --stdin [1ms]
2026-09-12 17:40:33.622 [info] > git check-ignore -v -z --stdin [1ms]
2026-09-12 17:40:35.607 [info] > git check-ignore -v -z --stdin [2ms]
2026-09-12 17:40:36.073 [info] > git config --get commit.template [5ms]
2026-09-12 17:40:36.074 [info] > git for-each-ref --format=%(refname)%00%(upstream:short)%00%(objectname)%00%(upstream:track)%00%(upstream:remotename)%00%(upstream:remoteref) refs/heads/main refs/remotes/main [2ms]
2026-09-12 17:40:36.086 [info] > git for-each-ref --sort -committerdate --format %(refname)%00%(objectname)%00%(*objectname) [2ms]
2026-09-12 17:40:36.088 [info] > git status -z -uall [8ms]
2026-09-12 17:40:36.405 [info] > git check-ignore -v -z --stdin [3ms]
2026-09-12 17:40:37.287 [info] > git check-ignore -v -z --stdin [4ms]
2026-09-12 17:40:38.207 [info] > git check-ignore -v -z --stdin [2ms]
2026-09-12 17:40:40.450 [info] > git check-ignore -v -z --stdin [1ms]
2026-09-12 17:40:41.105 [info] > git config --get commit.template [6ms]
2026-09-12 17:40:41.107 [info] > git for-each-ref --format=%(refname)%00%(upstream:short)%00%(objectname)%00%(upstream:track)%00%(upstream:remotename)%00%(upstream:remoteref) refs/heads/main refs/remotes/main [3ms]
2026-09-12 17:40:41.120 [info] > git for-each-ref --sort -committerdate --format %(refname)%00%(objectname)%00%(*objectname) [1ms]
2026-09-12 17:40:41.123 [info] > git status -z -uall [9ms]
2026-09-12 17:40:41.436 [info] > git check-ignore -v -z --stdin [1ms]
2026-09-12 17:40:43.300 [info] > git check-ignore -v -z --stdin [1ms]
2026-09-12 17:40:43.595 [info] > git check-ignore -v -z --stdin [2ms]
2026-09-12 17:40:44.474 [info] > git check-ignore -v -z --stdin [2ms]
2026-09-12 17:40:44.774 [info] > git check-ignore -v -z --stdin [2ms]
2026-09-12 17:40:46.137 [info] > git config --get commit.template [2ms]
2026-09-12 17:40:46.144 [info] > git for-each-ref --format=%(refname)%00%(upstream:short)%00%(objectname)%00%(upstream:track)%00%(upstream:remotename)%00%(upstream:remoteref) refs/heads/main refs/remotes/main [2ms]
2026-09-12 17:40:46.156 [info] > git for-each-ref --sort -committerdate --format %(refname)%00%(objectname)%00%(*objectname) [1ms]
2026-09-12 17:40:46.159 [info] > git status -z -uall [9ms]
2026-09-12 17:40:46.513 [info] > git check-ignore -v -z --stdin [2ms]
2026-09-12 17:40:47.931 [info] > git check-ignore -v -z --stdin [3ms]
2026-09-12 17:40:48.904 [info] > git check-ignore -v -z --stdin [3ms]
2026-09-12 17:40:49.655 [info] > git check-ignore -v -z --stdin [2ms]
2026-09-12 17:40:49.944 [info] > git check-ignore -v -z --stdin [2ms]
2026-09-12 17:40:50.839 [info] > git check-ignore -v -z --stdin [4ms]
2026-09-12 17:40:51.177 [info] > git config --get commit.template [7ms]
2026-09-12 17:40:51.178 [info] > git for-each-ref --format=%(refname)%00%(upstream:short)%00%(objectname)%00%(upstream:track)%00%(upstream:remotename)%00%(upstream:remoteref) refs/heads/main refs/remotes/main [2ms]
2026-09-12 17:40:51.188 [info] > git for-each-ref --sort -committerdate --format %(refname)%00%(objectname)%00%(*objectname) [1ms]
2026-09-12 17:40:51.191 [info] > git status -z -uall [8ms]
2026-09-12 17:40:51.506 [info] > git check-ignore -v -z --stdin [2ms]
2026-09-12 17:40:56.218 [info] > git config --get commit.template [12ms]
2026-09-12 17:40:56.220 [info] > git for-each-ref --format=%(refname)%00%(upstream:short)%00%(objectname)%00%(upstream:track)%00%(upstream:remotename)%00%(upstream:remoteref) refs/heads/main refs/remotes/main [3ms]
2026-09-12 17:40:56.253 [info] > git status -z -uall [23ms]
2026-09-12 17:40:56.254 [info] > git for-each-ref --sort -committerdate --format %(refname)%00%(objectname)%00%(*objectname) [2ms]
2026-09-12 17:40:56.602 [info] > git check-ignore -v -z --stdin [3ms]
2026-09-12 17:41:13.180 [info] > git check-ignore -v -z --stdin [2ms]
2026-09-12 17:41:15.089 [info] > git config --get commit.template [6ms]
2026-09-12 17:41:15.090 [info] > git for-each-ref --format=%(refname)%00%(upstream:short)%00%(objectname)%00%(upstream:track)%00%(upstream:remotename)%00%(upstream:remoteref) refs/heads/main refs/remotes/main [2ms]
2026-09-12 17:41:15.100 [info] > git for-each-ref --sort -committerdate --format %(refname)%00%(objectname)%00%(*objectname) [1ms]
2026-09-12 17:41:15.104 [info] > git status -z -uall [10ms]
2026-09-12 17:41:15.623 [info] > git check-ignore -v -z --stdin [2ms]
2026-09-12 17:41:16.979 [info] > git check-ignore -v -z --stdin [3ms]
2026-09-12 17:41:19.487 [info] > git check-ignore -v -z --stdin [2ms]
2026-09-12 17:41:20.122 [info] > git config --get commit.template [5ms]
2026-09-12 17:41:20.138 [info] > git for-each-ref --format=%(refname)%00%(upstream:short)%00%(objectname)%00%(upstream:track)%00%(upstream:remotename)%00%(upstream:remoteref) refs/heads/main refs/remotes/main [6ms]
2026-09-12 17:41:20.180 [info] > git status -z -uall [22ms]
2026-09-12 17:41:20.184 [info] > git for-each-ref --sort -committerdate --format %(refname)%00%(objectname)%00%(*objectname) [5ms]
2026-09-12 17:41:20.507 [info] > git check-ignore -v -z --stdin [2ms]
2026-09-12 17:41:21.647 [info] > git check-ignore -v -z --stdin [2ms]
2026-09-12 17:41:25.209 [info] > git config --get commit.template [9ms]
2026-09-12 17:41:25.210 [info] > git for-each-ref --format=%(refname)%00%(upstream:short)%00%(objectname)%00%(upstream:track)%00%(upstream:remotename)%00%(upstream:remoteref) refs/heads/main refs/remotes/main [2ms]
2026-09-12 17:41:25.225 [info] > git for-each-ref --sort -committerdate --format %(refname)%00%(objectname)%00%(*objectname) [2ms]
2026-09-12 17:41:25.227 [info] > git status -z -uall [10ms]
2026-09-12 17:41:25.544 [info] > git check-ignore -v -z --stdin [3ms]
2026-09-12 17:42:08.246 [info] > git check-ignore -v -z --stdin [3ms]
2026-09-12 17:42:10.136 [info] > git config --get commit.template [6ms]
2026-09-12 17:42:10.138 [info] > git for-each-ref --format=%(refname)%00%(upstream:short)%00%(objectname)%00%(upstream:track)%00%(upstream:remotename)%00%(upstream:remoteref) refs/heads/main refs/remotes/main [3ms]
2026-09-12 17:42:10.152 [info] > git for-each-ref --sort -committerdate --format %(refname)%00%(objectname)%00%(*objectname) [2ms]
2026-09-12 17:42:10.156 [info] > git status -z -uall [11ms]
2026-09-12 17:42:10.480 [info] > git check-ignore -v -z --stdin [2ms]
2026-09-12 17:42:12.693 [info] > git check-ignore -v -z --stdin [3ms]
2026-09-12 17:42:13.070 [info] > git check-ignore -v -z --stdin [2ms]
2026-09-12 17:42:15.194 [info] > git config --get commit.template [17ms]
2026-09-12 17:42:15.196 [info] > git for-each-ref --format=%(refname)%00%(upstream:short)%00%(objectname)%00%(upstream:track)%00%(upstream:remotename)%00%(upstream:remoteref) refs/heads/main refs/remotes/main [3ms]
2026-09-12 17:42:15.220 [info] > git for-each-ref --sort -committerdate --format %(refname)%00%(objectname)%00%(*objectname) [2ms]
2026-09-12 17:42:15.223 [info] > git status -z -uall [16ms]
2026-09-12 17:42:15.536 [info] > git check-ignore -v -z --stdin [1ms]
2026-09-12 17:42:26.429 [info] > git check-ignore -v -z --stdin [1ms]
2026-09-12 17:42:27.007 [info] > git check-ignore -v -z --stdin [2ms]
2026-09-12 17:42:27.485 [info] > git check-ignore -v -z --stdin [2ms]
2026-09-12 17:42:29.400 [info] > git config --get commit.template [14ms]
2026-09-12 17:42:29.411 [info] > git for-each-ref --format=%(refname)%00%(upstream:short)%00%(objectname)%00%(upstream:track)%00%(upstream:remotename)%00%(upstream:remoteref) refs/heads/main refs/remotes/main [12ms]
2026-09-12 17:42:29.449 [info] > git status -z -uall [27ms]
2026-09-12 17:42:29.452 [info] > git for-each-ref --sort -committerdate --format %(refname)%00%(objectname)%00%(*objectname) [10ms]
2026-09-12 17:42:29.783 [info] > git check-ignore -v -z --stdin [2ms]
2026-09-12 17:42:34.806 [info] > git check-ignore -v -z --stdin [2ms]
2026-09-12 17:42:36.151 [info] > git check-ignore -v -z --stdin [4ms]
2026-09-12 17:42:36.668 [info] > git config --get commit.template [5ms]
2026-09-12 17:42:36.668 [info] > git for-each-ref --format=%(refname)%00%(upstream:short)%00%(objectname)%00%(upstream:track)%00%(upstream:remotename)%00%(upstream:remoteref) refs/heads/main refs/remotes/main [1ms]
2026-09-12 17:42:36.680 [info] > git for-each-ref --sort -committerdate --format %(refname)%00%(objectname)%00%(*objectname) [1ms]
2026-09-12 17:42:36.683 [info] > git status -z -uall [9ms]
2026-09-12 17:42:37.010 [info] > git check-ignore -v -z --stdin [3ms]
2026-09-12 17:42:41.705 [info] > git config --get commit.template [7ms]
2026-09-12 17:42:41.707 [info] > git for-each-ref --format=%(refname)%00%(upstream:short)%00%(objectname)%00%(upstream:track)%00%(upstream:remotename)%00%(upstream:remoteref) refs/heads/main refs/remotes/main [3ms]
2026-09-12 17:42:41.722 [info] > git for-each-ref --sort -committerdate --format %(refname)%00%(objectname)%00%(*objectname) [1ms]
2026-09-12 17:42:41.726 [info] > git status -z -uall [11ms]
2026-09-12 17:42:42.048 [info] > git check-ignore -v -z --stdin [1ms]
2026-09-12 17:43:03.584 [info] > git check-ignore -v -z --stdin [3ms]
2026-09-12 17:43:03.636 [info] > git show --textconv :Python/django/SOA/OrientationApp/templates/Orientation.html [10ms]
2026-09-12 17:43:03.638 [info] > git ls-files --stage -- Python/django/SOA/OrientationApp/templates/Orientation.html [3ms]
2026-09-12 17:43:03.649 [info] > git cat-file -s 13af512edcfe005a9cf1a537e2d521be3548f5fe [2ms]
2026-09-12 17:43:16.965 [info] > git config --get commit.template [13ms]
2026-09-12 17:43:16.967 [info] > git for-each-ref --format=%(refname)%00%(upstream:short)%00%(objectname)%00%(upstream:track)%00%(upstream:remotename)%00%(upstream:remoteref) refs/heads/main refs/remotes/main [3ms]
2026-09-12 17:43:17.001 [info] > git for-each-ref --sort -committerdate --format %(refname)%00%(objectname)%00%(*objectname) [3ms]
2026-09-12 17:43:17.005 [info] > git status -z -uall [21ms]
2026-09-12 17:43:18.261 [info] > git check-ignore -v -z --stdin [3ms]
2026-09-12 17:43:18.317 [info] > git show --textconv :Python/django/SOA/OrientationApp/templates/Orientation.html [21ms]
2026-09-12 17:43:18.322 [info] > git ls-files --stage -- Python/django/SOA/OrientationApp/templates/Orientation.html [5ms]
2026-09-12 17:43:18.335 [info] > git cat-file -s 13af512edcfe005a9cf1a537e2d521be3548f5fe [4ms]
2026-09-12 17:43:22.037 [info] > git config --get commit.template [13ms]
2026-09-12 17:43:22.039 [info] > git for-each-ref --format=%(refname)%00%(upstream:short)%00%(objectname)%00%(upstream:track)%00%(upstream:remotename)%00%(upstream:remoteref) refs/heads/main refs/remotes/main [4ms]
2026-09-12 17:43:22.062 [info] > git for-each-ref --sort -committerdate --format %(refname)%00%(objectname)%00%(*objectname) [4ms]
2026-09-12 17:43:22.073 [info] > git status -z -uall [23ms]
2026-09-12 17:43:22.394 [info] > git check-ignore -v -z --stdin [2ms]
2026-09-12 17:44:02.609 [info] > git check-ignore -v -z --stdin [5ms]
2026-09-12 17:44:02.700 [info] > git show --textconv :Python/django/SOA/OrientationApp/templates/Orientation.html [18ms]
2026-09-12 17:44:02.702 [info] > git ls-files --stage -- Python/django/SOA/OrientationApp/templates/Orientation.html [3ms]
2026-09-12 17:44:02.732 [info] > git cat-file -s 13af512edcfe005a9cf1a537e2d521be3548f5fe [11ms]
2026-09-12 17:44:18.692 [info] > git check-ignore -v -z --stdin [1ms]
2026-09-12 17:44:20.590 [info] > git config --get commit.template [2ms]
2026-09-12 17:44:20.599 [info] > git for-each-ref --format=%(refname)%00%(upstream:short)%00%(objectname)%00%(upstream:track)%00%(upstream:remotename)%00%(upstream:remoteref) refs/heads/main refs/remotes/main [2ms]
2026-09-12 17:44:20.610 [info] > git for-each-ref --sort -committerdate --format %(refname)%00%(objectname)%00%(*objectname) [1ms]
2026-09-12 17:44:20.614 [info] > git status -z -uall [10ms]
2026-09-12 17:44:20.928 [info] > git check-ignore -v -z --stdin [1ms]
2026-09-12 17:44:25.634 [info] > git config --get commit.template [8ms]
2026-09-12 17:44:25.635 [info] > git for-each-ref --format=%(refname)%00%(upstream:short)%00%(objectname)%00%(upstream:track)%00%(upstream:remotename)%00%(upstream:remoteref) refs/heads/main refs/remotes/main [2ms]
2026-09-12 17:44:25.649 [info] > git for-each-ref --sort -committerdate --format %(refname)%00%(objectname)%00%(*objectname) [2ms]
2026-09-12 17:44:25.651 [info] > git status -z -uall [10ms]
2026-09-12 17:44:25.963 [info] > git check-ignore -v -z --stdin [1ms]
2026-09-12 17:44:30.670 [info] > git config --get commit.template [8ms]
2026-09-12 17:44:30.672 [info] > git for-each-ref --format=%(refname)%00%(upstream:short)%00%(objectname)%00%(upstream:track)%00%(upstream:remotename)%00%(upstream:remoteref) refs/heads/main refs/remotes/main [2ms]
2026-09-12 17:44:30.687 [info] > git for-each-ref --sort -committerdate --format %(refname)%00%(objectname)%00%(*objectname) [2ms]
2026-09-12 17:44:30.690 [info] > git status -z -uall [11ms]
2026-09-12 17:44:31.011 [info] > git check-ignore -v -z --stdin [2ms]
2026-09-12 17:44:35.710 [info] > git config --get commit.template [8ms]
2026-09-12 17:44:35.712 [info] > git for-each-ref --format=%(refname)%00%(upstream:short)%00%(objectname)%00%(upstream:track)%00%(upstream:remotename)%00%(upstream:remoteref) refs/heads/main refs/remotes/main [3ms]
2026-09-12 17:44:35.728 [info] > git for-each-ref --sort -committerdate --format %(refname)%00%(objectname)%00%(*objectname) [2ms]
2026-09-12 17:44:35.731 [info] > git status -z -uall [11ms]
2026-09-12 17:44:36.102 [info] > git check-ignore -v -z --stdin [27ms]
2026-09-12 17:44:41.267 [info] > git check-ignore -v -z --stdin [2ms]
2026-09-12 17:44:41.277 [info] > git show --textconv :Python/django/SOA/OrientationApp/views.py [1ms]
2026-09-12 17:44:41.297 [info] > git ls-files --stage -- Python/django/SOA/OrientationApp/views.py [5ms]
2026-09-12 17:44:41.313 [info] > git cat-file -s a409af7d5fe6ef2a9c6148795980612bca67ea42 [1ms]
2026-09-12 17:44:54.886 [info] > git check-ignore -v -z --stdin [3ms]
2026-09-12 17:44:55.793 [info] > git check-ignore -v -z --stdin [1ms]
2026-09-12 17:44:56.175 [info] > git check-ignore -v -z --stdin [1ms]
2026-09-12 17:44:56.874 [info] > git check-ignore -v -z --stdin [6ms]
2026-09-12 17:44:57.494 [info] > git check-ignore -v -z --stdin [9ms]
2026-09-12 17:44:59.271 [info] > git config --get commit.template [2ms]
2026-09-12 17:44:59.278 [info] > git for-each-ref --format=%(refname)%00%(upstream:short)%00%(objectname)%00%(upstream:track)%00%(upstream:remotename)%00%(upstream:remoteref) refs/heads/main refs/remotes/main [1ms]
2026-09-12 17:44:59.293 [info] > git for-each-ref --sort -committerdate --format %(refname)%00%(objectname)%00%(*objectname) [2ms]
2026-09-12 17:44:59.296 [info] > git status -z -uall [10ms]
2026-09-12 17:44:59.632 [info] > git check-ignore -v -z --stdin [7ms]
2026-09-12 17:44:59.820 [info] > git check-ignore -v -z --stdin [2ms]
2026-09-12 17:45:00.546 [info] > git check-ignore -v -z --stdin [2ms]
2026-09-12 17:45:00.891 [info] > git check-ignore -v -z --stdin [2ms]
2026-09-12 17:45:01.320 [info] > git check-ignore -v -z --stdin [2ms]
2026-09-12 17:45:03.044 [info] > git check-ignore -v -z --stdin [2ms]
2026-09-12 17:45:03.501 [info] > git check-ignore -v -z --stdin [1ms]
2026-09-12 17:45:04.026 [info] > git check-ignore -v -z --stdin [2ms]
2026-09-12 17:45:04.314 [info] > git config --get commit.template [4ms]
2026-09-12 17:45:04.316 [info] > git for-each-ref --format=%(refname)%00%(upstream:short)%00%(objectname)%00%(upstream:track)%00%(upstream:remotename)%00%(upstream:remoteref) refs/heads/main refs/remotes/main [2ms]
2026-09-12 17:45:04.338 [info] > git for-each-ref --sort -committerdate --format %(refname)%00%(objectname)%00%(*objectname) [2ms]
2026-09-12 17:45:04.342 [info] > git status -z -uall [18ms]
2026-09-12 17:45:04.664 [info] > git check-ignore -v -z --stdin [2ms]
2026-09-12 17:45:05.365 [info] > git check-ignore -v -z --stdin [0ms]
2026-09-12 17:45:06.392 [info] > git check-ignore -v -z --stdin [1ms]
2026-09-12 17:45:09.359 [info] > git config --get commit.template [5ms]
2026-09-12 17:45:09.360 [info] > git for-each-ref --format=%(refname)%00%(upstream:short)%00%(objectname)%00%(upstream:track)%00%(upstream:remotename)%00%(upstream:remoteref) refs/heads/main refs/remotes/main [2ms]
2026-09-12 17:45:09.375 [info] > git for-each-ref --sort -committerdate --format %(refname)%00%(objectname)%00%(*objectname) [2ms]
2026-09-12 17:45:09.377 [info] > git status -z -uall [10ms]
2026-09-12 17:45:09.693 [info] > git check-ignore -v -z --stdin [2ms]
2026-09-12 17:45:56.403 [info] > git config --get commit.template [1ms]
2026-09-12 17:45:56.423 [info] > git for-each-ref --format=%(refname)%00%(upstream:short)%00%(objectname)%00%(upstream:track)%00%(upstream:remotename)%00%(upstream:remoteref) refs/heads/main refs/remotes/main [8ms]
2026-09-12 17:45:56.484 [info] > git for-each-ref --sort -committerdate --format %(refname)%00%(objectname)%00%(*objectname) [19ms]
2026-09-12 17:45:56.490 [info] > git status -z -uall [44ms]
2026-09-12 17:45:56.834 [info] > git check-ignore -v -z --stdin [2ms]
2026-09-12 17:46:01.519 [info] > git config --get commit.template [14ms]
2026-09-12 17:46:01.520 [info] > git for-each-ref --format=%(refname)%00%(upstream:short)%00%(objectname)%00%(upstream:track)%00%(upstream:remotename)%00%(upstream:remoteref) refs/heads/main refs/remotes/main [2ms]
2026-09-12 17:46:01.548 [info] > git status -z -uall [17ms]
2026-09-12 17:46:01.550 [info] > git for-each-ref --sort -committerdate --format %(refname)%00%(objectname)%00%(*objectname) [3ms]
2026-09-12 17:46:01.864 [info] > git check-ignore -v -z --stdin [2ms]
2026-09-12 17:46:17.321 [info] > git check-ignore -v -z --stdin [1ms]
2026-09-12 17:46:18.163 [info] > git check-ignore -v -z --stdin [1ms]
2026-09-12 17:46:18.721 [info] > git check-ignore -v -z --stdin [6ms]
2026-09-12 17:46:20.630 [info] > git config --get commit.template [6ms]
2026-09-12 17:46:20.631 [info] > git for-each-ref --format=%(refname)%00%(upstream:short)%00%(objectname)%00%(upstream:track)%00%(upstream:remotename)%00%(upstream:remoteref) refs/heads/main refs/remotes/main [1ms]
2026-09-12 17:46:20.643 [info] > git for-each-ref --sort -committerdate --format %(refname)%00%(objectname)%00%(*objectname) [1ms]
2026-09-12 17:46:20.645 [info] > git status -z -uall [9ms]
2026-09-12 17:46:20.977 [info] > git check-ignore -v -z --stdin [3ms]
2026-09-12 17:46:22.626 [info] > git check-ignore -v -z --stdin [5ms]
2026-09-12 17:46:25.667 [info] > git config --get commit.template [3ms]
2026-09-12 17:46:25.682 [info] > git for-each-ref --format=%(refname)%00%(upstream:short)%00%(objectname)%00%(upstream:track)%00%(upstream:remotename)%00%(upstream:remoteref) refs/heads/main refs/remotes/main [4ms]
2026-09-12 17:46:25.711 [info] > git status -z -uall [17ms]
2026-09-12 17:46:25.712 [info] > git for-each-ref --sort -committerdate --format %(refname)%00%(objectname)%00%(*objectname) [8ms]
2026-09-12 17:46:26.028 [info] > git check-ignore -v -z --stdin [1ms]
2026-09-12 17:46:30.754 [info] > git config --get commit.template [4ms]
2026-09-12 17:46:30.770 [info] > git for-each-ref --format=%(refname)%00%(upstream:short)%00%(objectname)%00%(upstream:track)%00%(upstream:remotename)%00%(upstream:remoteref) refs/heads/main refs/remotes/main [3ms]
2026-09-12 17:46:30.817 [info] > git status -z -uall [34ms]
2026-09-12 17:46:30.818 [info] > git for-each-ref --sort -committerdate --format %(refname)%00%(objectname)%00%(*objectname) [4ms]
2026-09-12 17:46:31.159 [info] > git check-ignore -v -z --stdin [4ms]
2026-09-12 17:46:35.844 [info] > git config --get commit.template [7ms]
2026-09-12 17:46:35.848 [info] > git for-each-ref --format=%(refname)%00%(upstream:short)%00%(objectname)%00%(upstream:track)%00%(upstream:remotename)%00%(upstream:remoteref) refs/heads/main refs/remotes/main [4ms]
2026-09-12 17:46:35.862 [info] > git for-each-ref --sort -committerdate --format %(refname)%00%(objectname)%00%(*objectname) [2ms]
2026-09-12 17:46:35.865 [info] > git status -z -uall [10ms]
2026-09-12 17:46:36.191 [info] > git check-ignore -v -z --stdin [2ms]
2026-09-12 17:46:45.094 [info] > git config --get commit.template [74ms]
2026-09-12 17:46:45.098 [info] > git for-each-ref --format=%(refname)%00%(upstream:short)%00%(objectname)%00%(upstream:track)%00%(upstream:remotename)%00%(upstream:remoteref) refs/heads/main refs/remotes/main [8ms]
2026-09-12 17:46:45.226 [info] > git status -z -uall [59ms]
2026-09-12 17:46:45.235 [info] > git for-each-ref --sort -committerdate --format %(refname)%00%(objectname)%00%(*objectname) [20ms]
2026-09-12 17:46:45.596 [info] > git check-ignore -v -z --stdin [2ms]
2026-09-12 17:46:50.260 [info] > git config --get commit.template [7ms]
2026-09-12 17:46:50.261 [info] > git for-each-ref --format=%(refname)%00%(upstream:short)%00%(objectname)%00%(upstream:track)%00%(upstream:remotename)%00%(upstream:remoteref) refs/heads/main refs/remotes/main [2ms]
2026-09-12 17:46:50.274 [info] > git for-each-ref --sort -committerdate --format %(refname)%00%(objectname)%00%(*objectname) [2ms]
2026-09-12 17:46:50.277 [info] > git status -z -uall [10ms]
2026-09-12 17:46:50.589 [info] > git check-ignore -v -z --stdin [1ms]
2026-09-12 17:46:54.666 [info] > git check-ignore -v -z --stdin [1ms]
2026-09-12 17:46:55.886 [info] > git check-ignore -v -z --stdin [1ms]
2026-09-12 17:46:56.563 [info] > git config --get commit.template [9ms]
2026-09-12 17:46:56.563 [info] > git for-each-ref --format=%(refname)%00%(upstream:short)%00%(objectname)%00%(upstream:track)%00%(upstream:remotename)%00%(upstream:remoteref) refs/heads/main refs/remotes/main [1ms]
2026-09-12 17:46:56.590 [info] > git for-each-ref --sort -committerdate --format %(refname)%00%(objectname)%00%(*objectname) [2ms]
2026-09-12 17:46:56.591 [info] > git status -z -uall [17ms]
2026-09-12 17:46:56.603 [info] > git check-ignore -v -z --stdin [2ms]
2026-09-12 17:46:56.934 [info] > git check-ignore -v -z --stdin [3ms]
2026-09-12 17:46:57.341 [info] > git check-ignore -v -z --stdin [2ms]
2026-09-12 17:46:58.120 [info] > git check-ignore -v -z --stdin [2ms]
2026-09-12 17:46:58.531 [info] > git check-ignore -v -z --stdin [1ms]
2026-09-12 17:47:01.641 [info] > git config --get commit.template [7ms]
2026-09-12 17:47:01.642 [info] > git for-each-ref --format=%(refname)%00%(upstream:short)%00%(objectname)%00%(upstream:track)%00%(upstream:remotename)%00%(upstream:remoteref) refs/heads/main refs/remotes/main [2ms]
2026-09-12 17:47:01.660 [info] > git for-each-ref --sort -committerdate --format %(refname)%00%(objectname)%00%(*objectname) [2ms]
2026-09-12 17:47:01.661 [info] > git status -z -uall [13ms]
2026-09-12 17:47:02.238 [info] > git check-ignore -v -z --stdin [3ms]
2026-09-12 17:47:06.674 [info] > git config --get commit.template [6ms]
2026-09-12 17:47:06.677 [info] > git for-each-ref --format=%(refname)%00%(upstream:short)%00%(objectname)%00%(upstream:track)%00%(upstream:remotename)%00%(upstream:remoteref) refs/heads/main refs/remotes/main [3ms]
2026-09-12 17:47:06.691 [info] > git for-each-ref --sort -committerdate --format %(refname)%00%(objectname)%00%(*objectname) [2ms]
2026-09-12 17:47:06.694 [info] > git status -z -uall [10ms]
2026-09-12 17:47:07.009 [info] > git check-ignore -v -z --stdin [2ms]
2026-09-12 17:47:11.710 [info] > git config --get commit.template [2ms]
2026-09-12 17:47:11.717 [info] > git for-each-ref --format=%(refname)%00%(upstream:short)%00%(objectname)%00%(upstream:track)%00%(upstream:remotename)%00%(upstream:remoteref) refs/heads/main refs/remotes/main [2ms]
2026-09-12 17:47:11.735 [info] > git for-each-ref --sort -committerdate --format %(refname)%00%(objectname)%00%(*objectname) [3ms]
2026-09-12 17:47:11.741 [info] > git status -z -uall [18ms]
2026-09-12 17:47:12.056 [info] > git check-ignore -v -z --stdin [2ms]
2026-09-12 17:47:19.833 [info] > git config --get commit.template [13ms]
2026-09-12 17:47:19.931 [info] > git for-each-ref --format=%(refname)%00%(upstream:short)%00%(objectname)%00%(upstream:track)%00%(upstream:remotename)%00%(upstream:remoteref) refs/heads/main refs/remotes/main [8ms]
2026-09-12 17:47:20.007 [info] > git status -z -uall [25ms]
2026-09-12 17:47:20.009 [info] > git for-each-ref --sort -committerdate --format %(refname)%00%(objectname)%00%(*objectname) [4ms]
2026-09-12 17:47:20.390 [info] > git check-ignore -v -z --stdin [4ms]
2026-09-12 17:47:25.033 [info] > git config --get commit.template [6ms]
2026-09-12 17:47:25.034 [info] > git for-each-ref --format=%(refname)%00%(upstream:short)%00%(objectname)%00%(upstream:track)%00%(upstream:remotename)%00%(upstream:remoteref) refs/heads/main refs/remotes/main [1ms]
2026-09-12 17:47:25.047 [info] > git for-each-ref --sort -committerdate --format %(refname)%00%(objectname)%00%(*objectname) [2ms]
2026-09-12 17:47:25.050 [info] > git status -z -uall [10ms]
2026-09-12 17:47:25.370 [info] > git check-ignore -v -z --stdin [1ms]
2026-09-12 17:47:30.952 [info] > git config --get commit.template [49ms]
2026-09-12 17:47:30.954 [info] > git for-each-ref --format=%(refname)%00%(upstream:short)%00%(objectname)%00%(upstream:track)%00%(upstream:remotename)%00%(upstream:remoteref) refs/heads/main refs/remotes/main [5ms]
2026-09-12 17:47:31.058 [info] > git status -z -uall [57ms]
2026-09-12 17:47:31.066 [info] > git for-each-ref --sort -committerdate --format %(refname)%00%(objectname)%00%(*objectname) [12ms]
2026-09-12 17:47:31.478 [info] > git check-ignore -v -z --stdin [11ms]
2026-09-12 17:47:40.824 [info] > git config --get commit.template [10ms]
2026-09-12 17:47:40.827 [info] > git for-each-ref --format=%(refname)%00%(upstream:short)%00%(objectname)%00%(upstream:track)%00%(upstream:remotename)%00%(upstream:remoteref) refs/heads/main refs/remotes/main [3ms]
2026-09-12 17:47:40.860 [info] > git for-each-ref --sort -committerdate --format %(refname)%00%(objectname)%00%(*objectname) [2ms]
2026-09-12 17:47:40.861 [info] > git status -z -uall [12ms]
2026-09-12 17:47:41.179 [info] > git check-ignore -v -z --stdin [2ms]
2026-09-12 17:47:45.872 [info] > git config --get commit.template [2ms]
2026-09-12 17:47:45.879 [info] > git for-each-ref --format=%(refname)%00%(upstream:short)%00%(objectname)%00%(upstream:track)%00%(upstream:remotename)%00%(upstream:remoteref) refs/heads/main refs/remotes/main [3ms]
2026-09-12 17:47:45.894 [info] > git for-each-ref --sort -committerdate --format %(refname)%00%(objectname)%00%(*objectname) [3ms]
2026-09-12 17:47:45.897 [info] > git status -z -uall [13ms]
2026-09-12 17:47:46.210 [info] > git check-ignore -v -z --stdin [2ms]
2026-09-12 17:47:50.779 [info] > git check-ignore -v -z --stdin [2ms]
2026-09-12 17:47:50.832 [info] > git show --textconv :Python/django/SOA/OrientationApp/templates/Orientation.html [21ms]
2026-09-12 17:47:50.839 [info] > git ls-files --stage -- Python/django/SOA/OrientationApp/templates/Orientation.html [9ms]
2026-09-12 17:47:50.873 [info] > git cat-file -s 13af512edcfe005a9cf1a537e2d521be3548f5fe [8ms]
2026-09-12 17:49:14.968 [info] > git check-ignore -v -z --stdin [11ms]
2026-09-12 17:49:15.016 [info] > git show --textconv :Python/django/SOA/OrientationApp/views.py [31ms]
2026-09-12 17:49:15.030 [info] > git ls-files --stage -- Python/django/SOA/OrientationApp/views.py [15ms]
2026-09-12 17:49:15.061 [info] > git cat-file -s a409af7d5fe6ef2a9c6148795980612bca67ea42 [8ms]
2026-09-12 17:49:24.717 [info] > git check-ignore -v -z --stdin [2ms]
2026-09-12 17:49:24.990 [info] > git check-ignore -v -z --stdin [2ms]
2026-09-12 17:49:26.946 [info] > git config --get commit.template [13ms]
2026-09-12 17:49:26.958 [info] > git check-ignore -v -z --stdin [13ms]
2026-09-12 17:49:26.961 [info] > git for-each-ref --format=%(refname)%00%(upstream:short)%00%(objectname)%00%(upstream:track)%00%(upstream:remotename)%00%(upstream:remoteref) refs/heads/main refs/remotes/main [4ms]
2026-09-12 17:49:26.986 [info] > git status -z -uall [17ms]
2026-09-12 17:49:26.987 [info] > git for-each-ref --sort -committerdate --format %(refname)%00%(objectname)%00%(*objectname) [5ms]
2026-09-12 17:49:27.527 [info] > git check-ignore -v -z --stdin [6ms]
2026-09-12 17:49:32.003 [info] > git config --get commit.template [1ms]
2026-09-12 17:49:32.011 [info] > git for-each-ref --format=%(refname)%00%(upstream:short)%00%(objectname)%00%(upstream:track)%00%(upstream:remotename)%00%(upstream:remoteref) refs/heads/main refs/remotes/main [2ms]
2026-09-12 17:49:32.023 [info] > git for-each-ref --sort -committerdate --format %(refname)%00%(objectname)%00%(*objectname) [2ms]
2026-09-12 17:49:32.024 [info] > git status -z -uall [8ms]
2026-09-12 17:49:32.339 [info] > git check-ignore -v -z --stdin [3ms]
2026-09-12 17:50:27.011 [info] > git check-ignore -v -z --stdin [2ms]
2026-09-12 17:50:27.334 [info] > git check-ignore -v -z --stdin [1ms]
2026-09-12 17:50:29.252 [info] > git config --get commit.template [3ms]
2026-09-12 17:50:29.262 [info] > git for-each-ref --format=%(refname)%00%(upstream:short)%00%(objectname)%00%(upstream:track)%00%(upstream:remotename)%00%(upstream:remoteref) refs/heads/main refs/remotes/main [2ms]
2026-09-12 17:50:29.279 [info] > git for-each-ref --sort -committerdate --format %(refname)%00%(objectname)%00%(*objectname) [4ms]
2026-09-12 17:50:29.280 [info] > git status -z -uall [10ms]
2026-09-12 17:50:29.624 [info] > git check-ignore -v -z --stdin [3ms]
2026-09-12 17:50:34.298 [info] > git config --get commit.template [1ms]
2026-09-12 17:50:34.312 [info] > git for-each-ref --format=%(refname)%00%(upstream:short)%00%(objectname)%00%(upstream:track)%00%(upstream:remotename)%00%(upstream:remoteref) refs/heads/main refs/remotes/main [2ms]
2026-09-12 17:50:34.338 [info] > git for-each-ref --sort -committerdate --format %(refname)%00%(objectname)%00%(*objectname) [4ms]
2026-09-12 17:50:34.343 [info] > git status -z -uall [20ms]
2026-09-12 17:50:34.667 [info] > git check-ignore -v -z --stdin [3ms]
2026-09-12 17:50:35.519 [info] > git check-ignore -v -z --stdin [4ms]
2026-09-12 17:50:35.546 [info] > git show --textconv :Python/django/SOA/OrientationApp/templates/Orientation.html [10ms]
2026-09-12 17:50:35.550 [info] > git ls-files --stage -- Python/django/SOA/OrientationApp/templates/Orientation.html [5ms]
2026-09-12 17:50:35.565 [info] > git cat-file -s 13af512edcfe005a9cf1a537e2d521be3548f5fe [3ms]
2026-09-12 17:50:44.407 [info] > git check-ignore -v -z --stdin [2ms]
2026-09-12 17:50:44.637 [info] > git check-ignore -v -z --stdin [1ms]
2026-09-12 17:50:45.110 [info] > git check-ignore -v -z --stdin [2ms]
2026-09-12 17:50:45.493 [info] > git check-ignore -v -z --stdin [1ms]
2026-09-12 17:50:47.391 [info] > git config --get commit.template [4ms]
2026-09-12 17:50:47.399 [info] > git for-each-ref --format=%(refname)%00%(upstream:short)%00%(objectname)%00%(upstream:track)%00%(upstream:remotename)%00%(upstream:remoteref) refs/heads/main refs/remotes/main [2ms]
2026-09-12 17:50:47.418 [info] > git status -z -uall [12ms]
2026-09-12 17:50:47.418 [info] > git for-each-ref --sort -committerdate --format %(refname)%00%(objectname)%00%(*objectname) [3ms]
2026-09-12 17:50:47.764 [info] > git check-ignore -v -z --stdin [7ms]
2026-09-12 17:50:49.736 [info] > git check-ignore -v -z --stdin [3ms]
2026-09-12 17:50:49.989 [info] > git check-ignore -v -z --stdin [2ms]
2026-09-12 17:50:52.134 [info] > git check-ignore -v -z --stdin [1ms]
2026-09-12 17:50:52.441 [info] > git config --get commit.template [1ms]
2026-09-12 17:50:52.457 [info] > git for-each-ref --format=%(refname)%00%(upstream:short)%00%(objectname)%00%(upstream:track)%00%(upstream:remotename)%00%(upstream:remoteref) refs/heads/main refs/remotes/main [1ms]
2026-09-12 17:50:52.504 [info] > git for-each-ref --sort -committerdate --format %(refname)%00%(objectname)%00%(*objectname) [11ms]
2026-09-12 17:50:52.506 [info] > git status -z -uall [22ms]
2026-09-12 17:50:52.821 [info] > git check-ignore -v -z --stdin [2ms]
2026-09-12 17:50:55.176 [info] > git check-ignore -v -z --stdin [6ms]
2026-09-12 17:50:55.387 [info] > git check-ignore -v -z --stdin [1ms]
2026-09-12 17:50:57.156 [info] > git check-ignore -v -z --stdin [2ms]
2026-09-12 17:50:57.523 [info] > git config --get commit.template [7ms]
2026-09-12 17:50:57.524 [info] > git for-each-ref --format=%(refname)%00%(upstream:short)%00%(objectname)%00%(upstream:track)%00%(upstream:remotename)%00%(upstream:remoteref) refs/heads/main refs/remotes/main [2ms]
2026-09-12 17:50:57.536 [info] > git for-each-ref --sort -committerdate --format %(refname)%00%(objectname)%00%(*objectname) [2ms]
2026-09-12 17:50:57.538 [info] > git status -z -uall [9ms]
2026-09-12 17:50:57.852 [info] > git check-ignore -v -z --stdin [2ms]
2026-09-12 17:51:02.558 [info] > git config --get commit.template [8ms]
2026-09-12 17:51:02.559 [info] > git for-each-ref --format=%(refname)%00%(upstream:short)%00%(objectname)%00%(upstream:track)%00%(upstream:remotename)%00%(upstream:remoteref) refs/heads/main refs/remotes/main [1ms]
2026-09-12 17:51:02.571 [info] > git for-each-ref --sort -committerdate --format %(refname)%00%(objectname)%00%(*objectname) [2ms]
2026-09-12 17:51:02.574 [info] > git status -z -uall [10ms]
2026-09-12 17:51:02.887 [info] > git check-ignore -v -z --stdin [2ms]
2026-09-12 17:51:10.409 [info] > git check-ignore -v -z --stdin [4ms]
2026-09-12 17:51:11.401 [info] > git check-ignore -v -z --stdin [3ms]
2026-09-12 17:51:13.247 [info] > git check-ignore -v -z --stdin [2ms]
2026-09-12 17:51:13.319 [info] > git config --get commit.template [4ms]
2026-09-12 17:51:13.329 [info] > git for-each-ref --format=%(refname)%00%(upstream:short)%00%(objectname)%00%(upstream:track)%00%(upstream:remotename)%00%(upstream:remoteref) refs/heads/main refs/remotes/main [3ms]
2026-09-12 17:51:13.346 [info] > git for-each-ref --sort -committerdate --format %(refname)%00%(objectname)%00%(*objectname) [4ms]
2026-09-12 17:51:13.347 [info] > git status -z -uall [13ms]
2026-09-12 17:51:13.664 [info] > git check-ignore -v -z --stdin [2ms]
2026-09-12 17:51:14.592 [info] > git check-ignore -v -z --stdin [2ms]
2026-09-12 17:51:16.170 [info] > git check-ignore -v -z --stdin [1ms]
2026-09-12 17:51:17.771 [info] > git check-ignore -v -z --stdin [2ms]
2026-09-12 17:51:18.363 [info] > git config --get commit.template [6ms]
2026-09-12 17:51:18.364 [info] > git for-each-ref --format=%(refname)%00%(upstream:short)%00%(objectname)%00%(upstream:track)%00%(upstream:remotename)%00%(upstream:remoteref) refs/heads/main refs/remotes/main [1ms]
2026-09-12 17:51:18.376 [info] > git for-each-ref --sort -committerdate --format %(refname)%00%(objectname)%00%(*objectname) [2ms]
2026-09-12 17:51:18.378 [info] > git status -z -uall [8ms]
2026-09-12 17:51:18.693 [info] > git check-ignore -v -z --stdin [2ms]
2026-09-12 17:51:23.394 [info] > git config --get commit.template [7ms]
2026-09-12 17:51:23.395 [info] > git for-each-ref --format=%(refname)%00%(upstream:short)%00%(objectname)%00%(upstream:track)%00%(upstream:remotename)%00%(upstream:remoteref) refs/heads/main refs/remotes/main [2ms]
2026-09-12 17:51:23.409 [info] > git for-each-ref --sort -committerdate --format %(refname)%00%(objectname)%00%(*objectname) [2ms]
2026-09-12 17:51:23.411 [info] > git status -z -uall [9ms]
2026-09-12 17:51:23.726 [info] > git check-ignore -v -z --stdin [2ms]
2026-09-12 17:51:26.449 [info] > git check-ignore -v -z --stdin [1ms]
2026-09-12 17:51:28.434 [info] > git config --get commit.template [11ms]
2026-09-12 17:51:28.435 [info] > git for-each-ref --format=%(refname)%00%(upstream:short)%00%(objectname)%00%(upstream:track)%00%(upstream:remotename)%00%(upstream:remoteref) refs/heads/main refs/remotes/main [2ms]
2026-09-12 17:51:28.464 [info] > git status -z -uall [22ms]
2026-09-12 17:51:28.467 [info] > git for-each-ref --sort -committerdate --format %(refname)%00%(objectname)%00%(*objectname) [4ms]
2026-09-12 17:51:28.789 [info] > git check-ignore -v -z --stdin [1ms]
2026-09-12 17:52:01.294 [info] > git check-ignore -v -z --stdin [4ms]
2026-09-12 17:52:01.333 [info] > git show --textconv :Python/django/SOA/OrientationApp/templates/Orientation.html [29ms]
2026-09-12 17:52:01.341 [info] > git ls-files --stage -- Python/django/SOA/OrientationApp/templates/Orientation.html [9ms]
2026-09-12 17:52:01.354 [info] > git cat-file -s 13af512edcfe005a9cf1a537e2d521be3548f5fe [4ms]
2026-09-12 17:52:03.209 [info] > git check-ignore -v -z --stdin [4ms]
2026-09-12 17:52:03.982 [info] > git check-ignore -v -z --stdin [2ms]
2026-09-12 17:52:04.512 [info] > git check-ignore -v -z --stdin [2ms]
2026-09-12 17:52:05.476 [info] > git check-ignore -v -z --stdin [1ms]
2026-09-12 17:52:05.693 [info] > git check-ignore -v -z --stdin [2ms]
2026-09-12 17:52:06.172 [info] > git check-ignore -v -z --stdin [2ms]
2026-09-12 17:52:06.492 [info] > git check-ignore -v -z --stdin [2ms]
2026-09-12 17:52:06.905 [info] > git check-ignore -v -z --stdin [2ms]
2026-09-12 17:52:07.582 [info] > git check-ignore -v -z --stdin [2ms]
2026-09-12 17:52:08.112 [info] > git check-ignore -v -z --stdin [1ms]
2026-09-12 17:52:08.636 [info] > git check-ignore -v -z --stdin [1ms]
2026-09-12 17:52:09.050 [info] > git check-ignore -v -z --stdin [2ms]
2026-09-12 17:52:09.444 [info] > git check-ignore -v -z --stdin [2ms]
2026-09-12 17:52:11.345 [info] > git config --get commit.template [3ms]
2026-09-12 17:52:11.360 [info] > git for-each-ref --format=%(refname)%00%(upstream:short)%00%(objectname)%00%(upstream:track)%00%(upstream:remotename)%00%(upstream:remoteref) refs/heads/main refs/remotes/main [4ms]
2026-09-12 17:52:11.397 [info] > git check-ignore -v -z --stdin [20ms]
2026-09-12 17:52:11.399 [info] > git for-each-ref --sort -committerdate --format %(refname)%00%(objectname)%00%(*objectname) [4ms]
2026-09-12 17:52:11.400 [info] > git status -z -uall [10ms]
2026-09-12 17:52:11.720 [info] > git check-ignore -v -z --stdin [2ms]
2026-09-12 17:52:12.333 [info] > git check-ignore -v -z --stdin [1ms]
2026-09-12 17:52:15.139 [info] > git check-ignore -v -z --stdin [5ms]
2026-09-12 17:52:15.404 [info] > git check-ignore -v -z --stdin [3ms]
2026-09-12 17:52:16.179 [info] > git check-ignore -v -z --stdin [2ms]
2026-09-12 17:52:16.417 [info] > git config --get commit.template [6ms]
2026-09-12 17:52:16.419 [info] > git for-each-ref --format=%(refname)%00%(upstream:short)%00%(objectname)%00%(upstream:track)%00%(upstream:remotename)%00%(upstream:remoteref) refs/heads/main refs/remotes/main [3ms]
2026-09-12 17:52:16.431 [info] > git for-each-ref --sort -committerdate --format %(refname)%00%(objectname)%00%(*objectname) [1ms]
2026-09-12 17:52:16.433 [info] > git status -z -uall [10ms]
2026-09-12 17:52:16.872 [info] > git check-ignore -v -z --stdin [3ms]
2026-09-12 17:52:18.547 [info] > git check-ignore -v -z --stdin [2ms]
2026-09-12 17:52:20.161 [info] > git check-ignore -v -z --stdin [3ms]
2026-09-12 17:52:21.447 [info] > git config --get commit.template [1ms]
2026-09-12 17:52:21.455 [info] > git for-each-ref --format=%(refname)%00%(upstream:short)%00%(objectname)%00%(upstream:track)%00%(upstream:remotename)%00%(upstream:remoteref) refs/heads/main refs/remotes/main [2ms]
2026-09-12 17:52:21.472 [info] > git for-each-ref --sort -committerdate --format %(refname)%00%(objectname)%00%(*objectname) [2ms]
2026-09-12 17:52:21.475 [info] > git status -z -uall [10ms]
2026-09-12 17:52:21.790 [info] > git check-ignore -v -z --stdin [1ms]
2026-09-12 17:52:26.495 [info] > git config --get commit.template [6ms]
2026-09-12 17:52:26.496 [info] > git for-each-ref --format=%(refname)%00%(upstream:short)%00%(objectname)%00%(upstream:track)%00%(upstream:remotename)%00%(upstream:remoteref) refs/heads/main refs/remotes/main [2ms]
2026-09-12 17:52:26.509 [info] > git for-each-ref --sort -committerdate --format %(refname)%00%(objectname)%00%(*objectname) [1ms]
2026-09-12 17:52:26.511 [info] > git status -z -uall [8ms]
2026-09-12 17:52:26.847 [info] > git check-ignore -v -z --stdin [2ms]
2026-09-12 17:52:32.948 [info] > git check-ignore -v -z --stdin [4ms]
2026-09-12 17:52:34.824 [info] > git config --get commit.template [8ms]
2026-09-12 17:52:34.826 [info] > git for-each-ref --format=%(refname)%00%(upstream:short)%00%(objectname)%00%(upstream:track)%00%(upstream:remotename)%00%(upstream:remoteref) refs/heads/main refs/remotes/main [3ms]
2026-09-12 17:52:34.837 [info] > git for-each-ref --sort -committerdate --format %(refname)%00%(objectname)%00%(*objectname) [1ms]
2026-09-12 17:52:34.841 [info] > git status -z -uall [10ms]
2026-09-12 17:52:34.910 [info] > git check-ignore -v -z --stdin [3ms]
2026-09-12 17:52:35.155 [info] > git check-ignore -v -z --stdin [2ms]
2026-09-12 17:52:38.814 [info] > git check-ignore -v -z --stdin [2ms]
2026-09-12 17:52:39.026 [info] > git check-ignore -v -z --stdin [1ms]
2026-09-12 17:52:39.812 [info] > git check-ignore -v -z --stdin [1ms]
2026-09-12 17:52:39.879 [info] > git config --get commit.template [10ms]
2026-09-12 17:52:39.882 [info] > git for-each-ref --format=%(refname)%00%(upstream:short)%00%(objectname)%00%(upstream:track)%00%(upstream:remotename)%00%(upstream:remoteref) refs/heads/main refs/remotes/main [3ms]
2026-09-12 17:52:39.908 [info] > git status -z -uall [17ms]
2026-09-12 17:52:39.912 [info] > git for-each-ref --sort -committerdate --format %(refname)%00%(objectname)%00%(*objectname) [4ms]
2026-09-12 17:52:40.224 [info] > git check-ignore -v -z --stdin [1ms]
2026-09-12 17:52:40.760 [info] > git check-ignore -v -z --stdin [1ms]
2026-09-12 17:52:41.271 [info] > git check-ignore -v -z --stdin [2ms]
2026-09-12 17:52:41.948 [info] > git check-ignore -v -z --stdin [2ms]
2026-09-12 17:52:43.353 [info] > git check-ignore -v -z --stdin [2ms]
2026-09-12 17:52:44.934 [info] > git config --get commit.template [9ms]
2026-09-12 17:52:44.934 [info] > git for-each-ref --format=%(refname)%00%(upstream:short)%00%(objectname)%00%(upstream:track)%00%(upstream:remotename)%00%(upstream:remoteref) refs/heads/main refs/remotes/main [2ms]
2026-09-12 17:52:44.945 [info] > git for-each-ref --sort -committerdate --format %(refname)%00%(objectname)%00%(*objectname) [0ms]
2026-09-12 17:52:44.949 [info] > git status -z -uall [10ms]
2026-09-12 17:52:45.261 [info] > git check-ignore -v -z --stdin [1ms]
2026-09-12 17:52:49.966 [info] > git config --get commit.template [6ms]
2026-09-12 17:52:49.968 [info] > git for-each-ref --format=%(refname)%00%(upstream:short)%00%(objectname)%00%(upstream:track)%00%(upstream:remotename)%00%(upstream:remoteref) refs/heads/main refs/remotes/main [2ms]
2026-09-12 17:52:49.979 [info] > git for-each-ref --sort -committerdate --format %(refname)%00%(objectname)%00%(*objectname) [2ms]
2026-09-12 17:52:49.981 [info] > git status -z -uall [8ms]
2026-09-12 17:52:50.298 [info] > git check-ignore -v -z --stdin [3ms]
2026-09-12 17:53:01.218 [info] > git check-ignore -v -z --stdin [3ms]
2026-09-12 17:53:03.115 [info] > git config --get commit.template [2ms]
2026-09-12 17:53:03.126 [info] > git for-each-ref --format=%(refname)%00%(upstream:short)%00%(objectname)%00%(upstream:track)%00%(upstream:remotename)%00%(upstream:remoteref) refs/heads/main refs/remotes/main [3ms]
2026-09-12 17:53:03.155 [info] > git status -z -uall [22ms]
2026-09-12 17:53:03.156 [info] > git for-each-ref --sort -committerdate --format %(refname)%00%(objectname)%00%(*objectname) [1ms]
2026-09-12 17:53:03.467 [info] > git check-ignore -v -z --stdin [1ms]
2026-09-12 17:53:18.633 [info] > git check-ignore -v -z --stdin [2ms]
2026-09-12 17:53:19.502 [info] > git check-ignore -v -z --stdin [14ms]
2026-09-12 17:53:21.379 [info] > git config --get commit.template [2ms]
2026-09-12 17:53:21.390 [info] > git for-each-ref --format=%(refname)%00%(upstream:short)%00%(objectname)%00%(upstream:track)%00%(upstream:remotename)%00%(upstream:remoteref) refs/heads/main refs/remotes/main [2ms]
2026-09-12 17:53:21.406 [info] > git for-each-ref --sort -committerdate --format %(refname)%00%(objectname)%00%(*objectname) [2ms]
2026-09-12 17:53:21.419 [info] > git status -z -uall [19ms]
2026-09-12 17:53:21.758 [info] > git check-ignore -v -z --stdin [2ms]
2026-09-12 17:53:28.043 [info] > git check-ignore -v -z --stdin [2ms]
2026-09-12 17:53:28.124 [info] > git show --textconv :Python/django/SOA/OrientationApp/templates/Orientation.html [17ms]
2026-09-12 17:53:28.125 [info] > git ls-files --stage -- Python/django/SOA/OrientationApp/templates/Orientation.html [2ms]
2026-09-12 17:53:28.137 [info] > git cat-file -s 13af512edcfe005a9cf1a537e2d521be3548f5fe [2ms]
2026-09-12 17:54:16.024 [info] > git config --get commit.template [6ms]
2026-09-12 17:54:16.025 [info] > git for-each-ref --format=%(refname)%00%(upstream:short)%00%(objectname)%00%(upstream:track)%00%(upstream:remotename)%00%(upstream:remoteref) refs/heads/main refs/remotes/main [2ms]
2026-09-12 17:54:16.039 [info] > git for-each-ref --sort -committerdate --format %(refname)%00%(objectname)%00%(*objectname) [3ms]
2026-09-12 17:54:16.041 [info] > git status -z -uall [10ms]
2026-09-12 17:54:16.368 [info] > git check-ignore -v -z --stdin [3ms]
2026-09-12 17:54:21.060 [info] > git config --get commit.template [2ms]
2026-09-12 17:54:21.076 [info] > git for-each-ref --format=%(refname)%00%(upstream:short)%00%(objectname)%00%(upstream:track)%00%(upstream:remotename)%00%(upstream:remoteref) refs/heads/main refs/remotes/main [4ms]
2026-09-12 17:54:21.106 [info] > git for-each-ref --sort -committerdate --format %(refname)%00%(objectname)%00%(*objectname) [2ms]
2026-09-12 17:54:21.110 [info] > git status -z -uall [20ms]
2026-09-12 17:54:21.433 [info] > git check-ignore -v -z --stdin [5ms]
2026-09-12 17:54:47.576 [info] > git check-ignore -v -z --stdin [1ms]
2026-09-12 17:54:49.435 [info] > git config --get commit.template [8ms]
2026-09-12 17:54:49.437 [info] > git for-each-ref --format=%(refname)%00%(upstream:short)%00%(objectname)%00%(upstream:track)%00%(upstream:remotename)%00%(upstream:remoteref) refs/heads/main refs/remotes/main [1ms]
2026-09-12 17:54:49.451 [info] > git for-each-ref --sort -committerdate --format %(refname)%00%(objectname)%00%(*objectname) [1ms]
2026-09-12 17:54:49.453 [info] > git status -z -uall [9ms]
2026-09-12 17:54:49.898 [info] > git check-ignore -v -z --stdin [2ms]
2026-09-12 17:54:54.479 [info] > git config --get commit.template [10ms]
2026-09-12 17:54:54.481 [info] > git for-each-ref --format=%(refname)%00%(upstream:short)%00%(objectname)%00%(upstream:track)%00%(upstream:remotename)%00%(upstream:remoteref) refs/heads/main refs/remotes/main [2ms]
2026-09-12 17:54:54.499 [info] > git for-each-ref --sort -committerdate --format %(refname)%00%(objectname)%00%(*objectname) [2ms]
2026-09-12 17:54:54.502 [info] > git status -z -uall [16ms]
2026-09-12 17:54:54.826 [info] > git check-ignore -v -z --stdin [2ms]
2026-09-12 17:55:09.975 [info] > git check-ignore -v -z --stdin [2ms]
2026-09-12 17:55:11.874 [info] > git config --get commit.template [6ms]
2026-09-12 17:55:11.875 [info] > git for-each-ref --format=%(refname)%00%(upstream:short)%00%(objectname)%00%(upstream:track)%00%(upstream:remotename)%00%(upstream:remoteref) refs/heads/main refs/remotes/main [2ms]
2026-09-12 17:55:11.887 [info] > git for-each-ref --sort -committerdate --format %(refname)%00%(objectname)%00%(*objectname) [1ms]
2026-09-12 17:55:11.891 [info] > git status -z -uall [10ms]
2026-09-12 17:55:12.206 [info] > git check-ignore -v -z --stdin [2ms]
2026-09-12 17:55:13.817 [info] > git check-ignore -v -z --stdin [1ms]
2026-09-12 17:55:16.909 [info] > git config --get commit.template [6ms]
2026-09-12 17:55:16.910 [info] > git for-each-ref --format=%(refname)%00%(upstream:short)%00%(objectname)%00%(upstream:track)%00%(upstream:remotename)%00%(upstream:remoteref) refs/heads/main refs/remotes/main [2ms]
2026-09-12 17:55:16.921 [info] > git for-each-ref --sort -committerdate --format %(refname)%00%(objectname)%00%(*objectname) [2ms]
2026-09-12 17:55:16.924 [info] > git status -z -uall [9ms]
2026-09-12 17:55:17.248 [info] > git check-ignore -v -z --stdin [1ms]
2026-09-12 17:55:20.007 [info] > git check-ignore -v -z --stdin [2ms]
2026-09-12 17:55:21.943 [info] > git config --get commit.template [8ms]
2026-09-12 17:55:21.944 [info] > git for-each-ref --format=%(refname)%00%(upstream:short)%00%(objectname)%00%(upstream:track)%00%(upstream:remotename)%00%(upstream:remoteref) refs/heads/main refs/remotes/main [2ms]
2026-09-12 17:55:21.956 [info] > git for-each-ref --sort -committerdate --format %(refname)%00%(objectname)%00%(*objectname) [1ms]
2026-09-12 17:55:21.958 [info] > git status -z -uall [8ms]
2026-09-12 17:55:22.273 [info] > git check-ignore -v -z --stdin [1ms]
2026-09-12 17:55:23.230 [info] > git check-ignore -v -z --stdin [2ms]
2026-09-12 17:55:24.257 [info] > git check-ignore -v -z --stdin [2ms]
2026-09-12 17:55:26.296 [info] > git check-ignore -v -z --stdin [1ms]
2026-09-12 17:55:26.981 [info] > git config --get commit.template [8ms]
2026-09-12 17:55:26.983 [info] > git for-each-ref --format=%(refname)%00%(upstream:short)%00%(objectname)%00%(upstream:track)%00%(upstream:remotename)%00%(upstream:remoteref) refs/heads/main refs/remotes/main [2ms]
2026-09-12 17:55:26.999 [info] > git for-each-ref --sort -committerdate --format %(refname)%00%(objectname)%00%(*objectname) [3ms]
2026-09-12 17:55:27.002 [info] > git status -z -uall [12ms]
2026-09-12 17:55:27.316 [info] > git check-ignore -v -z --stdin [2ms]
2026-09-12 17:55:30.431 [info] > git check-ignore -v -z --stdin [3ms]
2026-09-12 17:55:32.030 [info] > git config --get commit.template [11ms]
2026-09-12 17:55:32.031 [info] > git for-each-ref --format=%(refname)%00%(upstream:short)%00%(objectname)%00%(upstream:track)%00%(upstream:remotename)%00%(upstream:remoteref) refs/heads/main refs/remotes/main [3ms]
2026-09-12 17:55:32.059 [info] > git for-each-ref --sort -committerdate --format %(refname)%00%(objectname)%00%(*objectname) [2ms]
2026-09-12 17:55:32.061 [info] > git status -z -uall [18ms]
2026-09-12 17:55:32.381 [info] > git check-ignore -v -z --stdin [1ms]
2026-09-12 17:55:32.996 [info] > git check-ignore -v -z --stdin [4ms]
2026-09-12 17:55:34.204 [info] > git check-ignore -v -z --stdin [1ms]
2026-09-12 17:55:34.551 [info] > git check-ignore -v -z --stdin [2ms]
2026-09-12 17:55:34.983 [info] > git check-ignore -v -z --stdin [2ms]
2026-09-12 17:55:35.890 [info] > git check-ignore -v -z --stdin [2ms]
2026-09-12 17:55:37.080 [info] > git config --get commit.template [5ms]
2026-09-12 17:55:37.081 [info] > git for-each-ref --format=%(refname)%00%(upstream:short)%00%(objectname)%00%(upstream:track)%00%(upstream:remotename)%00%(upstream:remoteref) refs/heads/main refs/remotes/main [2ms]
2026-09-12 17:55:37.095 [info] > git for-each-ref --sort -committerdate --format %(refname)%00%(objectname)%00%(*objectname) [2ms]
2026-09-12 17:55:37.097 [info] > git status -z -uall [10ms]
2026-09-12 17:55:37.413 [info] > git check-ignore -v -z --stdin [2ms]
2026-09-12 17:55:39.130 [info] > git check-ignore -v -z --stdin [2ms]
2026-09-12 17:55:39.702 [info] > git check-ignore -v -z --stdin [3ms]
2026-09-12 17:55:41.025 [info] > git check-ignore -v -z --stdin [1ms]
2026-09-12 17:55:41.455 [info] > git check-ignore -v -z --stdin [1ms]
2026-09-12 17:55:41.849 [info] > git check-ignore -v -z --stdin [3ms]
2026-09-12 17:55:42.052 [info] > git check-ignore -v -z --stdin [2ms]
2026-09-12 17:55:42.121 [info] > git config --get commit.template [11ms]
2026-09-12 17:55:42.122 [info] > git for-each-ref --format=%(refname)%00%(upstream:short)%00%(objectname)%00%(upstream:track)%00%(upstream:remotename)%00%(upstream:remoteref) refs/heads/main refs/remotes/main [2ms]
2026-09-12 17:55:42.135 [info] > git for-each-ref --sort -committerdate --format %(refname)%00%(objectname)%00%(*objectname) [2ms]
2026-09-12 17:55:42.138 [info] > git status -z -uall [9ms]
2026-09-12 17:55:42.610 [info] > git check-ignore -v -z --stdin [2ms]
2026-09-12 17:55:43.282 [info] > git check-ignore -v -z --stdin [2ms]
2026-09-12 17:55:47.161 [info] > git config --get commit.template [4ms]
2026-09-12 17:55:47.173 [info] > git for-each-ref --format=%(refname)%00%(upstream:short)%00%(objectname)%00%(upstream:track)%00%(upstream:remotename)%00%(upstream:remoteref) refs/heads/main refs/remotes/main [2ms]
2026-09-12 17:55:47.202 [info] > git status -z -uall [18ms]
2026-09-12 17:55:47.205 [info] > git for-each-ref --sort -committerdate --format %(refname)%00%(objectname)%00%(*objectname) [5ms]
2026-09-12 17:55:47.531 [info] > git check-ignore -v -z --stdin [3ms]
2026-09-12 17:55:50.116 [info] > git check-ignore -v -z --stdin [1ms]
2026-09-12 17:55:50.663 [info] > git check-ignore -v -z --stdin [2ms]
2026-09-12 17:55:52.566 [info] > git config --get commit.template [4ms]
2026-09-12 17:55:52.578 [info] > git for-each-ref --format=%(refname)%00%(upstream:short)%00%(objectname)%00%(upstream:track)%00%(upstream:remotename)%00%(upstream:remoteref) refs/heads/main refs/remotes/main [2ms]
2026-09-12 17:55:52.598 [info] > git for-each-ref --sort -committerdate --format %(refname)%00%(objectname)%00%(*objectname) [2ms]
2026-09-12 17:55:52.602 [info] > git status -z -uall [14ms]
2026-09-12 17:55:52.925 [info] > git check-ignore -v -z --stdin [3ms]
2026-09-12 17:55:53.566 [info] > git check-ignore -v -z --stdin [2ms]
2026-09-12 17:55:57.615 [info] > git config --get commit.template [1ms]
2026-09-12 17:55:57.624 [info] > git for-each-ref --format=%(refname)%00%(upstream:short)%00%(objectname)%00%(upstream:track)%00%(upstream:remotename)%00%(upstream:remoteref) refs/heads/main refs/remotes/main [3ms]
2026-09-12 17:55:57.635 [info] > git for-each-ref --sort -committerdate --format %(refname)%00%(objectname)%00%(*objectname) [2ms]
2026-09-12 17:55:57.638 [info] > git status -z -uall [9ms]
2026-09-12 17:55:58.386 [info] > git check-ignore -v -z --stdin [3ms]
2026-09-12 17:56:01.516 [info] > git check-ignore -v -z --stdin [2ms]
2026-09-12 17:56:02.661 [info] > git config --get commit.template [7ms]
2026-09-12 17:56:02.662 [info] > git for-each-ref --format=%(refname)%00%(upstream:short)%00%(objectname)%00%(upstream:track)%00%(upstream:remotename)%00%(upstream:remoteref) refs/heads/main refs/remotes/main [1ms]
2026-09-12 17:56:02.675 [info] > git for-each-ref --sort -committerdate --format %(refname)%00%(objectname)%00%(*objectname) [2ms]
2026-09-12 17:56:02.677 [info] > git status -z -uall [9ms]
2026-09-12 17:56:02.992 [info] > git check-ignore -v -z --stdin [2ms]
2026-09-12 17:56:04.037 [info] > git check-ignore -v -z --stdin [2ms]
2026-09-12 17:56:04.253 [info] > git check-ignore -v -z --stdin [2ms]
2026-09-12 17:56:05.487 [info] > git check-ignore -v -z --stdin [2ms]
2026-09-12 17:56:06.149 [info] > git check-ignore -v -z --stdin [3ms]
2026-09-12 17:56:06.756 [info] > git check-ignore -v -z --stdin [2ms]
2026-09-12 17:56:07.388 [info] > git check-ignore -v -z --stdin [3ms]
2026-09-12 17:56:07.576 [info] > git check-ignore -v -z --stdin [2ms]
2026-09-12 17:56:07.700 [info] > git config --get commit.template [7ms]
2026-09-12 17:56:07.701 [info] > git for-each-ref --format=%(refname)%00%(upstream:short)%00%(objectname)%00%(upstream:track)%00%(upstream:remotename)%00%(upstream:remoteref) refs/heads/main refs/remotes/main [2ms]
2026-09-12 17:56:07.719 [info] > git for-each-ref --sort -committerdate --format %(refname)%00%(objectname)%00%(*objectname) [5ms]
2026-09-12 17:56:07.724 [info] > git status -z -uall [14ms]
2026-09-12 17:56:08.170 [info] > git check-ignore -v -z --stdin [3ms]
2026-09-12 17:56:09.692 [info] > git check-ignore -v -z --stdin [1ms]
2026-09-12 17:56:10.329 [info] > git check-ignore -v -z --stdin [2ms]
2026-09-12 17:56:10.578 [info] > git check-ignore -v -z --stdin [2ms]
2026-09-12 17:56:12.741 [info] > git config --get commit.template [1ms]
2026-09-12 17:56:12.748 [info] > git for-each-ref --format=%(refname)%00%(upstream:short)%00%(objectname)%00%(upstream:track)%00%(upstream:remotename)%00%(upstream:remoteref) refs/heads/main refs/remotes/main [2ms]
2026-09-12 17:56:12.759 [info] > git for-each-ref --sort -committerdate --format %(refname)%00%(objectname)%00%(*objectname) [2ms]
2026-09-12 17:56:12.761 [info] > git status -z -uall [9ms]
2026-09-12 17:56:13.076 [info] > git check-ignore -v -z --stdin [3ms]
2026-09-12 17:56:15.764 [info] > git check-ignore -v -z --stdin [6ms]
2026-09-12 17:56:16.306 [info] > git check-ignore -v -z --stdin [2ms]
2026-09-12 17:56:16.600 [info] > git check-ignore -v -z --stdin [2ms]
2026-09-12 17:56:16.832 [info] > git check-ignore -v -z --stdin [2ms]
2026-09-12 17:56:17.563 [info] > git check-ignore -v -z --stdin [3ms]
2026-09-12 17:56:17.921 [info] > git check-ignore -v -z --stdin [1ms]
2026-09-12 17:56:18.340 [info] > git check-ignore -v -z --stdin [2ms]
2026-09-12 17:56:18.780 [info] > git check-ignore -v -z --stdin [2ms]
2026-09-12 17:56:19.324 [info] > git check-ignore -v -z --stdin [1ms]
2026-09-12 17:56:20.543 [info] > git check-ignore -v -z --stdin [3ms]
2026-09-12 17:56:21.228 [info] > git config --get commit.template [17ms]
2026-09-12 17:56:21.229 [info] > git for-each-ref --format=%(refname)%00%(upstream:short)%00%(objectname)%00%(upstream:track)%00%(upstream:remotename)%00%(upstream:remoteref) refs/heads/main refs/remotes/main [5ms]
2026-09-12 17:56:21.252 [info] > git status -z -uall [9ms]
2026-09-12 17:56:21.261 [info] > git for-each-ref --sort -committerdate --format %(refname)%00%(objectname)%00%(*objectname) [12ms]
2026-09-12 17:56:21.588 [info] > git check-ignore -v -z --stdin [3ms]
2026-09-12 17:56:24.053 [info] > git check-ignore -v -z --stdin [2ms]
2026-09-12 17:56:26.283 [info] > git config --get commit.template [3ms]
2026-09-12 17:56:26.295 [info] > git for-each-ref --format=%(refname)%00%(upstream:short)%00%(objectname)%00%(upstream:track)%00%(upstream:remotename)%00%(upstream:remoteref) refs/heads/main refs/remotes/main [3ms]
2026-09-12 17:56:26.315 [info] > git for-each-ref --sort -committerdate --format %(refname)%00%(objectname)%00%(*objectname) [2ms]
2026-09-12 17:56:26.318 [info] > git status -z -uall [11ms]
2026-09-12 17:56:26.640 [info] > git check-ignore -v -z --stdin [2ms]
2026-09-12 17:56:37.032 [info] > git check-ignore -v -z --stdin [1ms]
2026-09-12 17:56:37.599 [info] > git check-ignore -v -z --stdin [3ms]
2026-09-12 17:56:38.905 [info] > git check-ignore -v -z --stdin [3ms]
2026-09-12 17:56:39.495 [info] > git config --get commit.template [4ms]
2026-09-12 17:56:39.507 [info] > git check-ignore -v -z --stdin [6ms]
2026-09-12 17:56:39.508 [info] > git for-each-ref --format=%(refname)%00%(upstream:short)%00%(objectname)%00%(upstream:track)%00%(upstream:remotename)%00%(upstream:remoteref) refs/heads/main refs/remotes/main [2ms]
2026-09-12 17:56:39.520 [info] > git for-each-ref --sort -committerdate --format %(refname)%00%(objectname)%00%(*objectname) [1ms]
2026-09-12 17:56:39.523 [info] > git status -z -uall [10ms]
2026-09-12 17:56:39.839 [info] > git check-ignore -v -z --stdin [2ms]
2026-09-12 17:56:40.182 [info] > git check-ignore -v -z --stdin [2ms]
2026-09-12 17:56:40.716 [info] > git check-ignore -v -z --stdin [4ms]
2026-09-12 17:56:41.020 [info] > git check-ignore -v -z --stdin [2ms]
2026-09-12 17:56:42.086 [info] > git check-ignore -v -z --stdin [1ms]
2026-09-12 17:56:43.421 [info] > git check-ignore -v -z --stdin [2ms]
2026-09-12 17:56:43.963 [info] > git check-ignore -v -z --stdin [1ms]
2026-09-12 17:56:44.241 [info] > git check-ignore -v -z --stdin [2ms]
2026-09-12 17:56:44.540 [info] > git config --get commit.template [7ms]
2026-09-12 17:56:44.541 [info] > git for-each-ref --format=%(refname)%00%(upstream:short)%00%(objectname)%00%(upstream:track)%00%(upstream:remotename)%00%(upstream:remoteref) refs/heads/main refs/remotes/main [2ms]
2026-09-12 17:56:44.567 [info] > git status -z -uall [17ms]
2026-09-12 17:56:44.568 [info] > git for-each-ref --sort -committerdate --format %(refname)%00%(objectname)%00%(*objectname) [3ms]
2026-09-12 17:56:44.892 [info] > git check-ignore -v -z --stdin [2ms]
2026-09-12 17:56:49.586 [info] > git config --get commit.template [6ms]
2026-09-12 17:56:49.588 [info] > git for-each-ref --format=%(refname)%00%(upstream:short)%00%(objectname)%00%(upstream:track)%00%(upstream:remotename)%00%(upstream:remoteref) refs/heads/main refs/remotes/main [3ms]
2026-09-12 17:56:49.601 [info] > git for-each-ref --sort -committerdate --format %(refname)%00%(objectname)%00%(*objectname) [2ms]
2026-09-12 17:56:49.603 [info] > git status -z -uall [9ms]
2026-09-12 17:56:49.924 [info] > git check-ignore -v -z --stdin [2ms]
2026-09-12 17:56:54.620 [info] > git config --get commit.template [5ms]
2026-09-12 17:56:54.622 [info] > git for-each-ref --format=%(refname)%00%(upstream:short)%00%(objectname)%00%(upstream:track)%00%(upstream:remotename)%00%(upstream:remoteref) refs/heads/main refs/remotes/main [2ms]
2026-09-12 17:56:54.637 [info] > git for-each-ref --sort -committerdate --format %(refname)%00%(objectname)%00%(*objectname) [2ms]
2026-09-12 17:56:54.639 [info] > git status -z -uall [10ms]
2026-09-12 17:56:54.961 [info] > git check-ignore -v -z --stdin [7ms]
2026-09-12 17:56:59.658 [info] > git config --get commit.template [1ms]
2026-09-12 17:56:59.665 [info] > git for-each-ref --format=%(refname)%00%(upstream:short)%00%(objectname)%00%(upstream:track)%00%(upstream:remotename)%00%(upstream:remoteref) refs/heads/main refs/remotes/main [2ms]
2026-09-12 17:56:59.678 [info] > git for-each-ref --sort -committerdate --format %(refname)%00%(objectname)%00%(*objectname) [1ms]
2026-09-12 17:56:59.680 [info] > git status -z -uall [10ms]
2026-09-12 17:56:59.996 [info] > git check-ignore -v -z --stdin [2ms]
