2026-09-12 12:42:32.095 [info] Reading sessions from keychain...
2026-09-12 12:42:32.095 [info] Getting sessions for all scopes...
2026-09-12 12:42:32.095 [info] Got stored sessions!
2026-09-12 12:42:32.095 [info] Got 1 verified sessions.
2026-09-12 12:42:32.095 [info] Got 1 sessions for ...
2026-09-12 12:42:32.095 [info] Getting sessions for all scopes...
2026-09-12 12:42:32.095 [info] Got 1 sessions for ...
2026-09-12 12:42:32.095 [info] Getting sessions for all scopes...
2026-09-12 12:42:32.095 [info] Got 1 sessions for ...
2026-09-12 12:42:36.096 [info] Getting sessions for all scopes...
2026-09-12 12:42:36.096 [info] Got 1 sessions for ...
2026-09-12 12:42:36.096 [info] Getting sessions for all scopes...
2026-09-12 12:42:36.096 [info] Got 1 sessions for ...
2026-09-12 12:42:37.167 [info] Getting sessions for all scopes...
2026-09-12 12:42:37.167 [info] Got 1 sessions for ...
2026-09-12 12:42:37.280 [info] Getting sessions for read:user,repo,user:email,workflow...
2026-09-12 12:42:37.280 [info] Got 1 sessions for read:user,repo,user:email,workflow...
2026-09-12 12:42:37.822 [info] Getting sessions for read:user,repo,user:email,workflow...
2026-09-12 12:42:37.823 [info] Got 1 sessions for read:user,repo,user:email,workflow...
2026-09-12 12:42:38.142 [info] Getting sessions for all scopes...
2026-09-12 12:42:38.142 [info] Got 1 sessions for ...
2026-09-12 12:42:38.338 [info] Getting sessions for read:user,repo,user:email,workflow...
2026-09-12 12:42:38.338 [info] Got 1 sessions for read:user,repo,user:email,workflow...
2026-09-12 12:42:38.971 [info] Getting sessions for all scopes...
2026-09-12 12:42:38.971 [info] Got 1 sessions for ...
2026-09-12 12:42:38.973 [info] Getting sessions for all scopes...
2026-09-12 12:42:38.973 [info] Got 1 sessions for ...
2026-09-12 12:42:39.150 [info] Getting sessions for read:user,repo,user:email,workflow...
2026-09-12 12:42:39.150 [info] Got 1 sessions for read:user,repo,user:email,workflow...
2026-09-12 12:42:39.535 [info] Getting sessions for all scopes...
2026-09-12 12:42:39.535 [info] Got 1 sessions for ...
2026-09-12 12:42:39.541 [info] Getting sessions for read:user,repo,user:email,workflow...
2026-09-12 12:42:39.541 [info] Got 1 sessions for read:user,repo,user:email,workflow...
2026-09-12 12:42:39.734 [info] Getting sessions for all scopes...
2026-09-12 12:42:39.734 [info] Got 1 sessions for ...
2026-09-12 12:42:39.734 [info] Getting sessions for all scopes...
2026-09-12 12:42:39.734 [info] Got 1 sessions for ...
2026-09-12 12:42:39.780 [info] Getting sessions for read:user,repo,user:email,workflow...
2026-09-12 12:42:39.780 [info] Got 1 sessions for read:user,repo,user:email,workflow...
2026-09-12 12:42:40.792 [info] Getting sessions for all scopes...
2026-09-12 12:42:40.792 [info] Got 1 sessions for ...
2026-09-12 12:42:40.792 [info] Getting sessions for all scopes...
2026-09-12 12:42:40.792 [info] Got 1 sessions for ...
2026-09-12 12:42:40.794 [info] Getting sessions for read:user,repo,user:email,workflow...
2026-09-12 12:42:40.794 [info] Got 1 sessions for read:user,repo,user:email,workflow...
2026-09-12 12:42:41.749 [info] Getting sessions for all scopes...
2026-09-12 12:42:41.749 [info] Got 1 sessions for ...
2026-09-12 12:42:41.751 [info] Getting sessions for read:user,repo,user:email,workflow...
2026-09-12 12:42:41.751 [info] Got 1 sessions for read:user,repo,user:email,workflow...
2026-09-12 12:42:43.570 [info] Getting sessions for all scopes...
2026-09-12 12:42:43.570 [info] Got 1 sessions for ...
2026-09-12 12:42:43.579 [info] Getting sessions for read:user,repo,user:email,workflow...
2026-09-12 12:42:43.579 [info] Got 1 sessions for read:user,repo,user:email,workflow...
2026-09-12 12:42:51.074 [info] Getting sessions for read:user,user:email...
2026-09-12 12:42:51.074 [info] Got 0 sessions for read:user,user:email...
2026-09-12 12:42:51.075 [info] Getting sessions for all scopes...
2026-09-12 12:42:51.076 [info] Got 1 sessions for ...
2026-09-12 12:42:54.184 [info] Getting sessions for repo...
2026-09-12 12:42:54.184 [info] Got 0 sessions for repo...
2026-09-12 12:42:54.185 [info] Getting sessions for all scopes...
2026-09-12 12:42:54.185 [info] Got 1 sessions for ...
2026-09-12 12:43:01.032 [info] Getting sessions for all scopes...
2026-09-12 12:43:01.032 [info] Got 1 sessions for ...
2026-09-12 12:43:01.038 [info] Getting sessions for all scopes...
2026-09-12 12:43:01.038 [info] Got 1 sessions for ...
2026-09-12 12:43:01.351 [info] Getting sessions for all scopes...
2026-09-12 12:43:01.352 [info] Got 1 sessions for ...
2026-09-12 12:43:01.454 [info] Getting sessions for read:user,repo,user:email,workflow...
2026-09-12 12:43:01.454 [info] Got 1 sessions for read:user,repo,user:email,workflow...
2026-09-12 12:43:01.611 [info] Getting sessions for all scopes...
2026-09-12 12:43:01.611 [info] Got 1 sessions for ...
2026-09-12 12:43:02.277 [info] Getting sessions for all scopes...
2026-09-12 12:43:02.277 [info] Got 1 sessions for ...
2026-09-12 12:43:02.294 [info] Getting sessions for all scopes...
2026-09-12 12:43:02.294 [info] Got 1 sessions for ...
2026-09-12 12:43:02.298 [info] Getting sessions for all scopes...
2026-09-12 12:43:02.298 [info] Got 1 sessions for ...
2026-09-12 12:43:02.301 [info] Getting sessions for read:user,repo,user:email,workflow...
2026-09-12 12:43:02.301 [info] Got 1 sessions for read:user,repo,user:email,workflow...
2026-09-12 12:43:03.637 [info] Getting sessions for all scopes...
2026-09-12 12:43:03.637 [info] Got 1 sessions for ...
2026-09-12 12:44:02.305 [info] Getting sessions for all scopes...
2026-09-12 12:44:02.306 [info] Got 1 sessions for ...
2026-09-12 12:44:02.309 [info] Getting sessions for read:user,repo,user:email,workflow...
2026-09-12 12:44:02.309 [info] Got 1 sessions for read:user,repo,user:email,workflow...
2026-09-12 12:44:03.382 [info] Getting sessions for all scopes...
2026-09-12 12:44:03.382 [info] Got 1 sessions for ...
2026-09-12 12:44:03.388 [info] Getting sessions for read:user,repo,user:email,workflow...
2026-09-12 12:44:03.388 [info] Got 1 sessions for read:user,repo,user:email,workflow...
2026-09-12 13:10:36.327 [info] Getting sessions for all scopes...
2026-09-12 13:10:36.327 [info] Got 1 sessions for ...
2026-09-12 13:10:36.328 [info] Getting sessions for all scopes...
2026-09-12 13:10:36.328 [info] Got 1 sessions for ...
2026-09-12 13:10:36.331 [info] Getting sessions for read:user,repo,user:email,workflow...
2026-09-12 13:10:36.331 [info] Got 1 sessions for read:user,repo,user:email,workflow...
2026-09-12 13:10:36.815 [info] Getting sessions for all scopes...
2026-09-12 13:10:36.815 [info] Got 1 sessions for ...
2026-09-12 13:10:36.822 [info] Getting sessions for read:user,repo,user:email,workflow...
2026-09-12 13:10:36.822 [info] Got 1 sessions for read:user,repo,user:email,workflow...
2026-09-12 13:10:37.404 [info] Getting sessions for all scopes...
2026-09-12 13:10:37.404 [info] Got 1 sessions for ...
2026-09-12 13:10:37.406 [info] Getting sessions for read:user,repo,user:email,workflow...
2026-09-12 13:10:37.406 [info] Got 1 sessions for read:user,repo,user:email,workflow...
2026-09-12 13:12:29.932 [info] Getting sessions for all scopes...
2026-09-12 13:12:29.933 [info] Got 1 sessions for ...
2026-09-12 13:12:29.940 [info] Getting sessions for all scopes...
2026-09-12 13:12:29.940 [info] Got 1 sessions for ...
2026-09-12 13:12:35.335 [info] Getting sessions for all scopes...
2026-09-12 13:12:35.335 [info] Got 1 sessions for ...
2026-09-12 13:12:35.338 [info] Getting sessions for read:user,repo,user:email,workflow...
2026-09-12 13:12:35.338 [info] Got 1 sessions for read:user,repo,user:email,workflow...
2026-09-12 13:12:36.345 [info] Getting sessions for all scopes...
2026-09-12 13:12:36.345 [info] Got 1 sessions for ...
2026-09-12 13:12:36.348 [info] Getting sessions for read:user,repo,user:email,workflow...
2026-09-12 13:12:36.348 [info] Got 1 sessions for read:user,repo,user:email,workflow...
2026-09-12 13:13:36.350 [info] Getting sessions for all scopes...
2026-09-12 13:13:36.350 [info] Got 1 sessions for ...
2026-09-12 13:13:36.353 [info] Getting sessions for read:user,repo,user:email,workflow...
2026-09-12 13:13:36.353 [info] Got 1 sessions for read:user,repo,user:email,workflow...
2026-09-12 13:13:37.419 [info] Getting sessions for all scopes...
2026-09-12 13:13:37.419 [info] Got 1 sessions for ...
2026-09-12 13:13:37.421 [info] Getting sessions for read:user,repo,user:email,workflow...
2026-09-12 13:13:37.421 [info] Got 1 sessions for read:user,repo,user:email,workflow...
2026-09-12 13:21:34.015 [info] Getting sessions for all scopes...
2026-09-12 13:21:34.015 [info] Got 1 sessions for ...
2026-09-12 13:21:34.022 [info] Getting sessions for all scopes...
2026-09-12 13:21:34.023 [info] Got 1 sessions for ...
2026-09-12 13:21:36.288 [info] Getting sessions for all scopes...
2026-09-12 13:21:36.288 [info] Got 1 sessions for ...
2026-09-12 13:21:36.288 [info] Getting sessions for all scopes...
2026-09-12 13:21:36.288 [info] Got 1 sessions for ...
2026-09-12 13:21:36.691 [info] Getting sessions for read:user,repo,user:email,workflow...
2026-09-12 13:21:36.691 [info] Got 1 sessions for read:user,repo,user:email,workflow...
2026-09-12 13:21:37.193 [info] Getting sessions for all scopes...
2026-09-12 13:21:37.193 [info] Got 1 sessions for ...
2026-09-12 13:21:37.226 [info] Getting sessions for read:user,repo,user:email,workflow...
2026-09-12 13:21:37.226 [info] Got 1 sessions for read:user,repo,user:email,workflow...
2026-09-12 13:21:38.149 [info] Getting sessions for all scopes...
2026-09-12 13:21:38.149 [info] Got 1 sessions for ...
2026-09-12 13:21:38.161 [info] Getting sessions for read:user,repo,user:email,workflow...
2026-09-12 13:21:38.161 [info] Got 1 sessions for read:user,repo,user:email,workflow...
2026-09-12 13:22:38.022 [info] Getting sessions for all scopes...
2026-09-12 13:22:38.022 [info] Got 1 sessions for ...
2026-09-12 13:22:38.024 [info] Getting sessions for read:user,repo,user:email,workflow...
2026-09-12 13:22:38.024 [info] Got 1 sessions for read:user,repo,user:email,workflow...
2026-09-12 13:22:49.246 [info] Getting sessions for all scopes...
2026-09-12 13:22:49.246 [info] Got 1 sessions for ...
2026-09-12 13:22:49.248 [info] Getting sessions for read:user,repo,user:email,workflow...
2026-09-12 13:22:49.249 [info] Got 1 sessions for read:user,repo,user:email,workflow...
2026-09-12 13:23:49.244 [info] Getting sessions for all scopes...
2026-09-12 13:23:49.244 [info] Got 1 sessions for ...
2026-09-12 13:23:49.246 [info] Getting sessions for read:user,repo,user:email,workflow...
2026-09-12 13:23:49.246 [info] Got 1 sessions for read:user,repo,user:email,workflow...
2026-09-12 13:23:55.312 [info] Getting sessions for all scopes...
2026-09-12 13:23:55.312 [info] Got 1 sessions for ...
2026-09-12 13:23:55.314 [info] Getting sessions for read:user,repo,user:email,workflow...
2026-09-12 13:23:55.314 [info] Got 1 sessions for read:user,repo,user:email,workflow...
2026-09-12 13:24:55.316 [info] Getting sessions for all scopes...
2026-09-12 13:24:55.316 [info] Got 1 sessions for ...
2026-09-12 13:24:55.318 [info] Getting sessions for read:user,repo,user:email,workflow...
2026-09-12 13:24:55.318 [info] Got 1 sessions for read:user,repo,user:email,workflow...
2026-09-12 13:24:56.786 [info] Getting sessions for all scopes...
2026-09-12 13:24:56.786 [info] Got 1 sessions for ...
2026-09-12 13:24:56.788 [info] Getting sessions for read:user,repo,user:email,workflow...
2026-09-12 13:24:56.788 [info] Got 1 sessions for read:user,repo,user:email,workflow...
2026-09-12 13:25:56.776 [info] Getting sessions for all scopes...
2026-09-12 13:25:56.776 [info] Got 1 sessions for ...
2026-09-12 13:25:56.779 [info] Getting sessions for read:user,repo,user:email,workflow...
2026-09-12 13:25:56.779 [info] Got 1 sessions for read:user,repo,user:email,workflow...
2026-09-12 13:25:57.818 [info] Getting sessions for all scopes...
2026-09-12 13:25:57.818 [info] Got 1 sessions for ...
2026-09-12 13:25:57.827 [info] Getting sessions for read:user,repo,user:email,workflow...
2026-09-12 13:25:57.827 [info] Got 1 sessions for read:user,repo,user:email,workflow...
2026-09-12 13:26:57.814 [info] Getting sessions for all scopes...
2026-09-12 13:26:57.814 [info] Got 1 sessions for ...
2026-09-12 13:26:57.816 [info] Getting sessions for read:user,repo,user:email,workflow...
2026-09-12 13:26:57.817 [info] Got 1 sessions for read:user,repo,user:email,workflow...
2026-09-12 13:26:58.782 [info] Getting sessions for all scopes...
2026-09-12 13:26:58.782 [info] Got 1 sessions for ...
2026-09-12 13:26:58.786 [info] Getting sessions for read:user,repo,user:email,workflow...
2026-09-12 13:26:58.786 [info] Got 1 sessions for read:user,repo,user:email,workflow...
2026-09-12 13:28:41.486 [info] Getting sessions for all scopes...
2026-09-12 13:28:41.486 [info] Got 1 sessions for ...
2026-09-12 13:28:41.494 [info] Getting sessions for read:user,repo,user:email,workflow...
2026-09-12 13:28:41.494 [info] Got 1 sessions for read:user,repo,user:email,workflow...
2026-09-12 13:28:42.565 [info] Getting sessions for all scopes...
2026-09-12 13:28:42.565 [info] Got 1 sessions for ...
2026-09-12 13:28:42.567 [info] Getting sessions for read:user,repo,user:email,workflow...
2026-09-12 13:28:42.567 [info] Got 1 sessions for read:user,repo,user:email,workflow...
2026-09-12 13:29:42.569 [info] Getting sessions for all scopes...
2026-09-12 13:29:42.569 [info] Got 1 sessions for ...
2026-09-12 13:29:42.573 [info] Getting sessions for read:user,repo,user:email,workflow...
2026-09-12 13:29:42.573 [info] Got 1 sessions for read:user,repo,user:email,workflow...
2026-09-12 13:29:43.604 [info] Getting sessions for all scopes...
2026-09-12 13:29:43.604 [info] Got 1 sessions for ...
2026-09-12 13:29:43.606 [info] Getting sessions for read:user,repo,user:email,workflow...
2026-09-12 13:29:43.606 [info] Got 1 sessions for read:user,repo,user:email,workflow...
2026-09-12 13:30:43.604 [info] Getting sessions for all scopes...
2026-09-12 13:30:43.604 [info] Got 1 sessions for ...
2026-09-12 13:30:43.605 [info] Getting sessions for read:user,repo,user:email,workflow...
2026-09-12 13:30:43.605 [info] Got 1 sessions for read:user,repo,user:email,workflow...
2026-09-12 13:30:44.586 [info] Getting sessions for all scopes...
2026-09-12 13:30:44.586 [info] Got 1 sessions for ...
2026-09-12 13:30:44.589 [info] Getting sessions for read:user,repo,user:email,workflow...
2026-09-12 13:30:44.589 [info] Got 1 sessions for read:user,repo,user:email,workflow...
2026-09-12 13:31:36.222 [info] Getting sessions for all scopes...
2026-09-12 13:31:36.222 [info] Got 1 sessions for ...
2026-09-12 13:31:36.225 [info] Getting sessions for read:user,repo,user:email,workflow...
2026-09-12 13:31:36.225 [info] Got 1 sessions for read:user,repo,user:email,workflow...
2026-09-12 13:31:36.629 [info] Getting sessions for all scopes...
2026-09-12 13:31:36.629 [info] Got 1 sessions for ...
2026-09-12 13:31:36.632 [info] Getting sessions for read:user,repo,user:email,workflow...
2026-09-12 13:31:36.632 [info] Got 1 sessions for read:user,repo,user:email,workflow...
2026-09-12 13:31:44.588 [info] Getting sessions for all scopes...
2026-09-12 13:31:44.588 [info] Got 1 sessions for ...
2026-09-12 13:31:44.591 [info] Getting sessions for read:user,repo,user:email,workflow...
2026-09-12 13:31:44.591 [info] Got 1 sessions for read:user,repo,user:email,workflow...
2026-09-12 13:31:45.456 [info] Getting sessions for all scopes...
2026-09-12 13:31:45.456 [info] Got 1 sessions for ...
2026-09-12 13:31:45.472 [info] Getting sessions for read:user,repo,user:email,workflow...
2026-09-12 13:31:45.472 [info] Got 1 sessions for read:user,repo,user:email,workflow...
2026-09-12 13:32:45.456 [info] Getting sessions for all scopes...
2026-09-12 13:32:45.457 [info] Got 1 sessions for ...
2026-09-12 13:32:45.461 [info] Getting sessions for read:user,repo,user:email,workflow...
2026-09-12 13:32:45.461 [info] Got 1 sessions for read:user,repo,user:email,workflow...
2026-09-12 13:32:46.463 [info] Getting sessions for all scopes...
2026-09-12 13:32:46.463 [info] Got 1 sessions for ...
2026-09-12 13:32:46.465 [info] Getting sessions for read:user,repo,user:email,workflow...
2026-09-12 13:32:46.465 [info] Got 1 sessions for read:user,repo,user:email,workflow...
2026-09-12 13:33:46.475 [info] Getting sessions for all scopes...
2026-09-12 13:33:46.475 [info] Got 1 sessions for ...
2026-09-12 13:33:46.477 [info] Getting sessions for read:user,repo,user:email,workflow...
2026-09-12 13:33:46.477 [info] Got 1 sessions for read:user,repo,user:email,workflow...
2026-09-12 13:33:47.648 [info] Getting sessions for all scopes...
2026-09-12 13:33:47.648 [info] Got 1 sessions for ...
2026-09-12 13:33:47.650 [info] Getting sessions for read:user,repo,user:email,workflow...
2026-09-12 13:33:47.650 [info] Got 1 sessions for read:user,repo,user:email,workflow...
2026-09-12 13:34:47.649 [info] Getting sessions for all scopes...
2026-09-12 13:34:47.649 [info] Got 1 sessions for ...
2026-09-12 13:34:47.651 [info] Getting sessions for read:user,repo,user:email,workflow...
2026-09-12 13:34:47.651 [info] Got 1 sessions for read:user,repo,user:email,workflow...
2026-09-12 13:34:48.878 [info] Getting sessions for all scopes...
2026-09-12 13:34:48.878 [info] Got 1 sessions for ...
2026-09-12 13:34:48.900 [info] Getting sessions for read:user,repo,user:email,workflow...
2026-09-12 13:34:48.900 [info] Got 1 sessions for read:user,repo,user:email,workflow...
2026-09-12 13:35:48.870 [info] Getting sessions for all scopes...
2026-09-12 13:35:48.870 [info] Got 1 sessions for ...
2026-09-12 13:35:48.876 [info] Getting sessions for read:user,repo,user:email,workflow...
2026-09-12 13:35:48.876 [info] Got 1 sessions for read:user,repo,user:email,workflow...
2026-09-12 13:35:49.858 [info] Getting sessions for all scopes...
2026-09-12 13:35:49.858 [info] Got 1 sessions for ...
2026-09-12 13:35:49.860 [info] Getting sessions for read:user,repo,user:email,workflow...
2026-09-12 13:35:49.860 [info] Got 1 sessions for read:user,repo,user:email,workflow...
2026-09-12 13:36:49.863 [info] Getting sessions for all scopes...
2026-09-12 13:36:49.863 [info] Got 1 sessions for ...
2026-09-12 13:36:49.865 [info] Getting sessions for read:user,repo,user:email,workflow...
2026-09-12 13:36:49.865 [info] Got 1 sessions for read:user,repo,user:email,workflow...
2026-09-12 13:36:50.837 [info] Getting sessions for all scopes...
2026-09-12 13:36:50.837 [info] Got 1 sessions for ...
2026-09-12 13:36:50.839 [info] Getting sessions for read:user,repo,user:email,workflow...
2026-09-12 13:36:50.839 [info] Got 1 sessions for read:user,repo,user:email,workflow...
2026-09-12 13:37:50.842 [info] Getting sessions for all scopes...
2026-09-12 13:37:50.842 [info] Got 1 sessions for ...
2026-09-12 13:37:50.845 [info] Getting sessions for read:user,repo,user:email,workflow...
2026-09-12 13:37:50.845 [info] Got 1 sessions for read:user,repo,user:email,workflow...
2026-09-12 13:37:51.878 [info] Getting sessions for all scopes...
2026-09-12 13:37:51.878 [info] Got 1 sessions for ...
2026-09-12 13:37:51.880 [info] Getting sessions for read:user,repo,user:email,workflow...
2026-09-12 13:37:51.880 [info] Got 1 sessions for read:user,repo,user:email,workflow...
2026-09-12 13:38:51.876 [info] Getting sessions for all scopes...
2026-09-12 13:38:51.876 [info] Got 1 sessions for ...
2026-09-12 13:38:51.879 [info] Getting sessions for read:user,repo,user:email,workflow...
2026-09-12 13:38:51.879 [info] Got 1 sessions for read:user,repo,user:email,workflow...
2026-09-12 13:38:52.883 [info] Getting sessions for all scopes...
2026-09-12 13:38:52.883 [info] Got 1 sessions for ...
2026-09-12 13:38:52.886 [info] Getting sessions for read:user,repo,user:email,workflow...
2026-09-12 13:38:52.886 [info] Got 1 sessions for read:user,repo,user:email,workflow...
2026-09-12 13:39:52.889 [info] Getting sessions for all scopes...
2026-09-12 13:39:52.889 [info] Got 1 sessions for ...
2026-09-12 13:39:52.899 [info] Getting sessions for read:user,repo,user:email,workflow...
2026-09-12 13:39:52.899 [info] Got 1 sessions for read:user,repo,user:email,workflow...
2026-09-12 13:39:53.967 [info] Getting sessions for all scopes...
2026-09-12 13:39:53.967 [info] Got 1 sessions for ...
2026-09-12 13:39:53.973 [info] Getting sessions for read:user,repo,user:email,workflow...
2026-09-12 13:39:53.973 [info] Got 1 sessions for read:user,repo,user:email,workflow...
2026-09-12 13:40:53.968 [info] Getting sessions for all scopes...
2026-09-12 13:40:53.968 [info] Got 1 sessions for ...
2026-09-12 13:40:53.973 [info] Getting sessions for read:user,repo,user:email,workflow...
2026-09-12 13:40:53.973 [info] Got 1 sessions for read:user,repo,user:email,workflow...
2026-09-12 13:40:55.229 [info] Getting sessions for all scopes...
2026-09-12 13:40:55.229 [info] Got 1 sessions for ...
2026-09-12 13:40:55.235 [info] Getting sessions for read:user,repo,user:email,workflow...
2026-09-12 13:40:55.235 [info] Got 1 sessions for read:user,repo,user:email,workflow...
2026-09-12 13:41:37.362 [info] Getting sessions for all scopes...
2026-09-12 13:41:37.362 [info] Got 1 sessions for ...
2026-09-12 13:41:37.365 [info] Getting sessions for read:user,repo,user:email,workflow...
2026-09-12 13:41:37.365 [info] Got 1 sessions for read:user,repo,user:email,workflow...
2026-09-12 13:41:37.758 [info] Getting sessions for all scopes...
2026-09-12 13:41:37.758 [info] Got 1 sessions for ...
2026-09-12 13:41:37.760 [info] Getting sessions for read:user,repo,user:email,workflow...
2026-09-12 13:41:37.760 [info] Got 1 sessions for read:user,repo,user:email,workflow...
2026-09-12 13:41:55.074 [info] Getting sessions for all scopes...
2026-09-12 13:41:55.074 [info] Got 1 sessions for ...
2026-09-12 13:41:55.080 [info] Getting sessions for read:user,repo,user:email,workflow...
2026-09-12 13:41:55.080 [info] Got 1 sessions for read:user,repo,user:email,workflow...
2026-09-12 13:41:55.969 [info] Getting sessions for all scopes...
2026-09-12 13:41:55.969 [info] Got 1 sessions for ...
2026-09-12 13:41:55.972 [info] Getting sessions for read:user,repo,user:email,workflow...
2026-09-12 13:41:55.972 [info] Got 1 sessions for read:user,repo,user:email,workflow...
2026-09-12 13:42:55.970 [info] Getting sessions for all scopes...
2026-09-12 13:42:55.970 [info] Got 1 sessions for ...
2026-09-12 13:42:55.976 [info] Getting sessions for read:user,repo,user:email,workflow...
2026-09-12 13:42:55.976 [info] Got 1 sessions for read:user,repo,user:email,workflow...
2026-09-12 13:42:56.944 [info] Getting sessions for all scopes...
2026-09-12 13:42:56.944 [info] Got 1 sessions for ...
2026-09-12 13:42:56.945 [info] Getting sessions for read:user,repo,user:email,workflow...
2026-09-12 13:42:56.946 [info] Got 1 sessions for read:user,repo,user:email,workflow...
2026-09-12 13:43:56.944 [info] Getting sessions for all scopes...
2026-09-12 13:43:56.944 [info] Got 1 sessions for ...
2026-09-12 13:43:56.947 [info] Getting sessions for read:user,repo,user:email,workflow...
2026-09-12 13:43:56.947 [info] Got 1 sessions for read:user,repo,user:email,workflow...
2026-09-12 13:43:58.174 [info] Getting sessions for all scopes...
2026-09-12 13:43:58.174 [info] Got 1 sessions for ...
2026-09-12 13:43:58.175 [info] Getting sessions for read:user,repo,user:email,workflow...
2026-09-12 13:43:58.175 [info] Got 1 sessions for read:user,repo,user:email,workflow...
2026-09-12 13:44:49.962 [info] Getting sessions for all scopes...
2026-09-12 13:44:49.962 [info] Got 1 sessions for ...
2026-09-12 13:44:50.000 [info] Getting sessions for read:user,repo,user:email,workflow...
2026-09-12 13:44:50.000 [info] Got 1 sessions for read:user,repo,user:email,workflow...
2026-09-12 13:44:50.019 [info] Getting sessions for all scopes...
2026-09-12 13:44:50.019 [info] Got 1 sessions for ...
2026-09-12 13:44:50.020 [info] Getting sessions for all scopes...
2026-09-12 13:44:50.020 [info] Got 1 sessions for ...
2026-09-12 13:44:51.018 [info] Getting sessions for all scopes...
2026-09-12 13:44:51.018 [info] Got 1 sessions for ...
2026-09-12 13:44:51.021 [info] Getting sessions for read:user,repo,user:email,workflow...
2026-09-12 13:44:51.021 [info] Got 1 sessions for read:user,repo,user:email,workflow...
2026-09-12 13:44:51.852 [info] Getting sessions for read:user,user:email...
2026-09-12 13:44:51.853 [info] Got 0 sessions for read:user,user:email...
2026-09-12 13:44:51.857 [info] Getting sessions for all scopes...
2026-09-12 13:44:51.857 [info] Got 1 sessions for ...
2026-09-12 13:44:51.874 [info] Getting sessions for repo...
2026-09-12 13:44:51.874 [info] Got 0 sessions for repo...
2026-09-12 13:44:51.876 [info] Getting sessions for all scopes...
2026-09-12 13:44:51.876 [info] Got 1 sessions for ...
2026-09-12 13:46:28.063 [info] Getting sessions for all scopes...
2026-09-12 13:46:28.063 [info] Got 1 sessions for ...
2026-09-12 13:46:28.079 [info] Getting sessions for read:user,repo,user:email,workflow...
2026-09-12 13:46:28.079 [info] Got 1 sessions for read:user,repo,user:email,workflow...
2026-09-12 13:46:28.252 [info] Getting sessions for all scopes...
2026-09-12 13:46:28.252 [info] Got 1 sessions for ...
2026-09-12 13:46:28.263 [info] Getting sessions for all scopes...
2026-09-12 13:46:28.263 [info] Got 1 sessions for ...
2026-09-12 13:46:29.064 [info] Getting sessions for all scopes...
2026-09-12 13:46:29.064 [info] Got 1 sessions for ...
2026-09-12 13:46:29.067 [info] Getting sessions for read:user,repo,user:email,workflow...
2026-09-12 13:46:29.067 [info] Got 1 sessions for read:user,repo,user:email,workflow...
2026-09-12 13:46:41.479 [info] Getting sessions for all scopes...
2026-09-12 13:46:41.479 [info] Got 1 sessions for ...
2026-09-12 13:46:41.511 [info] Getting sessions for read:user,repo,user:email,workflow...
2026-09-12 13:46:41.511 [info] Got 1 sessions for read:user,repo,user:email,workflow...
2026-09-12 13:46:41.556 [info] Getting sessions for all scopes...
2026-09-12 13:46:41.556 [info] Got 1 sessions for ...
2026-09-12 13:46:41.584 [info] Getting sessions for all scopes...
2026-09-12 13:46:41.584 [info] Got 1 sessions for ...
2026-09-12 13:46:42.293 [info] Getting sessions for all scopes...
2026-09-12 13:46:42.293 [info] Got 1 sessions for ...
2026-09-12 13:46:42.296 [info] Getting sessions for read:user,repo,user:email,workflow...
2026-09-12 13:46:42.296 [info] Got 1 sessions for read:user,repo,user:email,workflow...
2026-09-12 13:47:42.289 [info] Getting sessions for all scopes...
2026-09-12 13:47:42.289 [info] Got 1 sessions for ...
2026-09-12 13:47:42.294 [info] Getting sessions for read:user,repo,user:email,workflow...
2026-09-12 13:47:42.294 [info] Got 1 sessions for read:user,repo,user:email,workflow...
2026-09-12 13:47:43.463 [info] Getting sessions for all scopes...
2026-09-12 13:47:43.463 [info] Got 1 sessions for ...
2026-09-12 13:47:43.467 [info] Getting sessions for read:user,repo,user:email,workflow...
2026-09-12 13:47:43.467 [info] Got 1 sessions for read:user,repo,user:email,workflow...
2026-09-12 13:48:07.913 [info] Getting sessions for all scopes...
2026-09-12 13:48:07.914 [info] Got 1 sessions for ...
2026-09-12 13:48:07.990 [info] Getting sessions for all scopes...
2026-09-12 13:48:07.990 [info] Got 1 sessions for ...
2026-09-12 13:48:07.993 [info] Getting sessions for read:user,repo,user:email,workflow...
2026-09-12 13:48:07.993 [info] Got 1 sessions for read:user,repo,user:email,workflow...
2026-09-12 13:48:07.995 [info] Getting sessions for all scopes...
2026-09-12 13:48:07.995 [info] Got 1 sessions for ...
2026-09-12 13:48:09.023 [info] Getting sessions for all scopes...
2026-09-12 13:48:09.023 [info] Got 1 sessions for ...
2026-09-12 13:48:09.027 [info] Getting sessions for read:user,repo,user:email,workflow...
2026-09-12 13:48:09.027 [info] Got 1 sessions for read:user,repo,user:email,workflow...
2026-09-12 13:48:44.834 [info] Getting sessions for all scopes...
2026-09-12 13:48:44.834 [info] Got 1 sessions for ...
2026-09-12 13:48:44.855 [info] Getting sessions for read:user,repo,user:email,workflow...
2026-09-12 13:48:44.855 [info] Got 1 sessions for read:user,repo,user:email,workflow...
2026-09-12 13:48:44.966 [info] Getting sessions for all scopes...
2026-09-12 13:48:44.966 [info] Got 1 sessions for ...
2026-09-12 13:48:44.972 [info] Getting sessions for all scopes...
2026-09-12 13:48:44.972 [info] Got 1 sessions for ...
2026-09-12 13:48:46.027 [info] Getting sessions for all scopes...
2026-09-12 13:48:46.027 [info] Got 1 sessions for ...
2026-09-12 13:48:46.040 [info] Getting sessions for read:user,repo,user:email,workflow...
2026-09-12 13:48:46.040 [info] Got 1 sessions for read:user,repo,user:email,workflow...
2026-09-12 13:49:21.947 [info] Getting sessions for all scopes...
2026-09-12 13:49:21.947 [info] Got 1 sessions for ...
2026-09-12 13:49:21.966 [info] Getting sessions for read:user,repo,user:email,workflow...
2026-09-12 13:49:21.966 [info] Got 1 sessions for read:user,repo,user:email,workflow...
2026-09-12 13:49:22.008 [info] Getting sessions for all scopes...
2026-09-12 13:49:22.008 [info] Got 1 sessions for ...
2026-09-12 13:49:22.035 [info] Getting sessions for all scopes...
2026-09-12 13:49:22.035 [info] Got 1 sessions for ...
2026-09-12 13:49:23.065 [info] Getting sessions for all scopes...
2026-09-12 13:49:23.065 [info] Got 1 sessions for ...
2026-09-12 13:49:23.067 [info] Getting sessions for read:user,repo,user:email,workflow...
2026-09-12 13:49:23.067 [info] Got 1 sessions for read:user,repo,user:email,workflow...
2026-09-12 13:51:38.368 [info] Getting sessions for all scopes...
2026-09-12 13:51:38.368 [info] Got 1 sessions for ...
2026-09-12 13:51:38.370 [info] Getting sessions for read:user,repo,user:email,workflow...
2026-09-12 13:51:38.370 [info] Got 1 sessions for read:user,repo,user:email,workflow...
2026-09-12 13:51:38.734 [info] Getting sessions for all scopes...
2026-09-12 13:51:38.734 [info] Got 1 sessions for ...
2026-09-12 13:51:38.736 [info] Getting sessions for read:user,repo,user:email,workflow...
2026-09-12 13:51:38.736 [info] Got 1 sessions for read:user,repo,user:email,workflow...
2026-09-12 13:56:18.598 [info] Getting sessions for all scopes...
2026-09-12 13:56:18.598 [info] Got 1 sessions for ...
2026-09-12 13:56:18.662 [info] Getting sessions for read:user,repo,user:email,workflow...
2026-09-12 13:56:18.662 [info] Got 1 sessions for read:user,repo,user:email,workflow...
2026-09-12 13:56:18.679 [info] Getting sessions for all scopes...
2026-09-12 13:56:18.679 [info] Got 1 sessions for ...
2026-09-12 13:56:18.680 [info] Getting sessions for all scopes...
2026-09-12 13:56:18.680 [info] Got 1 sessions for ...
2026-09-12 13:56:20.063 [info] Getting sessions for all scopes...
2026-09-12 13:56:20.063 [info] Got 1 sessions for ...
2026-09-12 13:56:20.070 [info] Getting sessions for read:user,repo,user:email,workflow...
2026-09-12 13:56:20.070 [info] Got 1 sessions for read:user,repo,user:email,workflow...
2026-09-12 13:57:20.062 [info] Getting sessions for all scopes...
2026-09-12 13:57:20.062 [info] Got 1 sessions for ...
2026-09-12 13:57:20.066 [info] Getting sessions for read:user,repo,user:email,workflow...
2026-09-12 13:57:20.066 [info] Got 1 sessions for read:user,repo,user:email,workflow...
2026-09-12 13:57:21.094 [info] Getting sessions for all scopes...
2026-09-12 13:57:21.094 [info] Got 1 sessions for ...
2026-09-12 13:57:21.097 [info] Getting sessions for read:user,repo,user:email,workflow...
2026-09-12 13:57:21.097 [info] Got 1 sessions for read:user,repo,user:email,workflow...
2026-09-12 13:57:53.316 [info] Getting sessions for all scopes...
2026-09-12 13:57:53.316 [info] Got 1 sessions for ...
2026-09-12 13:57:53.323 [info] Getting sessions for read:user,repo,user:email,workflow...
2026-09-12 13:57:53.323 [info] Got 1 sessions for read:user,repo,user:email,workflow...
2026-09-12 13:57:53.355 [info] Getting sessions for all scopes...
2026-09-12 13:57:53.355 [info] Got 1 sessions for ...
2026-09-12 13:57:53.416 [info] Getting sessions for all scopes...
2026-09-12 13:57:53.416 [info] Got 1 sessions for ...
2026-09-12 13:57:54.356 [info] Getting sessions for all scopes...
2026-09-12 13:57:54.356 [info] Got 1 sessions for ...
2026-09-12 13:57:54.359 [info] Getting sessions for read:user,repo,user:email,workflow...
2026-09-12 13:57:54.359 [info] Got 1 sessions for read:user,repo,user:email,workflow...
2026-09-12 13:58:58.502 [info] Getting sessions for all scopes...
2026-09-12 13:58:58.502 [info] Got 1 sessions for ...
2026-09-12 13:58:58.504 [info] Getting sessions for read:user,repo,user:email,workflow...
2026-09-12 13:58:58.504 [info] Got 1 sessions for read:user,repo,user:email,workflow...
2026-09-12 13:58:59.559 [info] Getting sessions for all scopes...
2026-09-12 13:58:59.560 [info] Got 1 sessions for ...
2026-09-12 13:58:59.567 [info] Getting sessions for read:user,repo,user:email,workflow...
2026-09-12 13:58:59.567 [info] Got 1 sessions for read:user,repo,user:email,workflow...
2026-09-12 13:59:59.552 [info] Getting sessions for all scopes...
2026-09-12 13:59:59.552 [info] Got 1 sessions for ...
2026-09-12 13:59:59.554 [info] Getting sessions for read:user,repo,user:email,workflow...
2026-09-12 13:59:59.554 [info] Got 1 sessions for read:user,repo,user:email,workflow...
2026-09-12 14:00:00.540 [info] Getting sessions for all scopes...
2026-09-12 14:00:00.540 [info] Got 1 sessions for ...
2026-09-12 14:00:00.542 [info] Getting sessions for read:user,repo,user:email,workflow...
2026-09-12 14:00:00.542 [info] Got 1 sessions for read:user,repo,user:email,workflow...
2026-09-12 14:01:00.539 [info] Getting sessions for all scopes...
2026-09-12 14:01:00.539 [info] Got 1 sessions for ...
2026-09-12 14:01:00.542 [info] Getting sessions for read:user,repo,user:email,workflow...
2026-09-12 14:01:00.542 [info] Got 1 sessions for read:user,repo,user:email,workflow...
2026-09-12 14:01:01.614 [info] Getting sessions for all scopes...
2026-09-12 14:01:01.614 [info] Got 1 sessions for ...
2026-09-12 14:01:01.615 [info] Getting sessions for read:user,repo,user:email,workflow...
2026-09-12 14:01:01.615 [info] Got 1 sessions for read:user,repo,user:email,workflow...
2026-09-12 14:01:38.366 [info] Getting sessions for all scopes...
2026-09-12 14:01:38.366 [info] Got 1 sessions for ...
2026-09-12 14:01:38.368 [info] Getting sessions for read:user,repo,user:email,workflow...
2026-09-12 14:01:38.368 [info] Got 1 sessions for read:user,repo,user:email,workflow...
2026-09-12 14:01:38.788 [info] Getting sessions for all scopes...
2026-09-12 14:01:38.788 [info] Got 1 sessions for ...
2026-09-12 14:01:38.790 [info] Getting sessions for read:user,repo,user:email,workflow...
2026-09-12 14:01:38.790 [info] Got 1 sessions for read:user,repo,user:email,workflow...
2026-09-12 14:02:01.619 [info] Getting sessions for all scopes...
2026-09-12 14:02:01.619 [info] Got 1 sessions for ...
2026-09-12 14:02:01.622 [info] Getting sessions for read:user,repo,user:email,workflow...
2026-09-12 14:02:01.622 [info] Got 1 sessions for read:user,repo,user:email,workflow...
2026-09-12 14:02:02.524 [info] Getting sessions for all scopes...
2026-09-12 14:02:02.524 [info] Got 1 sessions for ...
2026-09-12 14:02:02.537 [info] Getting sessions for read:user,repo,user:email,workflow...
2026-09-12 14:02:02.537 [info] Got 1 sessions for read:user,repo,user:email,workflow...
2026-09-12 14:03:02.507 [info] Getting sessions for all scopes...
2026-09-12 14:03:02.508 [info] Got 1 sessions for ...
2026-09-12 14:03:02.510 [info] Getting sessions for read:user,repo,user:email,workflow...
2026-09-12 14:03:02.510 [info] Got 1 sessions for read:user,repo,user:email,workflow...
2026-09-12 14:03:03.518 [info] Getting sessions for all scopes...
2026-09-12 14:03:03.518 [info] Got 1 sessions for ...
2026-09-12 14:03:03.521 [info] Getting sessions for read:user,repo,user:email,workflow...
2026-09-12 14:03:03.521 [info] Got 1 sessions for read:user,repo,user:email,workflow...
2026-09-12 14:04:03.514 [info] Getting sessions for all scopes...
2026-09-12 14:04:03.514 [info] Got 1 sessions for ...
2026-09-12 14:04:03.516 [info] Getting sessions for read:user,repo,user:email,workflow...
2026-09-12 14:04:03.516 [info] Got 1 sessions for read:user,repo,user:email,workflow...
2026-09-12 14:04:04.510 [info] Getting sessions for all scopes...
2026-09-12 14:04:04.510 [info] Got 1 sessions for ...
2026-09-12 14:04:04.512 [info] Getting sessions for read:user,repo,user:email,workflow...
2026-09-12 14:04:04.512 [info] Got 1 sessions for read:user,repo,user:email,workflow...
2026-09-12 14:05:04.511 [info] Getting sessions for all scopes...
2026-09-12 14:05:04.511 [info] Got 1 sessions for ...
2026-09-12 14:05:04.513 [info] Getting sessions for read:user,repo,user:email,workflow...
2026-09-12 14:05:04.513 [info] Got 1 sessions for read:user,repo,user:email,workflow...
2026-09-12 14:05:05.539 [info] Getting sessions for all scopes...
2026-09-12 14:05:05.539 [info] Got 1 sessions for ...
2026-09-12 14:05:05.542 [info] Getting sessions for read:user,repo,user:email,workflow...
2026-09-12 14:05:05.542 [info] Got 1 sessions for read:user,repo,user:email,workflow...
2026-09-12 14:06:05.541 [info] Getting sessions for all scopes...
2026-09-12 14:06:05.541 [info] Got 1 sessions for ...
2026-09-12 14:06:05.543 [info] Getting sessions for read:user,repo,user:email,workflow...
2026-09-12 14:06:05.543 [info] Got 1 sessions for read:user,repo,user:email,workflow...
2026-09-12 14:06:06.543 [info] Getting sessions for all scopes...
2026-09-12 14:06:06.543 [info] Got 1 sessions for ...
2026-09-12 14:06:06.547 [info] Getting sessions for read:user,repo,user:email,workflow...
2026-09-12 14:06:06.547 [info] Got 1 sessions for read:user,repo,user:email,workflow...
2026-09-12 14:06:27.782 [info] Getting sessions for all scopes...
2026-09-12 14:06:27.782 [info] Got 1 sessions for ...
2026-09-12 14:06:27.815 [info] Getting sessions for read:user,repo,user:email,workflow...
2026-09-12 14:06:27.815 [info] Got 1 sessions for read:user,repo,user:email,workflow...
2026-09-12 14:06:27.877 [info] Getting sessions for all scopes...
2026-09-12 14:06:27.877 [info] Got 1 sessions for ...
2026-09-12 14:06:27.884 [info] Getting sessions for all scopes...
2026-09-12 14:06:27.884 [info] Got 1 sessions for ...
2026-09-12 14:06:28.680 [info] Getting sessions for all scopes...
2026-09-12 14:06:28.680 [info] Got 1 sessions for ...
2026-09-12 14:06:28.686 [info] Getting sessions for read:user,repo,user:email,workflow...
2026-09-12 14:06:28.686 [info] Got 1 sessions for read:user,repo,user:email,workflow...
2026-09-12 14:07:28.673 [info] Getting sessions for all scopes...
2026-09-12 14:07:28.673 [info] Got 1 sessions for ...
2026-09-12 14:07:28.675 [info] Getting sessions for read:user,repo,user:email,workflow...
2026-09-12 14:07:28.675 [info] Got 1 sessions for read:user,repo,user:email,workflow...
2026-09-12 14:07:29.775 [info] Getting sessions for all scopes...
2026-09-12 14:07:29.775 [info] Got 1 sessions for ...
2026-09-12 14:07:29.782 [info] Getting sessions for read:user,repo,user:email,workflow...
2026-09-12 14:07:29.782 [info] Got 1 sessions for read:user,repo,user:email,workflow...
2026-09-12 14:08:12.065 [info] Getting sessions for all scopes...
2026-09-12 14:08:12.065 [info] Got 1 sessions for ...
2026-09-12 14:08:12.066 [info] Getting sessions for read:user,repo,user:email,workflow...
2026-09-12 14:08:12.066 [info] Got 1 sessions for read:user,repo,user:email,workflow...
2026-09-12 14:08:12.182 [info] Getting sessions for all scopes...
2026-09-12 14:08:12.182 [info] Got 1 sessions for ...
2026-09-12 14:08:12.183 [info] Getting sessions for all scopes...
2026-09-12 14:08:12.184 [info] Got 1 sessions for ...
2026-09-12 14:08:13.113 [info] Getting sessions for all scopes...
2026-09-12 14:08:13.113 [info] Got 1 sessions for ...
2026-09-12 14:08:13.116 [info] Getting sessions for read:user,repo,user:email,workflow...
2026-09-12 14:08:13.116 [info] Got 1 sessions for read:user,repo,user:email,workflow...
2026-09-12 14:09:13.113 [info] Getting sessions for all scopes...
2026-09-12 14:09:13.113 [info] Got 1 sessions for ...
2026-09-12 14:09:13.116 [info] Getting sessions for read:user,repo,user:email,workflow...
2026-09-12 14:09:13.116 [info] Got 1 sessions for read:user,repo,user:email,workflow...
2026-09-12 14:09:14.116 [info] Getting sessions for all scopes...
2026-09-12 14:09:14.116 [info] Got 1 sessions for ...
2026-09-12 14:09:14.119 [info] Getting sessions for read:user,repo,user:email,workflow...
2026-09-12 14:09:14.119 [info] Got 1 sessions for read:user,repo,user:email,workflow...
2026-09-12 14:10:14.116 [info] Getting sessions for all scopes...
2026-09-12 14:10:14.116 [info] Got 1 sessions for ...
2026-09-12 14:10:14.119 [info] Getting sessions for read:user,repo,user:email,workflow...
2026-09-12 14:10:14.119 [info] Got 1 sessions for read:user,repo,user:email,workflow...
2026-09-12 14:10:15.142 [info] Getting sessions for all scopes...
2026-09-12 14:10:15.142 [info] Got 1 sessions for ...
2026-09-12 14:10:15.144 [info] Getting sessions for read:user,repo,user:email,workflow...
2026-09-12 14:10:15.144 [info] Got 1 sessions for read:user,repo,user:email,workflow...
2026-09-12 14:11:15.161 [info] Getting sessions for all scopes...
2026-09-12 14:11:15.161 [info] Got 1 sessions for ...
2026-09-12 14:11:15.170 [info] Getting sessions for read:user,repo,user:email,workflow...
2026-09-12 14:11:15.170 [info] Got 1 sessions for read:user,repo,user:email,workflow...
2026-09-12 14:11:16.693 [info] Getting sessions for all scopes...
2026-09-12 14:11:16.693 [info] Got 1 sessions for ...
2026-09-12 14:11:16.698 [info] Getting sessions for read:user,repo,user:email,workflow...
2026-09-12 14:11:16.698 [info] Got 1 sessions for read:user,repo,user:email,workflow...
2026-09-12 14:11:39.451 [info] Getting sessions for all scopes...
2026-09-12 14:11:39.451 [info] Got 1 sessions for ...
2026-09-12 14:11:39.458 [info] Getting sessions for read:user,repo,user:email,workflow...
2026-09-12 14:11:39.458 [info] Got 1 sessions for read:user,repo,user:email,workflow...
2026-09-12 14:11:39.753 [info] Getting sessions for all scopes...
2026-09-12 14:11:39.753 [info] Got 1 sessions for ...
2026-09-12 14:11:39.759 [info] Getting sessions for read:user,repo,user:email,workflow...
2026-09-12 14:11:39.759 [info] Got 1 sessions for read:user,repo,user:email,workflow...
2026-09-12 14:12:16.685 [info] Getting sessions for all scopes...
2026-09-12 14:12:16.685 [info] Got 1 sessions for ...
2026-09-12 14:12:16.691 [info] Getting sessions for read:user,repo,user:email,workflow...
2026-09-12 14:12:16.691 [info] Got 1 sessions for read:user,repo,user:email,workflow...
2026-09-12 14:12:17.839 [info] Getting sessions for all scopes...
2026-09-12 14:12:17.839 [info] Got 1 sessions for ...
2026-09-12 14:12:17.854 [info] Getting sessions for read:user,repo,user:email,workflow...
2026-09-12 14:12:17.854 [info] Got 1 sessions for read:user,repo,user:email,workflow...
2026-09-12 14:13:17.826 [info] Getting sessions for all scopes...
2026-09-12 14:13:17.827 [info] Got 1 sessions for ...
2026-09-12 14:13:17.832 [info] Getting sessions for read:user,repo,user:email,workflow...
2026-09-12 14:13:17.832 [info] Got 1 sessions for read:user,repo,user:email,workflow...
2026-09-12 14:13:19.065 [info] Getting sessions for all scopes...
2026-09-12 14:13:19.065 [info] Got 1 sessions for ...
2026-09-12 14:13:19.073 [info] Getting sessions for read:user,repo,user:email,workflow...
2026-09-12 14:13:19.073 [info] Got 1 sessions for read:user,repo,user:email,workflow...
2026-09-12 14:14:19.064 [info] Getting sessions for all scopes...
2026-09-12 14:14:19.065 [info] Got 1 sessions for ...
2026-09-12 14:14:19.072 [info] Getting sessions for read:user,repo,user:email,workflow...
2026-09-12 14:14:19.072 [info] Got 1 sessions for read:user,repo,user:email,workflow...
2026-09-12 14:14:20.299 [info] Getting sessions for all scopes...
2026-09-12 14:14:20.299 [info] Got 1 sessions for ...
2026-09-12 14:14:20.303 [info] Getting sessions for read:user,repo,user:email,workflow...
2026-09-12 14:14:20.303 [info] Got 1 sessions for read:user,repo,user:email,workflow...
2026-09-12 14:15:20.295 [info] Getting sessions for all scopes...
2026-09-12 14:15:20.295 [info] Got 1 sessions for ...
2026-09-12 14:15:20.301 [info] Getting sessions for read:user,repo,user:email,workflow...
2026-09-12 14:15:20.301 [info] Got 1 sessions for read:user,repo,user:email,workflow...
2026-09-12 14:15:21.494 [info] Getting sessions for all scopes...
2026-09-12 14:15:21.494 [info] Got 1 sessions for ...
2026-09-12 14:15:21.499 [info] Getting sessions for read:user,repo,user:email,workflow...
2026-09-12 14:15:21.499 [info] Got 1 sessions for read:user,repo,user:email,workflow...
2026-09-12 14:16:20.785 [info] Getting sessions for all scopes...
2026-09-12 14:16:20.785 [info] Got 1 sessions for ...
2026-09-12 14:16:20.810 [info] Getting sessions for read:user,repo,user:email,workflow...
2026-09-12 14:16:20.810 [info] Got 1 sessions for read:user,repo,user:email,workflow...
2026-09-12 14:16:20.893 [info] Getting sessions for all scopes...
2026-09-12 14:16:20.893 [info] Got 1 sessions for ...
2026-09-12 14:16:20.896 [info] Getting sessions for all scopes...
2026-09-12 14:16:20.896 [info] Got 1 sessions for ...
2026-09-12 14:16:22.353 [info] Getting sessions for all scopes...
2026-09-12 14:16:22.353 [info] Got 1 sessions for ...
2026-09-12 14:16:22.366 [info] Getting sessions for read:user,repo,user:email,workflow...
2026-09-12 14:16:22.366 [info] Got 1 sessions for read:user,repo,user:email,workflow...
2026-09-12 14:17:36.934 [info] Getting sessions for all scopes...
2026-09-12 14:17:36.934 [info] Got 1 sessions for ...
2026-09-12 14:17:36.939 [info] Getting sessions for read:user,repo,user:email,workflow...
2026-09-12 14:17:36.939 [info] Got 1 sessions for read:user,repo,user:email,workflow...
2026-09-12 14:17:38.017 [info] Getting sessions for all scopes...
2026-09-12 14:17:38.017 [info] Got 1 sessions for ...
2026-09-12 14:17:38.021 [info] Getting sessions for read:user,repo,user:email,workflow...
2026-09-12 14:17:38.021 [info] Got 1 sessions for read:user,repo,user:email,workflow...
2026-09-12 14:18:38.022 [info] Getting sessions for all scopes...
2026-09-12 14:18:38.022 [info] Got 1 sessions for ...
2026-09-12 14:18:38.031 [info] Getting sessions for read:user,repo,user:email,workflow...
2026-09-12 14:18:38.031 [info] Got 1 sessions for read:user,repo,user:email,workflow...
2026-09-12 14:18:39.460 [info] Getting sessions for all scopes...
2026-09-12 14:18:39.460 [info] Got 1 sessions for ...
2026-09-12 14:18:39.465 [info] Getting sessions for read:user,repo,user:email,workflow...
2026-09-12 14:18:39.465 [info] Got 1 sessions for read:user,repo,user:email,workflow...
2026-09-12 14:19:39.460 [info] Getting sessions for all scopes...
2026-09-12 14:19:39.460 [info] Got 1 sessions for ...
2026-09-12 14:19:39.466 [info] Getting sessions for read:user,repo,user:email,workflow...
2026-09-12 14:19:39.466 [info] Got 1 sessions for read:user,repo,user:email,workflow...
2026-09-12 14:19:40.732 [info] Getting sessions for all scopes...
2026-09-12 14:19:40.732 [info] Got 1 sessions for ...
2026-09-12 14:19:40.741 [info] Getting sessions for read:user,repo,user:email,workflow...
2026-09-12 14:19:40.741 [info] Got 1 sessions for read:user,repo,user:email,workflow...
2026-09-12 14:20:40.701 [info] Getting sessions for all scopes...
2026-09-12 14:20:40.701 [info] Got 1 sessions for ...
2026-09-12 14:20:40.709 [info] Getting sessions for read:user,repo,user:email,workflow...
2026-09-12 14:20:40.709 [info] Got 1 sessions for read:user,repo,user:email,workflow...
2026-09-12 14:20:41.939 [info] Getting sessions for all scopes...
2026-09-12 14:20:41.939 [info] Got 1 sessions for ...
2026-09-12 14:20:41.941 [info] Getting sessions for read:user,repo,user:email,workflow...
2026-09-12 14:20:41.941 [info] Got 1 sessions for read:user,repo,user:email,workflow...
2026-09-12 14:21:39.462 [info] Getting sessions for all scopes...
2026-09-12 14:21:39.462 [info] Got 1 sessions for ...
2026-09-12 14:21:39.470 [info] Getting sessions for read:user,repo,user:email,workflow...
2026-09-12 14:21:39.470 [info] Got 1 sessions for read:user,repo,user:email,workflow...
2026-09-12 14:21:39.982 [info] Getting sessions for all scopes...
2026-09-12 14:21:39.982 [info] Got 1 sessions for ...
2026-09-12 14:21:39.987 [info] Getting sessions for read:user,repo,user:email,workflow...
2026-09-12 14:21:39.987 [info] Got 1 sessions for read:user,repo,user:email,workflow...
2026-09-12 14:21:41.940 [info] Getting sessions for all scopes...
2026-09-12 14:21:41.940 [info] Got 1 sessions for ...
2026-09-12 14:21:41.944 [info] Getting sessions for read:user,repo,user:email,workflow...
2026-09-12 14:21:41.944 [info] Got 1 sessions for read:user,repo,user:email,workflow...
2026-09-12 14:21:43.064 [info] Getting sessions for all scopes...
2026-09-12 14:21:43.064 [info] Got 1 sessions for ...
2026-09-12 14:21:43.069 [info] Getting sessions for read:user,repo,user:email,workflow...
2026-09-12 14:21:43.069 [info] Got 1 sessions for read:user,repo,user:email,workflow...
2026-09-12 14:21:50.091 [info] Getting sessions for all scopes...
2026-09-12 14:21:50.091 [info] Got 1 sessions for ...
2026-09-12 14:21:50.102 [info] Getting sessions for read:user,repo,user:email,workflow...
2026-09-12 14:21:50.102 [info] Got 1 sessions for read:user,repo,user:email,workflow...
2026-09-12 14:21:50.171 [info] Getting sessions for all scopes...
2026-09-12 14:21:50.171 [info] Got 1 sessions for ...
2026-09-12 14:21:50.173 [info] Getting sessions for all scopes...
2026-09-12 14:21:50.173 [info] Got 1 sessions for ...
2026-09-12 14:21:50.949 [info] Getting sessions for all scopes...
2026-09-12 14:21:50.949 [info] Got 1 sessions for ...
2026-09-12 14:21:50.960 [info] Getting sessions for read:user,repo,user:email,workflow...
2026-09-12 14:21:50.960 [info] Got 1 sessions for read:user,repo,user:email,workflow...
2026-09-12 14:22:19.061 [info] Getting sessions for all scopes...
2026-09-12 14:22:19.061 [info] Got 1 sessions for ...
2026-09-12 14:22:19.083 [info] Getting sessions for read:user,repo,user:email,workflow...
2026-09-12 14:22:19.083 [info] Got 1 sessions for read:user,repo,user:email,workflow...
2026-09-12 14:22:19.277 [info] Getting sessions for all scopes...
2026-09-12 14:22:19.277 [info] Got 1 sessions for ...
2026-09-12 14:22:19.293 [info] Getting sessions for all scopes...
2026-09-12 14:22:19.293 [info] Got 1 sessions for ...
2026-09-12 14:22:20.127 [info] Getting sessions for all scopes...
2026-09-12 14:22:20.127 [info] Got 1 sessions for ...
2026-09-12 14:22:20.131 [info] Getting sessions for read:user,repo,user:email,workflow...
2026-09-12 14:22:20.131 [info] Got 1 sessions for read:user,repo,user:email,workflow...
2026-09-12 14:23:59.902 [info] Getting sessions for all scopes...
2026-09-12 14:23:59.902 [info] Got 1 sessions for ...
2026-09-12 14:23:59.903 [info] Getting sessions for all scopes...
2026-09-12 14:23:59.903 [info] Got 1 sessions for ...
2026-09-12 14:24:01.616 [info] Getting sessions for all scopes...
2026-09-12 14:24:01.616 [info] Got 1 sessions for ...
2026-09-12 14:24:01.619 [info] Getting sessions for read:user,repo,user:email,workflow...
2026-09-12 14:24:01.619 [info] Got 1 sessions for read:user,repo,user:email,workflow...
2026-09-12 14:24:02.949 [info] Getting sessions for all scopes...
2026-09-12 14:24:02.949 [info] Got 1 sessions for ...
2026-09-12 14:24:02.959 [info] Getting sessions for read:user,repo,user:email,workflow...
2026-09-12 14:24:02.959 [info] Got 1 sessions for read:user,repo,user:email,workflow...
2026-09-12 14:25:02.935 [info] Getting sessions for all scopes...
2026-09-12 14:25:02.935 [info] Got 1 sessions for ...
2026-09-12 14:25:02.938 [info] Getting sessions for read:user,repo,user:email,workflow...
2026-09-12 14:25:02.938 [info] Got 1 sessions for read:user,repo,user:email,workflow...
2026-09-12 14:25:04.105 [info] Getting sessions for all scopes...
2026-09-12 14:25:04.105 [info] Got 1 sessions for ...
2026-09-12 14:25:04.120 [info] Getting sessions for read:user,repo,user:email,workflow...
2026-09-12 14:25:04.120 [info] Got 1 sessions for read:user,repo,user:email,workflow...
2026-09-12 14:26:27.197 [info] Getting sessions for all scopes...
2026-09-12 14:26:27.197 [info] Got 1 sessions for ...
2026-09-12 14:26:27.214 [info] Getting sessions for read:user,repo,user:email,workflow...
2026-09-12 14:26:27.214 [info] Got 1 sessions for read:user,repo,user:email,workflow...
2026-09-12 14:26:27.272 [info] Getting sessions for all scopes...
2026-09-12 14:26:27.272 [info] Got 1 sessions for ...
2026-09-12 14:26:27.276 [info] Getting sessions for all scopes...
2026-09-12 14:26:27.276 [info] Got 1 sessions for ...
2026-09-12 14:26:29.671 [info] Getting sessions for all scopes...
2026-09-12 14:26:29.671 [info] Got 1 sessions for ...
2026-09-12 14:26:29.675 [info] Getting sessions for read:user,repo,user:email,workflow...
2026-09-12 14:26:29.675 [info] Got 1 sessions for read:user,repo,user:email,workflow...
2026-09-12 14:26:42.939 [info] Getting sessions for all scopes...
2026-09-12 14:26:42.939 [info] Got 1 sessions for ...
2026-09-12 14:26:42.952 [info] Getting sessions for read:user,repo,user:email,workflow...
2026-09-12 14:26:42.952 [info] Got 1 sessions for read:user,repo,user:email,workflow...
2026-09-12 14:26:44.009 [info] Getting sessions for all scopes...
2026-09-12 14:26:44.009 [info] Got 1 sessions for ...
2026-09-12 14:26:44.015 [info] Getting sessions for read:user,repo,user:email,workflow...
2026-09-12 14:26:44.015 [info] Got 1 sessions for read:user,repo,user:email,workflow...
2026-09-12 14:27:44.010 [info] Getting sessions for all scopes...
2026-09-12 14:27:44.010 [info] Got 1 sessions for ...
2026-09-12 14:27:44.015 [info] Getting sessions for read:user,repo,user:email,workflow...
2026-09-12 14:27:44.016 [info] Got 1 sessions for read:user,repo,user:email,workflow...
2026-09-12 14:27:45.746 [info] Getting sessions for all scopes...
2026-09-12 14:27:45.746 [info] Got 1 sessions for ...
2026-09-12 14:27:45.750 [info] Getting sessions for read:user,repo,user:email,workflow...
2026-09-12 14:27:45.750 [info] Got 1 sessions for read:user,repo,user:email,workflow...
2026-09-12 14:28:45.754 [info] Getting sessions for all scopes...
2026-09-12 14:28:45.754 [info] Got 1 sessions for ...
2026-09-12 14:28:45.758 [info] Getting sessions for read:user,repo,user:email,workflow...
2026-09-12 14:28:45.758 [info] Got 1 sessions for read:user,repo,user:email,workflow...
2026-09-12 14:28:46.888 [info] Getting sessions for all scopes...
2026-09-12 14:28:46.888 [info] Got 1 sessions for ...
2026-09-12 14:28:46.892 [info] Getting sessions for read:user,repo,user:email,workflow...
2026-09-12 14:28:46.892 [info] Got 1 sessions for read:user,repo,user:email,workflow...
2026-09-12 14:29:58.257 [info] Getting sessions for all scopes...
2026-09-12 14:29:58.257 [info] Got 1 sessions for ...
2026-09-12 14:29:58.265 [info] Getting sessions for read:user,repo,user:email,workflow...
2026-09-12 14:29:58.265 [info] Got 1 sessions for read:user,repo,user:email,workflow...
2026-09-12 14:29:59.417 [info] Getting sessions for all scopes...
2026-09-12 14:29:59.417 [info] Got 1 sessions for ...
2026-09-12 14:29:59.420 [info] Getting sessions for read:user,repo,user:email,workflow...
2026-09-12 14:29:59.420 [info] Got 1 sessions for read:user,repo,user:email,workflow...
2026-09-12 14:30:59.387 [info] Getting sessions for all scopes...
2026-09-12 14:30:59.387 [info] Got 1 sessions for ...
2026-09-12 14:30:59.391 [info] Getting sessions for read:user,repo,user:email,workflow...
2026-09-12 14:30:59.391 [info] Got 1 sessions for read:user,repo,user:email,workflow...
2026-09-12 14:31:00.631 [info] Getting sessions for all scopes...
2026-09-12 14:31:00.632 [info] Got 1 sessions for ...
2026-09-12 14:31:00.637 [info] Getting sessions for read:user,repo,user:email,workflow...
2026-09-12 14:31:00.637 [info] Got 1 sessions for read:user,repo,user:email,workflow...
2026-09-12 14:31:39.469 [info] Getting sessions for all scopes...
2026-09-12 14:31:39.469 [info] Got 1 sessions for ...
2026-09-12 14:31:39.472 [info] Getting sessions for read:user,repo,user:email,workflow...
2026-09-12 14:31:39.472 [info] Got 1 sessions for read:user,repo,user:email,workflow...
2026-09-12 14:31:39.960 [info] Getting sessions for all scopes...
2026-09-12 14:31:39.960 [info] Got 1 sessions for ...
2026-09-12 14:31:39.965 [info] Getting sessions for read:user,repo,user:email,workflow...
2026-09-12 14:31:39.965 [info] Got 1 sessions for read:user,repo,user:email,workflow...
2026-09-12 14:32:00.627 [info] Getting sessions for all scopes...
2026-09-12 14:32:00.627 [info] Got 1 sessions for ...
2026-09-12 14:32:00.631 [info] Getting sessions for read:user,repo,user:email,workflow...
2026-09-12 14:32:00.631 [info] Got 1 sessions for read:user,repo,user:email,workflow...
2026-09-12 14:32:01.699 [info] Getting sessions for all scopes...
2026-09-12 14:32:01.699 [info] Got 1 sessions for ...
2026-09-12 14:32:01.726 [info] Getting sessions for read:user,repo,user:email,workflow...
2026-09-12 14:32:01.726 [info] Got 1 sessions for read:user,repo,user:email,workflow...
2026-09-12 14:33:01.702 [info] Getting sessions for all scopes...
2026-09-12 14:33:01.702 [info] Got 1 sessions for ...
2026-09-12 14:33:01.707 [info] Getting sessions for read:user,repo,user:email,workflow...
2026-09-12 14:33:01.707 [info] Got 1 sessions for read:user,repo,user:email,workflow...
2026-09-12 14:33:02.806 [info] Getting sessions for all scopes...
2026-09-12 14:33:02.807 [info] Got 1 sessions for ...
2026-09-12 14:33:02.810 [info] Getting sessions for read:user,repo,user:email,workflow...
2026-09-12 14:33:02.810 [info] Got 1 sessions for read:user,repo,user:email,workflow...
2026-09-12 14:34:02.808 [info] Getting sessions for all scopes...
2026-09-12 14:34:02.808 [info] Got 1 sessions for ...
2026-09-12 14:34:02.823 [info] Getting sessions for read:user,repo,user:email,workflow...
2026-09-12 14:34:02.823 [info] Got 1 sessions for read:user,repo,user:email,workflow...
2026-09-12 14:34:04.033 [info] Getting sessions for all scopes...
2026-09-12 14:34:04.033 [info] Got 1 sessions for ...
2026-09-12 14:34:04.039 [info] Getting sessions for read:user,repo,user:email,workflow...
2026-09-12 14:34:04.039 [info] Got 1 sessions for read:user,repo,user:email,workflow...
2026-09-12 14:35:04.031 [info] Getting sessions for all scopes...
2026-09-12 14:35:04.031 [info] Got 1 sessions for ...
2026-09-12 14:35:04.035 [info] Getting sessions for read:user,repo,user:email,workflow...
2026-09-12 14:35:04.035 [info] Got 1 sessions for read:user,repo,user:email,workflow...
2026-09-12 14:35:05.162 [info] Getting sessions for all scopes...
2026-09-12 14:35:05.162 [info] Got 1 sessions for ...
2026-09-12 14:35:05.168 [info] Getting sessions for read:user,repo,user:email,workflow...
2026-09-12 14:35:05.168 [info] Got 1 sessions for read:user,repo,user:email,workflow...
2026-09-12 14:36:05.163 [info] Getting sessions for all scopes...
2026-09-12 14:36:05.163 [info] Got 1 sessions for ...
2026-09-12 14:36:05.172 [info] Getting sessions for read:user,repo,user:email,workflow...
2026-09-12 14:36:05.172 [info] Got 1 sessions for read:user,repo,user:email,workflow...
2026-09-12 14:36:06.212 [info] Getting sessions for all scopes...
2026-09-12 14:36:06.212 [info] Got 1 sessions for ...
2026-09-12 14:36:06.218 [info] Getting sessions for read:user,repo,user:email,workflow...
2026-09-12 14:36:06.218 [info] Got 1 sessions for read:user,repo,user:email,workflow...
2026-09-12 14:37:06.268 [info] Getting sessions for all scopes...
2026-09-12 14:37:06.268 [info] Got 1 sessions for ...
2026-09-12 14:37:06.323 [info] Getting sessions for read:user,repo,user:email,workflow...
2026-09-12 14:37:06.323 [info] Got 1 sessions for read:user,repo,user:email,workflow...
2026-09-12 14:37:12.862 [info] Getting sessions for all scopes...
2026-09-12 14:37:12.862 [info] Got 1 sessions for ...
2026-09-12 14:37:12.870 [info] Getting sessions for read:user,repo,user:email,workflow...
2026-09-12 14:37:12.870 [info] Got 1 sessions for read:user,repo,user:email,workflow...
2026-09-12 14:38:13.102 [info] Getting sessions for all scopes...
2026-09-12 14:38:13.102 [info] Got 1 sessions for ...
2026-09-12 14:38:13.223 [info] Getting sessions for read:user,repo,user:email,workflow...
2026-09-12 14:38:13.223 [info] Got 1 sessions for read:user,repo,user:email,workflow...
2026-09-12 14:38:14.371 [info] Getting sessions for all scopes...
2026-09-12 14:38:14.371 [info] Got 1 sessions for ...
2026-09-12 14:38:14.382 [info] Getting sessions for read:user,repo,user:email,workflow...
2026-09-12 14:38:14.382 [info] Got 1 sessions for read:user,repo,user:email,workflow...
2026-09-12 14:39:14.366 [info] Getting sessions for all scopes...
2026-09-12 14:39:14.366 [info] Got 1 sessions for ...
2026-09-12 14:39:14.368 [info] Getting sessions for read:user,repo,user:email,workflow...
2026-09-12 14:39:14.368 [info] Got 1 sessions for read:user,repo,user:email,workflow...
2026-09-12 14:39:20.462 [info] Getting sessions for all scopes...
2026-09-12 14:39:20.462 [info] Got 1 sessions for ...
2026-09-12 14:39:20.468 [info] Getting sessions for read:user,repo,user:email,workflow...
2026-09-12 14:39:20.468 [info] Got 1 sessions for read:user,repo,user:email,workflow...
2026-09-12 14:40:16.411 [info] Getting sessions for all scopes...
2026-09-12 14:40:16.411 [info] Got 1 sessions for ...
2026-09-12 14:40:16.419 [info] Getting sessions for read:user,repo,user:email,workflow...
2026-09-12 14:40:16.419 [info] Got 1 sessions for read:user,repo,user:email,workflow...
2026-09-12 14:40:17.592 [info] Getting sessions for all scopes...
2026-09-12 14:40:17.592 [info] Got 1 sessions for ...
2026-09-12 14:40:17.597 [info] Getting sessions for read:user,repo,user:email,workflow...
2026-09-12 14:40:17.597 [info] Got 1 sessions for read:user,repo,user:email,workflow...
2026-09-12 14:41:17.592 [info] Getting sessions for all scopes...
2026-09-12 14:41:17.592 [info] Got 1 sessions for ...
2026-09-12 14:41:17.595 [info] Getting sessions for read:user,repo,user:email,workflow...
2026-09-12 14:41:17.595 [info] Got 1 sessions for read:user,repo,user:email,workflow...
2026-09-12 14:41:19.045 [info] Getting sessions for all scopes...
2026-09-12 14:41:19.045 [info] Got 1 sessions for ...
2026-09-12 14:41:19.054 [info] Getting sessions for read:user,repo,user:email,workflow...
2026-09-12 14:41:19.054 [info] Got 1 sessions for read:user,repo,user:email,workflow...
2026-09-12 14:41:39.476 [info] Getting sessions for all scopes...
2026-09-12 14:41:39.476 [info] Got 1 sessions for ...
2026-09-12 14:41:39.491 [info] Getting sessions for read:user,repo,user:email,workflow...
2026-09-12 14:41:39.491 [info] Got 1 sessions for read:user,repo,user:email,workflow...
2026-09-12 14:41:39.819 [info] Getting sessions for all scopes...
2026-09-12 14:41:39.819 [info] Got 1 sessions for ...
2026-09-12 14:41:39.824 [info] Getting sessions for read:user,repo,user:email,workflow...
2026-09-12 14:41:39.824 [info] Got 1 sessions for read:user,repo,user:email,workflow...
2026-09-12 14:42:19.040 [info] Getting sessions for all scopes...
2026-09-12 14:42:19.040 [info] Got 1 sessions for ...
2026-09-12 14:42:19.047 [info] Getting sessions for read:user,repo,user:email,workflow...
2026-09-12 14:42:19.047 [info] Got 1 sessions for read:user,repo,user:email,workflow...
2026-09-12 14:42:20.188 [info] Getting sessions for all scopes...
2026-09-12 14:42:20.188 [info] Got 1 sessions for ...
2026-09-12 14:42:20.193 [info] Getting sessions for read:user,repo,user:email,workflow...
2026-09-12 14:42:20.193 [info] Got 1 sessions for read:user,repo,user:email,workflow...
2026-09-12 14:44:19.309 [info] Getting sessions for all scopes...
2026-09-12 14:44:19.309 [info] Got 1 sessions for ...
2026-09-12 14:44:19.315 [info] Getting sessions for read:user,repo,user:email,workflow...
2026-09-12 14:44:19.315 [info] Got 1 sessions for read:user,repo,user:email,workflow...
2026-09-12 14:44:20.606 [info] Getting sessions for all scopes...
2026-09-12 14:44:20.606 [info] Got 1 sessions for ...
2026-09-12 14:44:20.616 [info] Getting sessions for read:user,repo,user:email,workflow...
2026-09-12 14:44:20.616 [info] Got 1 sessions for read:user,repo,user:email,workflow...
2026-09-12 14:45:46.942 [info] Getting sessions for all scopes...
2026-09-12 14:45:46.942 [info] Got 1 sessions for ...
2026-09-12 14:45:47.012 [info] Getting sessions for all scopes...
2026-09-12 14:45:47.013 [info] Got 1 sessions for ...
2026-09-12 14:45:49.685 [info] Getting sessions for read:user,user:email...
2026-09-12 14:45:49.685 [info] Got 0 sessions for read:user,user:email...
2026-09-12 14:45:49.686 [info] Getting sessions for all scopes...
2026-09-12 14:45:49.686 [info] Got 1 sessions for ...
2026-09-12 14:45:49.687 [info] Getting sessions for all scopes...
2026-09-12 14:45:49.687 [info] Got 1 sessions for ...
2026-09-12 14:45:49.687 [info] Getting sessions for all scopes...
2026-09-12 14:45:49.687 [info] Got 1 sessions for ...
2026-09-12 14:45:49.690 [info] Getting sessions for repo...
2026-09-12 14:45:49.690 [info] Got 0 sessions for repo...
2026-09-12 14:45:49.692 [info] Getting sessions for all scopes...
2026-09-12 14:45:49.692 [info] Got 1 sessions for ...
2026-09-12 14:45:50.845 [info] Getting sessions for all scopes...
2026-09-12 14:45:50.845 [info] Got 1 sessions for ...
2026-09-12 14:45:50.954 [info] Getting sessions for read:user,repo,user:email,workflow...
2026-09-12 14:45:50.954 [info] Got 1 sessions for read:user,repo,user:email,workflow...
2026-09-12 14:45:52.307 [info] Getting sessions for all scopes...
2026-09-12 14:45:52.307 [info] Got 1 sessions for ...
2026-09-12 14:45:52.314 [info] Getting sessions for read:user,repo,user:email,workflow...
2026-09-12 14:45:52.314 [info] Got 1 sessions for read:user,repo,user:email,workflow...
2026-09-12 14:46:16.552 [info] Getting sessions for all scopes...
2026-09-12 14:46:16.552 [info] Got 1 sessions for ...
2026-09-12 14:46:16.558 [info] Getting sessions for all scopes...
2026-09-12 14:46:16.558 [info] Got 1 sessions for ...
2026-09-12 14:46:16.571 [info] Getting sessions for all scopes...
2026-09-12 14:46:16.571 [info] Got 1 sessions for ...
2026-09-12 14:46:16.655 [info] Getting sessions for read:user,repo,user:email,workflow...
2026-09-12 14:46:16.655 [info] Got 1 sessions for read:user,repo,user:email,workflow...
2026-09-12 14:46:17.855 [info] Getting sessions for all scopes...
2026-09-12 14:46:17.855 [info] Got 1 sessions for ...
2026-09-12 14:46:17.871 [info] Getting sessions for read:user,repo,user:email,workflow...
2026-09-12 14:46:17.871 [info] Got 1 sessions for read:user,repo,user:email,workflow...
2026-09-12 14:47:17.849 [info] Getting sessions for all scopes...
2026-09-12 14:47:17.850 [info] Got 1 sessions for ...
2026-09-12 14:47:17.857 [info] Getting sessions for read:user,repo,user:email,workflow...
2026-09-12 14:47:17.857 [info] Got 1 sessions for read:user,repo,user:email,workflow...
2026-09-12 14:47:18.979 [info] Getting sessions for all scopes...
2026-09-12 14:47:18.979 [info] Got 1 sessions for ...
2026-09-12 14:47:18.983 [info] Getting sessions for read:user,repo,user:email,workflow...
2026-09-12 14:47:18.983 [info] Got 1 sessions for read:user,repo,user:email,workflow...
2026-09-12 14:49:18.886 [info] Getting sessions for all scopes...
2026-09-12 14:49:18.886 [info] Got 1 sessions for ...
2026-09-12 14:49:18.901 [info] Getting sessions for all scopes...
2026-09-12 14:49:18.901 [info] Got 1 sessions for ...
2026-09-12 14:49:21.061 [info] Getting sessions for all scopes...
2026-09-12 14:49:21.061 [info] Got 1 sessions for ...
2026-09-12 14:49:21.086 [info] Getting sessions for read:user,repo,user:email,workflow...
2026-09-12 14:49:21.086 [info] Got 1 sessions for read:user,repo,user:email,workflow...
2026-09-12 14:49:22.323 [info] Getting sessions for all scopes...
2026-09-12 14:49:22.323 [info] Got 1 sessions for ...
2026-09-12 14:49:22.334 [info] Getting sessions for read:user,repo,user:email,workflow...
2026-09-12 14:49:22.334 [info] Got 1 sessions for read:user,repo,user:email,workflow...
2026-09-12 14:50:22.274 [info] Getting sessions for all scopes...
2026-09-12 14:50:22.274 [info] Got 1 sessions for ...
2026-09-12 14:50:22.278 [info] Getting sessions for read:user,repo,user:email,workflow...
2026-09-12 14:50:22.278 [info] Got 1 sessions for read:user,repo,user:email,workflow...
2026-09-12 14:50:23.514 [info] Getting sessions for all scopes...
2026-09-12 14:50:23.514 [info] Got 1 sessions for ...
2026-09-12 14:50:23.525 [info] Getting sessions for read:user,repo,user:email,workflow...
2026-09-12 14:50:23.525 [info] Got 1 sessions for read:user,repo,user:email,workflow...
2026-09-12 14:50:54.916 [info] Getting sessions for all scopes...
2026-09-12 14:50:54.916 [info] Got 1 sessions for ...
2026-09-12 14:50:55.011 [info] Getting sessions for read:user,repo,user:email,workflow...
2026-09-12 14:50:55.011 [info] Got 1 sessions for read:user,repo,user:email,workflow...
2026-09-12 14:50:56.161 [info] Getting sessions for all scopes...
2026-09-12 14:50:56.161 [info] Got 1 sessions for ...
2026-09-12 14:50:56.165 [info] Getting sessions for read:user,repo,user:email,workflow...
2026-09-12 14:50:56.165 [info] Got 1 sessions for read:user,repo,user:email,workflow...
2026-09-12 14:51:39.467 [info] Getting sessions for all scopes...
2026-09-12 14:51:39.467 [info] Got 1 sessions for ...
2026-09-12 14:51:39.472 [info] Getting sessions for read:user,repo,user:email,workflow...
2026-09-12 14:51:39.472 [info] Got 1 sessions for read:user,repo,user:email,workflow...
2026-09-12 14:51:39.989 [info] Getting sessions for all scopes...
2026-09-12 14:51:39.989 [info] Got 1 sessions for ...
2026-09-12 14:51:39.993 [info] Getting sessions for read:user,repo,user:email,workflow...
2026-09-12 14:51:39.993 [info] Got 1 sessions for read:user,repo,user:email,workflow...
2026-09-12 14:51:56.162 [info] Getting sessions for all scopes...
2026-09-12 14:51:56.162 [info] Got 1 sessions for ...
2026-09-12 14:51:56.177 [info] Getting sessions for read:user,repo,user:email,workflow...
2026-09-12 14:51:56.177 [info] Got 1 sessions for read:user,repo,user:email,workflow...
2026-09-12 14:51:57.292 [info] Getting sessions for all scopes...
2026-09-12 14:51:57.292 [info] Got 1 sessions for ...
2026-09-12 14:51:57.295 [info] Getting sessions for read:user,repo,user:email,workflow...
2026-09-12 14:51:57.295 [info] Got 1 sessions for read:user,repo,user:email,workflow...
2026-09-12 14:52:57.310 [info] Getting sessions for all scopes...
2026-09-12 14:52:57.310 [info] Got 1 sessions for ...
2026-09-12 14:52:57.345 [info] Getting sessions for read:user,repo,user:email,workflow...
2026-09-12 14:52:57.345 [info] Got 1 sessions for read:user,repo,user:email,workflow...
2026-09-12 14:52:58.537 [info] Getting sessions for all scopes...
2026-09-12 14:52:58.537 [info] Got 1 sessions for ...
2026-09-12 14:52:58.545 [info] Getting sessions for read:user,repo,user:email,workflow...
2026-09-12 14:52:58.546 [info] Got 1 sessions for read:user,repo,user:email,workflow...
2026-09-12 14:53:58.539 [info] Getting sessions for all scopes...
2026-09-12 14:53:58.539 [info] Got 1 sessions for ...
2026-09-12 14:53:58.547 [info] Getting sessions for read:user,repo,user:email,workflow...
2026-09-12 14:53:58.547 [info] Got 1 sessions for read:user,repo,user:email,workflow...
2026-09-12 14:53:59.647 [info] Getting sessions for all scopes...
2026-09-12 14:53:59.647 [info] Got 1 sessions for ...
2026-09-12 14:53:59.649 [info] Getting sessions for read:user,repo,user:email,workflow...
2026-09-12 14:53:59.649 [info] Got 1 sessions for read:user,repo,user:email,workflow...
2026-09-12 15:06:30.407 [info] Getting sessions for all scopes...
2026-09-12 15:06:30.407 [info] Got 1 sessions for ...
2026-09-12 15:06:30.409 [info] Getting sessions for all scopes...
2026-09-12 15:06:30.409 [info] Got 1 sessions for ...
2026-09-12 15:06:30.413 [info] Getting sessions for read:user,repo,user:email,workflow...
2026-09-12 15:06:30.413 [info] Got 1 sessions for read:user,repo,user:email,workflow...
2026-09-12 15:06:30.864 [info] Getting sessions for all scopes...
2026-09-12 15:06:30.865 [info] Got 1 sessions for ...
2026-09-12 15:06:30.893 [info] Getting sessions for read:user,repo,user:email,workflow...
2026-09-12 15:06:30.893 [info] Got 1 sessions for read:user,repo,user:email,workflow...
2026-09-12 15:06:31.487 [info] Getting sessions for all scopes...
2026-09-12 15:06:31.487 [info] Got 1 sessions for ...
2026-09-12 15:06:31.494 [info] Getting sessions for read:user,repo,user:email,workflow...
2026-09-12 15:06:31.494 [info] Got 1 sessions for read:user,repo,user:email,workflow...
2026-09-12 15:08:20.276 [info] Getting sessions for all scopes...
2026-09-12 15:08:20.277 [info] Got 1 sessions for ...
2026-09-12 15:08:20.284 [info] Getting sessions for all scopes...
2026-09-12 15:08:20.284 [info] Got 1 sessions for ...
2026-09-12 15:08:32.081 [info] Getting sessions for all scopes...
2026-09-12 15:08:32.081 [info] Got 1 sessions for ...
2026-09-12 15:08:32.314 [info] Getting sessions for read:user,repo,user:email,workflow...
2026-09-12 15:08:32.314 [info] Got 1 sessions for read:user,repo,user:email,workflow...
2026-09-12 15:08:33.664 [info] Getting sessions for all scopes...
2026-09-12 15:08:33.664 [info] Got 1 sessions for ...
2026-09-12 15:08:33.666 [info] Getting sessions for read:user,repo,user:email,workflow...
2026-09-12 15:08:33.666 [info] Got 1 sessions for read:user,repo,user:email,workflow...
2026-09-12 15:09:33.667 [info] Getting sessions for all scopes...
2026-09-12 15:09:33.667 [info] Got 1 sessions for ...
2026-09-12 15:09:33.669 [info] Getting sessions for read:user,repo,user:email,workflow...
2026-09-12 15:09:33.669 [info] Got 1 sessions for read:user,repo,user:email,workflow...
2026-09-12 15:09:34.899 [info] Getting sessions for all scopes...
2026-09-12 15:09:34.899 [info] Got 1 sessions for ...
2026-09-12 15:09:34.905 [info] Getting sessions for read:user,repo,user:email,workflow...
2026-09-12 15:09:34.905 [info] Got 1 sessions for read:user,repo,user:email,workflow...
2026-09-12 15:18:53.899 [info] Getting sessions for all scopes...
2026-09-12 15:18:53.899 [info] Got 1 sessions for ...
2026-09-12 15:18:53.900 [info] Getting sessions for all scopes...
2026-09-12 15:18:53.900 [info] Got 1 sessions for ...
2026-09-12 15:18:53.915 [info] Getting sessions for read:user,repo,user:email,workflow...
2026-09-12 15:18:53.915 [info] Got 1 sessions for read:user,repo,user:email,workflow...
2026-09-12 15:18:54.434 [info] Getting sessions for all scopes...
2026-09-12 15:18:54.434 [info] Got 1 sessions for ...
2026-09-12 15:18:54.441 [info] Getting sessions for read:user,repo,user:email,workflow...
2026-09-12 15:18:54.441 [info] Got 1 sessions for read:user,repo,user:email,workflow...
2026-09-12 15:18:55.085 [info] Getting sessions for all scopes...
2026-09-12 15:18:55.085 [info] Got 1 sessions for ...
2026-09-12 15:18:55.088 [info] Getting sessions for read:user,repo,user:email,workflow...
2026-09-12 15:18:55.088 [info] Got 1 sessions for read:user,repo,user:email,workflow...
2026-09-12 15:19:55.112 [info] Getting sessions for all scopes...
2026-09-12 15:19:55.112 [info] Got 1 sessions for ...
2026-09-12 15:19:55.115 [info] Getting sessions for read:user,repo,user:email,workflow...
2026-09-12 15:19:55.115 [info] Got 1 sessions for read:user,repo,user:email,workflow...
2026-09-12 15:19:56.387 [info] Getting sessions for all scopes...
2026-09-12 15:19:56.387 [info] Got 1 sessions for ...
2026-09-12 15:19:56.397 [info] Getting sessions for read:user,repo,user:email,workflow...
2026-09-12 15:19:56.397 [info] Got 1 sessions for read:user,repo,user:email,workflow...
2026-09-12 15:20:56.373 [info] Getting sessions for all scopes...
2026-09-12 15:20:56.373 [info] Got 1 sessions for ...
2026-09-12 15:20:56.377 [info] Getting sessions for read:user,repo,user:email,workflow...
2026-09-12 15:20:56.377 [info] Got 1 sessions for read:user,repo,user:email,workflow...
2026-09-12 15:20:57.513 [info] Getting sessions for all scopes...
2026-09-12 15:20:57.513 [info] Got 1 sessions for ...
2026-09-12 15:20:57.516 [info] Getting sessions for read:user,repo,user:email,workflow...
2026-09-12 15:20:57.516 [info] Got 1 sessions for read:user,repo,user:email,workflow...
2026-09-12 15:21:57.519 [info] Getting sessions for all scopes...
2026-09-12 15:21:57.519 [info] Got 1 sessions for ...
2026-09-12 15:21:57.528 [info] Getting sessions for read:user,repo,user:email,workflow...
2026-09-12 15:21:57.528 [info] Got 1 sessions for read:user,repo,user:email,workflow...
2026-09-12 15:21:58.744 [info] Getting sessions for all scopes...
2026-09-12 15:21:58.744 [info] Got 1 sessions for ...
2026-09-12 15:21:58.746 [info] Getting sessions for read:user,repo,user:email,workflow...
2026-09-12 15:21:58.746 [info] Got 1 sessions for read:user,repo,user:email,workflow...
2026-09-12 15:22:58.760 [info] Getting sessions for all scopes...
2026-09-12 15:22:58.761 [info] Got 1 sessions for ...
2026-09-12 15:22:58.790 [info] Getting sessions for read:user,repo,user:email,workflow...
2026-09-12 15:22:58.790 [info] Got 1 sessions for read:user,repo,user:email,workflow...
2026-09-12 15:22:59.875 [info] Getting sessions for all scopes...
2026-09-12 15:22:59.875 [info] Got 1 sessions for ...
2026-09-12 15:22:59.878 [info] Getting sessions for read:user,repo,user:email,workflow...
2026-09-12 15:22:59.878 [info] Got 1 sessions for read:user,repo,user:email,workflow...
2026-09-12 15:23:59.874 [info] Getting sessions for all scopes...
2026-09-12 15:23:59.874 [info] Got 1 sessions for ...
2026-09-12 15:23:59.882 [info] Getting sessions for read:user,repo,user:email,workflow...
2026-09-12 15:23:59.882 [info] Got 1 sessions for read:user,repo,user:email,workflow...
2026-09-12 15:24:00.910 [info] Getting sessions for all scopes...
2026-09-12 15:24:00.910 [info] Got 1 sessions for ...
2026-09-12 15:24:00.917 [info] Getting sessions for read:user,repo,user:email,workflow...
2026-09-12 15:24:00.917 [info] Got 1 sessions for read:user,repo,user:email,workflow...
2026-09-12 15:24:04.281 [info] Getting sessions for all scopes...
2026-09-12 15:24:04.281 [info] Got 1 sessions for ...
2026-09-12 15:24:04.284 [info] Getting sessions for read:user,repo,user:email,workflow...
2026-09-12 15:24:04.285 [info] Got 1 sessions for read:user,repo,user:email,workflow...
2026-09-12 15:24:05.325 [info] Getting sessions for all scopes...
2026-09-12 15:24:05.325 [info] Got 1 sessions for ...
2026-09-12 15:24:05.330 [info] Getting sessions for read:user,repo,user:email,workflow...
2026-09-12 15:24:05.330 [info] Got 1 sessions for read:user,repo,user:email,workflow...
2026-09-12 15:25:37.075 [info] Getting sessions for all scopes...
2026-09-12 15:25:37.076 [info] Got 1 sessions for ...
2026-09-12 15:25:37.360 [info] Getting sessions for all scopes...
2026-09-12 15:25:37.361 [info] Got 1 sessions for ...
2026-09-12 15:25:39.989 [info] Getting sessions for all scopes...
2026-09-12 15:25:39.989 [info] Got 1 sessions for ...
2026-09-12 15:25:39.997 [info] Getting sessions for read:user,repo,user:email,workflow...
2026-09-12 15:25:39.997 [info] Got 1 sessions for read:user,repo,user:email,workflow...
2026-09-12 15:25:41.061 [info] Getting sessions for all scopes...
2026-09-12 15:25:41.061 [info] Got 1 sessions for ...
2026-09-12 15:25:41.066 [info] Getting sessions for read:user,repo,user:email,workflow...
2026-09-12 15:25:41.066 [info] Got 1 sessions for read:user,repo,user:email,workflow...
2026-09-12 15:30:58.816 [info] Getting sessions for all scopes...
2026-09-12 15:30:58.816 [info] Got 1 sessions for ...
2026-09-12 15:30:59.075 [info] Getting sessions for all scopes...
2026-09-12 15:30:59.075 [info] Got 1 sessions for ...
2026-09-12 15:31:01.280 [info] Getting sessions for all scopes...
2026-09-12 15:31:01.280 [info] Got 1 sessions for ...
2026-09-12 15:31:01.353 [info] Getting sessions for all scopes...
2026-09-12 15:31:01.353 [info] Got 1 sessions for ...
2026-09-12 15:31:01.400 [info] Getting sessions for read:user,repo,user:email,workflow...
2026-09-12 15:31:01.400 [info] Got 1 sessions for read:user,repo,user:email,workflow...
2026-09-12 15:31:02.036 [info] Getting sessions for all scopes...
2026-09-12 15:31:02.036 [info] Got 1 sessions for ...
2026-09-12 15:31:02.037 [info] Getting sessions for read:user,repo,user:email,workflow...
2026-09-12 15:31:02.037 [info] Got 1 sessions for read:user,repo,user:email,workflow...
2026-09-12 15:31:02.507 [info] Getting sessions for all scopes...
2026-09-12 15:31:02.507 [info] Got 1 sessions for ...
2026-09-12 15:31:02.574 [info] Getting sessions for read:user,repo,user:email,workflow...
2026-09-12 15:31:02.574 [info] Got 1 sessions for read:user,repo,user:email,workflow...
2026-09-12 15:32:02.508 [info] Getting sessions for all scopes...
2026-09-12 15:32:02.508 [info] Got 1 sessions for ...
2026-09-12 15:32:02.510 [info] Getting sessions for read:user,repo,user:email,workflow...
2026-09-12 15:32:02.510 [info] Got 1 sessions for read:user,repo,user:email,workflow...
2026-09-12 15:32:03.649 [info] Getting sessions for all scopes...
2026-09-12 15:32:03.649 [info] Got 1 sessions for ...
2026-09-12 15:32:03.665 [info] Getting sessions for read:user,repo,user:email,workflow...
2026-09-12 15:32:03.665 [info] Got 1 sessions for read:user,repo,user:email,workflow...
2026-09-12 15:33:03.540 [info] Getting sessions for all scopes...
2026-09-12 15:33:03.540 [info] Got 1 sessions for ...
2026-09-12 15:33:03.542 [info] Getting sessions for read:user,repo,user:email,workflow...
2026-09-12 15:33:03.542 [info] Got 1 sessions for read:user,repo,user:email,workflow...
2026-09-12 15:33:04.733 [info] Getting sessions for all scopes...
2026-09-12 15:33:04.733 [info] Got 1 sessions for ...
2026-09-12 15:33:04.738 [info] Getting sessions for read:user,repo,user:email,workflow...
2026-09-12 15:33:04.738 [info] Got 1 sessions for read:user,repo,user:email,workflow...
2026-09-12 15:34:04.727 [info] Getting sessions for all scopes...
2026-09-12 15:34:04.728 [info] Got 1 sessions for ...
2026-09-12 15:34:04.730 [info] Getting sessions for read:user,repo,user:email,workflow...
2026-09-12 15:34:04.730 [info] Got 1 sessions for read:user,repo,user:email,workflow...
2026-09-12 15:34:05.689 [info] Getting sessions for all scopes...
2026-09-12 15:34:05.689 [info] Got 1 sessions for ...
2026-09-12 15:34:05.692 [info] Getting sessions for read:user,repo,user:email,workflow...
2026-09-12 15:34:05.692 [info] Got 1 sessions for read:user,repo,user:email,workflow...
2026-09-12 15:41:01.094 [info] Getting sessions for all scopes...
2026-09-12 15:41:01.094 [info] Got 1 sessions for ...
2026-09-12 15:41:01.096 [info] Getting sessions for read:user,repo,user:email,workflow...
2026-09-12 15:41:01.096 [info] Got 1 sessions for read:user,repo,user:email,workflow...
2026-09-12 15:41:01.513 [info] Getting sessions for all scopes...
2026-09-12 15:41:01.513 [info] Got 1 sessions for ...
2026-09-12 15:41:01.515 [info] Getting sessions for read:user,repo,user:email,workflow...
2026-09-12 15:41:01.515 [info] Got 1 sessions for read:user,repo,user:email,workflow...
2026-09-12 15:44:38.048 [info] Getting sessions for all scopes...
2026-09-12 15:44:38.048 [info] Got 1 sessions for ...
2026-09-12 15:44:38.135 [info] Getting sessions for all scopes...
2026-09-12 15:44:38.135 [info] Got 1 sessions for ...
2026-09-12 15:44:38.135 [info] Getting sessions for read:user,repo,user:email,workflow...
2026-09-12 15:44:38.135 [info] Got 1 sessions for read:user,repo,user:email,workflow...
2026-09-12 15:44:38.141 [info] Getting sessions for all scopes...
2026-09-12 15:44:38.141 [info] Got 1 sessions for ...
2026-09-12 15:44:39.210 [info] Getting sessions for all scopes...
2026-09-12 15:44:39.210 [info] Got 1 sessions for ...
2026-09-12 15:44:39.217 [info] Getting sessions for read:user,repo,user:email,workflow...
2026-09-12 15:44:39.217 [info] Got 1 sessions for read:user,repo,user:email,workflow...
2026-09-12 15:45:47.221 [info] Getting sessions for all scopes...
2026-09-12 15:45:47.221 [info] Got 1 sessions for ...
2026-09-12 15:45:47.331 [info] Getting sessions for all scopes...
2026-09-12 15:45:47.331 [info] Got 1 sessions for ...
2026-09-12 15:45:47.332 [info] Getting sessions for read:user,repo,user:email,workflow...
2026-09-12 15:45:47.332 [info] Got 1 sessions for read:user,repo,user:email,workflow...
2026-09-12 15:45:47.334 [info] Getting sessions for all scopes...
2026-09-12 15:45:47.334 [info] Got 1 sessions for ...
2026-09-12 15:45:48.376 [info] Getting sessions for all scopes...
2026-09-12 15:45:48.376 [info] Got 1 sessions for ...
2026-09-12 15:45:48.378 [info] Getting sessions for read:user,repo,user:email,workflow...
2026-09-12 15:45:48.378 [info] Got 1 sessions for read:user,repo,user:email,workflow...
2026-09-12 15:46:42.989 [info] Getting sessions for all scopes...
2026-09-12 15:46:42.989 [info] Got 1 sessions for ...
2026-09-12 15:46:43.037 [info] Getting sessions for read:user,repo,user:email,workflow...
2026-09-12 15:46:43.037 [info] Got 1 sessions for read:user,repo,user:email,workflow...
2026-09-12 15:46:43.115 [info] Getting sessions for all scopes...
2026-09-12 15:46:43.115 [info] Got 1 sessions for ...
2026-09-12 15:46:43.119 [info] Getting sessions for all scopes...
2026-09-12 15:46:43.119 [info] Got 1 sessions for ...
2026-09-12 15:46:43.993 [info] Getting sessions for all scopes...
2026-09-12 15:46:43.993 [info] Got 1 sessions for ...
2026-09-12 15:46:43.995 [info] Getting sessions for read:user,repo,user:email,workflow...
2026-09-12 15:46:43.995 [info] Got 1 sessions for read:user,repo,user:email,workflow...
2026-09-12 15:46:45.118 [info] Getting sessions for read:user,user:email...
2026-09-12 15:46:45.119 [info] Got 0 sessions for read:user,user:email...
2026-09-12 15:46:45.120 [info] Getting sessions for all scopes...
2026-09-12 15:46:45.120 [info] Got 1 sessions for ...
2026-09-12 15:46:45.120 [info] Getting sessions for repo...
2026-09-12 15:46:45.120 [info] Got 0 sessions for repo...
2026-09-12 15:46:45.121 [info] Getting sessions for all scopes...
2026-09-12 15:46:45.121 [info] Got 1 sessions for ...
2026-09-12 15:47:00.627 [info] Getting sessions for all scopes...
2026-09-12 15:47:00.627 [info] Got 1 sessions for ...
2026-09-12 15:47:00.629 [info] Getting sessions for read:user,repo,user:email,workflow...
2026-09-12 15:47:00.629 [info] Got 1 sessions for read:user,repo,user:email,workflow...
2026-09-12 15:47:01.463 [info] Getting sessions for all scopes...
2026-09-12 15:47:01.463 [info] Got 1 sessions for ...
2026-09-12 15:47:01.481 [info] Getting sessions for read:user,repo,user:email,workflow...
2026-09-12 15:47:01.481 [info] Got 1 sessions for read:user,repo,user:email,workflow...
2026-09-12 15:47:08.922 [info] Getting sessions for all scopes...
2026-09-12 15:47:08.922 [info] Got 1 sessions for ...
2026-09-12 15:47:08.941 [info] Getting sessions for read:user,repo,user:email,workflow...
2026-09-12 15:47:08.941 [info] Got 1 sessions for read:user,repo,user:email,workflow...
2026-09-12 15:47:09.048 [info] Getting sessions for all scopes...
2026-09-12 15:47:09.048 [info] Got 1 sessions for ...
2026-09-12 15:47:09.051 [info] Getting sessions for all scopes...
2026-09-12 15:47:09.051 [info] Got 1 sessions for ...
2026-09-12 15:47:09.751 [info] Getting sessions for all scopes...
2026-09-12 15:47:09.751 [info] Got 1 sessions for ...
2026-09-12 15:47:09.753 [info] Getting sessions for read:user,repo,user:email,workflow...
2026-09-12 15:47:09.753 [info] Got 1 sessions for read:user,repo,user:email,workflow...
2026-09-12 15:47:38.310 [info] Getting sessions for all scopes...
2026-09-12 15:47:38.310 [info] Got 1 sessions for ...
2026-09-12 15:47:38.338 [info] Getting sessions for read:user,repo,user:email,workflow...
2026-09-12 15:47:38.338 [info] Got 1 sessions for read:user,repo,user:email,workflow...
2026-09-12 15:47:38.394 [info] Getting sessions for all scopes...
2026-09-12 15:47:38.394 [info] Got 1 sessions for ...
2026-09-12 15:47:38.397 [info] Getting sessions for all scopes...
2026-09-12 15:47:38.397 [info] Got 1 sessions for ...
2026-09-12 15:47:39.106 [info] Getting sessions for all scopes...
2026-09-12 15:47:39.106 [info] Got 1 sessions for ...
2026-09-12 15:47:39.111 [info] Getting sessions for read:user,repo,user:email,workflow...
2026-09-12 15:47:39.111 [info] Got 1 sessions for read:user,repo,user:email,workflow...
2026-09-12 15:48:39.106 [info] Getting sessions for all scopes...
2026-09-12 15:48:39.106 [info] Got 1 sessions for ...
2026-09-12 15:48:39.108 [info] Getting sessions for read:user,repo,user:email,workflow...
2026-09-12 15:48:39.108 [info] Got 1 sessions for read:user,repo,user:email,workflow...
2026-09-12 15:48:40.095 [info] Getting sessions for all scopes...
2026-09-12 15:48:40.095 [info] Got 1 sessions for ...
2026-09-12 15:48:40.098 [info] Getting sessions for read:user,repo,user:email,workflow...
2026-09-12 15:48:40.098 [info] Got 1 sessions for read:user,repo,user:email,workflow...
2026-09-12 15:49:40.089 [info] Getting sessions for all scopes...
2026-09-12 15:49:40.089 [info] Got 1 sessions for ...
2026-09-12 15:49:40.092 [info] Getting sessions for read:user,repo,user:email,workflow...
2026-09-12 15:49:40.092 [info] Got 1 sessions for read:user,repo,user:email,workflow...
2026-09-12 15:49:41.049 [info] Getting sessions for all scopes...
2026-09-12 15:49:41.049 [info] Got 1 sessions for ...
2026-09-12 15:49:41.052 [info] Getting sessions for read:user,repo,user:email,workflow...
2026-09-12 15:49:41.052 [info] Got 1 sessions for read:user,repo,user:email,workflow...
2026-09-12 15:50:41.050 [info] Getting sessions for all scopes...
2026-09-12 15:50:41.050 [info] Got 1 sessions for ...
2026-09-12 15:50:41.054 [info] Getting sessions for read:user,repo,user:email,workflow...
2026-09-12 15:50:41.054 [info] Got 1 sessions for read:user,repo,user:email,workflow...
2026-09-12 15:50:42.070 [info] Getting sessions for all scopes...
2026-09-12 15:50:42.070 [info] Got 1 sessions for ...
2026-09-12 15:50:42.074 [info] Getting sessions for read:user,repo,user:email,workflow...
2026-09-12 15:50:42.074 [info] Got 1 sessions for read:user,repo,user:email,workflow...
2026-09-12 15:51:01.097 [info] Getting sessions for all scopes...
2026-09-12 15:51:01.097 [info] Got 1 sessions for ...
2026-09-12 15:51:01.099 [info] Getting sessions for read:user,repo,user:email,workflow...
2026-09-12 15:51:01.099 [info] Got 1 sessions for read:user,repo,user:email,workflow...
2026-09-12 15:51:01.398 [info] Getting sessions for all scopes...
2026-09-12 15:51:01.398 [info] Got 1 sessions for ...
2026-09-12 15:51:01.401 [info] Getting sessions for read:user,repo,user:email,workflow...
2026-09-12 15:51:01.401 [info] Got 1 sessions for read:user,repo,user:email,workflow...
2026-09-12 15:51:08.134 [info] Getting sessions for all scopes...
2026-09-12 15:51:08.134 [info] Got 1 sessions for ...
2026-09-12 15:51:08.135 [info] Getting sessions for read:user,repo,user:email,workflow...
2026-09-12 15:51:08.135 [info] Got 1 sessions for read:user,repo,user:email,workflow...
2026-09-12 15:51:08.267 [info] Getting sessions for all scopes...
2026-09-12 15:51:08.267 [info] Got 1 sessions for ...
2026-09-12 15:51:08.268 [info] Getting sessions for all scopes...
2026-09-12 15:51:08.268 [info] Got 1 sessions for ...
2026-09-12 15:51:08.927 [info] Getting sessions for all scopes...
2026-09-12 15:51:08.927 [info] Got 1 sessions for ...
2026-09-12 15:51:08.929 [info] Getting sessions for read:user,repo,user:email,workflow...
2026-09-12 15:51:08.930 [info] Got 1 sessions for read:user,repo,user:email,workflow...
2026-09-12 15:51:44.668 [info] Getting sessions for all scopes...
2026-09-12 15:51:44.668 [info] Got 1 sessions for ...
2026-09-12 15:51:44.695 [info] Getting sessions for read:user,repo,user:email,workflow...
2026-09-12 15:51:44.695 [info] Got 1 sessions for read:user,repo,user:email,workflow...
2026-09-12 15:51:44.763 [info] Getting sessions for all scopes...
2026-09-12 15:51:44.763 [info] Got 1 sessions for ...
2026-09-12 15:51:44.770 [info] Getting sessions for all scopes...
2026-09-12 15:51:44.770 [info] Got 1 sessions for ...
2026-09-12 15:51:45.962 [info] Getting sessions for all scopes...
2026-09-12 15:51:45.962 [info] Got 1 sessions for ...
2026-09-12 15:51:45.965 [info] Getting sessions for read:user,repo,user:email,workflow...
2026-09-12 15:51:45.965 [info] Got 1 sessions for read:user,repo,user:email,workflow...
2026-09-12 15:52:53.883 [info] Getting sessions for all scopes...
2026-09-12 15:52:53.883 [info] Got 1 sessions for ...
2026-09-12 15:52:53.886 [info] Getting sessions for read:user,repo,user:email,workflow...
2026-09-12 15:52:53.886 [info] Got 1 sessions for read:user,repo,user:email,workflow...
2026-09-12 15:52:53.952 [info] Getting sessions for all scopes...
2026-09-12 15:52:53.952 [info] Got 1 sessions for ...
2026-09-12 15:52:53.954 [info] Getting sessions for all scopes...
2026-09-12 15:52:53.954 [info] Got 1 sessions for ...
2026-09-12 15:52:54.958 [info] Getting sessions for all scopes...
2026-09-12 15:52:54.958 [info] Got 1 sessions for ...
2026-09-12 15:52:54.961 [info] Getting sessions for read:user,repo,user:email,workflow...
2026-09-12 15:52:54.961 [info] Got 1 sessions for read:user,repo,user:email,workflow...
2026-09-12 15:53:34.701 [info] Getting sessions for all scopes...
2026-09-12 15:53:34.701 [info] Got 1 sessions for ...
2026-09-12 15:53:34.712 [info] Getting sessions for read:user,repo,user:email,workflow...
2026-09-12 15:53:34.712 [info] Got 1 sessions for read:user,repo,user:email,workflow...
2026-09-12 15:53:34.829 [info] Getting sessions for all scopes...
2026-09-12 15:53:34.830 [info] Got 1 sessions for ...
2026-09-12 15:53:34.837 [info] Getting sessions for all scopes...
2026-09-12 15:53:34.837 [info] Got 1 sessions for ...
2026-09-12 15:53:35.731 [info] Getting sessions for all scopes...
2026-09-12 15:53:35.731 [info] Got 1 sessions for ...
2026-09-12 15:53:35.735 [info] Getting sessions for read:user,repo,user:email,workflow...
2026-09-12 15:53:35.735 [info] Got 1 sessions for read:user,repo,user:email,workflow...
2026-09-12 16:09:12.607 [info] Getting sessions for all scopes...
2026-09-12 16:09:12.607 [info] Got 1 sessions for ...
2026-09-12 16:09:12.615 [info] Getting sessions for read:user,repo,user:email,workflow...
2026-09-12 16:09:12.615 [info] Got 1 sessions for read:user,repo,user:email,workflow...
2026-09-12 16:09:12.707 [info] Getting sessions for all scopes...
2026-09-12 16:09:12.707 [info] Got 1 sessions for ...
2026-09-12 16:09:12.720 [info] Getting sessions for all scopes...
2026-09-12 16:09:12.720 [info] Got 1 sessions for ...
2026-09-12 16:09:13.635 [info] Getting sessions for all scopes...
2026-09-12 16:09:13.635 [info] Got 1 sessions for ...
2026-09-12 16:09:13.637 [info] Getting sessions for read:user,repo,user:email,workflow...
2026-09-12 16:09:13.637 [info] Got 1 sessions for read:user,repo,user:email,workflow...
2026-09-12 16:10:13.638 [info] Getting sessions for all scopes...
2026-09-12 16:10:13.638 [info] Got 1 sessions for ...
2026-09-12 16:10:13.652 [info] Getting sessions for read:user,repo,user:email,workflow...
2026-09-12 16:10:13.652 [info] Got 1 sessions for read:user,repo,user:email,workflow...
2026-09-12 16:10:14.714 [info] Getting sessions for all scopes...
2026-09-12 16:10:14.714 [info] Got 1 sessions for ...
2026-09-12 16:10:14.716 [info] Getting sessions for read:user,repo,user:email,workflow...
2026-09-12 16:10:14.716 [info] Got 1 sessions for read:user,repo,user:email,workflow...
2026-09-12 16:11:14.712 [info] Getting sessions for all scopes...
2026-09-12 16:11:14.713 [info] Got 1 sessions for ...
2026-09-12 16:11:14.714 [info] Getting sessions for read:user,repo,user:email,workflow...
2026-09-12 16:11:14.714 [info] Got 1 sessions for read:user,repo,user:email,workflow...
2026-09-12 16:11:15.701 [info] Getting sessions for all scopes...
2026-09-12 16:11:15.701 [info] Got 1 sessions for ...
2026-09-12 16:11:15.702 [info] Getting sessions for read:user,repo,user:email,workflow...
2026-09-12 16:11:15.702 [info] Got 1 sessions for read:user,repo,user:email,workflow...
2026-09-12 16:12:15.703 [info] Getting sessions for all scopes...
2026-09-12 16:12:15.703 [info] Got 1 sessions for ...
2026-09-12 16:12:15.706 [info] Getting sessions for read:user,repo,user:email,workflow...
2026-09-12 16:12:15.706 [info] Got 1 sessions for read:user,repo,user:email,workflow...
2026-09-12 16:12:16.708 [info] Getting sessions for all scopes...
2026-09-12 16:12:16.708 [info] Got 1 sessions for ...
2026-09-12 16:12:16.711 [info] Getting sessions for read:user,repo,user:email,workflow...
2026-09-12 16:12:16.711 [info] Got 1 sessions for read:user,repo,user:email,workflow...
2026-09-12 16:13:16.712 [info] Getting sessions for all scopes...
2026-09-12 16:13:16.712 [info] Got 1 sessions for ...
2026-09-12 16:13:16.715 [info] Getting sessions for read:user,repo,user:email,workflow...
2026-09-12 16:13:16.715 [info] Got 1 sessions for read:user,repo,user:email,workflow...
2026-09-12 16:13:18.070 [info] Getting sessions for all scopes...
2026-09-12 16:13:18.070 [info] Got 1 sessions for ...
2026-09-12 16:13:18.073 [info] Getting sessions for read:user,repo,user:email,workflow...
2026-09-12 16:13:18.073 [info] Got 1 sessions for read:user,repo,user:email,workflow...
2026-09-12 16:15:49.354 [info] Getting sessions for all scopes...
2026-09-12 16:15:49.354 [info] Got 1 sessions for ...
2026-09-12 16:15:49.356 [info] Getting sessions for all scopes...
2026-09-12 16:15:49.356 [info] Got 1 sessions for ...
2026-09-12 16:15:49.357 [info] Getting sessions for read:user,repo,user:email,workflow...
2026-09-12 16:15:49.357 [info] Got 1 sessions for read:user,repo,user:email,workflow...
2026-09-12 16:15:49.826 [info] Getting sessions for all scopes...
2026-09-12 16:15:49.826 [info] Got 1 sessions for ...
2026-09-12 16:15:49.831 [info] Getting sessions for read:user,repo,user:email,workflow...
2026-09-12 16:15:49.831 [info] Got 1 sessions for read:user,repo,user:email,workflow...
2026-09-12 16:15:50.326 [info] Getting sessions for all scopes...
2026-09-12 16:15:50.326 [info] Got 1 sessions for ...
2026-09-12 16:15:50.328 [info] Getting sessions for read:user,repo,user:email,workflow...
2026-09-12 16:15:50.328 [info] Got 1 sessions for read:user,repo,user:email,workflow...
2026-09-12 16:16:50.327 [info] Getting sessions for all scopes...
2026-09-12 16:16:50.327 [info] Got 1 sessions for ...
2026-09-12 16:16:50.329 [info] Getting sessions for read:user,repo,user:email,workflow...
2026-09-12 16:16:50.329 [info] Got 1 sessions for read:user,repo,user:email,workflow...
2026-09-12 16:16:51.430 [info] Getting sessions for all scopes...
2026-09-12 16:16:51.430 [info] Got 1 sessions for ...
2026-09-12 16:16:51.435 [info] Getting sessions for read:user,repo,user:email,workflow...
2026-09-12 16:16:51.435 [info] Got 1 sessions for read:user,repo,user:email,workflow...
2026-09-12 16:17:51.415 [info] Getting sessions for all scopes...
2026-09-12 16:17:51.415 [info] Got 1 sessions for ...
2026-09-12 16:17:51.417 [info] Getting sessions for read:user,repo,user:email,workflow...
2026-09-12 16:17:51.417 [info] Got 1 sessions for read:user,repo,user:email,workflow...
2026-09-12 16:17:52.504 [info] Getting sessions for all scopes...
2026-09-12 16:17:52.504 [info] Got 1 sessions for ...
2026-09-12 16:17:52.506 [info] Getting sessions for read:user,repo,user:email,workflow...
2026-09-12 16:17:52.506 [info] Got 1 sessions for read:user,repo,user:email,workflow...
2026-09-12 16:23:08.686 [info] Getting sessions for all scopes...
2026-09-12 16:23:08.686 [info] Got 1 sessions for ...
2026-09-12 16:23:08.693 [info] Getting sessions for read:user,repo,user:email,workflow...
2026-09-12 16:23:08.693 [info] Got 1 sessions for read:user,repo,user:email,workflow...
2026-09-12 16:23:09.805 [info] Getting sessions for all scopes...
2026-09-12 16:23:09.805 [info] Got 1 sessions for ...
2026-09-12 16:23:09.807 [info] Getting sessions for read:user,repo,user:email,workflow...
2026-09-12 16:23:09.807 [info] Got 1 sessions for read:user,repo,user:email,workflow...
2026-09-12 16:26:59.901 [info] Getting sessions for all scopes...
2026-09-12 16:26:59.901 [info] Got 1 sessions for ...
2026-09-12 16:26:59.902 [info] Getting sessions for all scopes...
2026-09-12 16:26:59.902 [info] Got 1 sessions for ...
2026-09-12 16:27:03.590 [info] Getting sessions for all scopes...
2026-09-12 16:27:03.590 [info] Got 1 sessions for ...
2026-09-12 16:27:03.597 [info] Getting sessions for all scopes...
2026-09-12 16:27:03.597 [info] Got 1 sessions for ...
2026-09-12 16:27:03.643 [info] Getting sessions for read:user,repo,user:email,workflow...
2026-09-12 16:27:03.643 [info] Got 1 sessions for read:user,repo,user:email,workflow...
2026-09-12 16:27:04.098 [info] Getting sessions for all scopes...
2026-09-12 16:27:04.098 [info] Got 1 sessions for ...
2026-09-12 16:27:04.116 [info] Getting sessions for read:user,repo,user:email,workflow...
2026-09-12 16:27:04.117 [info] Got 1 sessions for read:user,repo,user:email,workflow...
2026-09-12 16:27:05.001 [info] Getting sessions for all scopes...
2026-09-12 16:27:05.001 [info] Got 1 sessions for ...
2026-09-12 16:27:05.004 [info] Getting sessions for read:user,repo,user:email,workflow...
2026-09-12 16:27:05.004 [info] Got 1 sessions for read:user,repo,user:email,workflow...
2026-09-12 16:28:04.995 [info] Getting sessions for all scopes...
2026-09-12 16:28:04.995 [info] Got 1 sessions for ...
2026-09-12 16:28:04.997 [info] Getting sessions for read:user,repo,user:email,workflow...
2026-09-12 16:28:04.997 [info] Got 1 sessions for read:user,repo,user:email,workflow...
2026-09-12 16:28:06.292 [info] Getting sessions for all scopes...
2026-09-12 16:28:06.292 [info] Got 1 sessions for ...
2026-09-12 16:28:06.294 [info] Getting sessions for read:user,repo,user:email,workflow...
2026-09-12 16:28:06.294 [info] Got 1 sessions for read:user,repo,user:email,workflow...
2026-09-12 16:29:06.287 [info] Getting sessions for all scopes...
2026-09-12 16:29:06.287 [info] Got 1 sessions for ...
2026-09-12 16:29:06.289 [info] Getting sessions for read:user,repo,user:email,workflow...
2026-09-12 16:29:06.289 [info] Got 1 sessions for read:user,repo,user:email,workflow...
2026-09-12 16:29:07.328 [info] Getting sessions for all scopes...
2026-09-12 16:29:07.328 [info] Got 1 sessions for ...
2026-09-12 16:29:07.330 [info] Getting sessions for read:user,repo,user:email,workflow...
2026-09-12 16:29:07.330 [info] Got 1 sessions for read:user,repo,user:email,workflow...
2026-09-12 16:30:07.338 [info] Getting sessions for all scopes...
2026-09-12 16:30:07.338 [info] Got 1 sessions for ...
2026-09-12 16:30:07.341 [info] Getting sessions for read:user,repo,user:email,workflow...
2026-09-12 16:30:07.341 [info] Got 1 sessions for read:user,repo,user:email,workflow...
2026-09-12 16:30:08.444 [info] Getting sessions for all scopes...
2026-09-12 16:30:08.444 [info] Got 1 sessions for ...
2026-09-12 16:30:08.455 [info] Getting sessions for read:user,repo,user:email,workflow...
2026-09-12 16:30:08.455 [info] Got 1 sessions for read:user,repo,user:email,workflow...
2026-09-12 16:30:21.701 [info] Getting sessions for all scopes...
2026-09-12 16:30:21.701 [info] Got 1 sessions for ...
2026-09-12 16:30:21.711 [info] Getting sessions for read:user,repo,user:email,workflow...
2026-09-12 16:30:21.711 [info] Got 1 sessions for read:user,repo,user:email,workflow...
2026-09-12 16:30:22.533 [info] Getting sessions for all scopes...
2026-09-12 16:30:22.533 [info] Got 1 sessions for ...
2026-09-12 16:30:22.540 [info] Getting sessions for read:user,repo,user:email,workflow...
2026-09-12 16:30:22.540 [info] Got 1 sessions for read:user,repo,user:email,workflow...
2026-09-12 16:31:20.677 [info] Getting sessions for all scopes...
2026-09-12 16:31:20.677 [info] Got 1 sessions for ...
2026-09-12 16:31:20.744 [info] Getting sessions for read:user,repo,user:email,workflow...
2026-09-12 16:31:20.744 [info] Got 1 sessions for read:user,repo,user:email,workflow...
2026-09-12 16:31:20.770 [info] Getting sessions for all scopes...
2026-09-12 16:31:20.770 [info] Got 1 sessions for ...
2026-09-12 16:31:20.790 [info] Getting sessions for all scopes...
2026-09-12 16:31:20.791 [info] Got 1 sessions for ...
2026-09-12 16:31:21.880 [info] Getting sessions for all scopes...
2026-09-12 16:31:21.880 [info] Got 1 sessions for ...
2026-09-12 16:31:21.883 [info] Getting sessions for read:user,repo,user:email,workflow...
2026-09-12 16:31:21.883 [info] Got 1 sessions for read:user,repo,user:email,workflow...
2026-09-12 16:34:08.414 [info] Getting sessions for all scopes...
2026-09-12 16:34:08.414 [info] Got 1 sessions for ...
2026-09-12 16:34:08.423 [info] Getting sessions for all scopes...
2026-09-12 16:34:08.423 [info] Got 1 sessions for ...
2026-09-12 16:34:12.673 [info] Getting sessions for all scopes...
2026-09-12 16:34:12.673 [info] Got 1 sessions for ...
2026-09-12 16:34:12.699 [info] Getting sessions for read:user,repo,user:email,workflow...
2026-09-12 16:34:12.699 [info] Got 1 sessions for read:user,repo,user:email,workflow...
2026-09-12 16:34:13.739 [info] Getting sessions for all scopes...
2026-09-12 16:34:13.739 [info] Got 1 sessions for ...
2026-09-12 16:34:13.741 [info] Getting sessions for read:user,repo,user:email,workflow...
2026-09-12 16:34:13.741 [info] Got 1 sessions for read:user,repo,user:email,workflow...
2026-09-12 16:34:56.534 [info] Getting sessions for all scopes...
2026-09-12 16:34:56.534 [info] Got 1 sessions for ...
2026-09-12 16:34:56.562 [info] Getting sessions for read:user,repo,user:email,workflow...
2026-09-12 16:34:56.562 [info] Got 1 sessions for read:user,repo,user:email,workflow...
2026-09-12 16:34:56.682 [info] Getting sessions for all scopes...
2026-09-12 16:34:56.682 [info] Got 1 sessions for ...
2026-09-12 16:34:56.687 [info] Getting sessions for all scopes...
2026-09-12 16:34:56.687 [info] Got 1 sessions for ...
2026-09-12 16:34:57.648 [info] Getting sessions for all scopes...
2026-09-12 16:34:57.648 [info] Got 1 sessions for ...
2026-09-12 16:34:57.652 [info] Getting sessions for read:user,repo,user:email,workflow...
2026-09-12 16:34:57.652 [info] Got 1 sessions for read:user,repo,user:email,workflow...
2026-09-12 16:35:57.649 [info] Getting sessions for all scopes...
2026-09-12 16:35:57.649 [info] Got 1 sessions for ...
2026-09-12 16:35:57.651 [info] Getting sessions for read:user,repo,user:email,workflow...
2026-09-12 16:35:57.651 [info] Got 1 sessions for read:user,repo,user:email,workflow...
2026-09-12 16:35:58.683 [info] Getting sessions for all scopes...
2026-09-12 16:35:58.683 [info] Got 1 sessions for ...
2026-09-12 16:35:58.686 [info] Getting sessions for read:user,repo,user:email,workflow...
2026-09-12 16:35:58.686 [info] Got 1 sessions for read:user,repo,user:email,workflow...
2026-09-12 16:36:15.820 [info] Getting sessions for all scopes...
2026-09-12 16:36:15.820 [info] Got 1 sessions for ...
2026-09-12 16:36:15.838 [info] Getting sessions for read:user,repo,user:email,workflow...
2026-09-12 16:36:15.838 [info] Got 1 sessions for read:user,repo,user:email,workflow...
2026-09-12 16:36:15.967 [info] Getting sessions for all scopes...
2026-09-12 16:36:15.967 [info] Got 1 sessions for ...
2026-09-12 16:36:15.970 [info] Getting sessions for all scopes...
2026-09-12 16:36:15.970 [info] Got 1 sessions for ...
2026-09-12 16:36:16.605 [info] Getting sessions for all scopes...
2026-09-12 16:36:16.605 [info] Got 1 sessions for ...
2026-09-12 16:36:16.609 [info] Getting sessions for read:user,repo,user:email,workflow...
2026-09-12 16:36:16.609 [info] Got 1 sessions for read:user,repo,user:email,workflow...
2026-09-12 16:36:26.477 [info] Getting sessions for all scopes...
2026-09-12 16:36:26.477 [info] Got 1 sessions for ...
2026-09-12 16:36:26.500 [info] Getting sessions for read:user,repo,user:email,workflow...
2026-09-12 16:36:26.500 [info] Got 1 sessions for read:user,repo,user:email,workflow...
2026-09-12 16:36:26.618 [info] Getting sessions for all scopes...
2026-09-12 16:36:26.618 [info] Got 1 sessions for ...
2026-09-12 16:36:26.628 [info] Getting sessions for all scopes...
2026-09-12 16:36:26.628 [info] Got 1 sessions for ...
2026-09-12 16:36:27.357 [info] Getting sessions for all scopes...
2026-09-12 16:36:27.357 [info] Got 1 sessions for ...
2026-09-12 16:36:27.359 [info] Getting sessions for read:user,repo,user:email,workflow...
2026-09-12 16:36:27.359 [info] Got 1 sessions for read:user,repo,user:email,workflow...
2026-09-12 16:37:03.502 [info] Getting sessions for all scopes...
2026-09-12 16:37:03.502 [info] Got 1 sessions for ...
2026-09-12 16:37:03.510 [info] Getting sessions for read:user,repo,user:email,workflow...
2026-09-12 16:37:03.510 [info] Got 1 sessions for read:user,repo,user:email,workflow...
2026-09-12 16:37:03.933 [info] Getting sessions for all scopes...
2026-09-12 16:37:03.933 [info] Got 1 sessions for ...
2026-09-12 16:37:03.936 [info] Getting sessions for read:user,repo,user:email,workflow...
2026-09-12 16:37:03.936 [info] Got 1 sessions for read:user,repo,user:email,workflow...
2026-09-12 16:37:27.357 [info] Getting sessions for all scopes...
2026-09-12 16:37:27.357 [info] Got 1 sessions for ...
2026-09-12 16:37:27.360 [info] Getting sessions for read:user,repo,user:email,workflow...
2026-09-12 16:37:27.360 [info] Got 1 sessions for read:user,repo,user:email,workflow...
2026-09-12 16:37:28.285 [info] Getting sessions for all scopes...
2026-09-12 16:37:28.285 [info] Got 1 sessions for ...
2026-09-12 16:37:28.288 [info] Getting sessions for read:user,repo,user:email,workflow...
2026-09-12 16:37:28.288 [info] Got 1 sessions for read:user,repo,user:email,workflow...
2026-09-12 16:38:28.287 [info] Getting sessions for all scopes...
2026-09-12 16:38:28.287 [info] Got 1 sessions for ...
2026-09-12 16:38:28.290 [info] Getting sessions for read:user,repo,user:email,workflow...
2026-09-12 16:38:28.290 [info] Got 1 sessions for read:user,repo,user:email,workflow...
2026-09-12 16:38:29.336 [info] Getting sessions for all scopes...
2026-09-12 16:38:29.336 [info] Got 1 sessions for ...
2026-09-12 16:38:29.339 [info] Getting sessions for read:user,repo,user:email,workflow...
2026-09-12 16:38:29.339 [info] Got 1 sessions for read:user,repo,user:email,workflow...
2026-09-12 16:41:53.758 [info] Getting sessions for all scopes...
2026-09-12 16:41:53.758 [info] Got 1 sessions for ...
2026-09-12 16:41:53.877 [info] Getting sessions for read:user,repo,user:email,workflow...
2026-09-12 16:41:53.877 [info] Got 1 sessions for read:user,repo,user:email,workflow...
2026-09-12 16:41:54.987 [info] Getting sessions for all scopes...
2026-09-12 16:41:54.987 [info] Got 1 sessions for ...
2026-09-12 16:41:54.994 [info] Getting sessions for read:user,repo,user:email,workflow...
2026-09-12 16:41:54.994 [info] Got 1 sessions for read:user,repo,user:email,workflow...
2026-09-12 16:42:54.978 [info] Getting sessions for all scopes...
2026-09-12 16:42:54.979 [info] Got 1 sessions for ...
2026-09-12 16:42:54.980 [info] Getting sessions for read:user,repo,user:email,workflow...
2026-09-12 16:42:54.980 [info] Got 1 sessions for read:user,repo,user:email,workflow...
2026-09-12 16:42:56.190 [info] Getting sessions for all scopes...
2026-09-12 16:42:56.190 [info] Got 1 sessions for ...
2026-09-12 16:42:56.191 [info] Getting sessions for read:user,repo,user:email,workflow...
2026-09-12 16:42:56.191 [info] Got 1 sessions for read:user,repo,user:email,workflow...
2026-09-12 16:43:56.186 [info] Getting sessions for all scopes...
2026-09-12 16:43:56.186 [info] Got 1 sessions for ...
2026-09-12 16:43:56.189 [info] Getting sessions for read:user,repo,user:email,workflow...
2026-09-12 16:43:56.189 [info] Got 1 sessions for read:user,repo,user:email,workflow...
2026-09-12 16:43:57.253 [info] Getting sessions for all scopes...
2026-09-12 16:43:57.253 [info] Got 1 sessions for ...
2026-09-12 16:43:57.256 [info] Getting sessions for read:user,repo,user:email,workflow...
2026-09-12 16:43:57.256 [info] Got 1 sessions for read:user,repo,user:email,workflow...
2026-09-12 16:44:47.816 [info] Getting sessions for all scopes...
2026-09-12 16:44:47.816 [info] Got 1 sessions for ...
2026-09-12 16:44:47.896 [info] Getting sessions for read:user,repo,user:email,workflow...
2026-09-12 16:44:47.896 [info] Got 1 sessions for read:user,repo,user:email,workflow...
2026-09-12 16:44:49.031 [info] Getting sessions for all scopes...
2026-09-12 16:44:49.031 [info] Got 1 sessions for ...
2026-09-12 16:44:49.033 [info] Getting sessions for read:user,repo,user:email,workflow...
2026-09-12 16:44:49.033 [info] Got 1 sessions for read:user,repo,user:email,workflow...
2026-09-12 16:45:49.059 [info] Getting sessions for all scopes...
2026-09-12 16:45:49.059 [info] Got 1 sessions for ...
2026-09-12 16:45:49.084 [info] Getting sessions for read:user,repo,user:email,workflow...
2026-09-12 16:45:49.084 [info] Got 1 sessions for read:user,repo,user:email,workflow...
2026-09-12 16:45:50.567 [info] Getting sessions for all scopes...
2026-09-12 16:45:50.568 [info] Got 1 sessions for ...
2026-09-12 16:45:50.590 [info] Getting sessions for read:user,repo,user:email,workflow...
2026-09-12 16:45:50.592 [info] Got 1 sessions for read:user,repo,user:email,workflow...
2026-09-12 16:47:41.853 [info] Getting sessions for all scopes...
2026-09-12 16:47:41.853 [info] Got 1 sessions for ...
2026-09-12 16:47:41.853 [info] Getting sessions for all scopes...
2026-09-12 16:47:41.853 [info] Got 1 sessions for ...
2026-09-12 16:47:41.855 [info] Getting sessions for read:user,repo,user:email,workflow...
2026-09-12 16:47:41.855 [info] Got 1 sessions for read:user,repo,user:email,workflow...
2026-09-12 16:47:42.261 [info] Getting sessions for all scopes...
2026-09-12 16:47:42.261 [info] Got 1 sessions for ...
2026-09-12 16:47:42.263 [info] Getting sessions for read:user,repo,user:email,workflow...
2026-09-12 16:47:42.263 [info] Got 1 sessions for read:user,repo,user:email,workflow...
2026-09-12 16:47:42.856 [info] Getting sessions for all scopes...
2026-09-12 16:47:42.856 [info] Got 1 sessions for ...
2026-09-12 16:47:42.859 [info] Getting sessions for read:user,repo,user:email,workflow...
2026-09-12 16:47:42.859 [info] Got 1 sessions for read:user,repo,user:email,workflow...
2026-09-12 16:48:42.854 [info] Getting sessions for all scopes...
2026-09-12 16:48:42.854 [info] Got 1 sessions for ...
2026-09-12 16:48:42.856 [info] Getting sessions for read:user,repo,user:email,workflow...
2026-09-12 16:48:42.856 [info] Got 1 sessions for read:user,repo,user:email,workflow...
2026-09-12 16:48:44.065 [info] Getting sessions for all scopes...
2026-09-12 16:48:44.065 [info] Got 1 sessions for ...
2026-09-12 16:48:44.067 [info] Getting sessions for read:user,repo,user:email,workflow...
2026-09-12 16:48:44.067 [info] Got 1 sessions for read:user,repo,user:email,workflow...
2026-09-12 16:48:54.426 [info] Getting sessions for all scopes...
2026-09-12 16:48:54.426 [info] Got 1 sessions for ...
2026-09-12 16:48:54.428 [info] Getting sessions for read:user,repo,user:email,workflow...
2026-09-12 16:48:54.428 [info] Got 1 sessions for read:user,repo,user:email,workflow...
2026-09-12 16:48:55.479 [info] Getting sessions for all scopes...
2026-09-12 16:48:55.479 [info] Got 1 sessions for ...
2026-09-12 16:48:55.482 [info] Getting sessions for read:user,repo,user:email,workflow...
2026-09-12 16:48:55.482 [info] Got 1 sessions for read:user,repo,user:email,workflow...
2026-09-12 16:49:08.801 [info] Getting sessions for all scopes...
2026-09-12 16:49:08.801 [info] Got 1 sessions for ...
2026-09-12 16:49:08.808 [info] Getting sessions for read:user,repo,user:email,workflow...
2026-09-12 16:49:08.808 [info] Got 1 sessions for read:user,repo,user:email,workflow...
2026-09-12 16:49:08.898 [info] Getting sessions for all scopes...
2026-09-12 16:49:08.898 [info] Got 1 sessions for ...
2026-09-12 16:49:08.900 [info] Getting sessions for all scopes...
2026-09-12 16:49:08.900 [info] Got 1 sessions for ...
2026-09-12 16:49:09.608 [info] Getting sessions for all scopes...
2026-09-12 16:49:09.608 [info] Got 1 sessions for ...
2026-09-12 16:49:09.611 [info] Getting sessions for read:user,repo,user:email,workflow...
2026-09-12 16:49:09.611 [info] Got 1 sessions for read:user,repo,user:email,workflow...
2026-09-12 16:49:10.699 [info] Getting sessions for read:user,user:email...
2026-09-12 16:49:10.699 [info] Got 0 sessions for read:user,user:email...
2026-09-12 16:49:10.700 [info] Getting sessions for all scopes...
2026-09-12 16:49:10.700 [info] Got 1 sessions for ...
2026-09-12 16:49:10.701 [info] Getting sessions for repo...
2026-09-12 16:49:10.701 [info] Got 0 sessions for repo...
2026-09-12 16:49:10.701 [info] Getting sessions for all scopes...
2026-09-12 16:49:10.701 [info] Got 1 sessions for ...
2026-09-12 16:50:01.262 [info] Getting sessions for all scopes...
2026-09-12 16:50:01.262 [info] Got 1 sessions for ...
2026-09-12 16:50:01.290 [info] Getting sessions for read:user,repo,user:email,workflow...
2026-09-12 16:50:01.290 [info] Got 1 sessions for read:user,repo,user:email,workflow...
2026-09-12 16:50:01.436 [info] Getting sessions for all scopes...
2026-09-12 16:50:01.436 [info] Got 1 sessions for ...
2026-09-12 16:50:01.437 [info] Getting sessions for all scopes...
2026-09-12 16:50:01.437 [info] Got 1 sessions for ...
2026-09-12 16:50:02.512 [info] Getting sessions for all scopes...
2026-09-12 16:50:02.512 [info] Got 1 sessions for ...
2026-09-12 16:50:02.517 [info] Getting sessions for read:user,repo,user:email,workflow...
2026-09-12 16:50:02.517 [info] Got 1 sessions for read:user,repo,user:email,workflow...
2026-09-12 16:51:02.513 [info] Getting sessions for all scopes...
2026-09-12 16:51:02.513 [info] Got 1 sessions for ...
2026-09-12 16:51:02.519 [info] Getting sessions for read:user,repo,user:email,workflow...
2026-09-12 16:51:02.519 [info] Got 1 sessions for read:user,repo,user:email,workflow...
2026-09-12 16:51:03.497 [info] Getting sessions for all scopes...
2026-09-12 16:51:03.497 [info] Got 1 sessions for ...
2026-09-12 16:51:03.500 [info] Getting sessions for read:user,repo,user:email,workflow...
2026-09-12 16:51:03.500 [info] Got 1 sessions for read:user,repo,user:email,workflow...
2026-09-12 16:52:03.529 [info] Getting sessions for all scopes...
2026-09-12 16:52:03.529 [info] Got 1 sessions for ...
2026-09-12 16:52:03.571 [info] Getting sessions for read:user,repo,user:email,workflow...
2026-09-12 16:52:03.571 [info] Got 1 sessions for read:user,repo,user:email,workflow...
2026-09-12 16:52:04.648 [info] Getting sessions for all scopes...
2026-09-12 16:52:04.648 [info] Got 1 sessions for ...
2026-09-12 16:52:04.651 [info] Getting sessions for read:user,repo,user:email,workflow...
2026-09-12 16:52:04.651 [info] Got 1 sessions for read:user,repo,user:email,workflow...
2026-09-12 16:53:15.189 [info] Getting sessions for all scopes...
2026-09-12 16:53:15.189 [info] Got 1 sessions for ...
2026-09-12 16:53:15.192 [info] Getting sessions for read:user,repo,user:email,workflow...
2026-09-12 16:53:15.192 [info] Got 1 sessions for read:user,repo,user:email,workflow...
2026-09-12 16:53:16.238 [info] Getting sessions for all scopes...
2026-09-12 16:53:16.238 [info] Got 1 sessions for ...
2026-09-12 16:53:16.240 [info] Getting sessions for read:user,repo,user:email,workflow...
2026-09-12 16:53:16.240 [info] Got 1 sessions for read:user,repo,user:email,workflow...
2026-09-12 16:54:16.240 [info] Getting sessions for all scopes...
2026-09-12 16:54:16.240 [info] Got 1 sessions for ...
2026-09-12 16:54:16.242 [info] Getting sessions for read:user,repo,user:email,workflow...
2026-09-12 16:54:16.242 [info] Got 1 sessions for read:user,repo,user:email,workflow...
2026-09-12 16:54:17.319 [info] Getting sessions for all scopes...
2026-09-12 16:54:17.319 [info] Got 1 sessions for ...
2026-09-12 16:54:17.323 [info] Getting sessions for read:user,repo,user:email,workflow...
2026-09-12 16:54:17.323 [info] Got 1 sessions for read:user,repo,user:email,workflow...
2026-09-12 16:54:52.877 [info] Getting sessions for all scopes...
2026-09-12 16:54:52.877 [info] Got 1 sessions for ...
2026-09-12 16:54:52.883 [info] Getting sessions for read:user,repo,user:email,workflow...
2026-09-12 16:54:52.883 [info] Got 1 sessions for read:user,repo,user:email,workflow...
2026-09-12 16:54:52.981 [info] Getting sessions for all scopes...
2026-09-12 16:54:52.981 [info] Got 1 sessions for ...
2026-09-12 16:54:52.993 [info] Getting sessions for all scopes...
2026-09-12 16:54:52.993 [info] Got 1 sessions for ...
2026-09-12 16:54:53.997 [info] Getting sessions for all scopes...
2026-09-12 16:54:53.997 [info] Got 1 sessions for ...
2026-09-12 16:54:53.999 [info] Getting sessions for read:user,repo,user:email,workflow...
2026-09-12 16:54:53.999 [info] Got 1 sessions for read:user,repo,user:email,workflow...
2026-09-12 16:56:44.988 [info] Getting sessions for all scopes...
2026-09-12 16:56:44.988 [info] Got 1 sessions for ...
2026-09-12 16:56:44.996 [info] Getting sessions for all scopes...
2026-09-12 16:56:44.996 [info] Got 1 sessions for ...
2026-09-12 16:56:46.365 [info] Getting sessions for all scopes...
2026-09-12 16:56:46.365 [info] Got 1 sessions for ...
2026-09-12 16:56:46.370 [info] Getting sessions for read:user,repo,user:email,workflow...
2026-09-12 16:56:46.370 [info] Got 1 sessions for read:user,repo,user:email,workflow...
2026-09-12 16:56:52.500 [info] Getting sessions for all scopes...
2026-09-12 16:56:52.500 [info] Got 1 sessions for ...
2026-09-12 16:56:52.504 [info] Getting sessions for read:user,repo,user:email,workflow...
2026-09-12 16:56:52.504 [info] Got 1 sessions for read:user,repo,user:email,workflow...
2026-09-12 16:57:41.849 [info] Getting sessions for all scopes...
2026-09-12 16:57:41.849 [info] Got 1 sessions for ...
2026-09-12 16:57:41.851 [info] Getting sessions for read:user,repo,user:email,workflow...
2026-09-12 16:57:41.851 [info] Got 1 sessions for read:user,repo,user:email,workflow...
2026-09-12 16:57:42.284 [info] Getting sessions for all scopes...
2026-09-12 16:57:42.284 [info] Got 1 sessions for ...
2026-09-12 16:57:42.288 [info] Getting sessions for read:user,repo,user:email,workflow...
2026-09-12 16:57:42.288 [info] Got 1 sessions for read:user,repo,user:email,workflow...
2026-09-12 16:57:52.493 [info] Getting sessions for all scopes...
2026-09-12 16:57:52.493 [info] Got 1 sessions for ...
2026-09-12 16:57:52.495 [info] Getting sessions for read:user,repo,user:email,workflow...
2026-09-12 16:57:52.495 [info] Got 1 sessions for read:user,repo,user:email,workflow...
2026-09-12 16:57:53.460 [info] Getting sessions for all scopes...
2026-09-12 16:57:53.461 [info] Got 1 sessions for ...
2026-09-12 16:57:53.471 [info] Getting sessions for read:user,repo,user:email,workflow...
2026-09-12 16:57:53.471 [info] Got 1 sessions for read:user,repo,user:email,workflow...
2026-09-12 16:58:26.107 [info] Getting sessions for all scopes...
2026-09-12 16:58:26.107 [info] Got 1 sessions for ...
2026-09-12 16:58:26.121 [info] Getting sessions for read:user,repo,user:email,workflow...
2026-09-12 16:58:26.121 [info] Got 1 sessions for read:user,repo,user:email,workflow...
2026-09-12 16:58:26.272 [info] Getting sessions for all scopes...
2026-09-12 16:58:26.272 [info] Got 1 sessions for ...
2026-09-12 16:58:26.296 [info] Getting sessions for all scopes...
2026-09-12 16:58:26.296 [info] Got 1 sessions for ...
2026-09-12 16:58:27.180 [info] Getting sessions for all scopes...
2026-09-12 16:58:27.180 [info] Got 1 sessions for ...
2026-09-12 16:58:27.187 [info] Getting sessions for read:user,repo,user:email,workflow...
2026-09-12 16:58:27.187 [info] Got 1 sessions for read:user,repo,user:email,workflow...
2026-09-12 16:59:27.179 [info] Getting sessions for all scopes...
2026-09-12 16:59:27.179 [info] Got 1 sessions for ...
2026-09-12 16:59:27.180 [info] Getting sessions for read:user,repo,user:email,workflow...
2026-09-12 16:59:27.180 [info] Got 1 sessions for read:user,repo,user:email,workflow...
2026-09-12 16:59:28.259 [info] Getting sessions for all scopes...
2026-09-12 16:59:28.259 [info] Got 1 sessions for ...
2026-09-12 16:59:28.262 [info] Getting sessions for read:user,repo,user:email,workflow...
2026-09-12 16:59:28.262 [info] Got 1 sessions for read:user,repo,user:email,workflow...
2026-09-12 17:01:12.471 [info] Getting sessions for all scopes...
2026-09-12 17:01:12.471 [info] Got 1 sessions for ...
2026-09-12 17:01:12.473 [info] Getting sessions for read:user,repo,user:email,workflow...
2026-09-12 17:01:12.473 [info] Got 1 sessions for read:user,repo,user:email,workflow...
2026-09-12 17:01:13.648 [info] Getting sessions for all scopes...
2026-09-12 17:01:13.648 [info] Got 1 sessions for ...
2026-09-12 17:01:13.651 [info] Getting sessions for read:user,repo,user:email,workflow...
2026-09-12 17:01:13.651 [info] Got 1 sessions for read:user,repo,user:email,workflow...
2026-09-12 17:01:57.905 [info] Getting sessions for all scopes...
2026-09-12 17:01:57.906 [info] Got 1 sessions for ...
2026-09-12 17:01:57.927 [info] Getting sessions for read:user,repo,user:email,workflow...
2026-09-12 17:01:57.927 [info] Got 1 sessions for read:user,repo,user:email,workflow...
2026-09-12 17:01:58.074 [info] Getting sessions for all scopes...
2026-09-12 17:01:58.074 [info] Got 1 sessions for ...
2026-09-12 17:01:58.075 [info] Getting sessions for all scopes...
2026-09-12 17:01:58.076 [info] Got 1 sessions for ...
2026-09-12 17:01:59.027 [info] Getting sessions for all scopes...
2026-09-12 17:01:59.027 [info] Got 1 sessions for ...
2026-09-12 17:01:59.032 [info] Getting sessions for read:user,repo,user:email,workflow...
2026-09-12 17:01:59.032 [info] Got 1 sessions for read:user,repo,user:email,workflow...
2026-09-12 17:02:26.051 [info] Getting sessions for all scopes...
2026-09-12 17:02:26.051 [info] Got 1 sessions for ...
2026-09-12 17:02:26.101 [info] Getting sessions for read:user,repo,user:email,workflow...
2026-09-12 17:02:26.101 [info] Got 1 sessions for read:user,repo,user:email,workflow...
2026-09-12 17:02:26.166 [info] Getting sessions for all scopes...
2026-09-12 17:02:26.166 [info] Got 1 sessions for ...
2026-09-12 17:02:26.172 [info] Getting sessions for all scopes...
2026-09-12 17:02:26.172 [info] Got 1 sessions for ...
2026-09-12 17:02:26.925 [info] Getting sessions for all scopes...
2026-09-12 17:02:26.925 [info] Got 1 sessions for ...
2026-09-12 17:02:26.926 [info] Getting sessions for read:user,repo,user:email,workflow...
2026-09-12 17:02:26.926 [info] Got 1 sessions for read:user,repo,user:email,workflow...
2026-09-12 17:04:07.159 [info] Getting sessions for all scopes...
2026-09-12 17:04:07.159 [info] Got 1 sessions for ...
2026-09-12 17:04:07.398 [info] Getting sessions for read:user,repo,user:email,workflow...
2026-09-12 17:04:07.406 [info] Got 1 sessions for read:user,repo,user:email,workflow...
2026-09-12 17:04:08.651 [info] Getting sessions for all scopes...
2026-09-12 17:04:08.651 [info] Got 1 sessions for ...
2026-09-12 17:04:08.657 [info] Getting sessions for read:user,repo,user:email,workflow...
2026-09-12 17:04:08.657 [info] Got 1 sessions for read:user,repo,user:email,workflow...
2026-09-12 17:05:08.650 [info] Getting sessions for all scopes...
2026-09-12 17:05:08.650 [info] Got 1 sessions for ...
2026-09-12 17:05:08.653 [info] Getting sessions for read:user,repo,user:email,workflow...
2026-09-12 17:05:08.653 [info] Got 1 sessions for read:user,repo,user:email,workflow...
2026-09-12 17:05:09.642 [info] Getting sessions for all scopes...
2026-09-12 17:05:09.642 [info] Got 1 sessions for ...
2026-09-12 17:05:09.645 [info] Getting sessions for read:user,repo,user:email,workflow...
2026-09-12 17:05:09.645 [info] Got 1 sessions for read:user,repo,user:email,workflow...
2026-09-12 17:05:42.779 [info] Getting sessions for all scopes...
2026-09-12 17:05:42.779 [info] Got 1 sessions for ...
2026-09-12 17:05:42.911 [info] Getting sessions for read:user,repo,user:email,workflow...
2026-09-12 17:05:42.911 [info] Got 1 sessions for read:user,repo,user:email,workflow...
2026-09-12 17:05:44.026 [info] Getting sessions for all scopes...
2026-09-12 17:05:44.026 [info] Got 1 sessions for ...
2026-09-12 17:05:44.028 [info] Getting sessions for read:user,repo,user:email,workflow...
2026-09-12 17:05:44.028 [info] Got 1 sessions for read:user,repo,user:email,workflow...
2026-09-12 17:06:03.237 [info] Getting sessions for all scopes...
2026-09-12 17:06:03.237 [info] Got 1 sessions for ...
2026-09-12 17:06:03.257 [info] Getting sessions for read:user,repo,user:email,workflow...
2026-09-12 17:06:03.257 [info] Got 1 sessions for read:user,repo,user:email,workflow...
2026-09-12 17:06:03.328 [info] Getting sessions for all scopes...
2026-09-12 17:06:03.328 [info] Got 1 sessions for ...
2026-09-12 17:06:03.328 [info] Getting sessions for all scopes...
2026-09-12 17:06:03.328 [info] Got 1 sessions for ...
2026-09-12 17:06:04.087 [info] Getting sessions for all scopes...
2026-09-12 17:06:04.087 [info] Got 1 sessions for ...
2026-09-12 17:06:04.090 [info] Getting sessions for read:user,repo,user:email,workflow...
2026-09-12 17:06:04.090 [info] Got 1 sessions for read:user,repo,user:email,workflow...
2026-09-12 17:06:25.987 [info] Getting sessions for all scopes...
2026-09-12 17:06:25.988 [info] Got 1 sessions for ...
2026-09-12 17:06:26.115 [info] Getting sessions for read:user,repo,user:email,workflow...
2026-09-12 17:06:26.115 [info] Got 1 sessions for read:user,repo,user:email,workflow...
2026-09-12 17:06:26.133 [info] Getting sessions for all scopes...
2026-09-12 17:06:26.133 [info] Got 1 sessions for ...
2026-09-12 17:06:26.153 [info] Getting sessions for all scopes...
2026-09-12 17:06:26.153 [info] Got 1 sessions for ...
2026-09-12 17:06:26.941 [info] Getting sessions for all scopes...
2026-09-12 17:06:26.941 [info] Got 1 sessions for ...
2026-09-12 17:06:26.943 [info] Getting sessions for read:user,repo,user:email,workflow...
2026-09-12 17:06:26.943 [info] Got 1 sessions for read:user,repo,user:email,workflow...
2026-09-12 17:07:26.940 [info] Getting sessions for all scopes...
2026-09-12 17:07:26.940 [info] Got 1 sessions for ...
2026-09-12 17:07:26.942 [info] Getting sessions for read:user,repo,user:email,workflow...
2026-09-12 17:07:26.942 [info] Got 1 sessions for read:user,repo,user:email,workflow...
2026-09-12 17:07:27.973 [info] Getting sessions for all scopes...
2026-09-12 17:07:27.973 [info] Got 1 sessions for ...
2026-09-12 17:07:27.975 [info] Getting sessions for read:user,repo,user:email,workflow...
2026-09-12 17:07:27.975 [info] Got 1 sessions for read:user,repo,user:email,workflow...
2026-09-12 17:07:41.901 [info] Getting sessions for all scopes...
2026-09-12 17:07:41.901 [info] Got 1 sessions for ...
2026-09-12 17:07:41.939 [info] Getting sessions for read:user,repo,user:email,workflow...
2026-09-12 17:07:41.939 [info] Got 1 sessions for read:user,repo,user:email,workflow...
2026-09-12 17:07:42.335 [info] Getting sessions for all scopes...
2026-09-12 17:07:42.335 [info] Got 1 sessions for ...
2026-09-12 17:07:42.371 [info] Getting sessions for read:user,repo,user:email,workflow...
2026-09-12 17:07:42.372 [info] Got 1 sessions for read:user,repo,user:email,workflow...
2026-09-12 17:12:33.529 [info] Getting sessions for all scopes...
2026-09-12 17:12:33.529 [info] Got 1 sessions for ...
2026-09-12 17:12:33.531 [info] Getting sessions for read:user,repo,user:email,workflow...
2026-09-12 17:12:33.531 [info] Got 1 sessions for read:user,repo,user:email,workflow...
2026-09-12 17:12:34.605 [info] Getting sessions for all scopes...
2026-09-12 17:12:34.605 [info] Got 1 sessions for ...
2026-09-12 17:12:34.608 [info] Getting sessions for read:user,repo,user:email,workflow...
2026-09-12 17:12:34.608 [info] Got 1 sessions for read:user,repo,user:email,workflow...
2026-09-12 17:12:40.529 [info] Getting sessions for all scopes...
2026-09-12 17:12:40.529 [info] Got 1 sessions for ...
2026-09-12 17:12:40.536 [info] Getting sessions for read:user,repo,user:email,workflow...
2026-09-12 17:12:40.537 [info] Got 1 sessions for read:user,repo,user:email,workflow...
2026-09-12 17:12:40.626 [info] Getting sessions for all scopes...
2026-09-12 17:12:40.626 [info] Got 1 sessions for ...
2026-09-12 17:12:40.628 [info] Getting sessions for all scopes...
2026-09-12 17:12:40.628 [info] Got 1 sessions for ...
2026-09-12 17:12:41.344 [info] Getting sessions for all scopes...
2026-09-12 17:12:41.344 [info] Got 1 sessions for ...
2026-09-12 17:12:41.346 [info] Getting sessions for read:user,repo,user:email,workflow...
2026-09-12 17:12:41.346 [info] Got 1 sessions for read:user,repo,user:email,workflow...
2026-09-12 17:13:48.464 [info] Getting sessions for all scopes...
2026-09-12 17:13:48.464 [info] Got 1 sessions for ...
2026-09-12 17:13:48.476 [info] Getting sessions for read:user,repo,user:email,workflow...
2026-09-12 17:13:48.476 [info] Got 1 sessions for read:user,repo,user:email,workflow...
2026-09-12 17:13:48.563 [info] Getting sessions for all scopes...
2026-09-12 17:13:48.564 [info] Got 1 sessions for ...
2026-09-12 17:13:48.565 [info] Getting sessions for all scopes...
2026-09-12 17:13:48.565 [info] Got 1 sessions for ...
2026-09-12 17:13:49.683 [info] Getting sessions for all scopes...
2026-09-12 17:13:49.683 [info] Got 1 sessions for ...
2026-09-12 17:13:49.686 [info] Getting sessions for read:user,repo,user:email,workflow...
2026-09-12 17:13:49.686 [info] Got 1 sessions for read:user,repo,user:email,workflow...
2026-09-12 17:26:25.675 [info] Getting sessions for all scopes...
2026-09-12 17:26:25.676 [info] Got 1 sessions for ...
2026-09-12 17:26:25.975 [info] Getting sessions for read:user,repo,user:email,workflow...
2026-09-12 17:26:25.975 [info] Got 1 sessions for read:user,repo,user:email,workflow...
2026-09-12 17:26:26.449 [info] Getting sessions for all scopes...
2026-09-12 17:26:26.449 [info] Got 1 sessions for ...
2026-09-12 17:26:26.454 [info] Getting sessions for read:user,repo,user:email,workflow...
2026-09-12 17:26:26.454 [info] Got 1 sessions for read:user,repo,user:email,workflow...
2026-09-12 17:27:00.792 [info] Getting sessions for all scopes...
2026-09-12 17:27:00.792 [info] Got 1 sessions for ...
2026-09-12 17:27:00.844 [info] Getting sessions for read:user,repo,user:email,workflow...
2026-09-12 17:27:00.844 [info] Got 1 sessions for read:user,repo,user:email,workflow...
2026-09-12 17:27:00.873 [info] Getting sessions for all scopes...
2026-09-12 17:27:00.874 [info] Got 1 sessions for ...
2026-09-12 17:27:00.887 [info] Getting sessions for all scopes...
2026-09-12 17:27:00.887 [info] Got 1 sessions for ...
2026-09-12 17:27:01.995 [info] Getting sessions for all scopes...
2026-09-12 17:27:01.995 [info] Got 1 sessions for ...
2026-09-12 17:27:01.997 [info] Getting sessions for read:user,repo,user:email,workflow...
2026-09-12 17:27:01.997 [info] Got 1 sessions for read:user,repo,user:email,workflow...
2026-09-12 17:28:01.990 [info] Getting sessions for all scopes...
2026-09-12 17:28:01.991 [info] Got 1 sessions for ...
2026-09-12 17:28:01.995 [info] Getting sessions for read:user,repo,user:email,workflow...
2026-09-12 17:28:01.995 [info] Got 1 sessions for read:user,repo,user:email,workflow...
2026-09-12 17:28:03.027 [info] Getting sessions for all scopes...
2026-09-12 17:28:03.027 [info] Got 1 sessions for ...
2026-09-12 17:28:03.030 [info] Getting sessions for read:user,repo,user:email,workflow...
2026-09-12 17:28:03.030 [info] Got 1 sessions for read:user,repo,user:email,workflow...
2026-09-12 17:29:03.023 [info] Getting sessions for all scopes...
2026-09-12 17:29:03.023 [info] Got 1 sessions for ...
2026-09-12 17:29:03.026 [info] Getting sessions for read:user,repo,user:email,workflow...
2026-09-12 17:29:03.026 [info] Got 1 sessions for read:user,repo,user:email,workflow...
2026-09-12 17:29:04.062 [info] Getting sessions for all scopes...
2026-09-12 17:29:04.062 [info] Got 1 sessions for ...
2026-09-12 17:29:04.064 [info] Getting sessions for read:user,repo,user:email,workflow...
2026-09-12 17:29:04.064 [info] Got 1 sessions for read:user,repo,user:email,workflow...
2026-09-12 17:30:04.063 [info] Getting sessions for all scopes...
2026-09-12 17:30:04.063 [info] Got 1 sessions for ...
2026-09-12 17:30:04.064 [info] Getting sessions for read:user,repo,user:email,workflow...
2026-09-12 17:30:04.064 [info] Got 1 sessions for read:user,repo,user:email,workflow...
2026-09-12 17:30:05.152 [info] Getting sessions for all scopes...
2026-09-12 17:30:05.152 [info] Got 1 sessions for ...
2026-09-12 17:30:05.155 [info] Getting sessions for read:user,repo,user:email,workflow...
2026-09-12 17:30:05.155 [info] Got 1 sessions for read:user,repo,user:email,workflow...
2026-09-12 17:31:46.660 [info] Getting sessions for all scopes...
2026-09-12 17:31:46.660 [info] Got 1 sessions for ...
2026-09-12 17:31:46.662 [info] Getting sessions for read:user,repo,user:email,workflow...
2026-09-12 17:31:46.662 [info] Got 1 sessions for read:user,repo,user:email,workflow...
2026-09-12 17:31:47.736 [info] Getting sessions for all scopes...
2026-09-12 17:31:47.736 [info] Got 1 sessions for ...
2026-09-12 17:31:47.739 [info] Getting sessions for read:user,repo,user:email,workflow...
2026-09-12 17:31:47.739 [info] Got 1 sessions for read:user,repo,user:email,workflow...
2026-09-12 17:31:52.575 [info] Getting sessions for all scopes...
2026-09-12 17:31:52.575 [info] Got 1 sessions for ...
2026-09-12 17:31:52.587 [info] Getting sessions for read:user,repo,user:email,workflow...
2026-09-12 17:31:52.587 [info] Got 1 sessions for read:user,repo,user:email,workflow...
2026-09-12 17:31:52.659 [info] Getting sessions for all scopes...
2026-09-12 17:31:52.659 [info] Got 1 sessions for ...
2026-09-12 17:31:52.660 [info] Getting sessions for all scopes...
2026-09-12 17:31:52.660 [info] Got 1 sessions for ...
2026-09-12 17:31:53.445 [info] Getting sessions for all scopes...
2026-09-12 17:31:53.445 [info] Got 1 sessions for ...
2026-09-12 17:31:53.448 [info] Getting sessions for read:user,repo,user:email,workflow...
2026-09-12 17:31:53.448 [info] Got 1 sessions for read:user,repo,user:email,workflow...
2026-09-12 17:32:54.171 [info] Getting sessions for all scopes...
2026-09-12 17:32:54.171 [info] Got 1 sessions for ...
2026-09-12 17:32:54.202 [info] Getting sessions for read:user,repo,user:email,workflow...
2026-09-12 17:32:54.202 [info] Got 1 sessions for read:user,repo,user:email,workflow...
2026-09-12 17:32:54.259 [info] Getting sessions for all scopes...
2026-09-12 17:32:54.259 [info] Got 1 sessions for ...
2026-09-12 17:32:54.260 [info] Getting sessions for all scopes...
2026-09-12 17:32:54.260 [info] Got 1 sessions for ...
2026-09-12 17:32:57.256 [info] Getting sessions for all scopes...
2026-09-12 17:32:57.256 [info] Got 1 sessions for ...
2026-09-12 17:32:57.258 [info] Getting sessions for read:user,repo,user:email,workflow...
2026-09-12 17:32:57.258 [info] Got 1 sessions for read:user,repo,user:email,workflow...
2026-09-12 17:33:57.257 [info] Getting sessions for all scopes...
2026-09-12 17:33:57.257 [info] Got 1 sessions for ...
2026-09-12 17:33:57.260 [info] Getting sessions for read:user,repo,user:email,workflow...
2026-09-12 17:33:57.260 [info] Got 1 sessions for read:user,repo,user:email,workflow...
2026-09-12 17:33:58.256 [info] Getting sessions for all scopes...
2026-09-12 17:33:58.256 [info] Got 1 sessions for ...
2026-09-12 17:33:58.259 [info] Getting sessions for read:user,repo,user:email,workflow...
2026-09-12 17:33:58.259 [info] Got 1 sessions for read:user,repo,user:email,workflow...
2026-09-12 17:34:58.253 [info] Getting sessions for all scopes...
2026-09-12 17:34:58.253 [info] Got 1 sessions for ...
2026-09-12 17:34:58.255 [info] Getting sessions for read:user,repo,user:email,workflow...
2026-09-12 17:34:58.255 [info] Got 1 sessions for read:user,repo,user:email,workflow...
2026-09-12 17:34:59.350 [info] Getting sessions for all scopes...
2026-09-12 17:34:59.350 [info] Got 1 sessions for ...
2026-09-12 17:34:59.352 [info] Getting sessions for read:user,repo,user:email,workflow...
2026-09-12 17:34:59.352 [info] Got 1 sessions for read:user,repo,user:email,workflow...
2026-09-12 17:35:59.352 [info] Getting sessions for all scopes...
2026-09-12 17:35:59.352 [info] Got 1 sessions for ...
2026-09-12 17:35:59.354 [info] Getting sessions for read:user,repo,user:email,workflow...
2026-09-12 17:35:59.354 [info] Got 1 sessions for read:user,repo,user:email,workflow...
2026-09-12 17:36:00.415 [info] Getting sessions for all scopes...
2026-09-12 17:36:00.415 [info] Got 1 sessions for ...
2026-09-12 17:36:00.416 [info] Getting sessions for read:user,repo,user:email,workflow...
2026-09-12 17:36:00.416 [info] Got 1 sessions for read:user,repo,user:email,workflow...
2026-09-12 17:36:16.007 [info] Getting sessions for all scopes...
2026-09-12 17:36:16.007 [info] Got 1 sessions for ...
2026-09-12 17:36:16.047 [info] Getting sessions for read:user,repo,user:email,workflow...
2026-09-12 17:36:16.047 [info] Got 1 sessions for read:user,repo,user:email,workflow...
2026-09-12 17:36:16.124 [info] Getting sessions for all scopes...
2026-09-12 17:36:16.124 [info] Got 1 sessions for ...
2026-09-12 17:36:16.150 [info] Getting sessions for all scopes...
2026-09-12 17:36:16.150 [info] Got 1 sessions for ...
2026-09-12 17:36:17.019 [info] Getting sessions for all scopes...
2026-09-12 17:36:17.019 [info] Got 1 sessions for ...
2026-09-12 17:36:17.021 [info] Getting sessions for read:user,repo,user:email,workflow...
2026-09-12 17:36:17.021 [info] Got 1 sessions for read:user,repo,user:email,workflow...
2026-09-12 17:36:25.441 [info] Getting sessions for all scopes...
2026-09-12 17:36:25.441 [info] Got 1 sessions for ...
2026-09-12 17:36:25.443 [info] Getting sessions for read:user,repo,user:email,workflow...
2026-09-12 17:36:25.443 [info] Got 1 sessions for read:user,repo,user:email,workflow...
2026-09-12 17:36:25.756 [info] Getting sessions for all scopes...
2026-09-12 17:36:25.756 [info] Got 1 sessions for ...
2026-09-12 17:36:25.760 [info] Getting sessions for read:user,repo,user:email,workflow...
2026-09-12 17:36:25.760 [info] Got 1 sessions for read:user,repo,user:email,workflow...
2026-09-12 17:37:17.027 [info] Getting sessions for all scopes...
2026-09-12 17:37:17.027 [info] Got 1 sessions for ...
2026-09-12 17:37:17.031 [info] Getting sessions for read:user,repo,user:email,workflow...
2026-09-12 17:37:17.031 [info] Got 1 sessions for read:user,repo,user:email,workflow...
2026-09-12 17:37:18.037 [info] Getting sessions for all scopes...
2026-09-12 17:37:18.037 [info] Got 1 sessions for ...
2026-09-12 17:37:18.040 [info] Getting sessions for read:user,repo,user:email,workflow...
2026-09-12 17:37:18.040 [info] Got 1 sessions for read:user,repo,user:email,workflow...
2026-09-12 17:38:18.043 [info] Getting sessions for all scopes...
2026-09-12 17:38:18.043 [info] Got 1 sessions for ...
2026-09-12 17:38:18.046 [info] Getting sessions for read:user,repo,user:email,workflow...
2026-09-12 17:38:18.046 [info] Got 1 sessions for read:user,repo,user:email,workflow...
2026-09-12 17:38:19.079 [info] Getting sessions for all scopes...
2026-09-12 17:38:19.079 [info] Got 1 sessions for ...
2026-09-12 17:38:19.082 [info] Getting sessions for read:user,repo,user:email,workflow...
2026-09-12 17:38:19.082 [info] Got 1 sessions for read:user,repo,user:email,workflow...
2026-09-12 17:39:04.748 [info] Getting sessions for all scopes...
2026-09-12 17:39:04.748 [info] Got 1 sessions for ...
2026-09-12 17:39:04.791 [info] Getting sessions for read:user,repo,user:email,workflow...
2026-09-12 17:39:04.791 [info] Got 1 sessions for read:user,repo,user:email,workflow...
2026-09-12 17:39:04.848 [info] Getting sessions for all scopes...
2026-09-12 17:39:04.848 [info] Got 1 sessions for ...
2026-09-12 17:39:04.850 [info] Getting sessions for all scopes...
2026-09-12 17:39:04.850 [info] Got 1 sessions for ...
2026-09-12 17:39:05.862 [info] Getting sessions for all scopes...
2026-09-12 17:39:05.862 [info] Got 1 sessions for ...
2026-09-12 17:39:05.863 [info] Getting sessions for read:user,repo,user:email,workflow...
2026-09-12 17:39:05.863 [info] Got 1 sessions for read:user,repo,user:email,workflow...
2026-09-12 17:39:10.346 [info] Getting sessions for all scopes...
2026-09-12 17:39:10.347 [info] Got 1 sessions for ...
2026-09-12 17:39:10.390 [info] Getting sessions for all scopes...
2026-09-12 17:39:10.390 [info] Got 1 sessions for ...
2026-09-12 17:39:10.390 [info] Getting sessions for all scopes...
2026-09-12 17:39:10.390 [info] Got 1 sessions for ...
2026-09-12 17:39:10.391 [info] Getting sessions for read:user,repo,user:email,workflow...
2026-09-12 17:39:10.391 [info] Got 1 sessions for read:user,repo,user:email,workflow...
2026-09-12 17:39:11.228 [info] Getting sessions for all scopes...
2026-09-12 17:39:11.228 [info] Got 1 sessions for ...
2026-09-12 17:39:11.230 [info] Getting sessions for read:user,repo,user:email,workflow...
2026-09-12 17:39:11.230 [info] Got 1 sessions for read:user,repo,user:email,workflow...
2026-09-12 17:39:28.686 [info] Getting sessions for all scopes...
2026-09-12 17:39:28.686 [info] Got 1 sessions for ...
2026-09-12 17:39:28.716 [info] Getting sessions for read:user,repo,user:email,workflow...
2026-09-12 17:39:28.716 [info] Got 1 sessions for read:user,repo,user:email,workflow...
2026-09-12 17:39:28.778 [info] Getting sessions for all scopes...
2026-09-12 17:39:28.778 [info] Got 1 sessions for ...
2026-09-12 17:39:28.779 [info] Getting sessions for all scopes...
2026-09-12 17:39:28.779 [info] Got 1 sessions for ...
2026-09-12 17:39:29.560 [info] Getting sessions for all scopes...
2026-09-12 17:39:29.560 [info] Got 1 sessions for ...
2026-09-12 17:39:29.563 [info] Getting sessions for read:user,repo,user:email,workflow...
2026-09-12 17:39:29.563 [info] Got 1 sessions for read:user,repo,user:email,workflow...
2026-09-12 17:40:29.559 [info] Getting sessions for all scopes...
2026-09-12 17:40:29.559 [info] Got 1 sessions for ...
2026-09-12 17:40:29.562 [info] Getting sessions for read:user,repo,user:email,workflow...
2026-09-12 17:40:29.562 [info] Got 1 sessions for read:user,repo,user:email,workflow...
2026-09-12 17:40:30.533 [info] Getting sessions for all scopes...
2026-09-12 17:40:30.533 [info] Got 1 sessions for ...
2026-09-12 17:40:30.535 [info] Getting sessions for read:user,repo,user:email,workflow...
2026-09-12 17:40:30.535 [info] Got 1 sessions for read:user,repo,user:email,workflow...
2026-09-12 17:41:30.532 [info] Getting sessions for all scopes...
2026-09-12 17:41:30.532 [info] Got 1 sessions for ...
2026-09-12 17:41:30.534 [info] Getting sessions for read:user,repo,user:email,workflow...
2026-09-12 17:41:30.534 [info] Got 1 sessions for read:user,repo,user:email,workflow...
2026-09-12 17:41:31.658 [info] Getting sessions for all scopes...
2026-09-12 17:41:31.658 [info] Got 1 sessions for ...
2026-09-12 17:41:31.661 [info] Getting sessions for read:user,repo,user:email,workflow...
2026-09-12 17:41:31.661 [info] Got 1 sessions for read:user,repo,user:email,workflow...
2026-09-12 17:42:31.663 [info] Getting sessions for all scopes...
2026-09-12 17:42:31.663 [info] Got 1 sessions for ...
2026-09-12 17:42:31.676 [info] Getting sessions for read:user,repo,user:email,workflow...
2026-09-12 17:42:31.676 [info] Got 1 sessions for read:user,repo,user:email,workflow...
2026-09-12 17:42:32.795 [info] Getting sessions for all scopes...
2026-09-12 17:42:32.795 [info] Got 1 sessions for ...
2026-09-12 17:42:32.797 [info] Getting sessions for read:user,repo,user:email,workflow...
2026-09-12 17:42:32.797 [info] Got 1 sessions for read:user,repo,user:email,workflow...
2026-09-12 17:43:32.810 [info] Getting sessions for all scopes...
2026-09-12 17:43:32.810 [info] Got 1 sessions for ...
2026-09-12 17:43:32.813 [info] Getting sessions for read:user,repo,user:email,workflow...
2026-09-12 17:43:32.813 [info] Got 1 sessions for read:user,repo,user:email,workflow...
2026-09-12 17:43:38.881 [info] Getting sessions for all scopes...
2026-09-12 17:43:38.881 [info] Got 1 sessions for ...
2026-09-12 17:43:38.884 [info] Getting sessions for read:user,repo,user:email,workflow...
2026-09-12 17:43:38.884 [info] Got 1 sessions for read:user,repo,user:email,workflow...
2026-09-12 17:44:38.869 [info] Getting sessions for all scopes...
2026-09-12 17:44:38.869 [info] Got 1 sessions for ...
2026-09-12 17:44:38.871 [info] Getting sessions for read:user,repo,user:email,workflow...
2026-09-12 17:44:38.871 [info] Got 1 sessions for read:user,repo,user:email,workflow...
2026-09-12 17:44:40.075 [info] Getting sessions for all scopes...
2026-09-12 17:44:40.076 [info] Got 1 sessions for ...
2026-09-12 17:44:40.081 [info] Getting sessions for read:user,repo,user:email,workflow...
2026-09-12 17:44:40.081 [info] Got 1 sessions for read:user,repo,user:email,workflow...
2026-09-12 17:45:56.416 [info] Getting sessions for all scopes...
2026-09-12 17:45:56.416 [info] Got 1 sessions for ...
2026-09-12 17:45:56.542 [info] Getting sessions for all scopes...
2026-09-12 17:45:56.542 [info] Got 1 sessions for ...
2026-09-12 17:45:56.545 [info] Getting sessions for read:user,repo,user:email,workflow...
2026-09-12 17:45:56.545 [info] Got 1 sessions for read:user,repo,user:email,workflow...
2026-09-12 17:45:56.549 [info] Getting sessions for all scopes...
2026-09-12 17:45:56.549 [info] Got 1 sessions for ...
2026-09-12 17:45:57.585 [info] Getting sessions for all scopes...
2026-09-12 17:45:57.585 [info] Got 1 sessions for ...
2026-09-12 17:45:57.588 [info] Getting sessions for read:user,repo,user:email,workflow...
2026-09-12 17:45:57.588 [info] Got 1 sessions for read:user,repo,user:email,workflow...
2026-09-12 17:46:11.869 [info] Getting sessions for all scopes...
2026-09-12 17:46:11.869 [info] Got 1 sessions for ...
2026-09-12 17:46:11.872 [info] Getting sessions for read:user,repo,user:email,workflow...
2026-09-12 17:46:11.872 [info] Got 1 sessions for read:user,repo,user:email,workflow...
2026-09-12 17:46:13.173 [info] Getting sessions for all scopes...
2026-09-12 17:46:13.173 [info] Got 1 sessions for ...
2026-09-12 17:46:13.175 [info] Getting sessions for read:user,repo,user:email,workflow...
2026-09-12 17:46:13.175 [info] Got 1 sessions for read:user,repo,user:email,workflow...
2026-09-12 17:46:25.438 [info] Getting sessions for all scopes...
2026-09-12 17:46:25.438 [info] Got 1 sessions for ...
2026-09-12 17:46:25.440 [info] Getting sessions for read:user,repo,user:email,workflow...
2026-09-12 17:46:25.440 [info] Got 1 sessions for read:user,repo,user:email,workflow...
2026-09-12 17:46:25.730 [info] Getting sessions for all scopes...
2026-09-12 17:46:25.730 [info] Got 1 sessions for ...
2026-09-12 17:46:25.736 [info] Getting sessions for read:user,repo,user:email,workflow...
2026-09-12 17:46:25.736 [info] Got 1 sessions for read:user,repo,user:email,workflow...
2026-09-12 17:47:13.179 [info] Getting sessions for all scopes...
2026-09-12 17:47:13.179 [info] Got 1 sessions for ...
2026-09-12 17:47:13.182 [info] Getting sessions for read:user,repo,user:email,workflow...
2026-09-12 17:47:13.182 [info] Got 1 sessions for read:user,repo,user:email,workflow...
2026-09-12 17:47:14.231 [info] Getting sessions for all scopes...
2026-09-12 17:47:14.231 [info] Got 1 sessions for ...
2026-09-12 17:47:14.233 [info] Getting sessions for read:user,repo,user:email,workflow...
2026-09-12 17:47:14.233 [info] Got 1 sessions for read:user,repo,user:email,workflow...
2026-09-12 17:49:04.079 [info] Getting sessions for all scopes...
2026-09-12 17:49:04.080 [info] Got 1 sessions for ...
2026-09-12 17:49:04.083 [info] Getting sessions for all scopes...
2026-09-12 17:49:04.083 [info] Got 1 sessions for ...
2026-09-12 17:49:04.959 [info] Getting sessions for all scopes...
2026-09-12 17:49:04.959 [info] Got 1 sessions for ...
2026-09-12 17:49:04.961 [info] Getting sessions for read:user,repo,user:email,workflow...
2026-09-12 17:49:04.961 [info] Got 1 sessions for read:user,repo,user:email,workflow...
2026-09-12 17:49:05.989 [info] Getting sessions for all scopes...
2026-09-12 17:49:05.989 [info] Got 1 sessions for ...
2026-09-12 17:49:05.992 [info] Getting sessions for read:user,repo,user:email,workflow...
2026-09-12 17:49:05.992 [info] Got 1 sessions for read:user,repo,user:email,workflow...
2026-09-12 17:50:05.998 [info] Getting sessions for all scopes...
2026-09-12 17:50:05.999 [info] Got 1 sessions for ...
2026-09-12 17:50:06.003 [info] Getting sessions for read:user,repo,user:email,workflow...
2026-09-12 17:50:06.003 [info] Got 1 sessions for read:user,repo,user:email,workflow...
2026-09-12 17:50:07.142 [info] Getting sessions for all scopes...
2026-09-12 17:50:07.142 [info] Got 1 sessions for ...
2026-09-12 17:50:07.145 [info] Getting sessions for read:user,repo,user:email,workflow...
2026-09-12 17:50:07.145 [info] Got 1 sessions for read:user,repo,user:email,workflow...
2026-09-12 17:50:26.603 [info] Getting sessions for all scopes...
2026-09-12 17:50:26.603 [info] Got 1 sessions for ...
2026-09-12 17:50:26.605 [info] Getting sessions for read:user,repo,user:email,workflow...
2026-09-12 17:50:26.605 [info] Got 1 sessions for read:user,repo,user:email,workflow...
2026-09-12 17:50:27.450 [info] Getting sessions for all scopes...
2026-09-12 17:50:27.450 [info] Got 1 sessions for ...
2026-09-12 17:50:27.453 [info] Getting sessions for read:user,repo,user:email,workflow...
2026-09-12 17:50:27.453 [info] Got 1 sessions for read:user,repo,user:email,workflow...
2026-09-12 17:51:27.453 [info] Getting sessions for all scopes...
2026-09-12 17:51:27.453 [info] Got 1 sessions for ...
2026-09-12 17:51:27.456 [info] Getting sessions for read:user,repo,user:email,workflow...
2026-09-12 17:51:27.456 [info] Got 1 sessions for read:user,repo,user:email,workflow...
2026-09-12 17:51:28.480 [info] Getting sessions for all scopes...
2026-09-12 17:51:28.480 [info] Got 1 sessions for ...
2026-09-12 17:51:28.484 [info] Getting sessions for read:user,repo,user:email,workflow...
2026-09-12 17:51:28.484 [info] Got 1 sessions for read:user,repo,user:email,workflow...
2026-09-12 17:52:28.487 [info] Getting sessions for all scopes...
2026-09-12 17:52:28.487 [info] Got 1 sessions for ...
2026-09-12 17:52:28.507 [info] Getting sessions for read:user,repo,user:email,workflow...
2026-09-12 17:52:28.507 [info] Got 1 sessions for read:user,repo,user:email,workflow...
2026-09-12 17:52:29.616 [info] Getting sessions for all scopes...
2026-09-12 17:52:29.616 [info] Got 1 sessions for ...
2026-09-12 17:52:29.620 [info] Getting sessions for read:user,repo,user:email,workflow...
2026-09-12 17:52:29.620 [info] Got 1 sessions for read:user,repo,user:email,workflow...
2026-09-12 17:53:29.610 [info] Getting sessions for all scopes...
2026-09-12 17:53:29.610 [info] Got 1 sessions for ...
2026-09-12 17:53:29.613 [info] Getting sessions for read:user,repo,user:email,workflow...
2026-09-12 17:53:29.614 [info] Got 1 sessions for read:user,repo,user:email,workflow...
2026-09-12 17:53:30.786 [info] Getting sessions for all scopes...
2026-09-12 17:53:30.786 [info] Got 1 sessions for ...
2026-09-12 17:53:30.792 [info] Getting sessions for read:user,repo,user:email,workflow...
2026-09-12 17:53:30.792 [info] Got 1 sessions for read:user,repo,user:email,workflow...
2026-09-12 17:54:30.730 [info] Getting sessions for all scopes...
2026-09-12 17:54:30.730 [info] Got 1 sessions for ...
2026-09-12 17:54:30.733 [info] Getting sessions for read:user,repo,user:email,workflow...
2026-09-12 17:54:30.733 [info] Got 1 sessions for read:user,repo,user:email,workflow...
2026-09-12 17:54:31.741 [info] Getting sessions for all scopes...
2026-09-12 17:54:31.741 [info] Got 1 sessions for ...
2026-09-12 17:54:31.743 [info] Getting sessions for read:user,repo,user:email,workflow...
2026-09-12 17:54:31.743 [info] Got 1 sessions for read:user,repo,user:email,workflow...
2026-09-12 17:55:31.739 [info] Getting sessions for all scopes...
2026-09-12 17:55:31.739 [info] Got 1 sessions for ...
2026-09-12 17:55:31.742 [info] Getting sessions for read:user,repo,user:email,workflow...
2026-09-12 17:55:31.742 [info] Got 1 sessions for read:user,repo,user:email,workflow...
2026-09-12 17:55:32.960 [info] Getting sessions for all scopes...
2026-09-12 17:55:32.960 [info] Got 1 sessions for ...
2026-09-12 17:55:32.962 [info] Getting sessions for read:user,repo,user:email,workflow...
2026-09-12 17:55:32.962 [info] Got 1 sessions for read:user,repo,user:email,workflow...
2026-09-12 17:56:25.442 [info] Getting sessions for all scopes...
2026-09-12 17:56:25.442 [info] Got 1 sessions for ...
2026-09-12 17:56:25.446 [info] Getting sessions for read:user,repo,user:email,workflow...
2026-09-12 17:56:25.446 [info] Got 1 sessions for read:user,repo,user:email,workflow...
2026-09-12 17:56:25.818 [info] Getting sessions for all scopes...
2026-09-12 17:56:25.818 [info] Got 1 sessions for ...
2026-09-12 17:56:25.820 [info] Getting sessions for read:user,repo,user:email,workflow...
2026-09-12 17:56:25.820 [info] Got 1 sessions for read:user,repo,user:email,workflow...
2026-09-12 17:56:32.958 [info] Getting sessions for all scopes...
2026-09-12 17:56:32.958 [info] Got 1 sessions for ...
2026-09-12 17:56:32.961 [info] Getting sessions for read:user,repo,user:email,workflow...
2026-09-12 17:56:32.961 [info] Got 1 sessions for read:user,repo,user:email,workflow...
2026-09-12 17:56:33.838 [info] Getting sessions for all scopes...
2026-09-12 17:56:33.838 [info] Got 1 sessions for ...
2026-09-12 17:56:33.844 [info] Getting sessions for read:user,repo,user:email,workflow...
2026-09-12 17:56:33.844 [info] Got 1 sessions for read:user,repo,user:email,workflow...
2026-09-12 17:57:33.838 [info] Getting sessions for all scopes...
2026-09-12 17:57:33.838 [info] Got 1 sessions for ...
2026-09-12 17:57:33.842 [info] Getting sessions for read:user,repo,user:email,workflow...
2026-09-12 17:57:33.842 [info] Got 1 sessions for read:user,repo,user:email,workflow...
2026-09-12 17:57:34.912 [info] Getting sessions for all scopes...
2026-09-12 17:57:34.912 [info] Got 1 sessions for ...
2026-09-12 17:57:34.913 [info] Getting sessions for read:user,repo,user:email,workflow...
2026-09-12 17:57:34.913 [info] Got 1 sessions for read:user,repo,user:email,workflow...
