2026-09-13 10:02:32.185 [info] [main] Log level: Info
2026-09-13 10:02:32.185 [info] [main] Validating found git in: "git"
2026-09-13 10:02:32.185 [info] [main] Using git "2.55.0" from "git"
2026-09-13 10:02:32.185 [info] [Model][doInitialScan] Initial repository scan started
2026-09-13 10:02:32.185 [info] > git rev-parse --show-toplevel [28ms]
2026-09-13 10:02:32.185 [info] > git rev-parse --git-dir --git-common-dir --show-superproject-working-tree [21ms]
2026-09-13 10:02:36.189 [info] [Model][openRepository] Opened repository (path): /home/sadnane/Saad-Programming
2026-09-13 10:02:36.189 [info] [Model][openRepository] Opened repository (real path): /home/sadnane/Saad-Programming
2026-09-13 10:02:36.189 [info] [Model][openRepository] Opened repository (kind): repository
2026-09-13 10:02:36.776 [info] > git config --get --local core.virtualfilesystem [518ms]
2026-09-13 10:02:36.776 [warning] [Git][config] git config failed: Failed to execute git
2026-09-13 10:02:37.256 [info] > git config --get commit.template [565ms]
2026-09-13 10:02:39.372 [info] > git check-ignore -v -z --stdin [2555ms]
2026-09-13 10:02:39.387 [info] > git rev-parse --show-toplevel [2675ms]
2026-09-13 10:02:39.535 [info] > git check-ignore -v -z --stdin [207ms]
2026-09-13 10:02:39.546 [info] > git check-ignore -v -z --stdin [184ms]
2026-09-13 10:02:39.546 [info] > git check-ignore -v -z --stdin [126ms]
2026-09-13 10:02:39.619 [info] > git rev-parse --show-toplevel [86ms]
2026-09-13 10:02:39.620 [info] > git for-each-ref --format=%(refname)%00%(upstream:short)%00%(objectname)%00%(upstream:track)%00%(upstream:remotename)%00%(upstream:remoteref) refs/heads/main refs/remotes/main [152ms]
2026-09-13 10:02:39.977 [info] > git rev-parse --show-toplevel [67ms]
2026-09-13 10:02:40.081 [info] > git for-each-ref --sort -committerdate --format %(refname)%00%(objectname)%00%(*objectname) [43ms]
2026-09-13 10:02:40.105 [info] > git status -z -uall [92ms]
2026-09-13 10:02:40.105 [info] > git rev-parse --show-toplevel [41ms]
2026-09-13 10:02:40.204 [info] > git for-each-ref --format=%(refname)%00%(upstream:short)%00%(objectname)%00%(upstream:track)%00%(upstream:remotename)%00%(upstream:remoteref) refs/heads/main refs/remotes/main [29ms]
2026-09-13 10:02:40.235 [info] > git config --get commit.template [33ms]
2026-09-13 10:02:40.235 [info] > git rev-parse --show-toplevel [45ms]
2026-09-13 10:02:40.247 [info] > git config --get --local branch.main.vscode-merge-base [21ms]
2026-09-13 10:02:40.271 [info] > git for-each-ref --format=%(refname)%00%(upstream:short)%00%(objectname)%00%(upstream:track)%00%(upstream:remotename)%00%(upstream:remoteref) refs/heads/main refs/remotes/main [26ms]
2026-09-13 10:02:40.273 [info] > git for-each-ref --format=%(refname)%00%(upstream:short)%00%(objectname)%00%(upstream:track)%00%(upstream:remotename)%00%(upstream:remoteref) refs/heads/origin/main refs/remotes/origin/main [15ms]
2026-09-13 10:02:40.293 [info] > git rev-parse --show-toplevel [24ms]
2026-09-13 10:02:40.385 [info] > git merge-base refs/heads/main refs/remotes/origin/main [101ms]
2026-09-13 10:02:40.493 [info] > git status -z -uall [171ms]
2026-09-13 10:02:40.493 [info] > git diff --raw --numstat --diff-filter=ADMR -z --find-renames=50% b5fe8c5cac4c8927894bc2d9795512a91ca0da35...refs/remotes/origin/main -- [60ms]
2026-09-13 10:02:40.515 [info] > git rev-parse --show-toplevel [131ms]
2026-09-13 10:02:40.517 [info] > git for-each-ref --sort -committerdate --format %(refname)%00%(objectname)%00%(*objectname) [172ms]
2026-09-13 10:02:40.717 [info] > git rev-parse --show-toplevel [109ms]
2026-09-13 10:02:40.797 [info] > git rev-parse --show-toplevel [8ms]
2026-09-13 10:02:40.840 [info] > git rev-parse --show-toplevel [11ms]
2026-09-13 10:02:40.922 [info] > git rev-parse --show-toplevel [4ms]
2026-09-13 10:02:40.968 [info] > git rev-parse --git-dir --git-common-dir --show-superproject-working-tree [17ms]
2026-09-13 10:02:41.151 [info] [Model][openRepository] Opened repository (path): /home/sadnane/Saad-Programming/ble.sh
2026-09-13 10:02:41.151 [info] [Model][openRepository] Opened repository (real path): /home/sadnane/Saad-Programming/ble.sh
2026-09-13 10:02:41.151 [info] [Model][openRepository] Opened repository (kind): submodule
2026-09-13 10:02:41.246 [info] > git config --get --local core.virtualfilesystem [41ms]
2026-09-13 10:02:41.250 [warning] [Git][config] git config failed: Failed to execute git
2026-09-13 10:02:41.326 [info] > git config --get commit.template [79ms]
2026-09-13 10:02:41.405 [info] > git rev-parse --show-toplevel [80ms]
2026-09-13 10:02:41.406 [info] [Model][doInitialScan] Initial repository scan completed - repositories (2), closed repositories (0), parent repositories (0), unsafe repositories (0)
2026-09-13 10:02:41.690 [info] > git show --textconv :Python/django/SOA/OrientationApp/templates/Orientation.html [238ms]
2026-09-13 10:02:41.690 [info] > git show --textconv :Python/django/SOA/OrientationApp/static/css/style.css [92ms]
2026-09-13 10:02:41.690 [info] > git ls-files --stage -- Python/django/SOA/OrientationApp/static/css/style.css [46ms]
2026-09-13 10:02:41.822 [info] > git ls-files --stage -- Python/django/SOA/OrientationApp/templates/Orientation.html [288ms]
2026-09-13 10:02:41.856 [info] > git for-each-ref --format=%(refname)%00%(upstream:short)%00%(objectname)%00%(upstream:track)%00%(upstream:remotename)%00%(upstream:remoteref) refs/heads/master refs/remotes/master [463ms]
2026-09-13 10:02:41.901 [warning] [Git][revParse] Unable to read file: ENOENT: no such file or directory, open '/home/sadnane/Saad-Programming/ble.sh/.git/refs/remotes/origin/master'
2026-09-13 10:02:41.909 [info] > git cat-file -s 13af512edcfe005a9cf1a537e2d521be3548f5fe [54ms]
2026-09-13 10:02:41.909 [info] > git hash-object -t tree /dev/null [90ms]
2026-09-13 10:02:41.909 [warning] [GitFileSystemProvider][readFile] File not found - git:/home/sadnane/Saad-Programming/Python/django/SOA/OrientationApp/static/css/style.css.git?%7B%22path%22%3A%22%2Fhome%2Fsadnane%2FSaad-Programming%2FPython%2Fdjango%2FSOA%2FOrientationApp%2Fstatic%2Fcss%2Fstyle.css%22%2C%22ref%22%3A%22%22%7D
2026-09-13 10:02:41.910 [info] > git hash-object -t tree /dev/null [163ms]
2026-09-13 10:02:41.910 [warning] [GitFileSystemProvider][stat] File not found - git:/home/sadnane/Saad-Programming/Python/django/SOA/OrientationApp/static/css/style.css.git?%7B%22path%22%3A%22%2Fhome%2Fsadnane%2FSaad-Programming%2FPython%2Fdjango%2FSOA%2FOrientationApp%2Fstatic%2Fcss%2Fstyle.css%22%2C%22ref%22%3A%22%22%7D
2026-09-13 10:02:41.922 [info] > git rev-parse refs/remotes/origin/master [21ms]
2026-09-13 10:02:42.238 [info] > git status -z -uall [268ms]
2026-09-13 10:02:42.303 [info] > git check-ignore -v -z --stdin [31ms]
2026-09-13 10:02:42.306 [info] > git for-each-ref --sort -committerdate --format %(refname)%00%(objectname)%00%(*objectname) [234ms]
2026-09-13 10:02:42.590 [info] > git config --get commit.template [103ms]
2026-09-13 10:02:42.591 [info] > git for-each-ref --format=%(refname)%00%(upstream:short)%00%(objectname)%00%(upstream:track)%00%(upstream:remotename)%00%(upstream:remoteref) refs/heads/master refs/remotes/master [237ms]
2026-09-13 10:02:42.699 [info] > git check-ignore -v -z --stdin [111ms]
2026-09-13 10:02:42.819 [info] > git config --get --local branch.master.vscode-merge-base [206ms]
2026-09-13 10:02:42.864 [info] > git for-each-ref --format=%(refname)%00%(upstream:short)%00%(objectname)%00%(upstream:track)%00%(upstream:remotename)%00%(upstream:remoteref) refs/heads/master refs/remotes/master [134ms]
2026-09-13 10:02:42.885 [warning] [Git][revParse] Unable to read file: ENOENT: no such file or directory, open '/home/sadnane/Saad-Programming/ble.sh/.git/refs/remotes/origin/master'
2026-09-13 10:02:42.886 [info] > git blame --root --incremental b5fe8c5cac4c8927894bc2d9795512a91ca0da35 -- Python/django/SOA/OrientationApp/static/css/style.css [124ms]
2026-09-13 10:02:42.886 [info] fatal: no such path Python/django/SOA/OrientationApp/static/css/style.css in b5fe8c5cac4c8927894bc2d9795512a91ca0da35
2026-09-13 10:02:42.892 [info] > git rev-parse --show-toplevel [36ms]
2026-09-13 10:02:42.892 [info] > git for-each-ref --format=%(refname)%00%(upstream:short)%00%(objectname)%00%(upstream:track)%00%(upstream:remotename)%00%(upstream:remoteref) refs/heads/origin/master refs/remotes/origin/master [58ms]
2026-09-13 10:02:42.922 [info] > git rev-parse refs/remotes/origin/master [38ms]
2026-09-13 10:02:42.989 [info] > git status -z -uall [33ms]
2026-09-13 10:02:43.000 [info] > git rev-parse --git-dir --git-common-dir --show-superproject-working-tree [86ms]
2026-09-13 10:02:43.000 [info] > git merge-base refs/heads/master refs/remotes/origin/master [97ms]
2026-09-13 10:02:43.102 [info] > git for-each-ref --sort -committerdate --format %(refname)%00%(objectname)%00%(*objectname) [121ms]
2026-09-13 10:02:43.345 [info] > git diff --raw --numstat --diff-filter=ADMR -z --find-renames=50% 95ae551dd687a0c61227839dda43f52ac7ea6631...refs/remotes/origin/master -- [308ms]
2026-09-13 10:02:43.355 [info] > git merge-base refs/heads/master refs/remotes/origin/master [183ms]
2026-09-13 10:02:43.386 [info] > git diff --raw --numstat --diff-filter=ADMR -z --find-renames=50% 95ae551dd687a0c61227839dda43f52ac7ea6631...refs/remotes/origin/master -- [9ms]
2026-09-13 10:02:43.504 [info] [Model][openRepository] Opened repository (path): /home/sadnane/Saad-Programming/ble.sh/contrib
2026-09-13 10:02:43.504 [info] [Model][openRepository] Opened repository (real path): /home/sadnane/Saad-Programming/ble.sh/contrib
2026-09-13 10:02:43.504 [info] [Model][openRepository] Opened repository (kind): submodule
2026-09-13 10:02:43.574 [info] > git config --get --local core.virtualfilesystem [45ms]
2026-09-13 10:02:43.574 [warning] [Git][config] git config failed: Failed to execute git
2026-09-13 10:02:43.594 [info] > git config --get commit.template [29ms]
2026-09-13 10:02:43.620 [info] > git for-each-ref --format %(refname)%00%(objectname)%00%(*objectname) refs/tags [12ms]
2026-09-13 10:02:43.700 [info] > git status -z -uall [60ms]
2026-09-13 10:02:43.717 [info] > git for-each-ref --sort -committerdate --format %(refname)%00%(objectname)%00%(*objectname) [38ms]
2026-09-13 10:02:43.805 [info] > git config --get commit.template [48ms]
2026-09-13 10:02:43.842 [info] > git for-each-ref --format %(refname)%00%(objectname)%00%(*objectname) refs/tags [10ms]
2026-09-13 10:02:43.884 [info] > git status -z -uall [33ms]
2026-09-13 10:02:43.901 [info] > git for-each-ref --sort -committerdate --format %(refname)%00%(objectname)%00%(*objectname) [18ms]
2026-09-13 10:02:44.237 [info] > git check-ignore -v -z --stdin [15ms]
2026-09-13 10:02:44.292 [info] > git check-ignore -v -z --stdin [35ms]
2026-09-13 10:02:54.041 [info] > git blame --root --incremental b5fe8c5cac4c8927894bc2d9795512a91ca0da35 -- Python/django/SOA/OrientationApp/templates/Orientation.html [74ms]
2026-09-13 10:03:00.009 [info] > git check-ignore -v -z --stdin [27ms]
2026-09-13 10:03:00.220 [info] > git show --textconv :Python/django/SOA/OrientationApp/views.py [39ms]
2026-09-13 10:03:00.221 [info] > git ls-files --stage -- Python/django/SOA/OrientationApp/views.py [3ms]
2026-09-13 10:03:00.240 [info] > git cat-file -s a409af7d5fe6ef2a9c6148795980612bca67ea42 [7ms]
2026-09-13 10:03:00.422 [info] > git blame --root --incremental b5fe8c5cac4c8927894bc2d9795512a91ca0da35 -- Python/django/SOA/OrientationApp/views.py [11ms]
2026-09-13 10:03:45.357 [info] > git config --get commit.template [11ms]
2026-09-13 10:03:45.359 [info] > git for-each-ref --format=%(refname)%00%(upstream:short)%00%(objectname)%00%(upstream:track)%00%(upstream:remotename)%00%(upstream:remoteref) refs/heads/main refs/remotes/main [2ms]
2026-09-13 10:03:45.388 [info] > git for-each-ref --sort -committerdate --format %(refname)%00%(objectname)%00%(*objectname) [4ms]
2026-09-13 10:03:45.398 [info] > git status -z -uall [29ms]
2026-09-13 10:03:45.749 [info] > git check-ignore -v -z --stdin [6ms]
2026-09-13 10:06:24.188 [info] > git check-ignore -v -z --stdin [11ms]
2026-09-13 10:06:26.053 [info] > git config --get commit.template [9ms]
2026-09-13 10:06:26.056 [info] > git for-each-ref --format=%(refname)%00%(upstream:short)%00%(objectname)%00%(upstream:track)%00%(upstream:remotename)%00%(upstream:remoteref) refs/heads/main refs/remotes/main [3ms]
2026-09-13 10:06:26.099 [info] > git for-each-ref --sort -committerdate --format %(refname)%00%(objectname)%00%(*objectname) [4ms]
2026-09-13 10:06:26.104 [info] > git status -z -uall [20ms]
2026-09-13 10:06:26.446 [info] > git check-ignore -v -z --stdin [4ms]
2026-09-13 10:06:27.672 [info] > git check-ignore -v -z --stdin [5ms]
2026-09-13 10:06:27.923 [info] > git check-ignore -v -z --stdin [10ms]
2026-09-13 10:06:28.175 [info] > git check-ignore -v -z --stdin [3ms]
2026-09-13 10:06:28.729 [info] > git check-ignore -v -z --stdin [4ms]
2026-09-13 10:06:31.009 [info] > git check-ignore -v -z --stdin [14ms]
2026-09-13 10:06:31.127 [info] > git config --get commit.template [2ms]
2026-09-13 10:06:31.164 [info] > git for-each-ref --format=%(refname)%00%(upstream:short)%00%(objectname)%00%(upstream:track)%00%(upstream:remotename)%00%(upstream:remoteref) refs/heads/main refs/remotes/main [14ms]
2026-09-13 10:06:31.212 [info] > git status -z -uall [23ms]
2026-09-13 10:06:31.213 [info] > git for-each-ref --sort -committerdate --format %(refname)%00%(objectname)%00%(*objectname) [5ms]
2026-09-13 10:06:31.582 [info] > git check-ignore -v -z --stdin [5ms]
2026-09-13 10:06:31.972 [info] > git check-ignore -v -z --stdin [2ms]
2026-09-13 10:06:32.323 [info] > git check-ignore -v -z --stdin [2ms]
2026-09-13 10:06:34.429 [info] > git check-ignore -v -z --stdin [3ms]
2026-09-13 10:06:36.263 [info] > git config --get commit.template [18ms]
2026-09-13 10:06:36.265 [info] > git for-each-ref --format=%(refname)%00%(upstream:short)%00%(objectname)%00%(upstream:track)%00%(upstream:remotename)%00%(upstream:remoteref) refs/heads/main refs/remotes/main [3ms]
2026-09-13 10:06:36.312 [info] > git status -z -uall [19ms]
2026-09-13 10:06:36.313 [info] > git for-each-ref --sort -committerdate --format %(refname)%00%(objectname)%00%(*objectname) [4ms]
2026-09-13 10:06:36.672 [info] > git check-ignore -v -z --stdin [4ms]
2026-09-13 10:06:41.341 [info] > git config --get commit.template [7ms]
2026-09-13 10:06:41.355 [info] > git for-each-ref --format=%(refname)%00%(upstream:short)%00%(objectname)%00%(upstream:track)%00%(upstream:remotename)%00%(upstream:remoteref) refs/heads/main refs/remotes/main [3ms]
2026-09-13 10:06:41.382 [info] > git for-each-ref --sort -committerdate --format %(refname)%00%(objectname)%00%(*objectname) [6ms]
2026-09-13 10:06:41.388 [info] > git status -z -uall [23ms]
2026-09-13 10:06:41.727 [info] > git check-ignore -v -z --stdin [2ms]
2026-09-13 10:06:42.307 [info] > git check-ignore -v -z --stdin [8ms]
2026-09-13 10:06:42.947 [info] > git check-ignore -v -z --stdin [4ms]
2026-09-13 10:06:46.428 [info] > git config --get commit.template [16ms]
2026-09-13 10:06:46.432 [info] > git for-each-ref --format=%(refname)%00%(upstream:short)%00%(objectname)%00%(upstream:track)%00%(upstream:remotename)%00%(upstream:remoteref) refs/heads/main refs/remotes/main [4ms]
2026-09-13 10:06:46.455 [info] > git for-each-ref --sort -committerdate --format %(refname)%00%(objectname)%00%(*objectname) [0ms]
2026-09-13 10:06:46.479 [info] > git status -z -uall [35ms]
2026-09-13 10:06:46.846 [info] > git check-ignore -v -z --stdin [4ms]
2026-09-13 10:06:50.909 [info] > git check-ignore -v -z --stdin [4ms]
2026-09-13 10:06:52.867 [info] > git config --get commit.template [27ms]
2026-09-13 10:06:52.868 [info] > git for-each-ref --format=%(refname)%00%(upstream:short)%00%(objectname)%00%(upstream:track)%00%(upstream:remotename)%00%(upstream:remoteref) refs/heads/main refs/remotes/main [5ms]
2026-09-13 10:06:52.905 [info] > git status -z -uall [17ms]
2026-09-13 10:06:52.905 [info] > git for-each-ref --sort -committerdate --format %(refname)%00%(objectname)%00%(*objectname) [5ms]
2026-09-13 10:06:53.230 [info] > git check-ignore -v -z --stdin [3ms]
2026-09-13 10:06:54.764 [info] > git check-ignore -v -z --stdin [5ms]
2026-09-13 10:06:57.940 [info] > git config --get commit.template [18ms]
2026-09-13 10:06:57.941 [info] > git for-each-ref --format=%(refname)%00%(upstream:short)%00%(objectname)%00%(upstream:track)%00%(upstream:remotename)%00%(upstream:remoteref) refs/heads/main refs/remotes/main [3ms]
2026-09-13 10:06:57.984 [info] > git status -z -uall [29ms]
2026-09-13 10:06:57.988 [info] > git for-each-ref --sort -committerdate --format %(refname)%00%(objectname)%00%(*objectname) [5ms]
2026-09-13 10:06:58.329 [info] > git check-ignore -v -z --stdin [4ms]
2026-09-13 10:06:59.907 [info] > git check-ignore -v -z --stdin [3ms]
2026-09-13 10:07:03.025 [info] > git config --get commit.template [20ms]
2026-09-13 10:07:03.027 [info] > git for-each-ref --format=%(refname)%00%(upstream:short)%00%(objectname)%00%(upstream:track)%00%(upstream:remotename)%00%(upstream:remoteref) refs/heads/main refs/remotes/main [2ms]
2026-09-13 10:07:03.061 [info] > git for-each-ref --sort -committerdate --format %(refname)%00%(objectname)%00%(*objectname) [4ms]
2026-09-13 10:07:03.064 [info] > git status -z -uall [18ms]
2026-09-13 10:07:03.402 [info] > git check-ignore -v -z --stdin [3ms]
2026-09-13 10:07:05.029 [info] > git check-ignore -v -z --stdin [9ms]
2026-09-13 10:07:08.095 [info] > git config --get commit.template [8ms]
2026-09-13 10:07:08.097 [info] > git for-each-ref --format=%(refname)%00%(upstream:short)%00%(objectname)%00%(upstream:track)%00%(upstream:remotename)%00%(upstream:remoteref) refs/heads/main refs/remotes/main [3ms]
2026-09-13 10:07:08.118 [info] > git for-each-ref --sort -committerdate --format %(refname)%00%(objectname)%00%(*objectname) [1ms]
2026-09-13 10:07:08.135 [info] > git status -z -uall [27ms]
2026-09-13 10:07:08.495 [info] > git check-ignore -v -z --stdin [7ms]
2026-09-13 10:07:14.364 [info] > git check-ignore -v -z --stdin [5ms]
2026-09-13 10:07:16.268 [info] > git config --get commit.template [3ms]
2026-09-13 10:07:16.279 [info] > git for-each-ref --format=%(refname)%00%(upstream:short)%00%(objectname)%00%(upstream:track)%00%(upstream:remotename)%00%(upstream:remoteref) refs/heads/main refs/remotes/main [2ms]
2026-09-13 10:07:16.308 [info] > git for-each-ref --sort -committerdate --format %(refname)%00%(objectname)%00%(*objectname) [10ms]
2026-09-13 10:07:16.315 [info] > git status -z -uall [26ms]
2026-09-13 10:07:16.656 [info] > git check-ignore -v -z --stdin [4ms]
2026-09-13 10:07:20.680 [info] > git check-ignore -v -z --stdin [2ms]
2026-09-13 10:07:47.949 [info] > git config --get commit.template [5ms]
2026-09-13 10:07:47.971 [info] > git for-each-ref --format=%(refname)%00%(upstream:short)%00%(objectname)%00%(upstream:track)%00%(upstream:remotename)%00%(upstream:remoteref) refs/heads/main refs/remotes/main [6ms]
2026-09-13 10:07:48.029 [info] > git status -z -uall [33ms]
2026-09-13 10:07:48.030 [info] > git for-each-ref --sort -committerdate --format %(refname)%00%(objectname)%00%(*objectname) [5ms]
2026-09-13 10:07:48.397 [info] > git check-ignore -v -z --stdin [5ms]
2026-09-13 10:07:50.912 [info] > git check-ignore -v -z --stdin [6ms]
2026-09-13 10:07:50.970 [info] > git show --textconv :Python/django/SOA/SOA/settings.py [12ms]
2026-09-13 10:07:50.971 [info] > git ls-files --stage -- Python/django/SOA/SOA/settings.py [6ms]
2026-09-13 10:07:50.987 [info] > git cat-file -s e7adf72a4027d734aa8c0e8ae70f3d90aec64b9c [4ms]
2026-09-13 10:07:51.061 [info] > git blame --root --incremental b5fe8c5cac4c8927894bc2d9795512a91ca0da35 -- Python/django/SOA/SOA/settings.py [2ms]
2026-09-13 10:07:51.106 [info] > git check-ignore -v -z --stdin [4ms]
2026-09-13 10:08:41.433 [info] > git check-ignore -v -z --stdin [4ms]
2026-09-13 10:08:43.049 [info] > git check-ignore -v -z --stdin [3ms]
2026-09-13 10:08:43.351 [info] > git config --get commit.template [19ms]
2026-09-13 10:08:43.352 [info] > git for-each-ref --format=%(refname)%00%(upstream:short)%00%(objectname)%00%(upstream:track)%00%(upstream:remotename)%00%(upstream:remoteref) refs/heads/main refs/remotes/main [6ms]
2026-09-13 10:08:43.387 [info] > git status -z -uall [25ms]
2026-09-13 10:08:43.390 [info] > git for-each-ref --sort -committerdate --format %(refname)%00%(objectname)%00%(*objectname) [4ms]
2026-09-13 10:08:43.715 [info] > git check-ignore -v -z --stdin [2ms]
2026-09-13 10:08:48.074 [info] > git check-ignore -v -z --stdin [4ms]
2026-09-13 10:08:48.105 [info] > git show --textconv :Python/django/SOA/OrientationApp/templates/Orientation.html [13ms]
2026-09-13 10:08:48.109 [info] > git ls-files --stage -- Python/django/SOA/OrientationApp/templates/Orientation.html [5ms]
2026-09-13 10:08:48.125 [info] > git cat-file -s 13af512edcfe005a9cf1a537e2d521be3548f5fe [3ms]
2026-09-13 10:08:48.442 [info] > git config --get commit.template [3ms]
2026-09-13 10:08:48.472 [info] > git for-each-ref --format=%(refname)%00%(upstream:short)%00%(objectname)%00%(upstream:track)%00%(upstream:remotename)%00%(upstream:remoteref) refs/heads/main refs/remotes/main [4ms]
2026-09-13 10:08:48.533 [info] > git status -z -uall [35ms]
2026-09-13 10:08:48.534 [info] > git for-each-ref --sort -committerdate --format %(refname)%00%(objectname)%00%(*objectname) [24ms]
2026-09-13 10:08:48.874 [info] > git check-ignore -v -z --stdin [19ms]
2026-09-13 10:09:47.377 [info] > git check-ignore -v -z --stdin [3ms]
2026-09-13 10:09:49.277 [info] > git config --get commit.template [3ms]
2026-09-13 10:09:49.288 [info] > git for-each-ref --format=%(refname)%00%(upstream:short)%00%(objectname)%00%(upstream:track)%00%(upstream:remotename)%00%(upstream:remoteref) refs/heads/main refs/remotes/main [5ms]
2026-09-13 10:09:49.312 [info] > git for-each-ref --sort -committerdate --format %(refname)%00%(objectname)%00%(*objectname) [4ms]
2026-09-13 10:09:49.316 [info] > git status -z -uall [17ms]
2026-09-13 10:09:49.655 [info] > git check-ignore -v -z --stdin [5ms]
2026-09-13 10:09:58.824 [info] > git check-ignore -v -z --stdin [4ms]
2026-09-13 10:10:00.753 [info] > git config --get commit.template [12ms]
2026-09-13 10:10:00.754 [info] > git for-each-ref --format=%(refname)%00%(upstream:short)%00%(objectname)%00%(upstream:track)%00%(upstream:remotename)%00%(upstream:remoteref) refs/heads/main refs/remotes/main [4ms]
2026-09-13 10:10:00.783 [info] > git for-each-ref --sort -committerdate --format %(refname)%00%(objectname)%00%(*objectname) [5ms]
2026-09-13 10:10:00.787 [info] > git status -z -uall [20ms]
2026-09-13 10:10:01.165 [info] > git check-ignore -v -z --stdin [18ms]
2026-09-13 10:11:20.754 [info] > git config --get commit.template [42ms]
2026-09-13 10:11:20.757 [info] > git for-each-ref --format=%(refname)%00%(upstream:short)%00%(objectname)%00%(upstream:track)%00%(upstream:remotename)%00%(upstream:remoteref) refs/heads/main refs/remotes/main [5ms]
2026-09-13 10:11:20.814 [info] > git for-each-ref --sort -committerdate --format %(refname)%00%(objectname)%00%(*objectname) [24ms]
2026-09-13 10:11:20.831 [info] > git status -z -uall [53ms]
2026-09-13 10:11:21.210 [info] > git check-ignore -v -z --stdin [10ms]
2026-09-13 10:11:24.857 [info] > git check-ignore -v -z --stdin [4ms]
2026-09-13 10:11:24.897 [info] > git show --textconv :Python/django/SOA/OrientationApp/views.py [10ms]
2026-09-13 10:11:24.900 [info] > git ls-files --stage -- Python/django/SOA/OrientationApp/views.py [4ms]
2026-09-13 10:11:24.937 [info] > git cat-file -s a409af7d5fe6ef2a9c6148795980612bca67ea42 [6ms]
2026-09-13 10:11:25.869 [info] > git config --get commit.template [3ms]
2026-09-13 10:11:25.887 [info] > git for-each-ref --format=%(refname)%00%(upstream:short)%00%(objectname)%00%(upstream:track)%00%(upstream:remotename)%00%(upstream:remoteref) refs/heads/main refs/remotes/main [2ms]
2026-09-13 10:11:25.916 [info] > git for-each-ref --sort -committerdate --format %(refname)%00%(objectname)%00%(*objectname) [4ms]
2026-09-13 10:11:25.921 [info] > git status -z -uall [18ms]
2026-09-13 10:11:26.340 [info] > git check-ignore -v -z --stdin [4ms]
2026-09-13 10:11:34.604 [info] > git check-ignore -v -z --stdin [3ms]
2026-09-13 10:11:34.851 [info] > git check-ignore -v -z --stdin [4ms]
2026-09-13 10:11:35.278 [info] > git check-ignore -v -z --stdin [2ms]
2026-09-13 10:11:35.532 [info] > git check-ignore -v -z --stdin [2ms]
2026-09-13 10:11:36.729 [info] > git check-ignore -v -z --stdin [2ms]
2026-09-13 10:11:37.435 [info] > git config --get commit.template [10ms]
2026-09-13 10:11:37.437 [info] > git for-each-ref --format=%(refname)%00%(upstream:short)%00%(objectname)%00%(upstream:track)%00%(upstream:remotename)%00%(upstream:remoteref) refs/heads/main refs/remotes/main [2ms]
2026-09-13 10:11:37.474 [info] > git for-each-ref --sort -committerdate --format %(refname)%00%(objectname)%00%(*objectname) [3ms]
2026-09-13 10:11:37.478 [info] > git status -z -uall [21ms]
2026-09-13 10:11:37.824 [info] > git check-ignore -v -z --stdin [1ms]
2026-09-13 10:11:38.245 [info] > git check-ignore -v -z --stdin [2ms]
2026-09-13 10:11:38.756 [info] > git check-ignore -v -z --stdin [1ms]
2026-09-13 10:11:42.511 [info] > git config --get commit.template [11ms]
2026-09-13 10:11:42.514 [info] > git for-each-ref --format=%(refname)%00%(upstream:short)%00%(objectname)%00%(upstream:track)%00%(upstream:remotename)%00%(upstream:remoteref) refs/heads/main refs/remotes/main [3ms]
2026-09-13 10:11:42.546 [info] > git for-each-ref --sort -committerdate --format %(refname)%00%(objectname)%00%(*objectname) [2ms]
2026-09-13 10:11:42.550 [info] > git status -z -uall [21ms]
2026-09-13 10:11:43.036 [info] > git check-ignore -v -z --stdin [10ms]
2026-09-13 10:11:43.478 [info] > git check-ignore -v -z --stdin [3ms]
2026-09-13 10:12:01.371 [info] > git config --get commit.template [32ms]
2026-09-13 10:12:01.374 [info] > git for-each-ref --format=%(refname)%00%(upstream:short)%00%(objectname)%00%(upstream:track)%00%(upstream:remotename)%00%(upstream:remoteref) refs/heads/main refs/remotes/main [7ms]
2026-09-13 10:12:01.433 [info] > git status -z -uall [34ms]
2026-09-13 10:12:01.444 [info] > git for-each-ref --sort -committerdate --format %(refname)%00%(objectname)%00%(*objectname) [21ms]
2026-09-13 10:12:01.843 [info] > git check-ignore -v -z --stdin [8ms]
2026-09-13 10:12:03.407 [info] > git check-ignore -v -z --stdin [8ms]
2026-09-13 10:12:03.482 [info] > git show --textconv :Python/django/SOA/SOA/settings.py [19ms]
2026-09-13 10:12:03.488 [info] > git ls-files --stage -- Python/django/SOA/SOA/settings.py [7ms]
2026-09-13 10:12:03.504 [info] > git cat-file -s e7adf72a4027d734aa8c0e8ae70f3d90aec64b9c [3ms]
2026-09-13 10:12:12.753 [info] > git check-ignore -v -z --stdin [3ms]
2026-09-13 10:12:13.582 [info] > git check-ignore -v -z --stdin [3ms]
2026-09-13 10:12:13.966 [info] > git check-ignore -v -z --stdin [2ms]
2026-09-13 10:12:14.369 [info] > git check-ignore -v -z --stdin [1ms]
2026-09-13 10:12:15.548 [info] > git check-ignore -v -z --stdin [6ms]
2026-09-13 10:12:16.285 [info] > git config --get commit.template [2ms]
2026-09-13 10:12:16.299 [info] > git for-each-ref --format=%(refname)%00%(upstream:short)%00%(objectname)%00%(upstream:track)%00%(upstream:remotename)%00%(upstream:remoteref) refs/heads/main refs/remotes/main [4ms]
2026-09-13 10:12:16.338 [info] > git status -z -uall [23ms]
2026-09-13 10:12:16.346 [info] > git for-each-ref --sort -committerdate --format %(refname)%00%(objectname)%00%(*objectname) [11ms]
2026-09-13 10:12:16.673 [info] > git check-ignore -v -z --stdin [3ms]
2026-09-13 10:12:16.938 [info] > git check-ignore -v -z --stdin [3ms]
2026-09-13 10:12:17.361 [info] > git check-ignore -v -z --stdin [2ms]
2026-09-13 10:12:21.378 [info] > git config --get commit.template [12ms]
2026-09-13 10:12:21.390 [info] > git check-ignore -v -z --stdin [15ms]
2026-09-13 10:12:21.392 [info] > git for-each-ref --format=%(refname)%00%(upstream:short)%00%(objectname)%00%(upstream:track)%00%(upstream:remotename)%00%(upstream:remoteref) refs/heads/main refs/remotes/main [3ms]
2026-09-13 10:12:21.452 [info] > git for-each-ref --sort -committerdate --format %(refname)%00%(objectname)%00%(*objectname) [33ms]
2026-09-13 10:12:21.456 [info] > git status -z -uall [46ms]
2026-09-13 10:12:21.781 [info] > git check-ignore -v -z --stdin [3ms]
2026-09-13 10:13:18.628 [info] > git config --get commit.template [24ms]
2026-09-13 10:13:18.636 [info] > git for-each-ref --format=%(refname)%00%(upstream:short)%00%(objectname)%00%(upstream:track)%00%(upstream:remotename)%00%(upstream:remoteref) refs/heads/main refs/remotes/main [9ms]
2026-09-13 10:13:18.669 [info] > git for-each-ref --sort -committerdate --format %(refname)%00%(objectname)%00%(*objectname) [4ms]
2026-09-13 10:13:18.695 [info] > git status -z -uall [39ms]
2026-09-13 10:13:19.176 [info] > git check-ignore -v -z --stdin [6ms]
2026-09-13 10:13:22.658 [info] > git check-ignore -v -z --stdin [7ms]
2026-09-13 10:13:22.707 [info] > git show --textconv :Python/django/SOA/OrientationApp/templates/Orientation.html [21ms]
2026-09-13 10:13:22.711 [info] > git ls-files --stage -- Python/django/SOA/OrientationApp/templates/Orientation.html [8ms]
2026-09-13 10:13:22.727 [info] > git cat-file -s 13af512edcfe005a9cf1a537e2d521be3548f5fe [2ms]
2026-09-13 10:13:23.753 [info] > git config --get commit.template [29ms]
2026-09-13 10:13:23.754 [info] > git for-each-ref --format=%(refname)%00%(upstream:short)%00%(objectname)%00%(upstream:track)%00%(upstream:remotename)%00%(upstream:remoteref) refs/heads/main refs/remotes/main [6ms]
2026-09-13 10:13:23.800 [info] > git for-each-ref --sort -committerdate --format %(refname)%00%(objectname)%00%(*objectname) [13ms]
2026-09-13 10:13:23.802 [info] > git status -z -uall [28ms]
2026-09-13 10:13:24.136 [info] > git check-ignore -v -z --stdin [2ms]
2026-09-13 10:13:51.178 [info] > git check-ignore -v -z --stdin [7ms]
2026-09-13 10:13:51.396 [info] > git check-ignore -v -z --stdin [11ms]
2026-09-13 10:13:52.612 [info] > git check-ignore -v -z --stdin [3ms]
2026-09-13 10:13:53.291 [info] > git config --get commit.template [3ms]
2026-09-13 10:13:53.305 [info] > git for-each-ref --format=%(refname)%00%(upstream:short)%00%(objectname)%00%(upstream:track)%00%(upstream:remotename)%00%(upstream:remoteref) refs/heads/main refs/remotes/main [3ms]
2026-09-13 10:13:53.357 [info] > git for-each-ref --sort -committerdate --format %(refname)%00%(objectname)%00%(*objectname) [4ms]
2026-09-13 10:13:53.368 [info] > git status -z -uall [50ms]
2026-09-13 10:13:53.696 [info] > git check-ignore -v -z --stdin [4ms]
2026-09-13 10:13:54.344 [info] > git check-ignore -v -z --stdin [3ms]
2026-09-13 10:13:58.404 [info] > git config --get commit.template [4ms]
2026-09-13 10:13:58.421 [info] > git for-each-ref --format=%(refname)%00%(upstream:short)%00%(objectname)%00%(upstream:track)%00%(upstream:remotename)%00%(upstream:remoteref) refs/heads/main refs/remotes/main [7ms]
2026-09-13 10:13:58.449 [info] > git for-each-ref --sort -committerdate --format %(refname)%00%(objectname)%00%(*objectname) [6ms]
2026-09-13 10:13:58.451 [info] > git status -z -uall [16ms]
2026-09-13 10:13:58.779 [info] > git check-ignore -v -z --stdin [1ms]
2026-09-13 10:13:59.533 [info] > git check-ignore -v -z --stdin [3ms]
2026-09-13 10:14:00.454 [info] > git check-ignore -v -z --stdin [2ms]
2026-09-13 10:14:03.482 [info] > git config --get commit.template [10ms]
2026-09-13 10:14:03.484 [info] > git for-each-ref --format=%(refname)%00%(upstream:short)%00%(objectname)%00%(upstream:track)%00%(upstream:remotename)%00%(upstream:remoteref) refs/heads/main refs/remotes/main [3ms]
2026-09-13 10:14:03.502 [info] > git for-each-ref --sort -committerdate --format %(refname)%00%(objectname)%00%(*objectname) [2ms]
2026-09-13 10:14:03.506 [info] > git status -z -uall [14ms]
2026-09-13 10:14:03.826 [info] > git check-ignore -v -z --stdin [2ms]
2026-09-13 10:14:04.687 [info] > git check-ignore -v -z --stdin [5ms]
2026-09-13 10:14:05.266 [info] > git check-ignore -v -z --stdin [3ms]
2026-09-13 10:14:08.530 [info] > git config --get commit.template [7ms]
2026-09-13 10:14:08.532 [info] > git for-each-ref --format=%(refname)%00%(upstream:short)%00%(objectname)%00%(upstream:track)%00%(upstream:remotename)%00%(upstream:remoteref) refs/heads/main refs/remotes/main [2ms]
2026-09-13 10:14:08.552 [info] > git for-each-ref --sort -committerdate --format %(refname)%00%(objectname)%00%(*objectname) [3ms]
2026-09-13 10:14:08.557 [info] > git status -z -uall [20ms]
2026-09-13 10:14:08.878 [info] > git check-ignore -v -z --stdin [3ms]
2026-09-13 10:14:55.398 [info] > git check-ignore -v -z --stdin [5ms]
2026-09-13 10:14:55.830 [info] > git check-ignore -v -z --stdin [6ms]
2026-09-13 10:14:57.071 [info] > git check-ignore -v -z --stdin [2ms]
2026-09-13 10:14:57.736 [info] > git config --get commit.template [9ms]
2026-09-13 10:14:57.739 [info] > git for-each-ref --format=%(refname)%00%(upstream:short)%00%(objectname)%00%(upstream:track)%00%(upstream:remotename)%00%(upstream:remoteref) refs/heads/main refs/remotes/main [4ms]
2026-09-13 10:14:57.758 [info] > git for-each-ref --sort -committerdate --format %(refname)%00%(objectname)%00%(*objectname) [3ms]
2026-09-13 10:14:57.765 [info] > git status -z -uall [17ms]
2026-09-13 10:14:58.114 [info] > git check-ignore -v -z --stdin [2ms]
2026-09-13 10:14:58.354 [info] > git check-ignore -v -z --stdin [2ms]
2026-09-13 10:15:01.612 [info] > git check-ignore -v -z --stdin [2ms]
2026-09-13 10:15:02.796 [info] > git config --get commit.template [10ms]
2026-09-13 10:15:02.797 [info] > git for-each-ref --format=%(refname)%00%(upstream:short)%00%(objectname)%00%(upstream:track)%00%(upstream:remotename)%00%(upstream:remoteref) refs/heads/main refs/remotes/main [2ms]
2026-09-13 10:15:02.827 [info] > git status -z -uall [20ms]
2026-09-13 10:15:02.828 [info] > git for-each-ref --sort -committerdate --format %(refname)%00%(objectname)%00%(*objectname) [2ms]
2026-09-13 10:15:03.169 [info] > git check-ignore -v -z --stdin [3ms]
2026-09-13 10:15:03.786 [info] > git check-ignore -v -z --stdin [4ms]
2026-09-13 10:15:05.265 [info] > git check-ignore -v -z --stdin [2ms]
2026-09-13 10:15:07.854 [info] > git config --get commit.template [4ms]
2026-09-13 10:15:07.869 [info] > git for-each-ref --format=%(refname)%00%(upstream:short)%00%(objectname)%00%(upstream:track)%00%(upstream:remotename)%00%(upstream:remoteref) refs/heads/main refs/remotes/main [5ms]
2026-09-13 10:15:07.901 [info] > git for-each-ref --sort -committerdate --format %(refname)%00%(objectname)%00%(*objectname) [6ms]
2026-09-13 10:15:07.905 [info] > git status -z -uall [21ms]
2026-09-13 10:15:08.261 [info] > git check-ignore -v -z --stdin [6ms]
2026-09-13 10:15:09.073 [info] > git check-ignore -v -z --stdin [2ms]
2026-09-13 10:15:09.906 [info] > git check-ignore -v -z --stdin [2ms]
2026-09-13 10:15:10.445 [info] > git check-ignore -v -z --stdin [3ms]
2026-09-13 10:15:12.931 [info] > git config --get commit.template [3ms]
2026-09-13 10:15:12.951 [info] > git for-each-ref --format=%(refname)%00%(upstream:short)%00%(objectname)%00%(upstream:track)%00%(upstream:remotename)%00%(upstream:remoteref) refs/heads/main refs/remotes/main [6ms]
2026-09-13 10:15:12.988 [info] > git status -z -uall [19ms]
2026-09-13 10:15:12.990 [info] > git for-each-ref --sort -committerdate --format %(refname)%00%(objectname)%00%(*objectname) [7ms]
2026-09-13 10:15:13.322 [info] > git check-ignore -v -z --stdin [3ms]
2026-09-13 10:15:17.240 [info] > git check-ignore -v -z --stdin [8ms]
2026-09-13 10:15:19.130 [info] > git config --get commit.template [3ms]
2026-09-13 10:15:19.143 [info] > git for-each-ref --format=%(refname)%00%(upstream:short)%00%(objectname)%00%(upstream:track)%00%(upstream:remotename)%00%(upstream:remoteref) refs/heads/main refs/remotes/main [4ms]
2026-09-13 10:15:19.163 [info] > git for-each-ref --sort -committerdate --format %(refname)%00%(objectname)%00%(*objectname) [2ms]
2026-09-13 10:15:19.170 [info] > git status -z -uall [18ms]
2026-09-13 10:15:19.499 [info] > git check-ignore -v -z --stdin [1ms]
2026-09-13 10:15:27.224 [info] > git check-ignore -v -z --stdin [7ms]
2026-09-13 10:15:29.103 [info] > git config --get commit.template [3ms]
2026-09-13 10:15:29.117 [info] > git for-each-ref --format=%(refname)%00%(upstream:short)%00%(objectname)%00%(upstream:track)%00%(upstream:remotename)%00%(upstream:remoteref) refs/heads/main refs/remotes/main [4ms]
2026-09-13 10:15:29.142 [info] > git status -z -uall [14ms]
2026-09-13 10:15:29.142 [info] > git for-each-ref --sort -committerdate --format %(refname)%00%(objectname)%00%(*objectname) [4ms]
2026-09-13 10:15:29.157 [info] > git check-ignore -v -z --stdin [5ms]
2026-09-13 10:15:29.495 [info] > git check-ignore -v -z --stdin [1ms]
2026-09-13 10:15:34.180 [info] > git config --get commit.template [10ms]
2026-09-13 10:15:34.181 [info] > git for-each-ref --format=%(refname)%00%(upstream:short)%00%(objectname)%00%(upstream:track)%00%(upstream:remotename)%00%(upstream:remoteref) refs/heads/main refs/remotes/main [3ms]
2026-09-13 10:15:34.211 [info] > git for-each-ref --sort -committerdate --format %(refname)%00%(objectname)%00%(*objectname) [2ms]
2026-09-13 10:15:34.218 [info] > git status -z -uall [19ms]
2026-09-13 10:15:34.547 [info] > git check-ignore -v -z --stdin [4ms]
2026-09-13 10:16:01.319 [info] > git check-ignore -v -z --stdin [5ms]
2026-09-13 10:16:01.438 [info] > git show --textconv :Python/django/SOA/OrientationApp/views.py [12ms]
2026-09-13 10:16:01.440 [info] > git ls-files --stage -- Python/django/SOA/OrientationApp/views.py [3ms]
2026-09-13 10:16:01.455 [info] > git cat-file -s a409af7d5fe6ef2a9c6148795980612bca67ea42 [5ms]
2026-09-13 10:16:47.723 [info] > git check-ignore -v -z --stdin [3ms]
2026-09-13 10:16:57.186 [info] > git config --get commit.template [12ms]
2026-09-13 10:16:57.191 [info] > git for-each-ref --format=%(refname)%00%(upstream:short)%00%(objectname)%00%(upstream:track)%00%(upstream:remotename)%00%(upstream:remoteref) refs/heads/main refs/remotes/main [7ms]
2026-09-13 10:16:57.226 [info] > git for-each-ref --sort -committerdate --format %(refname)%00%(objectname)%00%(*objectname) [6ms]
2026-09-13 10:16:57.259 [info] > git status -z -uall [48ms]
2026-09-13 10:16:57.590 [info] > git check-ignore -v -z --stdin [8ms]
2026-09-13 10:16:59.583 [info] > git check-ignore -v -z --stdin [3ms]
2026-09-13 10:17:02.759 [info] > git config --get commit.template [19ms]
2026-09-13 10:17:02.761 [info] > git for-each-ref --format=%(refname)%00%(upstream:short)%00%(objectname)%00%(upstream:track)%00%(upstream:remotename)%00%(upstream:remoteref) refs/heads/main refs/remotes/main [3ms]
2026-09-13 10:17:02.795 [info] > git for-each-ref --sort -committerdate --format %(refname)%00%(objectname)%00%(*objectname) [5ms]
2026-09-13 10:17:02.796 [info] > git status -z -uall [20ms]
2026-09-13 10:17:03.170 [info] > git check-ignore -v -z --stdin [4ms]
2026-09-13 10:17:45.011 [info] > git check-ignore -v -z --stdin [5ms]
2026-09-13 10:17:46.841 [info] > git check-ignore -v -z --stdin [5ms]
2026-09-13 10:17:46.954 [info] > git config --get commit.template [5ms]
2026-09-13 10:17:46.978 [info] > git for-each-ref --format=%(refname)%00%(upstream:short)%00%(objectname)%00%(upstream:track)%00%(upstream:remotename)%00%(upstream:remoteref) refs/heads/main refs/remotes/main [15ms]
2026-09-13 10:17:47.017 [info] > git for-each-ref --sort -committerdate --format %(refname)%00%(objectname)%00%(*objectname) [14ms]
2026-09-13 10:17:47.021 [info] > git status -z -uall [26ms]
2026-09-13 10:17:47.609 [info] > git check-ignore -v -z --stdin [8ms]
2026-09-13 10:17:48.171 [info] > git check-ignore -v -z --stdin [2ms]
2026-09-13 10:17:48.898 [info] > git check-ignore -v -z --stdin [2ms]
2026-09-13 10:17:49.768 [info] > git check-ignore -v -z --stdin [1ms]
2026-09-13 10:17:51.828 [info] > git check-ignore -v -z --stdin [2ms]
2026-09-13 10:17:52.080 [info] > git config --get commit.template [20ms]
2026-09-13 10:17:52.082 [info] > git for-each-ref --format=%(refname)%00%(upstream:short)%00%(objectname)%00%(upstream:track)%00%(upstream:remotename)%00%(upstream:remoteref) refs/heads/main refs/remotes/main [7ms]
2026-09-13 10:17:52.123 [info] > git status -z -uall [23ms]
2026-09-13 10:17:52.123 [info] > git for-each-ref --sort -committerdate --format %(refname)%00%(objectname)%00%(*objectname) [7ms]
2026-09-13 10:17:52.462 [info] > git check-ignore -v -z --stdin [6ms]
2026-09-13 10:17:54.365 [info] > git check-ignore -v -z --stdin [4ms]
2026-09-13 10:17:54.974 [info] > git check-ignore -v -z --stdin [2ms]
2026-09-13 10:17:56.496 [info] > git check-ignore -v -z --stdin [2ms]
2026-09-13 10:17:57.100 [info] > git check-ignore -v -z --stdin [27ms]
2026-09-13 10:17:57.166 [info] > git config --get commit.template [10ms]
2026-09-13 10:17:57.166 [info] > git for-each-ref --format=%(refname)%00%(upstream:short)%00%(objectname)%00%(upstream:track)%00%(upstream:remotename)%00%(upstream:remoteref) refs/heads/main refs/remotes/main [1ms]
2026-09-13 10:17:57.187 [info] > git for-each-ref --sort -committerdate --format %(refname)%00%(objectname)%00%(*objectname) [5ms]
2026-09-13 10:17:57.198 [info] > git status -z -uall [23ms]
2026-09-13 10:17:57.523 [info] > git check-ignore -v -z --stdin [2ms]
2026-09-13 10:17:58.995 [info] > git check-ignore -v -z --stdin [29ms]
2026-09-13 10:18:02.242 [info] > git config --get commit.template [1ms]
2026-09-13 10:18:02.259 [info] > git for-each-ref --format=%(refname)%00%(upstream:short)%00%(objectname)%00%(upstream:track)%00%(upstream:remotename)%00%(upstream:remoteref) refs/heads/main refs/remotes/main [3ms]
2026-09-13 10:18:02.335 [info] > git status -z -uall [48ms]
2026-09-13 10:18:02.336 [info] > git for-each-ref --sort -committerdate --format %(refname)%00%(objectname)%00%(*objectname) [2ms]
2026-09-13 10:18:02.682 [info] > git check-ignore -v -z --stdin [5ms]
2026-09-13 10:18:06.755 [info] > git check-ignore -v -z --stdin [2ms]
2026-09-13 10:18:07.336 [info] > git config --get commit.template [10ms]
2026-09-13 10:18:07.338 [info] > git for-each-ref --format=%(refname)%00%(upstream:short)%00%(objectname)%00%(upstream:track)%00%(upstream:remotename)%00%(upstream:remoteref) refs/heads/main refs/remotes/main [3ms]
2026-09-13 10:18:07.368 [info] > git for-each-ref --sort -committerdate --format %(refname)%00%(objectname)%00%(*objectname) [3ms]
2026-09-13 10:18:07.371 [info] > git status -z -uall [19ms]
2026-09-13 10:18:07.742 [info] > git check-ignore -v -z --stdin [3ms]
2026-09-13 10:18:12.415 [info] > git check-ignore -v -z --stdin [49ms]
2026-09-13 10:18:12.416 [info] > git check-ignore -v -z --stdin [32ms]
2026-09-13 10:18:12.421 [info] > git config --get commit.template [6ms]
2026-09-13 10:18:12.439 [info] > git for-each-ref --format=%(refname)%00%(upstream:short)%00%(objectname)%00%(upstream:track)%00%(upstream:remotename)%00%(upstream:remoteref) refs/heads/main refs/remotes/main [3ms]
2026-09-13 10:18:12.489 [info] > git status -z -uall [40ms]
2026-09-13 10:18:12.504 [info] > git for-each-ref --sort -committerdate --format %(refname)%00%(objectname)%00%(*objectname) [16ms]
2026-09-13 10:18:12.877 [info] > git check-ignore -v -z --stdin [2ms]
2026-09-13 10:18:17.945 [info] > git check-ignore -v -z --stdin [1ms]
2026-09-13 10:18:18.708 [info] > git check-ignore -v -z --stdin [4ms]
2026-09-13 10:18:22.574 [info] > git check-ignore -v -z --stdin [6ms]
2026-09-13 10:18:45.885 [info] > git check-ignore -v -z --stdin [2ms]
2026-09-13 10:18:58.302 [info] > git check-ignore -v -z --stdin [2ms]
2026-09-13 10:18:59.839 [info] > git check-ignore -v -z --stdin [6ms]
2026-09-13 10:19:00.973 [info] > git check-ignore -v -z --stdin [8ms]
2026-09-13 10:19:01.907 [info] > git config --get commit.template [23ms]
2026-09-13 10:19:01.957 [info] > git for-each-ref --format=%(refname)%00%(upstream:short)%00%(objectname)%00%(upstream:track)%00%(upstream:remotename)%00%(upstream:remoteref) refs/heads/main refs/remotes/main [8ms]
2026-09-13 10:19:01.986 [info] > git for-each-ref --sort -committerdate --format %(refname)%00%(objectname)%00%(*objectname) [8ms]
2026-09-13 10:19:01.995 [info] > git status -z -uall [25ms]
2026-09-13 10:19:02.345 [info] > git check-ignore -v -z --stdin [3ms]
2026-09-13 10:19:03.059 [info] > git check-ignore -v -z --stdin [3ms]
2026-09-13 10:19:07.032 [info] > git config --get commit.template [4ms]
2026-09-13 10:19:07.058 [info] > git for-each-ref --format=%(refname)%00%(upstream:short)%00%(objectname)%00%(upstream:track)%00%(upstream:remotename)%00%(upstream:remoteref) refs/heads/main refs/remotes/main [11ms]
2026-09-13 10:19:07.088 [info] > git status -z -uall [15ms]
2026-09-13 10:19:07.092 [info] > git for-each-ref --sort -committerdate --format %(refname)%00%(objectname)%00%(*objectname) [4ms]
2026-09-13 10:19:07.432 [info] > git check-ignore -v -z --stdin [2ms]
2026-09-13 10:19:08.337 [info] > git check-ignore -v -z --stdin [3ms]
2026-09-13 10:19:09.052 [info] > git check-ignore -v -z --stdin [7ms]
2026-09-13 10:19:12.115 [info] > git config --get commit.template [2ms]
2026-09-13 10:19:12.124 [info] > git for-each-ref --format=%(refname)%00%(upstream:short)%00%(objectname)%00%(upstream:track)%00%(upstream:remotename)%00%(upstream:remoteref) refs/heads/main refs/remotes/main [2ms]
2026-09-13 10:19:12.147 [info] > git for-each-ref --sort -committerdate --format %(refname)%00%(objectname)%00%(*objectname) [5ms]
2026-09-13 10:19:12.150 [info] > git status -z -uall [16ms]
2026-09-13 10:19:12.627 [info] > git check-ignore -v -z --stdin [6ms]
2026-09-13 10:19:14.500 [info] > git check-ignore -v -z --stdin [6ms]
2026-09-13 10:19:14.977 [info] > git check-ignore -v -z --stdin [8ms]
2026-09-13 10:19:15.480 [info] > git check-ignore -v -z --stdin [5ms]
2026-09-13 10:19:15.899 [info] > git check-ignore -v -z --stdin [6ms]
2026-09-13 10:19:16.107 [info] > git check-ignore -v -z --stdin [3ms]
2026-09-13 10:19:17.189 [info] > git config --get commit.template [13ms]
2026-09-13 10:19:17.190 [info] > git for-each-ref --format=%(refname)%00%(upstream:short)%00%(objectname)%00%(upstream:track)%00%(upstream:remotename)%00%(upstream:remoteref) refs/heads/main refs/remotes/main [3ms]
2026-09-13 10:19:17.210 [info] > git for-each-ref --sort -committerdate --format %(refname)%00%(objectname)%00%(*objectname) [3ms]
2026-09-13 10:19:17.214 [info] > git status -z -uall [14ms]
2026-09-13 10:19:17.539 [info] > git check-ignore -v -z --stdin [3ms]
2026-09-13 10:19:22.240 [info] > git config --get commit.template [11ms]
2026-09-13 10:19:22.241 [info] > git for-each-ref --format=%(refname)%00%(upstream:short)%00%(objectname)%00%(upstream:track)%00%(upstream:remotename)%00%(upstream:remoteref) refs/heads/main refs/remotes/main [2ms]
2026-09-13 10:19:22.261 [info] > git for-each-ref --sort -committerdate --format %(refname)%00%(objectname)%00%(*objectname) [2ms]
2026-09-13 10:19:22.268 [info] > git status -z -uall [20ms]
2026-09-13 10:19:22.597 [info] > git check-ignore -v -z --stdin [4ms]
2026-09-13 10:20:41.644 [info] > git check-ignore -v -z --stdin [3ms]
2026-09-13 10:20:43.271 [info] > git check-ignore -v -z --stdin [2ms]
2026-09-13 10:20:43.555 [info] > git config --get commit.template [11ms]
2026-09-13 10:20:43.565 [info] > git for-each-ref --format=%(refname)%00%(upstream:short)%00%(objectname)%00%(upstream:track)%00%(upstream:remotename)%00%(upstream:remoteref) refs/heads/main refs/remotes/main [13ms]
2026-09-13 10:20:43.628 [info] > git for-each-ref --sort -committerdate --format %(refname)%00%(objectname)%00%(*objectname) [4ms]
2026-09-13 10:20:43.642 [info] > git status -z -uall [39ms]
2026-09-13 10:20:44.658 [info] > git check-ignore -v -z --stdin [4ms]
2026-09-13 10:20:54.082 [info] > git config --get commit.template [5ms]
2026-09-13 10:20:54.098 [info] > git for-each-ref --format=%(refname)%00%(upstream:short)%00%(objectname)%00%(upstream:track)%00%(upstream:remotename)%00%(upstream:remoteref) refs/heads/main refs/remotes/main [4ms]
2026-09-13 10:20:54.157 [info] > git for-each-ref --sort -committerdate --format %(refname)%00%(objectname)%00%(*objectname) [14ms]
2026-09-13 10:20:54.178 [info] > git status -z -uall [47ms]
2026-09-13 10:20:54.577 [info] > git check-ignore -v -z --stdin [21ms]
2026-09-13 10:20:56.432 [info] > git check-ignore -v -z --stdin [5ms]
2026-09-13 10:21:00.472 [info] > git config --get commit.template [28ms]
2026-09-13 10:21:00.562 [info] > git for-each-ref --format=%(refname)%00%(upstream:short)%00%(objectname)%00%(upstream:track)%00%(upstream:remotename)%00%(upstream:remoteref) refs/heads/main refs/remotes/main [40ms]
2026-09-13 10:21:00.736 [info] > git status -z -uall [102ms]
2026-09-13 10:21:00.755 [info] > git for-each-ref --sort -committerdate --format %(refname)%00%(objectname)%00%(*objectname) [53ms]
2026-09-13 10:21:01.182 [info] > git check-ignore -v -z --stdin [13ms]
2026-09-13 10:21:48.221 [info] > git check-ignore -v -z --stdin [4ms]
2026-09-13 10:21:49.202 [info] > git check-ignore -v -z --stdin [4ms]
2026-09-13 10:21:49.437 [info] > git check-ignore -v -z --stdin [2ms]
2026-09-13 10:21:49.854 [info] > git check-ignore -v -z --stdin [3ms]
2026-09-13 10:21:51.609 [info] > git check-ignore -v -z --stdin [4ms]
2026-09-13 10:21:51.796 [info] > git config --get commit.template [49ms]
2026-09-13 10:21:51.797 [info] > git for-each-ref --format=%(refname)%00%(upstream:short)%00%(objectname)%00%(upstream:track)%00%(upstream:remotename)%00%(upstream:remoteref) refs/heads/main refs/remotes/main [11ms]
2026-09-13 10:21:51.857 [info] > git for-each-ref --sort -committerdate --format %(refname)%00%(objectname)%00%(*objectname) [15ms]
2026-09-13 10:21:51.866 [info] > git status -z -uall [56ms]
2026-09-13 10:21:52.246 [info] > git check-ignore -v -z --stdin [6ms]
2026-09-13 10:21:56.910 [info] > git config --get commit.template [12ms]
2026-09-13 10:21:56.912 [info] > git for-each-ref --format=%(refname)%00%(upstream:short)%00%(objectname)%00%(upstream:track)%00%(upstream:remotename)%00%(upstream:remoteref) refs/heads/main refs/remotes/main [3ms]
2026-09-13 10:21:56.931 [info] > git for-each-ref --sort -committerdate --format %(refname)%00%(objectname)%00%(*objectname) [4ms]
2026-09-13 10:21:56.936 [info] > git status -z -uall [16ms]
2026-09-13 10:21:57.333 [info] > git check-ignore -v -z --stdin [6ms]
2026-09-13 10:22:02.092 [info] > git config --get commit.template [84ms]
2026-09-13 10:22:02.110 [info] > git for-each-ref --format=%(refname)%00%(upstream:short)%00%(objectname)%00%(upstream:track)%00%(upstream:remotename)%00%(upstream:remoteref) refs/heads/main refs/remotes/main [23ms]
2026-09-13 10:22:02.272 [info] > git status -z -uall [84ms]
2026-09-13 10:22:02.300 [info] > git for-each-ref --sort -committerdate --format %(refname)%00%(objectname)%00%(*objectname) [39ms]
2026-09-13 10:22:02.906 [info] > git check-ignore -v -z --stdin [24ms]
2026-09-13 10:22:07.350 [info] > git config --get commit.template [10ms]
2026-09-13 10:22:07.352 [info] > git for-each-ref --format=%(refname)%00%(upstream:short)%00%(objectname)%00%(upstream:track)%00%(upstream:remotename)%00%(upstream:remoteref) refs/heads/main refs/remotes/main [3ms]
2026-09-13 10:22:07.370 [info] > git for-each-ref --sort -committerdate --format %(refname)%00%(objectname)%00%(*objectname) [4ms]
2026-09-13 10:22:07.375 [info] > git status -z -uall [16ms]
2026-09-13 10:22:07.698 [info] > git check-ignore -v -z --stdin [3ms]
2026-09-13 10:24:18.694 [info] > git check-ignore -v -z --stdin [4ms]
2026-09-13 10:24:20.604 [info] > git config --get commit.template [10ms]
2026-09-13 10:24:20.607 [info] > git for-each-ref --format=%(refname)%00%(upstream:short)%00%(objectname)%00%(upstream:track)%00%(upstream:remotename)%00%(upstream:remoteref) refs/heads/main refs/remotes/main [5ms]
2026-09-13 10:24:20.627 [info] > git for-each-ref --sort -committerdate --format %(refname)%00%(objectname)%00%(*objectname) [3ms]
2026-09-13 10:24:20.632 [info] > git status -z -uall [17ms]
2026-09-13 10:24:20.963 [info] > git check-ignore -v -z --stdin [3ms]
2026-09-13 10:24:30.331 [info] > git check-ignore -v -z --stdin [7ms]
2026-09-13 10:24:30.786 [info] > git check-ignore -v -z --stdin [3ms]
2026-09-13 10:24:31.422 [info] > git check-ignore -v -z --stdin [5ms]
2026-09-13 10:24:33.356 [info] > git config --get commit.template [34ms]
2026-09-13 10:24:33.357 [info] > git for-each-ref --format=%(refname)%00%(upstream:short)%00%(objectname)%00%(upstream:track)%00%(upstream:remotename)%00%(upstream:remoteref) refs/heads/main refs/remotes/main [5ms]
2026-09-13 10:24:33.398 [info] > git status -z -uall [26ms]
2026-09-13 10:24:33.403 [info] > git for-each-ref --sort -committerdate --format %(refname)%00%(objectname)%00%(*objectname) [6ms]
2026-09-13 10:24:33.729 [info] > git check-ignore -v -z --stdin [2ms]
2026-09-13 10:24:35.437 [info] > git check-ignore -v -z --stdin [3ms]
2026-09-13 10:24:35.922 [info] > git check-ignore -v -z --stdin [3ms]
2026-09-13 10:24:36.280 [info] > git check-ignore -v -z --stdin [4ms]
2026-09-13 10:24:38.441 [info] > git config --get commit.template [16ms]
2026-09-13 10:24:38.443 [info] > git for-each-ref --format=%(refname)%00%(upstream:short)%00%(objectname)%00%(upstream:track)%00%(upstream:remotename)%00%(upstream:remoteref) refs/heads/main refs/remotes/main [5ms]
2026-09-13 10:24:38.481 [info] > git status -z -uall [22ms]
2026-09-13 10:24:38.484 [info] > git for-each-ref --sort -committerdate --format %(refname)%00%(objectname)%00%(*objectname) [11ms]
2026-09-13 10:24:38.823 [info] > git check-ignore -v -z --stdin [5ms]
2026-09-13 10:24:39.931 [info] > git check-ignore -v -z --stdin [4ms]
2026-09-13 10:24:40.448 [info] > git check-ignore -v -z --stdin [2ms]
2026-09-13 10:24:43.240 [info] > git check-ignore -v -z --stdin [3ms]
2026-09-13 10:24:43.549 [info] > git config --get commit.template [33ms]
2026-09-13 10:24:43.550 [info] > git for-each-ref --format=%(refname)%00%(upstream:short)%00%(objectname)%00%(upstream:track)%00%(upstream:remotename)%00%(upstream:remoteref) refs/heads/main refs/remotes/main [4ms]
2026-09-13 10:24:43.579 [info] > git for-each-ref --sort -committerdate --format %(refname)%00%(objectname)%00%(*objectname) [2ms]
2026-09-13 10:24:43.586 [info] > git status -z -uall [21ms]
2026-09-13 10:24:44.048 [info] > git check-ignore -v -z --stdin [6ms]
2026-09-13 10:24:45.222 [info] > git check-ignore -v -z --stdin [12ms]
2026-09-13 10:24:51.709 [info] > git config --get commit.template [22ms]
2026-09-13 10:24:51.713 [info] > git for-each-ref --format=%(refname)%00%(upstream:short)%00%(objectname)%00%(upstream:track)%00%(upstream:remotename)%00%(upstream:remoteref) refs/heads/main refs/remotes/main [5ms]
2026-09-13 10:24:51.782 [info] > git status -z -uall [37ms]
2026-09-13 10:24:51.783 [info] > git for-each-ref --sort -committerdate --format %(refname)%00%(objectname)%00%(*objectname) [12ms]
2026-09-13 10:24:52.146 [info] > git check-ignore -v -z --stdin [3ms]
2026-09-13 10:25:01.379 [info] > git check-ignore -v -z --stdin [4ms]
2026-09-13 10:25:03.314 [info] > git config --get commit.template [4ms]
2026-09-13 10:25:03.332 [info] > git for-each-ref --format=%(refname)%00%(upstream:short)%00%(objectname)%00%(upstream:track)%00%(upstream:remotename)%00%(upstream:remoteref) refs/heads/main refs/remotes/main [7ms]
2026-09-13 10:25:03.362 [info] > git for-each-ref --sort -committerdate --format %(refname)%00%(objectname)%00%(*objectname) [3ms]
2026-09-13 10:25:03.365 [info] > git status -z -uall [16ms]
2026-09-13 10:25:03.697 [info] > git check-ignore -v -z --stdin [6ms]
2026-09-13 10:25:06.531 [info] > git check-ignore -v -z --stdin [5ms]
2026-09-13 10:25:07.212 [info] > git check-ignore -v -z --stdin [4ms]
2026-09-13 10:25:07.798 [info] > git check-ignore -v -z --stdin [4ms]
2026-09-13 10:25:09.713 [info] > git config --get commit.template [24ms]
2026-09-13 10:25:09.714 [info] > git for-each-ref --format=%(refname)%00%(upstream:short)%00%(objectname)%00%(upstream:track)%00%(upstream:remotename)%00%(upstream:remoteref) refs/heads/main refs/remotes/main [3ms]
2026-09-13 10:25:09.761 [info] > git status -z -uall [23ms]
2026-09-13 10:25:09.761 [info] > git for-each-ref --sort -committerdate --format %(refname)%00%(objectname)%00%(*objectname) [4ms]
2026-09-13 10:25:10.108 [info] > git check-ignore -v -z --stdin [2ms]
2026-09-13 10:25:23.479 [info] > git check-ignore -v -z --stdin [7ms]
2026-09-13 10:25:23.896 [info] > git check-ignore -v -z --stdin [4ms]
2026-09-13 10:25:24.738 [info] > git check-ignore -v -z --stdin [8ms]
2026-09-13 10:25:26.631 [info] > git config --get commit.template [10ms]
2026-09-13 10:25:26.632 [info] > git for-each-ref --format=%(refname)%00%(upstream:short)%00%(objectname)%00%(upstream:track)%00%(upstream:remotename)%00%(upstream:remoteref) refs/heads/main refs/remotes/main [2ms]
2026-09-13 10:25:26.686 [info] > git for-each-ref --sort -committerdate --format %(refname)%00%(objectname)%00%(*objectname) [5ms]
2026-09-13 10:25:26.691 [info] > git status -z -uall [23ms]
2026-09-13 10:25:27.121 [info] > git check-ignore -v -z --stdin [10ms]
2026-09-13 10:25:33.221 [info] > git config --get commit.template [84ms]
2026-09-13 10:25:33.226 [info] > git for-each-ref --format=%(refname)%00%(upstream:short)%00%(objectname)%00%(upstream:track)%00%(upstream:remotename)%00%(upstream:remoteref) refs/heads/main refs/remotes/main [20ms]
2026-09-13 10:25:33.510 [info] > git for-each-ref --sort -committerdate --format %(refname)%00%(objectname)%00%(*objectname) [82ms]
2026-09-13 10:25:33.567 [info] > git status -z -uall [251ms]
2026-09-13 10:25:34.048 [info] > git check-ignore -v -z --stdin [22ms]
2026-09-13 10:25:38.838 [info] > git config --get commit.template [115ms]
2026-09-13 10:25:38.931 [info] > git for-each-ref --format=%(refname)%00%(upstream:short)%00%(objectname)%00%(upstream:track)%00%(upstream:remotename)%00%(upstream:remoteref) refs/heads/main refs/remotes/main [33ms]
2026-09-13 10:25:39.180 [info] > git status -z -uall [139ms]
2026-09-13 10:25:39.196 [info] > git for-each-ref --sort -committerdate --format %(refname)%00%(objectname)%00%(*objectname) [31ms]
2026-09-13 10:25:39.812 [info] > git check-ignore -v -z --stdin [38ms]
2026-09-13 10:25:50.046 [info] > git config --get commit.template [31ms]
2026-09-13 10:25:50.174 [info] > git for-each-ref --format=%(refname)%00%(upstream:short)%00%(objectname)%00%(upstream:track)%00%(upstream:remotename)%00%(upstream:remoteref) refs/heads/main refs/remotes/main [18ms]
2026-09-13 10:25:50.337 [info] > git for-each-ref --sort -committerdate --format %(refname)%00%(objectname)%00%(*objectname) [45ms]
2026-09-13 10:25:50.411 [info] > git status -z -uall [176ms]
2026-09-13 10:25:51.040 [info] > git check-ignore -v -z --stdin [17ms]
2026-09-13 10:25:51.148 [info] > git check-ignore -v -z --stdin [27ms]
2026-09-13 10:26:04.433 [info] > git check-ignore -v -z --stdin [3ms]
2026-09-13 10:26:05.789 [info] > git check-ignore -v -z --stdin [1ms]
2026-09-13 10:26:06.317 [info] > git config --get commit.template [9ms]
2026-09-13 10:26:06.318 [info] > git for-each-ref --format=%(refname)%00%(upstream:short)%00%(objectname)%00%(upstream:track)%00%(upstream:remotename)%00%(upstream:remoteref) refs/heads/main refs/remotes/main [2ms]
2026-09-13 10:26:06.347 [info] > git for-each-ref --sort -committerdate --format %(refname)%00%(objectname)%00%(*objectname) [7ms]
2026-09-13 10:26:06.348 [info] > git status -z -uall [20ms]
2026-09-13 10:26:06.772 [info] > git check-ignore -v -z --stdin [4ms]
2026-09-13 10:26:09.293 [info] > git check-ignore -v -z --stdin [4ms]
2026-09-13 10:26:11.395 [info] > git config --get commit.template [19ms]
2026-09-13 10:26:11.399 [info] > git for-each-ref --format=%(refname)%00%(upstream:short)%00%(objectname)%00%(upstream:track)%00%(upstream:remotename)%00%(upstream:remoteref) refs/heads/main refs/remotes/main [4ms]
2026-09-13 10:26:11.442 [info] > git for-each-ref --sort -committerdate --format %(refname)%00%(objectname)%00%(*objectname) [6ms]
2026-09-13 10:26:11.449 [info] > git status -z -uall [32ms]
2026-09-13 10:26:11.789 [info] > git check-ignore -v -z --stdin [3ms]
2026-09-13 10:26:16.577 [info] > git config --get commit.template [66ms]
2026-09-13 10:26:16.596 [info] > git for-each-ref --format=%(refname)%00%(upstream:short)%00%(objectname)%00%(upstream:track)%00%(upstream:remotename)%00%(upstream:remoteref) refs/heads/main refs/remotes/main [26ms]
2026-09-13 10:26:16.746 [info] > git status -z -uall [90ms]
2026-09-13 10:26:16.766 [info] > git for-each-ref --sort -committerdate --format %(refname)%00%(objectname)%00%(*objectname) [30ms]
2026-09-13 10:26:17.245 [info] > git check-ignore -v -z --stdin [24ms]
2026-09-13 10:26:21.959 [info] > git config --get commit.template [98ms]
2026-09-13 10:26:21.976 [info] > git for-each-ref --format=%(refname)%00%(upstream:short)%00%(objectname)%00%(upstream:track)%00%(upstream:remotename)%00%(upstream:remoteref) refs/heads/main refs/remotes/main [19ms]
2026-09-13 10:26:22.103 [info] > git for-each-ref --sort -committerdate --format %(refname)%00%(objectname)%00%(*objectname) [30ms]
2026-09-13 10:26:22.155 [info] > git status -z -uall [132ms]
2026-09-13 10:26:22.732 [info] > git check-ignore -v -z --stdin [2ms]
2026-09-13 10:26:27.304 [info] > git config --get commit.template [31ms]
2026-09-13 10:26:27.379 [info] > git for-each-ref --format=%(refname)%00%(upstream:short)%00%(objectname)%00%(upstream:track)%00%(upstream:remotename)%00%(upstream:remoteref) refs/heads/main refs/remotes/main [11ms]
2026-09-13 10:26:27.486 [info] > git for-each-ref --sort -committerdate --format %(refname)%00%(objectname)%00%(*objectname) [15ms]
2026-09-13 10:26:27.506 [info] > git status -z -uall [60ms]
2026-09-13 10:26:28.006 [info] > git check-ignore -v -z --stdin [22ms]
2026-09-13 10:26:32.725 [info] > git config --get commit.template [115ms]
2026-09-13 10:26:32.727 [info] > git for-each-ref --format=%(refname)%00%(upstream:short)%00%(objectname)%00%(upstream:track)%00%(upstream:remotename)%00%(upstream:remoteref) refs/heads/main refs/remotes/main [5ms]
2026-09-13 10:26:32.910 [info] > git status -z -uall [103ms]
2026-09-13 10:26:32.917 [info] > git for-each-ref --sort -committerdate --format %(refname)%00%(objectname)%00%(*objectname) [23ms]
2026-09-13 10:26:33.357 [info] > git check-ignore -v -z --stdin [9ms]
2026-09-13 10:28:03.036 [info] > git config --get commit.template [17ms]
2026-09-13 10:28:03.037 [info] > git for-each-ref --format=%(refname)%00%(upstream:short)%00%(objectname)%00%(upstream:track)%00%(upstream:remotename)%00%(upstream:remoteref) refs/heads/main refs/remotes/main [10ms]
2026-09-13 10:28:03.099 [info] > git status -z -uall [39ms]
2026-09-13 10:28:03.101 [info] > git for-each-ref --sort -committerdate --format %(refname)%00%(objectname)%00%(*objectname) [10ms]
2026-09-13 10:28:03.514 [info] > git check-ignore -v -z --stdin [9ms]
2026-09-13 10:28:08.153 [info] > git config --get commit.template [16ms]
2026-09-13 10:28:08.160 [info] > git for-each-ref --format=%(refname)%00%(upstream:short)%00%(objectname)%00%(upstream:track)%00%(upstream:remotename)%00%(upstream:remoteref) refs/heads/main refs/remotes/main [11ms]
2026-09-13 10:28:08.227 [info] > git status -z -uall [30ms]
2026-09-13 10:28:08.230 [info] > git for-each-ref --sort -committerdate --format %(refname)%00%(objectname)%00%(*objectname) [8ms]
2026-09-13 10:28:08.772 [info] > git check-ignore -v -z --stdin [4ms]
2026-09-13 10:28:08.839 [info] > git show --textconv :Python/django/SOA/SOA/urls.py [23ms]
2026-09-13 10:28:08.851 [info] > git ls-files --stage -- Python/django/SOA/SOA/urls.py [16ms]
2026-09-13 10:28:08.872 [info] > git cat-file -s 2bbdf3d5143e20452808cd8bc2df4bec34b52e42 [5ms]
2026-09-13 10:28:22.485 [info] > git check-ignore -v -z --stdin [30ms]
2026-09-13 10:28:22.529 [info] > git show --textconv :Python/django/SOA/OrientationApp/urls.py [10ms]
2026-09-13 10:28:22.531 [info] > git ls-files --stage -- Python/django/SOA/OrientationApp/urls.py [2ms]
2026-09-13 10:28:22.540 [info] > git cat-file -s 7100aab552f2298a7410063d227eed118a19c2ee [2ms]
2026-09-13 10:28:22.556 [info] > git blame --root --incremental b5fe8c5cac4c8927894bc2d9795512a91ca0da35 -- Python/django/SOA/OrientationApp/urls.py [4ms]
2026-09-13 10:28:39.015 [info] > git check-ignore -v -z --stdin [4ms]
2026-09-13 10:28:39.080 [info] > git show --textconv :Python/django/SOA/SOA/urls.py [18ms]
2026-09-13 10:28:39.111 [info] > git ls-files --stage -- Python/django/SOA/SOA/urls.py [32ms]
2026-09-13 10:28:39.132 [info] > git cat-file -s 2bbdf3d5143e20452808cd8bc2df4bec34b52e42 [2ms]
2026-09-13 10:30:05.263 [info] > git blame --root --incremental b5fe8c5cac4c8927894bc2d9795512a91ca0da35 -- Python/django/SOA/SOA/urls.py [6ms]
2026-09-13 10:30:06.435 [info] > git check-ignore -v -z --stdin [2ms]
2026-09-13 10:30:08.353 [info] > git config --get commit.template [10ms]
2026-09-13 10:30:08.355 [info] > git for-each-ref --format=%(refname)%00%(upstream:short)%00%(objectname)%00%(upstream:track)%00%(upstream:remotename)%00%(upstream:remoteref) refs/heads/main refs/remotes/main [3ms]
2026-09-13 10:30:08.381 [info] > git for-each-ref --sort -committerdate --format %(refname)%00%(objectname)%00%(*objectname) [3ms]
2026-09-13 10:30:08.387 [info] > git status -z -uall [22ms]
2026-09-13 10:30:08.914 [info] > git check-ignore -v -z --stdin [5ms]
2026-09-13 10:30:17.593 [info] > git config --get commit.template [27ms]
2026-09-13 10:30:17.597 [info] > git for-each-ref --format=%(refname)%00%(upstream:short)%00%(objectname)%00%(upstream:track)%00%(upstream:remotename)%00%(upstream:remoteref) refs/heads/main refs/remotes/main [7ms]
2026-09-13 10:30:17.664 [info] > git status -z -uall [24ms]
2026-09-13 10:30:17.666 [info] > git for-each-ref --sort -committerdate --format %(refname)%00%(objectname)%00%(*objectname) [6ms]
2026-09-13 10:30:18.317 [info] > git check-ignore -v -z --stdin [17ms]
2026-09-13 10:30:29.588 [info] > git check-ignore -v -z --stdin [4ms]
2026-09-13 10:30:31.524 [info] > git for-each-ref --format=%(refname)%00%(upstream:short)%00%(objectname)%00%(upstream:track)%00%(upstream:remotename)%00%(upstream:remoteref) refs/heads/main refs/remotes/main [3ms]
2026-09-13 10:30:31.525 [info] > git config --get commit.template [13ms]
2026-09-13 10:30:31.556 [info] > git status -z -uall [19ms]
2026-09-13 10:30:31.557 [info] > git for-each-ref --sort -committerdate --format %(refname)%00%(objectname)%00%(*objectname) [9ms]
2026-09-13 10:30:31.994 [info] > git check-ignore -v -z --stdin [3ms]
2026-09-13 10:30:32.824 [info] > git check-ignore -v -z --stdin [2ms]
2026-09-13 10:30:44.670 [info] > git config --get commit.template [24ms]
2026-09-13 10:30:44.672 [info] > git for-each-ref --format=%(refname)%00%(upstream:short)%00%(objectname)%00%(upstream:track)%00%(upstream:remotename)%00%(upstream:remoteref) refs/heads/main refs/remotes/main [6ms]
2026-09-13 10:30:44.710 [info] > git for-each-ref --sort -committerdate --format %(refname)%00%(objectname)%00%(*objectname) [8ms]
2026-09-13 10:30:44.726 [info] > git status -z -uall [33ms]
2026-09-13 10:30:45.115 [info] > git check-ignore -v -z --stdin [35ms]
2026-09-13 10:30:46.885 [info] > git check-ignore -v -z --stdin [2ms]
2026-09-13 10:30:49.768 [info] > git config --get commit.template [17ms]
2026-09-13 10:30:49.771 [info] > git for-each-ref --format=%(refname)%00%(upstream:short)%00%(objectname)%00%(upstream:track)%00%(upstream:remotename)%00%(upstream:remoteref) refs/heads/main refs/remotes/main [6ms]
2026-09-13 10:30:49.795 [info] > git for-each-ref --sort -committerdate --format %(refname)%00%(objectname)%00%(*objectname) [4ms]
2026-09-13 10:30:49.796 [info] > git status -z -uall [15ms]
2026-09-13 10:30:50.133 [info] > git check-ignore -v -z --stdin [4ms]
2026-09-13 10:32:29.932 [info] > git config --get commit.template [43ms]
2026-09-13 10:32:29.932 [info] > git for-each-ref --format=%(refname)%00%(upstream:short)%00%(objectname)%00%(upstream:track)%00%(upstream:remotename)%00%(upstream:remoteref) refs/heads/main refs/remotes/main [21ms]
2026-09-13 10:32:30.012 [info] > git status -z -uall [53ms]
2026-09-13 10:32:30.021 [info] > git for-each-ref --sort -committerdate --format %(refname)%00%(objectname)%00%(*objectname) [10ms]
2026-09-13 10:32:30.380 [info] > git check-ignore -v -z --stdin [4ms]
2026-09-13 10:32:34.951 [info] > git check-ignore -v -z --stdin [3ms]
2026-09-13 10:32:35.025 [info] > git show --textconv :Python/django/SOA/OrientationApp/views.py [19ms]
2026-09-13 10:32:35.099 [info] > git ls-files --stage -- Python/django/SOA/OrientationApp/views.py [74ms]
2026-09-13 10:32:35.146 [info] > git config --get commit.template [48ms]
2026-09-13 10:32:35.197 [info] > git cat-file -s a409af7d5fe6ef2a9c6148795980612bca67ea42 [58ms]
2026-09-13 10:32:35.199 [info] > git for-each-ref --format=%(refname)%00%(upstream:short)%00%(objectname)%00%(upstream:track)%00%(upstream:remotename)%00%(upstream:remoteref) refs/heads/main refs/remotes/main [3ms]
2026-09-13 10:32:35.284 [info] > git status -z -uall [51ms]
2026-09-13 10:32:35.288 [info] > git for-each-ref --sort -committerdate --format %(refname)%00%(objectname)%00%(*objectname) [5ms]
2026-09-13 10:32:35.710 [info] > git check-ignore -v -z --stdin [3ms]
2026-09-13 10:32:43.615 [info] > git check-ignore -v -z --stdin [21ms]
2026-09-13 10:32:43.770 [info] > git check-ignore -v -z --stdin [2ms]
2026-09-13 10:32:45.015 [info] > git check-ignore -v -z --stdin [5ms]
2026-09-13 10:32:45.696 [info] > git config --get commit.template [10ms]
2026-09-13 10:32:45.734 [info] > git for-each-ref --format=%(refname)%00%(upstream:short)%00%(objectname)%00%(upstream:track)%00%(upstream:remotename)%00%(upstream:remoteref) refs/heads/main refs/remotes/main [15ms]
2026-09-13 10:32:45.739 [info] > git check-ignore -v -z --stdin [6ms]
2026-09-13 10:32:45.766 [info] > git for-each-ref --sort -committerdate --format %(refname)%00%(objectname)%00%(*objectname) [6ms]
2026-09-13 10:32:45.778 [info] > git status -z -uall [28ms]
2026-09-13 10:32:46.112 [info] > git check-ignore -v -z --stdin [5ms]
2026-09-13 10:32:46.410 [info] > git check-ignore -v -z --stdin [7ms]
2026-09-13 10:32:46.944 [info] > git check-ignore -v -z --stdin [11ms]
2026-09-13 10:32:48.251 [info] > git check-ignore -v -z --stdin [7ms]
2026-09-13 10:32:48.749 [info] > git check-ignore -v -z --stdin [4ms]
2026-09-13 10:32:50.106 [info] > git check-ignore -v -z --stdin [2ms]
2026-09-13 10:32:50.826 [info] > git config --get commit.template [16ms]
2026-09-13 10:32:50.827 [info] > git for-each-ref --format=%(refname)%00%(upstream:short)%00%(objectname)%00%(upstream:track)%00%(upstream:remotename)%00%(upstream:remoteref) refs/heads/main refs/remotes/main [5ms]
2026-09-13 10:32:50.854 [info] > git for-each-ref --sort -committerdate --format %(refname)%00%(objectname)%00%(*objectname) [5ms]
2026-09-13 10:32:50.856 [info] > git status -z -uall [17ms]
2026-09-13 10:32:51.255 [info] > git check-ignore -v -z --stdin [3ms]
2026-09-13 10:32:51.540 [info] > git check-ignore -v -z --stdin [4ms]
2026-09-13 10:32:52.511 [info] > git check-ignore -v -z --stdin [8ms]
2026-09-13 10:32:55.889 [info] > git config --get commit.template [10ms]
2026-09-13 10:32:55.892 [info] > git for-each-ref --format=%(refname)%00%(upstream:short)%00%(objectname)%00%(upstream:track)%00%(upstream:remotename)%00%(upstream:remoteref) refs/heads/main refs/remotes/main [4ms]
2026-09-13 10:32:55.920 [info] > git for-each-ref --sort -committerdate --format %(refname)%00%(objectname)%00%(*objectname) [3ms]
2026-09-13 10:32:55.927 [info] > git status -z -uall [25ms]
2026-09-13 10:32:56.282 [info] > git check-ignore -v -z --stdin [6ms]
2026-09-13 10:35:00.113 [info] > git check-ignore -v -z --stdin [3ms]
2026-09-13 10:35:02.029 [info] > git config --get commit.template [2ms]
2026-09-13 10:35:02.086 [info] > git for-each-ref --format=%(refname)%00%(upstream:short)%00%(objectname)%00%(upstream:track)%00%(upstream:remotename)%00%(upstream:remoteref) refs/heads/main refs/remotes/main [7ms]
2026-09-13 10:35:02.152 [info] > git status -z -uall [46ms]
2026-09-13 10:35:02.153 [info] > git for-each-ref --sort -committerdate --format %(refname)%00%(objectname)%00%(*objectname) [7ms]
2026-09-13 10:35:02.491 [info] > git check-ignore -v -z --stdin [5ms]
2026-09-13 10:36:22.177 [info] > git config --get commit.template [3ms]
2026-09-13 10:36:22.192 [info] > git for-each-ref --format=%(refname)%00%(upstream:short)%00%(objectname)%00%(upstream:track)%00%(upstream:remotename)%00%(upstream:remoteref) refs/heads/main refs/remotes/main [6ms]
2026-09-13 10:36:22.231 [info] > git for-each-ref --sort -committerdate --format %(refname)%00%(objectname)%00%(*objectname) [5ms]
2026-09-13 10:36:22.242 [info] > git status -z -uall [24ms]
2026-09-13 10:36:22.713 [info] > git check-ignore -v -z --stdin [2ms]
2026-09-13 10:36:36.532 [info] > git check-ignore -v -z --stdin [5ms]
2026-09-13 10:36:38.127 [info] > git check-ignore -v -z --stdin [4ms]
2026-09-13 10:36:38.560 [info] > git config --get commit.template [50ms]
2026-09-13 10:36:38.560 [info] > git for-each-ref --format=%(refname)%00%(upstream:short)%00%(objectname)%00%(upstream:track)%00%(upstream:remotename)%00%(upstream:remoteref) refs/heads/main refs/remotes/main [10ms]
2026-09-13 10:36:38.565 [info] > git check-ignore -v -z --stdin [6ms]
2026-09-13 10:36:38.606 [info] > git status -z -uall [31ms]
2026-09-13 10:36:38.608 [info] > git for-each-ref --sort -committerdate --format %(refname)%00%(objectname)%00%(*objectname) [3ms]
2026-09-13 10:36:39.250 [info] > git check-ignore -v -z --stdin [8ms]
2026-09-13 10:36:43.649 [info] > git config --get commit.template [23ms]
2026-09-13 10:36:43.654 [info] > git for-each-ref --format=%(refname)%00%(upstream:short)%00%(objectname)%00%(upstream:track)%00%(upstream:remotename)%00%(upstream:remoteref) refs/heads/main refs/remotes/main [9ms]
2026-09-13 10:36:43.686 [info] > git for-each-ref --sort -committerdate --format %(refname)%00%(objectname)%00%(*objectname) [4ms]
2026-09-13 10:36:43.690 [info] > git status -z -uall [20ms]
2026-09-13 10:36:44.018 [info] > git check-ignore -v -z --stdin [3ms]
2026-09-13 10:36:46.191 [info] > git check-ignore -v -z --stdin [2ms]
2026-09-13 10:36:46.470 [info] > git check-ignore -v -z --stdin [5ms]
2026-09-13 10:36:47.915 [info] > git check-ignore -v -z --stdin [5ms]
2026-09-13 10:36:49.390 [info] > git config --get commit.template [33ms]
2026-09-13 10:36:49.396 [info] > git for-each-ref --format=%(refname)%00%(upstream:short)%00%(objectname)%00%(upstream:track)%00%(upstream:remotename)%00%(upstream:remoteref) refs/heads/main refs/remotes/main [11ms]
2026-09-13 10:36:49.427 [info] > git for-each-ref --sort -committerdate --format %(refname)%00%(objectname)%00%(*objectname) [3ms]
2026-09-13 10:36:49.437 [info] > git status -z -uall [25ms]
2026-09-13 10:36:49.785 [info] > git check-ignore -v -z --stdin [5ms]
2026-09-13 10:36:51.723 [info] > git check-ignore -v -z --stdin [5ms]
2026-09-13 10:36:54.466 [info] > git config --get commit.template [11ms]
2026-09-13 10:36:54.468 [info] > git for-each-ref --format=%(refname)%00%(upstream:short)%00%(objectname)%00%(upstream:track)%00%(upstream:remotename)%00%(upstream:remoteref) refs/heads/main refs/remotes/main [3ms]
2026-09-13 10:36:54.486 [info] > git for-each-ref --sort -committerdate --format %(refname)%00%(objectname)%00%(*objectname) [4ms]
2026-09-13 10:36:54.489 [info] > git status -z -uall [15ms]
2026-09-13 10:36:54.820 [info] > git check-ignore -v -z --stdin [8ms]
2026-09-13 10:36:59.604 [info] > git config --get commit.template [16ms]
2026-09-13 10:36:59.665 [info] > git for-each-ref --format=%(refname)%00%(upstream:short)%00%(objectname)%00%(upstream:track)%00%(upstream:remotename)%00%(upstream:remoteref) refs/heads/main refs/remotes/main [27ms]
2026-09-13 10:36:59.851 [info] > git status -z -uall [106ms]
2026-09-13 10:36:59.856 [info] > git for-each-ref --sort -committerdate --format %(refname)%00%(objectname)%00%(*objectname) [27ms]
2026-09-13 10:37:00.437 [info] > git check-ignore -v -z --stdin [17ms]
2026-09-13 10:38:16.925 [info] > git check-ignore -v -z --stdin [4ms]
2026-09-13 10:38:17.961 [info] > git check-ignore -v -z --stdin [5ms]
2026-09-13 10:38:18.850 [info] > git config --get commit.template [3ms]
2026-09-13 10:38:18.878 [info] > git for-each-ref --format=%(refname)%00%(upstream:short)%00%(objectname)%00%(upstream:track)%00%(upstream:remotename)%00%(upstream:remoteref) refs/heads/main refs/remotes/main [9ms]
2026-09-13 10:38:18.925 [info] > git status -z -uall [31ms]
2026-09-13 10:38:18.928 [info] > git for-each-ref --sort -committerdate --format %(refname)%00%(objectname)%00%(*objectname) [5ms]
2026-09-13 10:38:19.105 [info] > git check-ignore -v -z --stdin [7ms]
2026-09-13 10:38:19.324 [info] > git check-ignore -v -z --stdin [3ms]
2026-09-13 10:38:19.781 [info] > git check-ignore -v -z --stdin [3ms]
2026-09-13 10:38:20.326 [info] > git check-ignore -v -z --stdin [8ms]
2026-09-13 10:38:23.971 [info] > git config --get commit.template [19ms]
2026-09-13 10:38:23.974 [info] > git for-each-ref --format=%(refname)%00%(upstream:short)%00%(objectname)%00%(upstream:track)%00%(upstream:remotename)%00%(upstream:remoteref) refs/heads/main refs/remotes/main [5ms]
2026-09-13 10:38:24.007 [info] > git for-each-ref --sort -committerdate --format %(refname)%00%(objectname)%00%(*objectname) [11ms]
2026-09-13 10:38:24.010 [info] > git status -z -uall [24ms]
2026-09-13 10:38:24.351 [info] > git check-ignore -v -z --stdin [3ms]
2026-09-13 10:38:33.547 [info] > git check-ignore -v -z --stdin [4ms]
2026-09-13 10:38:35.000 [info] > git check-ignore -v -z --stdin [2ms]
2026-09-13 10:38:35.450 [info] > git check-ignore -v -z --stdin [8ms]
2026-09-13 10:38:35.776 [info] > git config --get commit.template [8ms]
2026-09-13 10:38:35.798 [info] > git for-each-ref --format=%(refname)%00%(upstream:short)%00%(objectname)%00%(upstream:track)%00%(upstream:remotename)%00%(upstream:remoteref) refs/heads/main refs/remotes/main [5ms]
2026-09-13 10:38:35.835 [info] > git status -z -uall [21ms]
2026-09-13 10:38:35.840 [info] > git for-each-ref --sort -committerdate --format %(refname)%00%(objectname)%00%(*objectname) [9ms]
2026-09-13 10:38:36.183 [info] > git check-ignore -v -z --stdin [7ms]
2026-09-13 10:38:41.146 [info] > git config --get commit.template [121ms]
2026-09-13 10:38:41.152 [info] > git for-each-ref --format=%(refname)%00%(upstream:short)%00%(objectname)%00%(upstream:track)%00%(upstream:remotename)%00%(upstream:remoteref) refs/heads/main refs/remotes/main [27ms]
2026-09-13 10:38:41.518 [info] > git status -z -uall [220ms]
2026-09-13 10:38:41.556 [info] > git for-each-ref --sort -committerdate --format %(refname)%00%(objectname)%00%(*objectname) [86ms]
2026-09-13 10:38:42.000 [info] > git check-ignore -v -z --stdin [32ms]
2026-09-13 10:38:46.715 [info] > git config --get commit.template [47ms]
2026-09-13 10:38:46.723 [info] > git for-each-ref --format=%(refname)%00%(upstream:short)%00%(objectname)%00%(upstream:track)%00%(upstream:remotename)%00%(upstream:remoteref) refs/heads/main refs/remotes/main [10ms]
2026-09-13 10:38:46.929 [info] > git for-each-ref --sort -committerdate --format %(refname)%00%(objectname)%00%(*objectname) [3ms]
2026-09-13 10:38:47.048 [info] > git status -z -uall [258ms]
2026-09-13 10:38:47.409 [info] > git check-ignore -v -z --stdin [7ms]
2026-09-13 10:39:14.001 [info] > git check-ignore -v -z --stdin [7ms]
2026-09-13 10:39:16.566 [info] > git config --get commit.template [80ms]
2026-09-13 10:39:16.598 [info] > git for-each-ref --format=%(refname)%00%(upstream:short)%00%(objectname)%00%(upstream:track)%00%(upstream:remotename)%00%(upstream:remoteref) refs/heads/main refs/remotes/main [39ms]
2026-09-13 10:39:16.841 [info] > git status -z -uall [169ms]
2026-09-13 10:39:16.847 [info] > git for-each-ref --sort -committerdate --format %(refname)%00%(objectname)%00%(*objectname) [107ms]
2026-09-13 10:39:17.499 [info] > git check-ignore -v -z --stdin [53ms]
2026-09-13 10:39:21.967 [info] > git config --get commit.template [28ms]
2026-09-13 10:39:22.028 [info] > git for-each-ref --format=%(refname)%00%(upstream:short)%00%(objectname)%00%(upstream:track)%00%(upstream:remotename)%00%(upstream:remoteref) refs/heads/main refs/remotes/main [18ms]
2026-09-13 10:39:22.215 [info] > git status -z -uall [90ms]
2026-09-13 10:39:22.232 [info] > git for-each-ref --sort -committerdate --format %(refname)%00%(objectname)%00%(*objectname) [27ms]
2026-09-13 10:39:22.689 [info] > git check-ignore -v -z --stdin [27ms]
2026-09-13 10:39:27.364 [info] > git config --get commit.template [53ms]
2026-09-13 10:39:27.376 [info] > git for-each-ref --format=%(refname)%00%(upstream:short)%00%(objectname)%00%(upstream:track)%00%(upstream:remotename)%00%(upstream:remoteref) refs/heads/main refs/remotes/main [20ms]
2026-09-13 10:39:27.661 [info] > git status -z -uall [200ms]
2026-09-13 10:39:27.690 [info] > git for-each-ref --sort -committerdate --format %(refname)%00%(objectname)%00%(*objectname) [91ms]
2026-09-13 10:39:28.255 [info] > git check-ignore -v -z --stdin [20ms]
2026-09-13 10:39:32.799 [info] > git config --get commit.template [8ms]
2026-09-13 10:39:32.858 [info] > git for-each-ref --format=%(refname)%00%(upstream:short)%00%(objectname)%00%(upstream:track)%00%(upstream:remotename)%00%(upstream:remoteref) refs/heads/main refs/remotes/main [21ms]
2026-09-13 10:39:33.002 [info] > git for-each-ref --sort -committerdate --format %(refname)%00%(objectname)%00%(*objectname) [17ms]
2026-09-13 10:39:33.037 [info] > git status -z -uall [110ms]
2026-09-13 10:39:33.481 [info] > git check-ignore -v -z --stdin [14ms]
2026-09-13 10:39:38.108 [info] > git config --get commit.template [25ms]
2026-09-13 10:39:38.109 [info] > git for-each-ref --format=%(refname)%00%(upstream:short)%00%(objectname)%00%(upstream:track)%00%(upstream:remotename)%00%(upstream:remoteref) refs/heads/main refs/remotes/main [5ms]
2026-09-13 10:39:38.135 [info] > git for-each-ref --sort -committerdate --format %(refname)%00%(objectname)%00%(*objectname) [4ms]
2026-09-13 10:39:38.139 [info] > git status -z -uall [16ms]
2026-09-13 10:39:38.480 [info] > git check-ignore -v -z --stdin [3ms]
2026-09-13 10:40:12.263 [info] > git config --get commit.template [9ms]
2026-09-13 10:40:12.280 [info] > git for-each-ref --format=%(refname)%00%(upstream:short)%00%(objectname)%00%(upstream:track)%00%(upstream:remotename)%00%(upstream:remoteref) refs/heads/main refs/remotes/main [4ms]
2026-09-13 10:40:12.324 [info] > git for-each-ref --sort -committerdate --format %(refname)%00%(objectname)%00%(*objectname) [12ms]
2026-09-13 10:40:12.329 [info] > git status -z -uall [34ms]
2026-09-13 10:40:12.686 [info] > git check-ignore -v -z --stdin [17ms]
2026-09-13 10:40:26.054 [info] > git check-ignore -v -z --stdin [2ms]
2026-09-13 10:40:27.999 [info] > git config --get commit.template [43ms]
2026-09-13 10:40:28.001 [info] > git for-each-ref --format=%(refname)%00%(upstream:short)%00%(objectname)%00%(upstream:track)%00%(upstream:remotename)%00%(upstream:remoteref) refs/heads/main refs/remotes/main [2ms]
2026-09-13 10:40:28.047 [info] > git for-each-ref --sort -committerdate --format %(refname)%00%(objectname)%00%(*objectname) [7ms]
2026-09-13 10:40:28.057 [info] > git status -z -uall [41ms]
2026-09-13 10:40:28.848 [info] > git check-ignore -v -z --stdin [7ms]
2026-09-13 10:40:33.155 [info] > git config --get commit.template [23ms]
2026-09-13 10:40:33.210 [info] > git for-each-ref --format=%(refname)%00%(upstream:short)%00%(objectname)%00%(upstream:track)%00%(upstream:remotename)%00%(upstream:remoteref) refs/heads/main refs/remotes/main [17ms]
2026-09-13 10:40:33.298 [info] > git for-each-ref --sort -committerdate --format %(refname)%00%(objectname)%00%(*objectname) [11ms]
2026-09-13 10:40:33.344 [info] > git status -z -uall [94ms]
2026-09-13 10:40:33.741 [info] > git check-ignore -v -z --stdin [14ms]
2026-09-13 10:43:10.564 [info] > git check-ignore -v -z --stdin [3ms]
2026-09-13 10:43:10.736 [info] > git show --textconv :Python/django/SOA/OrientationApp/templates/Orientation.html [13ms]
2026-09-13 10:43:10.769 [info] > git ls-files --stage -- Python/django/SOA/OrientationApp/templates/Orientation.html [34ms]
2026-09-13 10:43:10.785 [info] > git cat-file -s 13af512edcfe005a9cf1a537e2d521be3548f5fe [2ms]
2026-09-13 10:43:19.994 [info] > git check-ignore -v -z --stdin [2ms]
2026-09-13 10:43:20.863 [info] > git check-ignore -v -z --stdin [2ms]
2026-09-13 10:43:22.267 [info] > git check-ignore -v -z --stdin [2ms]
2026-09-13 10:43:22.758 [info] > git config --get commit.template [6ms]
2026-09-13 10:43:22.769 [info] > git for-each-ref --format=%(refname)%00%(upstream:short)%00%(objectname)%00%(upstream:track)%00%(upstream:remotename)%00%(upstream:remoteref) refs/heads/main refs/remotes/main [1ms]
2026-09-13 10:43:22.786 [info] > git for-each-ref --sort -committerdate --format %(refname)%00%(objectname)%00%(*objectname) [2ms]
2026-09-13 10:43:22.789 [info] > git status -z -uall [10ms]
2026-09-13 10:43:23.103 [info] > git check-ignore -v -z --stdin [2ms]
2026-09-13 10:43:23.487 [info] > git check-ignore -v -z --stdin [1ms]
2026-09-13 10:43:24.490 [info] > git check-ignore -v -z --stdin [1ms]
2026-09-13 10:43:25.837 [info] > git check-ignore -v -z --stdin [1ms]
2026-09-13 10:43:26.954 [info] > git check-ignore -v -z --stdin [2ms]
2026-09-13 10:43:27.642 [info] > git check-ignore -v -z --stdin [1ms]
2026-09-13 10:43:27.808 [info] > git config --get commit.template [1ms]
2026-09-13 10:43:27.820 [info] > git for-each-ref --format=%(refname)%00%(upstream:short)%00%(objectname)%00%(upstream:track)%00%(upstream:remotename)%00%(upstream:remoteref) refs/heads/main refs/remotes/main [3ms]
2026-09-13 10:43:27.868 [info] > git status -z -uall [29ms]
2026-09-13 10:43:27.868 [info] > git for-each-ref --sort -committerdate --format %(refname)%00%(objectname)%00%(*objectname) [17ms]
2026-09-13 10:43:27.982 [info] > git check-ignore -v -z --stdin [1ms]
2026-09-13 10:43:28.201 [info] > git check-ignore -v -z --stdin [1ms]
2026-09-13 10:43:28.581 [info] > git check-ignore -v -z --stdin [3ms]
2026-09-13 10:43:28.851 [info] > git check-ignore -v -z --stdin [1ms]
2026-09-13 10:43:37.819 [info] > git config --get commit.template [25ms]
2026-09-13 10:43:37.871 [info] > git for-each-ref --format=%(refname)%00%(upstream:short)%00%(objectname)%00%(upstream:track)%00%(upstream:remotename)%00%(upstream:remoteref) refs/heads/main refs/remotes/main [53ms]
2026-09-13 10:43:37.893 [info] > git for-each-ref --sort -committerdate --format %(refname)%00%(objectname)%00%(*objectname) [3ms]
2026-09-13 10:43:37.899 [info] > git status -z -uall [16ms]
2026-09-13 10:43:38.282 [info] > git check-ignore -v -z --stdin [1ms]
2026-09-13 10:43:40.249 [info] > git check-ignore -v -z --stdin [3ms]
2026-09-13 10:43:40.290 [info] > git show --textconv :Python/django/SOA/OrientationApp/views.py [23ms]
2026-09-13 10:43:40.290 [info] > git ls-files --stage -- Python/django/SOA/OrientationApp/views.py [1ms]
2026-09-13 10:43:40.324 [info] > git cat-file -s a409af7d5fe6ef2a9c6148795980612bca67ea42 [5ms]
2026-09-13 10:44:18.196 [info] > git check-ignore -v -z --stdin [1ms]
2026-09-13 10:44:20.005 [info] > git check-ignore -v -z --stdin [2ms]
2026-09-13 10:44:20.106 [info] > git config --get commit.template [7ms]
2026-09-13 10:44:20.149 [info] > git for-each-ref --format=%(refname)%00%(upstream:short)%00%(objectname)%00%(upstream:track)%00%(upstream:remotename)%00%(upstream:remoteref) refs/heads/main refs/remotes/main [34ms]
2026-09-13 10:44:20.200 [info] > git status -z -uall [33ms]
2026-09-13 10:44:20.213 [info] > git for-each-ref --sort -committerdate --format %(refname)%00%(objectname)%00%(*objectname) [13ms]
2026-09-13 10:44:20.620 [info] > git check-ignore -v -z --stdin [4ms]
2026-09-13 10:44:21.522 [info] > git check-ignore -v -z --stdin [2ms]
2026-09-13 10:44:22.701 [info] > git check-ignore -v -z --stdin [2ms]
2026-09-13 10:44:23.018 [info] > git check-ignore -v -z --stdin [2ms]
2026-09-13 10:44:23.595 [info] > git check-ignore -v -z --stdin [3ms]
2026-09-13 10:44:24.030 [info] > git check-ignore -v -z --stdin [2ms]
2026-09-13 10:44:24.714 [info] > git check-ignore -v -z --stdin [2ms]
2026-09-13 10:44:25.121 [info] > git check-ignore -v -z --stdin [1ms]
2026-09-13 10:44:25.235 [info] > git config --get commit.template [10ms]
2026-09-13 10:44:25.237 [info] > git for-each-ref --format=%(refname)%00%(upstream:short)%00%(objectname)%00%(upstream:track)%00%(upstream:remotename)%00%(upstream:remoteref) refs/heads/main refs/remotes/main [3ms]
2026-09-13 10:44:25.251 [info] > git for-each-ref --sort -committerdate --format %(refname)%00%(objectname)%00%(*objectname) [1ms]
2026-09-13 10:44:25.253 [info] > git status -z -uall [10ms]
2026-09-13 10:44:25.568 [info] > git check-ignore -v -z --stdin [2ms]
2026-09-13 10:44:25.860 [info] > git check-ignore -v -z --stdin [2ms]
2026-09-13 10:44:26.272 [info] > git check-ignore -v -z --stdin [2ms]
2026-09-13 10:44:26.782 [info] > git check-ignore -v -z --stdin [1ms]
2026-09-13 10:44:27.421 [info] > git check-ignore -v -z --stdin [2ms]
2026-09-13 10:44:28.024 [info] > git check-ignore -v -z --stdin [2ms]
2026-09-13 10:44:28.239 [info] > git check-ignore -v -z --stdin [1ms]
2026-09-13 10:44:29.484 [info] > git check-ignore -v -z --stdin [3ms]
2026-09-13 10:44:29.790 [info] > git check-ignore -v -z --stdin [2ms]
2026-09-13 10:44:30.265 [info] > git config --get commit.template [1ms]
2026-09-13 10:44:30.272 [info] > git for-each-ref --format=%(refname)%00%(upstream:short)%00%(objectname)%00%(upstream:track)%00%(upstream:remotename)%00%(upstream:remoteref) refs/heads/main refs/remotes/main [2ms]
2026-09-13 10:44:30.285 [info] > git for-each-ref --sort -committerdate --format %(refname)%00%(objectname)%00%(*objectname) [1ms]
2026-09-13 10:44:30.287 [info] > git status -z -uall [9ms]
2026-09-13 10:44:30.621 [info] > git check-ignore -v -z --stdin [3ms]
2026-09-13 10:44:31.354 [info] > git check-ignore -v -z --stdin [1ms]
2026-09-13 10:44:31.635 [info] > git check-ignore -v -z --stdin [4ms]
2026-09-13 10:44:31.839 [info] > git check-ignore -v -z --stdin [2ms]
2026-09-13 10:44:32.149 [info] > git check-ignore -v -z --stdin [2ms]
2026-09-13 10:44:33.189 [info] > git check-ignore -v -z --stdin [1ms]
2026-09-13 10:44:35.305 [info] > git config --get commit.template [6ms]
2026-09-13 10:44:35.306 [info] > git for-each-ref --format=%(refname)%00%(upstream:short)%00%(objectname)%00%(upstream:track)%00%(upstream:remotename)%00%(upstream:remoteref) refs/heads/main refs/remotes/main [2ms]
2026-09-13 10:44:35.318 [info] > git for-each-ref --sort -committerdate --format %(refname)%00%(objectname)%00%(*objectname) [2ms]
2026-09-13 10:44:35.320 [info] > git status -z -uall [9ms]
2026-09-13 10:44:35.645 [info] > git check-ignore -v -z --stdin [3ms]
2026-09-13 10:44:40.339 [info] > git config --get commit.template [7ms]
2026-09-13 10:44:40.341 [info] > git for-each-ref --format=%(refname)%00%(upstream:short)%00%(objectname)%00%(upstream:track)%00%(upstream:remotename)%00%(upstream:remoteref) refs/heads/main refs/remotes/main [3ms]
2026-09-13 10:44:40.356 [info] > git for-each-ref --sort -committerdate --format %(refname)%00%(objectname)%00%(*objectname) [1ms]
2026-09-13 10:44:40.359 [info] > git status -z -uall [12ms]
2026-09-13 10:44:40.675 [info] > git check-ignore -v -z --stdin [2ms]
2026-09-13 10:44:42.376 [info] > git check-ignore -v -z --stdin [1ms]
2026-09-13 10:44:43.451 [info] > git check-ignore -v -z --stdin [2ms]
2026-09-13 10:44:45.414 [info] > git config --get commit.template [7ms]
2026-09-13 10:44:45.415 [info] > git for-each-ref --format=%(refname)%00%(upstream:short)%00%(objectname)%00%(upstream:track)%00%(upstream:remotename)%00%(upstream:remoteref) refs/heads/main refs/remotes/main [2ms]
2026-09-13 10:44:45.426 [info] > git for-each-ref --sort -committerdate --format %(refname)%00%(objectname)%00%(*objectname) [2ms]
2026-09-13 10:44:45.428 [info] > git status -z -uall [8ms]
2026-09-13 10:44:45.744 [info] > git check-ignore -v -z --stdin [1ms]
2026-09-13 10:45:04.715 [info] > git check-ignore -v -z --stdin [2ms]
2026-09-13 10:45:06.034 [info] > git check-ignore -v -z --stdin [2ms]
2026-09-13 10:45:07.274 [info] > git check-ignore -v -z --stdin [2ms]
2026-09-13 10:45:07.790 [info] > git check-ignore -v -z --stdin [1ms]
2026-09-13 10:45:07.970 [info] > git config --get commit.template [3ms]
2026-09-13 10:45:07.986 [info] > git for-each-ref --format=%(refname)%00%(upstream:short)%00%(objectname)%00%(upstream:track)%00%(upstream:remotename)%00%(upstream:remoteref) refs/heads/main refs/remotes/main [5ms]
2026-09-13 10:45:08.012 [info] > git status -z -uall [14ms]
2026-09-13 10:45:08.013 [info] > git for-each-ref --sort -committerdate --format %(refname)%00%(objectname)%00%(*objectname) [2ms]
2026-09-13 10:45:08.427 [info] > git check-ignore -v -z --stdin [10ms]
2026-09-13 10:45:09.773 [info] > git check-ignore -v -z --stdin [2ms]
2026-09-13 10:45:10.085 [info] > git check-ignore -v -z --stdin [2ms]
2026-09-13 10:45:10.999 [info] > git check-ignore -v -z --stdin [5ms]
2026-09-13 10:45:11.439 [info] > git check-ignore -v -z --stdin [1ms]
2026-09-13 10:45:13.082 [info] > git config --get commit.template [10ms]
2026-09-13 10:45:13.083 [info] > git for-each-ref --format=%(refname)%00%(upstream:short)%00%(objectname)%00%(upstream:track)%00%(upstream:remotename)%00%(upstream:remoteref) refs/heads/main refs/remotes/main [2ms]
2026-09-13 10:45:13.095 [info] > git for-each-ref --sort -committerdate --format %(refname)%00%(objectname)%00%(*objectname) [2ms]
2026-09-13 10:45:13.097 [info] > git status -z -uall [8ms]
2026-09-13 10:45:13.437 [info] > git check-ignore -v -z --stdin [2ms]
2026-09-13 10:45:14.275 [info] > git check-ignore -v -z --stdin [2ms]
2026-09-13 10:45:14.905 [info] > git check-ignore -v -z --stdin [3ms]
2026-09-13 10:45:15.926 [info] > git check-ignore -v -z --stdin [4ms]
2026-09-13 10:45:16.899 [info] > git check-ignore -v -z --stdin [2ms]
2026-09-13 10:45:18.114 [info] > git config --get commit.template [6ms]
2026-09-13 10:45:18.115 [info] > git for-each-ref --format=%(refname)%00%(upstream:short)%00%(objectname)%00%(upstream:track)%00%(upstream:remotename)%00%(upstream:remoteref) refs/heads/main refs/remotes/main [2ms]
2026-09-13 10:45:18.130 [info] > git for-each-ref --sort -committerdate --format %(refname)%00%(objectname)%00%(*objectname) [3ms]
2026-09-13 10:45:18.134 [info] > git status -z -uall [13ms]
2026-09-13 10:45:18.456 [info] > git check-ignore -v -z --stdin [2ms]
2026-09-13 10:45:19.139 [info] > git check-ignore -v -z --stdin [5ms]
2026-09-13 10:45:20.028 [info] > git check-ignore -v -z --stdin [1ms]
2026-09-13 10:45:22.980 [info] > git check-ignore -v -z --stdin [2ms]
2026-09-13 10:45:23.150 [info] > git config --get commit.template [5ms]
2026-09-13 10:45:23.151 [info] > git for-each-ref --format=%(refname)%00%(upstream:short)%00%(objectname)%00%(upstream:track)%00%(upstream:remotename)%00%(upstream:remoteref) refs/heads/main refs/remotes/main [2ms]
2026-09-13 10:45:23.163 [info] > git for-each-ref --sort -committerdate --format %(refname)%00%(objectname)%00%(*objectname) [2ms]
2026-09-13 10:45:23.176 [info] > git status -z -uall [20ms]
2026-09-13 10:45:23.497 [info] > git check-ignore -v -z --stdin [3ms]
2026-09-13 10:45:28.195 [info] > git config --get commit.template [6ms]
2026-09-13 10:45:28.196 [info] > git for-each-ref --format=%(refname)%00%(upstream:short)%00%(objectname)%00%(upstream:track)%00%(upstream:remotename)%00%(upstream:remoteref) refs/heads/main refs/remotes/main [2ms]
2026-09-13 10:45:28.207 [info] > git for-each-ref --sort -committerdate --format %(refname)%00%(objectname)%00%(*objectname) [1ms]
2026-09-13 10:45:28.210 [info] > git status -z -uall [9ms]
2026-09-13 10:45:28.525 [info] > git check-ignore -v -z --stdin [1ms]
2026-09-13 10:46:09.185 [info] > git check-ignore -v -z --stdin [2ms]
2026-09-13 10:46:10.348 [info] > git check-ignore -v -z --stdin [4ms]
2026-09-13 10:46:10.598 [info] > git check-ignore -v -z --stdin [1ms]
2026-09-13 10:46:10.897 [info] > git check-ignore -v -z --stdin [4ms]
2026-09-13 10:46:11.531 [info] > git check-ignore -v -z --stdin [7ms]
2026-09-13 10:46:12.253 [info] > git config --get commit.template [11ms]
2026-09-13 10:46:12.268 [info] > git for-each-ref --format=%(refname)%00%(upstream:short)%00%(objectname)%00%(upstream:track)%00%(upstream:remotename)%00%(upstream:remoteref) refs/heads/main refs/remotes/main [3ms]
2026-09-13 10:46:12.289 [info] > git status -z -uall [15ms]
2026-09-13 10:46:12.290 [info] > git for-each-ref --sort -committerdate --format %(refname)%00%(objectname)%00%(*objectname) [7ms]
2026-09-13 10:46:15.570 [info] > git check-ignore -v -z --stdin [3ms]
2026-09-13 10:46:17.359 [info] > git config --get commit.template [2ms]
2026-09-13 10:46:17.370 [info] > git for-each-ref --format=%(refname)%00%(upstream:short)%00%(objectname)%00%(upstream:track)%00%(upstream:remotename)%00%(upstream:remoteref) refs/heads/main refs/remotes/main [3ms]
2026-09-13 10:46:17.391 [info] > git for-each-ref --sort -committerdate --format %(refname)%00%(objectname)%00%(*objectname) [1ms]
2026-09-13 10:46:17.394 [info] > git status -z -uall [11ms]
2026-09-13 10:46:17.724 [info] > git check-ignore -v -z --stdin [2ms]
2026-09-13 10:46:18.413 [info] > git check-ignore -v -z --stdin [1ms]
2026-09-13 10:46:18.748 [info] > git check-ignore -v -z --stdin [1ms]
2026-09-13 10:46:18.967 [info] > git check-ignore -v -z --stdin [1ms]
2026-09-13 10:46:21.488 [info] > git check-ignore -v -z --stdin [1ms]
2026-09-13 10:46:21.960 [info] > git check-ignore -v -z --stdin [2ms]
2026-09-13 10:46:22.198 [info] > git check-ignore -v -z --stdin [6ms]
2026-09-13 10:46:22.412 [info] > git config --get commit.template [5ms]
2026-09-13 10:46:22.414 [info] > git for-each-ref --format=%(refname)%00%(upstream:short)%00%(objectname)%00%(upstream:track)%00%(upstream:remotename)%00%(upstream:remoteref) refs/heads/main refs/remotes/main [2ms]
2026-09-13 10:46:22.425 [info] > git for-each-ref --sort -committerdate --format %(refname)%00%(objectname)%00%(*objectname) [2ms]
2026-09-13 10:46:22.429 [info] > git status -z -uall [10ms]
2026-09-13 10:46:22.465 [info] > git check-ignore -v -z --stdin [1ms]
2026-09-13 10:46:23.158 [info] > git check-ignore -v -z --stdin [1ms]
2026-09-13 10:46:23.569 [info] > git check-ignore -v -z --stdin [2ms]
2026-09-13 10:46:24.139 [info] > git check-ignore -v -z --stdin [1ms]
2026-09-13 10:46:25.492 [info] > git check-ignore -v -z --stdin [3ms]
2026-09-13 10:46:25.892 [info] > git check-ignore -v -z --stdin [1ms]
2026-09-13 10:46:27.448 [info] > git config --get commit.template [6ms]
2026-09-13 10:46:27.450 [info] > git for-each-ref --format=%(refname)%00%(upstream:short)%00%(objectname)%00%(upstream:track)%00%(upstream:remotename)%00%(upstream:remoteref) refs/heads/main refs/remotes/main [2ms]
2026-09-13 10:46:27.462 [info] > git for-each-ref --sort -committerdate --format %(refname)%00%(objectname)%00%(*objectname) [3ms]
2026-09-13 10:46:27.464 [info] > git status -z -uall [9ms]
2026-09-13 10:46:27.786 [info] > git check-ignore -v -z --stdin [2ms]
2026-09-13 10:46:28.762 [info] > git check-ignore -v -z --stdin [2ms]
2026-09-13 10:46:30.099 [info] > git check-ignore -v -z --stdin [1ms]
2026-09-13 10:46:30.460 [info] > git check-ignore -v -z --stdin [2ms]
2026-09-13 10:46:30.731 [info] > git check-ignore -v -z --stdin [1ms]
2026-09-13 10:46:31.247 [info] > git check-ignore -v -z --stdin [2ms]
2026-09-13 10:46:32.480 [info] > git config --get commit.template [3ms]
2026-09-13 10:46:32.496 [info] > git for-each-ref --format=%(refname)%00%(upstream:short)%00%(objectname)%00%(upstream:track)%00%(upstream:remotename)%00%(upstream:remoteref) refs/heads/main refs/remotes/main [5ms]
2026-09-13 10:46:32.517 [info] > git for-each-ref --sort -committerdate --format %(refname)%00%(objectname)%00%(*objectname) [5ms]
2026-09-13 10:46:32.526 [info] > git status -z -uall [24ms]
2026-09-13 10:46:32.870 [info] > git check-ignore -v -z --stdin [3ms]
2026-09-13 10:46:33.689 [info] > git check-ignore -v -z --stdin [1ms]
2026-09-13 10:46:35.052 [info] > git check-ignore -v -z --stdin [2ms]
2026-09-13 10:46:35.925 [info] > git check-ignore -v -z --stdin [17ms]
2026-09-13 10:46:36.100 [info] > git check-ignore -v -z --stdin [2ms]
2026-09-13 10:46:37.391 [info] > git check-ignore -v -z --stdin [2ms]
2026-09-13 10:46:37.553 [info] > git config --get commit.template [6ms]
2026-09-13 10:46:37.555 [info] > git for-each-ref --format=%(refname)%00%(upstream:short)%00%(objectname)%00%(upstream:track)%00%(upstream:remotename)%00%(upstream:remoteref) refs/heads/main refs/remotes/main [2ms]
2026-09-13 10:46:37.573 [info] > git for-each-ref --sort -committerdate --format %(refname)%00%(objectname)%00%(*objectname) [2ms]
2026-09-13 10:46:37.573 [info] > git status -z -uall [11ms]
2026-09-13 10:46:37.890 [info] > git check-ignore -v -z --stdin [1ms]
2026-09-13 10:46:38.686 [info] > git check-ignore -v -z --stdin [2ms]
2026-09-13 10:46:40.288 [info] > git check-ignore -v -z --stdin [1ms]
2026-09-13 10:46:42.595 [info] > git config --get commit.template [7ms]
2026-09-13 10:46:42.595 [info] > git for-each-ref --format=%(refname)%00%(upstream:short)%00%(objectname)%00%(upstream:track)%00%(upstream:remotename)%00%(upstream:remoteref) refs/heads/main refs/remotes/main [1ms]
2026-09-13 10:46:42.614 [info] > git status -z -uall [12ms]
2026-09-13 10:46:42.614 [info] > git for-each-ref --sort -committerdate --format %(refname)%00%(objectname)%00%(*objectname) [3ms]
2026-09-13 10:46:42.963 [info] > git check-ignore -v -z --stdin [6ms]
2026-09-13 10:47:54.919 [info] > git config --get commit.template [3ms]
2026-09-13 10:47:54.938 [info] > git for-each-ref --format=%(refname)%00%(upstream:short)%00%(objectname)%00%(upstream:track)%00%(upstream:remotename)%00%(upstream:remoteref) refs/heads/main refs/remotes/main [1ms]
2026-09-13 10:47:54.958 [info] > git for-each-ref --sort -committerdate --format %(refname)%00%(objectname)%00%(*objectname) [2ms]
2026-09-13 10:47:54.971 [info] > git status -z -uall [21ms]
2026-09-13 10:47:55.355 [info] > git check-ignore -v -z --stdin [2ms]
2026-09-13 10:48:07.133 [info] > git check-ignore -v -z --stdin [2ms]
2026-09-13 10:48:08.095 [info] > git check-ignore -v -z --stdin [2ms]
2026-09-13 10:48:08.780 [info] > git check-ignore -v -z --stdin [1ms]
2026-09-13 10:48:09.773 [info] > git check-ignore -v -z --stdin [1ms]
2026-09-13 10:48:11.833 [info] > git config --get commit.template [5ms]
2026-09-13 10:48:11.854 [info] > git for-each-ref --format=%(refname)%00%(upstream:short)%00%(objectname)%00%(upstream:track)%00%(upstream:remotename)%00%(upstream:remoteref) refs/heads/main refs/remotes/main [8ms]
2026-09-13 10:48:11.874 [info] > git for-each-ref --sort -committerdate --format %(refname)%00%(objectname)%00%(*objectname) [2ms]
2026-09-13 10:48:11.876 [info] > git status -z -uall [12ms]
2026-09-13 10:48:12.184 [info] > git check-ignore -v -z --stdin [2ms]
2026-09-13 10:48:14.085 [info] > git check-ignore -v -z --stdin [2ms]
2026-09-13 10:48:14.892 [info] > git check-ignore -v -z --stdin [1ms]
2026-09-13 10:48:15.618 [info] > git check-ignore -v -z --stdin [1ms]
2026-09-13 10:48:16.273 [info] > git check-ignore -v -z --stdin [1ms]
2026-09-13 10:48:17.437 [info] > git check-ignore -v -z --stdin [1ms]
2026-09-13 10:48:19.376 [info] > git config --get commit.template [18ms]
2026-09-13 10:48:19.380 [info] > git for-each-ref --format=%(refname)%00%(upstream:short)%00%(objectname)%00%(upstream:track)%00%(upstream:remotename)%00%(upstream:remoteref) refs/heads/main refs/remotes/main [5ms]
2026-09-13 10:48:19.415 [info] > git status -z -uall [19ms]
2026-09-13 10:48:19.416 [info] > git for-each-ref --sort -committerdate --format %(refname)%00%(objectname)%00%(*objectname) [7ms]
2026-09-13 10:48:20.001 [info] > git check-ignore -v -z --stdin [3ms]
2026-09-13 10:48:24.434 [info] > git config --get commit.template [5ms]
2026-09-13 10:48:24.435 [info] > git for-each-ref --format=%(refname)%00%(upstream:short)%00%(objectname)%00%(upstream:track)%00%(upstream:remotename)%00%(upstream:remoteref) refs/heads/main refs/remotes/main [1ms]
2026-09-13 10:48:24.448 [info] > git for-each-ref --sort -committerdate --format %(refname)%00%(objectname)%00%(*objectname) [2ms]
2026-09-13 10:48:24.449 [info] > git status -z -uall [8ms]
2026-09-13 10:48:25.102 [info] > git check-ignore -v -z --stdin [1ms]
2026-09-13 10:48:28.061 [info] > git check-ignore -v -z --stdin [2ms]
2026-09-13 10:48:29.185 [info] > git check-ignore -v -z --stdin [1ms]
2026-09-13 10:48:29.479 [info] > git config --get commit.template [2ms]
2026-09-13 10:48:29.489 [info] > git for-each-ref --format=%(refname)%00%(upstream:short)%00%(objectname)%00%(upstream:track)%00%(upstream:remotename)%00%(upstream:remoteref) refs/heads/main refs/remotes/main [2ms]
2026-09-13 10:48:29.512 [info] > git for-each-ref --sort -committerdate --format %(refname)%00%(objectname)%00%(*objectname) [2ms]
2026-09-13 10:48:29.559 [info] > git status -z -uall [56ms]
2026-09-13 10:48:30.157 [info] > git check-ignore -v -z --stdin [3ms]
2026-09-13 10:48:30.813 [info] > git check-ignore -v -z --stdin [1ms]
2026-09-13 10:48:31.214 [info] > git check-ignore -v -z --stdin [1ms]
2026-09-13 10:48:31.451 [info] > git check-ignore -v -z --stdin [3ms]
2026-09-13 10:48:32.108 [info] > git check-ignore -v -z --stdin [2ms]
2026-09-13 10:48:33.148 [info] > git check-ignore -v -z --stdin [1ms]
2026-09-13 10:48:34.575 [info] > git config --get commit.template [2ms]
2026-09-13 10:48:34.582 [info] > git for-each-ref --format=%(refname)%00%(upstream:short)%00%(objectname)%00%(upstream:track)%00%(upstream:remotename)%00%(upstream:remoteref) refs/heads/main refs/remotes/main [1ms]
2026-09-13 10:48:34.593 [info] > git for-each-ref --sort -committerdate --format %(refname)%00%(objectname)%00%(*objectname) [1ms]
2026-09-13 10:48:34.596 [info] > git status -z -uall [8ms]
2026-09-13 10:48:34.910 [info] > git check-ignore -v -z --stdin [1ms]
2026-09-13 10:50:06.785 [info] > git config --get commit.template [6ms]
2026-09-13 10:50:06.824 [info] > git for-each-ref --format=%(refname)%00%(upstream:short)%00%(objectname)%00%(upstream:track)%00%(upstream:remotename)%00%(upstream:remoteref) refs/heads/main refs/remotes/main [5ms]
2026-09-13 10:50:06.871 [info] > git status -z -uall [25ms]
2026-09-13 10:50:06.871 [info] > git for-each-ref --sort -committerdate --format %(refname)%00%(objectname)%00%(*objectname) [4ms]
2026-09-13 10:50:07.338 [info] > git check-ignore -v -z --stdin [3ms]
2026-09-13 10:50:11.888 [info] > git config --get commit.template [5ms]
2026-09-13 10:50:11.890 [info] > git for-each-ref --format=%(refname)%00%(upstream:short)%00%(objectname)%00%(upstream:track)%00%(upstream:remotename)%00%(upstream:remoteref) refs/heads/main refs/remotes/main [2ms]
2026-09-13 10:50:11.902 [info] > git for-each-ref --sort -committerdate --format %(refname)%00%(objectname)%00%(*objectname) [1ms]
2026-09-13 10:50:11.904 [info] > git status -z -uall [9ms]
2026-09-13 10:50:12.220 [info] > git check-ignore -v -z --stdin [1ms]
2026-09-13 10:50:31.062 [info] > git check-ignore -v -z --stdin [3ms]
2026-09-13 10:50:31.483 [info] > git check-ignore -v -z --stdin [1ms]
2026-09-13 10:50:32.308 [info] > git check-ignore -v -z --stdin [2ms]
2026-09-13 10:50:33.940 [info] > git config --get commit.template [6ms]
2026-09-13 10:50:33.941 [info] > git for-each-ref --format=%(refname)%00%(upstream:short)%00%(objectname)%00%(upstream:track)%00%(upstream:remotename)%00%(upstream:remoteref) refs/heads/main refs/remotes/main [1ms]
2026-09-13 10:50:33.959 [info] > git for-each-ref --sort -committerdate --format %(refname)%00%(objectname)%00%(*objectname) [2ms]
2026-09-13 10:50:33.964 [info] > git status -z -uall [16ms]
2026-09-13 10:50:34.312 [info] > git check-ignore -v -z --stdin [4ms]
2026-09-13 10:51:12.721 [info] > git check-ignore -v -z --stdin [10ms]
2026-09-13 10:51:12.747 [info] > git show --textconv :Python/django/SOA/OrientationApp/templates/Orientation.html [14ms]
2026-09-13 10:51:12.750 [info] > git ls-files --stage -- Python/django/SOA/OrientationApp/templates/Orientation.html [6ms]
2026-09-13 10:51:12.772 [info] > git cat-file -s 13af512edcfe005a9cf1a537e2d521be3548f5fe [6ms]
2026-09-13 10:51:58.689 [info] > git check-ignore -v -z --stdin [3ms]
2026-09-13 10:51:58.756 [info] > git show --textconv :Python/django/SOA/OrientationApp/views.py [11ms]
2026-09-13 10:51:58.759 [info] > git ls-files --stage -- Python/django/SOA/OrientationApp/views.py [4ms]
2026-09-13 10:51:58.786 [info] > git cat-file -s a409af7d5fe6ef2a9c6148795980612bca67ea42 [4ms]
2026-09-13 10:52:10.293 [info] > git check-ignore -v -z --stdin [16ms]
2026-09-13 10:52:10.346 [info] > git show --textconv :Python/django/SOA/OrientationApp/templates/Orientation.html [10ms]
2026-09-13 10:52:10.352 [info] > git ls-files --stage -- Python/django/SOA/OrientationApp/templates/Orientation.html [6ms]
2026-09-13 10:52:10.361 [info] > git cat-file -s 13af512edcfe005a9cf1a537e2d521be3548f5fe [2ms]
2026-09-13 10:53:29.683 [info] > git check-ignore -v -z --stdin [2ms]
2026-09-13 10:53:31.586 [info] > git config --get commit.template [7ms]
2026-09-13 10:53:31.588 [info] > git for-each-ref --format=%(refname)%00%(upstream:short)%00%(objectname)%00%(upstream:track)%00%(upstream:remotename)%00%(upstream:remoteref) refs/heads/main refs/remotes/main [2ms]
2026-09-13 10:53:31.607 [info] > git for-each-ref --sort -committerdate --format %(refname)%00%(objectname)%00%(*objectname) [1ms]
2026-09-13 10:53:31.609 [info] > git status -z -uall [16ms]
2026-09-13 10:53:31.941 [info] > git check-ignore -v -z --stdin [1ms]
2026-09-13 10:53:35.570 [info] > git check-ignore -v -z --stdin [1ms]
2026-09-13 10:53:37.485 [info] > git config --get commit.template [11ms]
2026-09-13 10:53:37.498 [info] > git for-each-ref --format=%(refname)%00%(upstream:short)%00%(objectname)%00%(upstream:track)%00%(upstream:remotename)%00%(upstream:remoteref) refs/heads/main refs/remotes/main [2ms]
2026-09-13 10:53:37.514 [info] > git for-each-ref --sort -committerdate --format %(refname)%00%(objectname)%00%(*objectname) [1ms]
2026-09-13 10:53:37.516 [info] > git status -z -uall [9ms]
2026-09-13 10:53:37.838 [info] > git check-ignore -v -z --stdin [1ms]
2026-09-13 10:55:21.113 [info] > git check-ignore -v -z --stdin [1ms]
2026-09-13 10:55:21.636 [info] > git check-ignore -v -z --stdin [1ms]
2026-09-13 10:55:25.283 [info] > git config --get commit.template [17ms]
2026-09-13 10:55:25.299 [info] > git for-each-ref --format=%(refname)%00%(upstream:short)%00%(objectname)%00%(upstream:track)%00%(upstream:remotename)%00%(upstream:remoteref) refs/heads/main refs/remotes/main [4ms]
2026-09-13 10:55:25.344 [info] > git status -z -uall [30ms]
2026-09-13 10:55:25.345 [info] > git for-each-ref --sort -committerdate --format %(refname)%00%(objectname)%00%(*objectname) [5ms]
2026-09-13 10:55:25.714 [info] > git check-ignore -v -z --stdin [5ms]
2026-09-13 10:57:05.376 [info] > git check-ignore -v -z --stdin [1ms]
2026-09-13 10:57:06.369 [info] > git check-ignore -v -z --stdin [0ms]
2026-09-13 10:57:08.263 [info] > git config --get commit.template [8ms]
2026-09-13 10:57:08.266 [info] > git for-each-ref --format=%(refname)%00%(upstream:short)%00%(objectname)%00%(upstream:track)%00%(upstream:remotename)%00%(upstream:remoteref) refs/heads/main refs/remotes/main [5ms]
2026-09-13 10:57:08.284 [info] > git for-each-ref --sort -committerdate --format %(refname)%00%(objectname)%00%(*objectname) [1ms]
2026-09-13 10:57:08.287 [info] > git status -z -uall [10ms]
2026-09-13 10:57:08.623 [info] > git check-ignore -v -z --stdin [5ms]
2026-09-13 10:57:09.973 [info] > git check-ignore -v -z --stdin [1ms]
2026-09-13 10:57:10.827 [info] > git check-ignore -v -z --stdin [1ms]
2026-09-13 10:57:11.290 [info] > git check-ignore -v -z --stdin [2ms]
2026-09-13 10:57:11.895 [info] > git check-ignore -v -z --stdin [1ms]
2026-09-13 10:57:13.791 [info] > git config --get commit.template [7ms]
2026-09-13 10:57:13.791 [info] > git for-each-ref --format=%(refname)%00%(upstream:short)%00%(objectname)%00%(upstream:track)%00%(upstream:remotename)%00%(upstream:remoteref) refs/heads/main refs/remotes/main [1ms]
2026-09-13 10:57:13.805 [info] > git for-each-ref --sort -committerdate --format %(refname)%00%(objectname)%00%(*objectname) [1ms]
2026-09-13 10:57:13.807 [info] > git status -z -uall [10ms]
2026-09-13 10:57:14.245 [info] > git check-ignore -v -z --stdin [5ms]
2026-09-13 10:57:15.382 [info] > git check-ignore -v -z --stdin [2ms]
2026-09-13 10:57:16.164 [info] > git check-ignore -v -z --stdin [1ms]
2026-09-13 10:57:17.276 [info] > git check-ignore -v -z --stdin [2ms]
2026-09-13 10:57:18.199 [info] > git check-ignore -v -z --stdin [1ms]
2026-09-13 10:57:18.508 [info] > git check-ignore -v -z --stdin [2ms]
2026-09-13 10:57:18.823 [info] > git config --get commit.template [1ms]
2026-09-13 10:57:18.831 [info] > git for-each-ref --format=%(refname)%00%(upstream:short)%00%(objectname)%00%(upstream:track)%00%(upstream:remotename)%00%(upstream:remoteref) refs/heads/main refs/remotes/main [2ms]
2026-09-13 10:57:18.843 [info] > git for-each-ref --sort -committerdate --format %(refname)%00%(objectname)%00%(*objectname) [2ms]
2026-09-13 10:57:18.846 [info] > git status -z -uall [9ms]
2026-09-13 10:57:19.165 [info] > git check-ignore -v -z --stdin [3ms]
2026-09-13 10:57:23.859 [info] > git config --get commit.template [1ms]
2026-09-13 10:57:23.866 [info] > git for-each-ref --format=%(refname)%00%(upstream:short)%00%(objectname)%00%(upstream:track)%00%(upstream:remotename)%00%(upstream:remoteref) refs/heads/main refs/remotes/main [1ms]
2026-09-13 10:57:23.879 [info] > git for-each-ref --sort -committerdate --format %(refname)%00%(objectname)%00%(*objectname) [1ms]
2026-09-13 10:57:23.881 [info] > git status -z -uall [9ms]
2026-09-13 10:57:24.198 [info] > git check-ignore -v -z --stdin [1ms]
2026-09-13 10:58:05.555 [info] > git check-ignore -v -z --stdin [2ms]
2026-09-13 10:58:05.589 [info] > git show --textconv :Python/django/SOA/OrientationApp/views.py [17ms]
2026-09-13 10:58:05.591 [info] > git ls-files --stage -- Python/django/SOA/OrientationApp/views.py [2ms]
2026-09-13 10:58:05.610 [info] > git cat-file -s a409af7d5fe6ef2a9c6148795980612bca67ea42 [4ms]
2026-09-13 10:58:31.915 [info] > git check-ignore -v -z --stdin [1ms]
2026-09-13 10:58:40.455 [info] > git check-ignore -v -z --stdin [2ms]
2026-09-13 10:58:40.494 [info] > git show --textconv :Python/django/SOA/OrientationApp/templates/Orientation.html [26ms]
2026-09-13 10:58:40.495 [info] > git ls-files --stage -- Python/django/SOA/OrientationApp/templates/Orientation.html [1ms]
2026-09-13 10:58:40.510 [info] > git cat-file -s 13af512edcfe005a9cf1a537e2d521be3548f5fe [3ms]
2026-09-13 10:59:00.333 [info] > git check-ignore -v -z --stdin [6ms]
2026-09-13 10:59:00.888 [info] > git check-ignore -v -z --stdin [3ms]
2026-09-13 10:59:01.179 [info] > git check-ignore -v -z --stdin [3ms]
2026-09-13 10:59:01.960 [info] > git check-ignore -v -z --stdin [2ms]
2026-09-13 10:59:06.951 [info] > git check-ignore -v -z --stdin [2ms]
2026-09-13 10:59:07.837 [info] > git check-ignore -v -z --stdin [3ms]
2026-09-13 10:59:08.396 [info] > git check-ignore -v -z --stdin [1ms]
2026-09-13 10:59:09.288 [info] > git check-ignore -v -z --stdin [2ms]
2026-09-13 10:59:09.873 [info] > git check-ignore -v -z --stdin [2ms]
2026-09-13 10:59:10.708 [info] > git check-ignore -v -z --stdin [1ms]
2026-09-13 10:59:11.605 [info] > git check-ignore -v -z --stdin [2ms]
2026-09-13 10:59:13.299 [info] > git check-ignore -v -z --stdin [1ms]
2026-09-13 10:59:13.589 [info] > git check-ignore -v -z --stdin [1ms]
2026-09-13 10:59:14.482 [info] > git check-ignore -v -z --stdin [1ms]
2026-09-13 10:59:15.313 [info] > git check-ignore -v -z --stdin [3ms]
2026-09-13 10:59:15.741 [info] > git check-ignore -v -z --stdin [1ms]
2026-09-13 10:59:16.279 [info] > git check-ignore -v -z --stdin [3ms]
2026-09-13 10:59:16.809 [info] > git check-ignore -v -z --stdin [2ms]
2026-09-13 10:59:17.326 [info] > git check-ignore -v -z --stdin [1ms]
2026-09-13 10:59:17.715 [info] > git check-ignore -v -z --stdin [3ms]
2026-09-13 10:59:18.187 [info] > git check-ignore -v -z --stdin [1ms]
2026-09-13 10:59:21.002 [info] > git check-ignore -v -z --stdin [2ms]
2026-09-13 10:59:21.776 [info] > git check-ignore -v -z --stdin [1ms]
2026-09-13 10:59:22.445 [info] > git check-ignore -v -z --stdin [3ms]
2026-09-13 10:59:22.790 [info] > git check-ignore -v -z --stdin [1ms]
2026-09-13 11:00:11.532 [info] > git check-ignore -v -z --stdin [1ms]
2026-09-13 11:01:15.293 [info] > git check-ignore -v -z --stdin [5ms]
2026-09-13 11:01:15.386 [info] > git show --textconv :Python/django/SOA/OrientationApp/views.py [14ms]
2026-09-13 11:01:15.388 [info] > git ls-files --stage -- Python/django/SOA/OrientationApp/views.py [3ms]
2026-09-13 11:01:15.400 [info] > git cat-file -s a409af7d5fe6ef2a9c6148795980612bca67ea42 [3ms]
2026-09-13 11:01:52.912 [info] > git check-ignore -v -z --stdin [2ms]
2026-09-13 11:01:53.139 [info] > git check-ignore -v -z --stdin [2ms]
2026-09-13 11:01:53.327 [info] > git check-ignore -v -z --stdin [2ms]
2026-09-13 11:01:53.663 [info] > git check-ignore -v -z --stdin [2ms]
2026-09-13 11:01:54.613 [info] > git check-ignore -v -z --stdin [7ms]
2026-09-13 11:01:55.049 [info] > git check-ignore -v -z --stdin [2ms]
2026-09-13 11:01:55.502 [info] > git check-ignore -v -z --stdin [2ms]
2026-09-13 11:01:56.615 [info] > git check-ignore -v -z --stdin [2ms]
2026-09-13 11:01:59.694 [info] > git check-ignore -v -z --stdin [3ms]
2026-09-13 11:02:00.874 [info] > git check-ignore -v -z --stdin [2ms]
2026-09-13 11:02:12.969 [info] > git check-ignore -v -z --stdin [2ms]
2026-09-13 11:02:13.190 [info] > git check-ignore -v -z --stdin [2ms]
2026-09-13 11:02:13.694 [info] > git check-ignore -v -z --stdin [2ms]
2026-09-13 11:02:13.919 [info] > git check-ignore -v -z --stdin [1ms]
2026-09-13 11:02:14.440 [info] > git check-ignore -v -z --stdin [2ms]
2026-09-13 11:02:15.017 [info] > git check-ignore -v -z --stdin [3ms]
2026-09-13 11:02:16.094 [info] > git check-ignore -v -z --stdin [5ms]
2026-09-13 11:02:17.065 [info] > git check-ignore -v -z --stdin [7ms]
2026-09-13 11:02:17.536 [info] > git check-ignore -v -z --stdin [1ms]
2026-09-13 11:02:17.948 [info] > git check-ignore -v -z --stdin [1ms]
2026-09-13 11:02:19.223 [info] > git check-ignore -v -z --stdin [1ms]
2026-09-13 11:02:19.702 [info] > git check-ignore -v -z --stdin [2ms]
2026-09-13 11:02:20.218 [info] > git check-ignore -v -z --stdin [2ms]
2026-09-13 11:02:20.820 [info] > git check-ignore -v -z --stdin [1ms]
2026-09-13 11:02:23.506 [info] > git check-ignore -v -z --stdin [2ms]
2026-09-13 11:02:28.088 [info] > git check-ignore -v -z --stdin [1ms]
2026-09-13 11:02:33.415 [info] > git check-ignore -v -z --stdin [2ms]
2026-09-13 11:02:33.653 [info] > git check-ignore -v -z --stdin [2ms]
2026-09-13 11:02:34.201 [info] > git check-ignore -v -z --stdin [1ms]
2026-09-13 11:02:34.452 [info] > git check-ignore -v -z --stdin [1ms]
2026-09-13 11:02:36.157 [info] > git check-ignore -v -z --stdin [2ms]
2026-09-13 11:02:37.739 [info] > git check-ignore -v -z --stdin [1ms]
2026-09-13 11:02:38.792 [info] > git check-ignore -v -z --stdin [7ms]
2026-09-13 11:02:39.025 [info] > git check-ignore -v -z --stdin [2ms]
2026-09-13 11:02:39.741 [info] > git check-ignore -v -z --stdin [3ms]
2026-09-13 11:02:39.971 [info] > git check-ignore -v -z --stdin [3ms]
2026-09-13 11:02:41.042 [info] > git check-ignore -v -z --stdin [2ms]
2026-09-13 11:02:42.158 [info] > git check-ignore -v -z --stdin [1ms]
2026-09-13 11:02:44.498 [info] > git check-ignore -v -z --stdin [2ms]
2026-09-13 11:02:53.616 [info] > git config --get commit.template [51ms]
2026-09-13 11:02:53.618 [info] > git for-each-ref --format=%(refname)%00%(upstream:short)%00%(objectname)%00%(upstream:track)%00%(upstream:remotename)%00%(upstream:remoteref) refs/heads/main refs/remotes/main [5ms]
2026-09-13 11:02:53.664 [info] > git status -z -uall [24ms]
2026-09-13 11:02:53.665 [info] > git for-each-ref --sort -committerdate --format %(refname)%00%(objectname)%00%(*objectname) [3ms]
2026-09-13 11:02:54.014 [info] > git check-ignore -v -z --stdin [2ms]
2026-09-13 11:03:10.489 [info] > git config --get commit.template [5ms]
2026-09-13 11:03:10.513 [info] > git for-each-ref --format=%(refname)%00%(upstream:short)%00%(objectname)%00%(upstream:track)%00%(upstream:remotename)%00%(upstream:remoteref) refs/heads/main refs/remotes/main [4ms]
2026-09-13 11:03:10.558 [info] > git status -z -uall [24ms]
2026-09-13 11:03:10.558 [info] > git for-each-ref --sort -committerdate --format %(refname)%00%(objectname)%00%(*objectname) [5ms]
2026-09-13 11:03:11.033 [info] > git check-ignore -v -z --stdin [7ms]
2026-09-13 11:03:12.565 [info] > git check-ignore -v -z --stdin [2ms]
2026-09-13 11:03:12.612 [info] > git show --textconv :Python/django/SOA/OrientationApp/templates/Orientation.html [37ms]
2026-09-13 11:03:12.618 [info] > git ls-files --stage -- Python/django/SOA/OrientationApp/templates/Orientation.html [7ms]
2026-09-13 11:03:12.627 [info] > git cat-file -s 13af512edcfe005a9cf1a537e2d521be3548f5fe [2ms]
2026-09-13 11:03:20.182 [info] > git check-ignore -v -z --stdin [2ms]
2026-09-13 11:03:22.071 [info] > git config --get commit.template [7ms]
2026-09-13 11:03:22.072 [info] > git for-each-ref --format=%(refname)%00%(upstream:short)%00%(objectname)%00%(upstream:track)%00%(upstream:remotename)%00%(upstream:remoteref) refs/heads/main refs/remotes/main [2ms]
2026-09-13 11:03:22.083 [info] > git for-each-ref --sort -committerdate --format %(refname)%00%(objectname)%00%(*objectname) [1ms]
2026-09-13 11:03:22.085 [info] > git status -z -uall [8ms]
2026-09-13 11:03:22.400 [info] > git check-ignore -v -z --stdin [2ms]
2026-09-13 11:04:10.382 [info] > git config --get commit.template [7ms]
2026-09-13 11:04:10.397 [info] > git for-each-ref --format=%(refname)%00%(upstream:short)%00%(objectname)%00%(upstream:track)%00%(upstream:remotename)%00%(upstream:remoteref) refs/heads/main refs/remotes/main [2ms]
2026-09-13 11:04:10.447 [info] > git for-each-ref --sort -committerdate --format %(refname)%00%(objectname)%00%(*objectname) [3ms]
2026-09-13 11:04:10.459 [info] > git status -z -uall [40ms]
2026-09-13 11:04:10.926 [info] > git check-ignore -v -z --stdin [5ms]
2026-09-13 11:04:43.943 [info] > git check-ignore -v -z --stdin [2ms]
2026-09-13 11:04:45.846 [info] > git config --get commit.template [6ms]
2026-09-13 11:04:45.848 [info] > git for-each-ref --format=%(refname)%00%(upstream:short)%00%(objectname)%00%(upstream:track)%00%(upstream:remotename)%00%(upstream:remoteref) refs/heads/main refs/remotes/main [3ms]
2026-09-13 11:04:45.872 [info] > git status -z -uall [11ms]
2026-09-13 11:04:45.873 [info] > git for-each-ref --sort -committerdate --format %(refname)%00%(objectname)%00%(*objectname) [2ms]
2026-09-13 11:04:46.189 [info] > git check-ignore -v -z --stdin [2ms]
2026-09-13 11:04:50.949 [info] > git config --get commit.template [35ms]
2026-09-13 11:04:50.951 [info] > git for-each-ref --format=%(refname)%00%(upstream:short)%00%(objectname)%00%(upstream:track)%00%(upstream:remotename)%00%(upstream:remoteref) refs/heads/main refs/remotes/main [3ms]
2026-09-13 11:04:50.991 [info] > git for-each-ref --sort -committerdate --format %(refname)%00%(objectname)%00%(*objectname) [6ms]
2026-09-13 11:04:50.996 [info] > git status -z -uall [26ms]
2026-09-13 11:04:51.319 [info] > git check-ignore -v -z --stdin [1ms]
2026-09-13 11:05:14.840 [info] > git check-ignore -v -z --stdin [24ms]
2026-09-13 11:05:14.898 [info] > git show --textconv :Python/django/SOA/OrientationApp/views.py [23ms]
2026-09-13 11:05:14.903 [info] > git ls-files --stage -- Python/django/SOA/OrientationApp/views.py [6ms]
2026-09-13 11:05:14.919 [info] > git cat-file -s a409af7d5fe6ef2a9c6148795980612bca67ea42 [5ms]
2026-09-13 11:05:19.831 [info] > git check-ignore -v -z --stdin [4ms]
2026-09-13 11:05:19.860 [info] > git show --textconv :Python/django/SOA/OrientationApp/templates/Orientation.html [16ms]
2026-09-13 11:05:19.861 [info] > git ls-files --stage -- Python/django/SOA/OrientationApp/templates/Orientation.html [2ms]
2026-09-13 11:05:19.875 [info] > git cat-file -s 13af512edcfe005a9cf1a537e2d521be3548f5fe [2ms]
2026-09-13 11:05:33.095 [info] > git check-ignore -v -z --stdin [2ms]
2026-09-13 11:05:33.587 [info] > git check-ignore -v -z --stdin [2ms]
2026-09-13 11:05:35.483 [info] > git config --get commit.template [2ms]
2026-09-13 11:05:35.489 [info] > git for-each-ref --format=%(refname)%00%(upstream:short)%00%(objectname)%00%(upstream:track)%00%(upstream:remotename)%00%(upstream:remoteref) refs/heads/main refs/remotes/main [2ms]
2026-09-13 11:05:35.501 [info] > git for-each-ref --sort -committerdate --format %(refname)%00%(objectname)%00%(*objectname) [2ms]
2026-09-13 11:05:35.504 [info] > git status -z -uall [10ms]
2026-09-13 11:05:35.820 [info] > git check-ignore -v -z --stdin [1ms]
2026-09-13 11:05:36.076 [info] > git check-ignore -v -z --stdin [5ms]
2026-09-13 11:05:37.505 [info] > git check-ignore -v -z --stdin [2ms]
2026-09-13 11:05:37.995 [info] > git check-ignore -v -z --stdin [2ms]
2026-09-13 11:05:38.362 [info] > git check-ignore -v -z --stdin [2ms]
2026-09-13 11:05:38.777 [info] > git check-ignore -v -z --stdin [1ms]
2026-09-13 11:05:39.151 [info] > git check-ignore -v -z --stdin [2ms]
2026-09-13 11:05:39.556 [info] > git check-ignore -v -z --stdin [1ms]
2026-09-13 11:05:39.951 [info] > git check-ignore -v -z --stdin [2ms]
2026-09-13 11:05:40.486 [info] > git check-ignore -v -z --stdin [2ms]
2026-09-13 11:05:40.519 [info] > git config --get commit.template [6ms]
2026-09-13 11:05:40.520 [info] > git for-each-ref --format=%(refname)%00%(upstream:short)%00%(objectname)%00%(upstream:track)%00%(upstream:remotename)%00%(upstream:remoteref) refs/heads/main refs/remotes/main [2ms]
2026-09-13 11:05:40.540 [info] > git for-each-ref --sort -committerdate --format %(refname)%00%(objectname)%00%(*objectname) [6ms]
2026-09-13 11:05:40.545 [info] > git status -z -uall [18ms]
2026-09-13 11:05:40.862 [info] > git check-ignore -v -z --stdin [2ms]
2026-09-13 11:05:41.145 [info] > git check-ignore -v -z --stdin [2ms]
2026-09-13 11:05:41.970 [info] > git check-ignore -v -z --stdin [3ms]
2026-09-13 11:05:42.709 [info] > git check-ignore -v -z --stdin [2ms]
2026-09-13 11:05:43.347 [info] > git check-ignore -v -z --stdin [1ms]
2026-09-13 11:05:44.203 [info] > git check-ignore -v -z --stdin [2ms]
2026-09-13 11:05:44.480 [info] > git check-ignore -v -z --stdin [2ms]
2026-09-13 11:05:45.902 [info] > git config --get commit.template [5ms]
2026-09-13 11:05:45.904 [info] > git for-each-ref --format=%(refname)%00%(upstream:short)%00%(objectname)%00%(upstream:track)%00%(upstream:remotename)%00%(upstream:remoteref) refs/heads/main refs/remotes/main [2ms]
2026-09-13 11:05:45.922 [info] > git status -z -uall [12ms]
2026-09-13 11:05:45.922 [info] > git for-each-ref --sort -committerdate --format %(refname)%00%(objectname)%00%(*objectname) [4ms]
2026-09-13 11:05:46.282 [info] > git check-ignore -v -z --stdin [3ms]
2026-09-13 11:05:48.637 [info] > git check-ignore -v -z --stdin [1ms]
2026-09-13 11:05:48.666 [info] > git show --textconv :Python/django/SOA/OrientationApp/views.py [10ms]
2026-09-13 11:05:48.669 [info] > git ls-files --stage -- Python/django/SOA/OrientationApp/views.py [3ms]
2026-09-13 11:05:48.680 [info] > git cat-file -s a409af7d5fe6ef2a9c6148795980612bca67ea42 [5ms]
2026-09-13 11:06:08.150 [info] > git check-ignore -v -z --stdin [1ms]
2026-09-13 11:06:09.022 [info] > git check-ignore -v -z --stdin [1ms]
2026-09-13 11:06:10.024 [info] > git check-ignore -v -z --stdin [2ms]
2026-09-13 11:06:10.476 [info] > git check-ignore -v -z --stdin [2ms]
2026-09-13 11:06:11.096 [info] > git check-ignore -v -z --stdin [1ms]
2026-09-13 11:06:11.503 [info] > git check-ignore -v -z --stdin [3ms]
2026-09-13 11:06:12.450 [info] > git check-ignore -v -z --stdin [2ms]
2026-09-13 11:06:13.002 [info] > git check-ignore -v -z --stdin [2ms]
2026-09-13 11:06:13.742 [info] > git check-ignore -v -z --stdin [1ms]
2026-09-13 11:06:14.666 [info] > git check-ignore -v -z --stdin [2ms]
2026-09-13 11:06:15.434 [info] > git check-ignore -v -z --stdin [1ms]
2026-09-13 11:06:15.903 [info] > git check-ignore -v -z --stdin [1ms]
2026-09-13 11:06:16.378 [info] > git check-ignore -v -z --stdin [2ms]
2026-09-13 11:06:19.999 [info] > git config --get commit.template [20ms]
2026-09-13 11:06:20.000 [info] > git for-each-ref --format=%(refname)%00%(upstream:short)%00%(objectname)%00%(upstream:track)%00%(upstream:remotename)%00%(upstream:remoteref) refs/heads/main refs/remotes/main [4ms]
2026-09-13 11:06:20.035 [info] > git status -z -uall [23ms]
2026-09-13 11:06:20.041 [info] > git for-each-ref --sort -committerdate --format %(refname)%00%(objectname)%00%(*objectname) [7ms]
2026-09-13 11:06:20.402 [info] > git check-ignore -v -z --stdin [3ms]
2026-09-13 11:06:25.068 [info] > git config --get commit.template [11ms]
2026-09-13 11:06:25.069 [info] > git for-each-ref --format=%(refname)%00%(upstream:short)%00%(objectname)%00%(upstream:track)%00%(upstream:remotename)%00%(upstream:remoteref) refs/heads/main refs/remotes/main [3ms]
2026-09-13 11:06:25.085 [info] > git for-each-ref --sort -committerdate --format %(refname)%00%(objectname)%00%(*objectname) [1ms]
2026-09-13 11:06:25.088 [info] > git status -z -uall [11ms]
2026-09-13 11:06:25.410 [info] > git check-ignore -v -z --stdin [1ms]
2026-09-13 11:08:03.882 [info] > git check-ignore -v -z --stdin [1ms]
2026-09-13 11:08:03.934 [info] > git show --textconv :Python/django/SOA/OrientationApp/templates/Orientation.html [14ms]
2026-09-13 11:08:03.937 [info] > git ls-files --stage -- Python/django/SOA/OrientationApp/templates/Orientation.html [8ms]
2026-09-13 11:08:03.949 [info] > git cat-file -s 13af512edcfe005a9cf1a537e2d521be3548f5fe [4ms]
2026-09-13 11:08:29.534 [info] > git check-ignore -v -z --stdin [2ms]
2026-09-13 11:08:31.009 [info] > git check-ignore -v -z --stdin [2ms]
2026-09-13 11:08:31.434 [info] > git config --get commit.template [3ms]
2026-09-13 11:08:31.451 [info] > git for-each-ref --format=%(refname)%00%(upstream:short)%00%(objectname)%00%(upstream:track)%00%(upstream:remotename)%00%(upstream:remoteref) refs/heads/main refs/remotes/main [6ms]
2026-09-13 11:08:31.478 [info] > git status -z -uall [15ms]
2026-09-13 11:08:31.479 [info] > git for-each-ref --sort -committerdate --format %(refname)%00%(objectname)%00%(*objectname) [1ms]
2026-09-13 11:08:31.593 [info] > git check-ignore -v -z --stdin [3ms]
2026-09-13 11:08:31.797 [info] > git check-ignore -v -z --stdin [2ms]
2026-09-13 11:08:32.138 [info] > git check-ignore -v -z --stdin [3ms]
2026-09-13 11:08:35.181 [info] > git check-ignore -v -z --stdin [1ms]
2026-09-13 11:08:36.507 [info] > git config --get commit.template [7ms]
2026-09-13 11:08:36.508 [info] > git for-each-ref --format=%(refname)%00%(upstream:short)%00%(objectname)%00%(upstream:track)%00%(upstream:remotename)%00%(upstream:remoteref) refs/heads/main refs/remotes/main [2ms]
2026-09-13 11:08:36.528 [info] > git status -z -uall [15ms]
2026-09-13 11:08:36.528 [info] > git for-each-ref --sort -committerdate --format %(refname)%00%(objectname)%00%(*objectname) [6ms]
2026-09-13 11:08:36.884 [info] > git check-ignore -v -z --stdin [2ms]
2026-09-13 11:08:39.950 [info] > git check-ignore -v -z --stdin [2ms]
2026-09-13 11:08:40.474 [info] > git check-ignore -v -z --stdin [2ms]
2026-09-13 11:08:40.947 [info] > git check-ignore -v -z --stdin [1ms]
2026-09-13 11:08:41.545 [info] > git config --get commit.template [5ms]
2026-09-13 11:08:41.546 [info] > git for-each-ref --format=%(refname)%00%(upstream:short)%00%(objectname)%00%(upstream:track)%00%(upstream:remotename)%00%(upstream:remoteref) refs/heads/main refs/remotes/main [1ms]
2026-09-13 11:08:41.558 [info] > git for-each-ref --sort -committerdate --format %(refname)%00%(objectname)%00%(*objectname) [2ms]
2026-09-13 11:08:41.562 [info] > git status -z -uall [10ms]
2026-09-13 11:08:41.965 [info] > git check-ignore -v -z --stdin [2ms]
2026-09-13 11:08:43.255 [info] > git check-ignore -v -z --stdin [8ms]
2026-09-13 11:08:44.012 [info] > git check-ignore -v -z --stdin [1ms]
2026-09-13 11:08:45.201 [info] > git check-ignore -v -z --stdin [2ms]
2026-09-13 11:08:45.494 [info] > git check-ignore -v -z --stdin [2ms]
2026-09-13 11:08:46.582 [info] > git config --get commit.template [2ms]
2026-09-13 11:08:46.591 [info] > git for-each-ref --format=%(refname)%00%(upstream:short)%00%(objectname)%00%(upstream:track)%00%(upstream:remotename)%00%(upstream:remoteref) refs/heads/main refs/remotes/main [3ms]
2026-09-13 11:08:46.603 [info] > git for-each-ref --sort -committerdate --format %(refname)%00%(objectname)%00%(*objectname) [1ms]
2026-09-13 11:08:46.606 [info] > git status -z -uall [9ms]
2026-09-13 11:08:46.705 [info] > git check-ignore -v -z --stdin [2ms]
2026-09-13 11:08:46.921 [info] > git check-ignore -v -z --stdin [3ms]
2026-09-13 11:08:49.971 [info] > git check-ignore -v -z --stdin [2ms]
2026-09-13 11:08:50.157 [info] > git check-ignore -v -z --stdin [1ms]
2026-09-13 11:08:50.621 [info] > git check-ignore -v -z --stdin [1ms]
2026-09-13 11:08:51.627 [info] > git config --get commit.template [7ms]
2026-09-13 11:08:51.629 [info] > git for-each-ref --format=%(refname)%00%(upstream:short)%00%(objectname)%00%(upstream:track)%00%(upstream:remotename)%00%(upstream:remoteref) refs/heads/main refs/remotes/main [2ms]
2026-09-13 11:08:51.643 [info] > git for-each-ref --sort -committerdate --format %(refname)%00%(objectname)%00%(*objectname) [3ms]
2026-09-13 11:08:51.644 [info] > git status -z -uall [10ms]
2026-09-13 11:08:52.061 [info] > git check-ignore -v -z --stdin [2ms]
2026-09-13 11:08:52.706 [info] > git check-ignore -v -z --stdin [2ms]
2026-09-13 11:08:52.974 [info] > git check-ignore -v -z --stdin [3ms]
2026-09-13 11:08:54.384 [info] > git check-ignore -v -z --stdin [2ms]
2026-09-13 11:08:56.661 [info] > git config --get commit.template [6ms]
2026-09-13 11:08:56.662 [info] > git for-each-ref --format=%(refname)%00%(upstream:short)%00%(objectname)%00%(upstream:track)%00%(upstream:remotename)%00%(upstream:remoteref) refs/heads/main refs/remotes/main [2ms]
2026-09-13 11:08:56.675 [info] > git for-each-ref --sort -committerdate --format %(refname)%00%(objectname)%00%(*objectname) [1ms]
2026-09-13 11:08:56.679 [info] > git status -z -uall [11ms]
2026-09-13 11:08:56.993 [info] > git check-ignore -v -z --stdin [2ms]
2026-09-13 11:08:57.348 [info] > git check-ignore -v -z --stdin [2ms]
2026-09-13 11:08:57.862 [info] > git check-ignore -v -z --stdin [1ms]
2026-09-13 11:08:58.709 [info] > git check-ignore -v -z --stdin [2ms]
2026-09-13 11:08:59.099 [info] > git check-ignore -v -z --stdin [2ms]
2026-09-13 11:08:59.485 [info] > git check-ignore -v -z --stdin [2ms]
2026-09-13 11:09:00.026 [info] > git check-ignore -v -z --stdin [1ms]
2026-09-13 11:09:00.471 [info] > git check-ignore -v -z --stdin [14ms]
2026-09-13 11:09:00.885 [info] > git check-ignore -v -z --stdin [2ms]
2026-09-13 11:09:01.260 [info] > git check-ignore -v -z --stdin [3ms]
2026-09-13 11:09:01.599 [info] > git check-ignore -v -z --stdin [1ms]
2026-09-13 11:09:02.255 [info] > git check-ignore -v -z --stdin [2ms]
2026-09-13 11:09:02.510 [info] > git check-ignore -v -z --stdin [2ms]
2026-09-13 11:09:03.409 [info] > git check-ignore -v -z --stdin [1ms]
2026-09-13 11:09:03.872 [info] > git check-ignore -v -z --stdin [2ms]
2026-09-13 11:09:04.384 [info] > git check-ignore -v -z --stdin [2ms]
2026-09-13 11:09:04.732 [info] > git check-ignore -v -z --stdin [1ms]
2026-09-13 11:09:08.105 [info] > git config --get commit.template [8ms]
2026-09-13 11:09:08.106 [info] > git for-each-ref --format=%(refname)%00%(upstream:short)%00%(objectname)%00%(upstream:track)%00%(upstream:remotename)%00%(upstream:remoteref) refs/heads/main refs/remotes/main [2ms]
2026-09-13 11:09:08.121 [info] > git status -z -uall [10ms]
2026-09-13 11:09:08.121 [info] > git for-each-ref --sort -committerdate --format %(refname)%00%(objectname)%00%(*objectname) [4ms]
2026-09-13 11:09:08.467 [info] > git check-ignore -v -z --stdin [3ms]
2026-09-13 11:09:39.027 [info] > git check-ignore -v -z --stdin [1ms]
2026-09-13 11:09:40.813 [info] > git check-ignore -v -z --stdin [3ms]
2026-09-13 11:09:40.929 [info] > git config --get commit.template [6ms]
2026-09-13 11:09:40.939 [info] > git for-each-ref --format=%(refname)%00%(upstream:short)%00%(objectname)%00%(upstream:track)%00%(upstream:remotename)%00%(upstream:remoteref) refs/heads/main refs/remotes/main [1ms]
2026-09-13 11:09:40.952 [info] > git for-each-ref --sort -committerdate --format %(refname)%00%(objectname)%00%(*objectname) [2ms]
2026-09-13 11:09:40.955 [info] > git status -z -uall [10ms]
2026-09-13 11:09:41.487 [info] > git check-ignore -v -z --stdin [2ms]
2026-09-13 11:09:45.978 [info] > git config --get commit.template [6ms]
2026-09-13 11:09:45.980 [info] > git for-each-ref --format=%(refname)%00%(upstream:short)%00%(objectname)%00%(upstream:track)%00%(upstream:remotename)%00%(upstream:remoteref) refs/heads/main refs/remotes/main [3ms]
2026-09-13 11:09:45.993 [info] > git for-each-ref --sort -committerdate --format %(refname)%00%(objectname)%00%(*objectname) [2ms]
2026-09-13 11:09:45.996 [info] > git status -z -uall [10ms]
2026-09-13 11:09:46.312 [info] > git check-ignore -v -z --stdin [2ms]
2026-09-13 11:10:20.437 [info] > git check-ignore -v -z --stdin [1ms]
2026-09-13 11:10:22.147 [info] > git check-ignore -v -z --stdin [2ms]
2026-09-13 11:10:22.328 [info] > git config --get commit.template [2ms]
2026-09-13 11:10:22.334 [info] > git for-each-ref --format=%(refname)%00%(upstream:short)%00%(objectname)%00%(upstream:track)%00%(upstream:remotename)%00%(upstream:remoteref) refs/heads/main refs/remotes/main [2ms]
2026-09-13 11:10:22.346 [info] > git for-each-ref --sort -committerdate --format %(refname)%00%(objectname)%00%(*objectname) [1ms]
2026-09-13 11:10:22.348 [info] > git status -z -uall [8ms]
2026-09-13 11:10:22.665 [info] > git check-ignore -v -z --stdin [1ms]
2026-09-13 11:10:27.363 [info] > git config --get commit.template [6ms]
2026-09-13 11:10:27.364 [info] > git for-each-ref --format=%(refname)%00%(upstream:short)%00%(objectname)%00%(upstream:track)%00%(upstream:remotename)%00%(upstream:remoteref) refs/heads/main refs/remotes/main [2ms]
2026-09-13 11:10:27.377 [info] > git for-each-ref --sort -committerdate --format %(refname)%00%(objectname)%00%(*objectname) [2ms]
2026-09-13 11:10:27.378 [info] > git status -z -uall [9ms]
2026-09-13 11:10:27.706 [info] > git check-ignore -v -z --stdin [4ms]
2026-09-13 11:11:02.694 [info] > git config --get commit.template [2ms]
2026-09-13 11:11:02.704 [info] > git for-each-ref --format=%(refname)%00%(upstream:short)%00%(objectname)%00%(upstream:track)%00%(upstream:remotename)%00%(upstream:remoteref) refs/heads/main refs/remotes/main [2ms]
2026-09-13 11:11:02.723 [info] > git for-each-ref --sort -committerdate --format %(refname)%00%(objectname)%00%(*objectname) [3ms]
2026-09-13 11:11:02.724 [info] > git status -z -uall [12ms]
2026-09-13 11:11:03.080 [info] > git check-ignore -v -z --stdin [5ms]
