2026-09-21 21:50:20.924 [info] [main] Log level: Info
2026-09-21 21:50:20.924 [info] [main] Validating found git in: "git"
2026-09-21 21:50:20.924 [info] [main] Using git "2.55.0" from "git"
2026-09-21 21:50:20.924 [info] [Model][doInitialScan] Initial repository scan started
2026-09-21 21:50:20.924 [info] > git rev-parse --show-toplevel [125ms]
2026-09-21 21:50:20.993 [info] > git rev-parse --git-dir --git-common-dir --show-superproject-working-tree [74ms]
2026-09-21 21:50:21.292 [info] [Model][openRepository] Opened repository (path): /home/sadnane/Saad-Programming
2026-09-21 21:50:21.292 [info] [Model][openRepository] Opened repository (real path): /home/sadnane/Saad-Programming
2026-09-21 21:50:21.292 [info] [Model][openRepository] Opened repository (kind): repository
2026-09-21 21:50:21.428 [info] > git config --get --local core.virtualfilesystem [88ms]
2026-09-21 21:50:21.428 [warning] [Git][config] git config failed: Failed to execute git
2026-09-21 21:50:21.531 [info] > git config --get commit.template [137ms]
2026-09-21 21:50:21.605 [info] > git rev-parse --show-toplevel [182ms]
2026-09-21 21:50:21.747 [info] > git rev-parse --show-toplevel [59ms]
2026-09-21 21:50:21.751 [info] > git for-each-ref --format=%(refname)%00%(upstream:short)%00%(objectname)%00%(upstream:track)%00%(upstream:remotename)%00%(upstream:remoteref) refs/heads/main refs/remotes/main [87ms]
2026-09-21 21:50:21.791 [info] > git check-ignore -v -z --stdin [70ms]
2026-09-21 21:50:21.814 [info] > git rev-parse --show-toplevel [24ms]
2026-09-21 21:50:24.851 [info] > git status -z -uall [2990ms]
2026-09-21 21:50:24.853 [info] > git rev-parse --show-toplevel [2919ms]
2026-09-21 21:50:24.853 [info] > git for-each-ref --sort -committerdate --format %(refname)%00%(objectname)%00%(*objectname) [2937ms]
2026-09-21 21:50:25.759 [info] > git check-ignore -v -z --stdin [885ms]
2026-09-21 21:50:26.051 [info] > git config --get commit.template [313ms]
2026-09-21 21:50:26.051 [info] > git for-each-ref --format=%(refname)%00%(upstream:short)%00%(objectname)%00%(upstream:track)%00%(upstream:remotename)%00%(upstream:remoteref) refs/heads/main refs/remotes/main [564ms]
2026-09-21 21:50:26.062 [info] > git rev-parse --git-dir --git-common-dir --show-superproject-working-tree [653ms]
2026-09-21 21:50:26.624 [info] > git config --get --local branch.main.vscode-merge-base [563ms]
2026-09-21 21:50:26.739 [info] > git for-each-ref --format=%(refname)%00%(upstream:short)%00%(objectname)%00%(upstream:track)%00%(upstream:remotename)%00%(upstream:remoteref) refs/heads/origin/main refs/remotes/origin/main [60ms]
2026-09-21 21:50:26.798 [info] > git for-each-ref --format=%(refname)%00%(upstream:short)%00%(objectname)%00%(upstream:track)%00%(upstream:remotename)%00%(upstream:remoteref) refs/heads/main refs/remotes/main [185ms]
2026-09-21 21:50:26.867 [info] > git merge-base refs/heads/main refs/remotes/origin/main [72ms]
2026-09-21 21:50:27.036 [info] > git status -z -uall [49ms]
2026-09-21 21:50:27.036 [info] > git diff --raw --numstat --diff-filter=ADMR -z --find-renames=50% 90841d655b2c8e02c2bc01ace69fbba235d271b4...refs/remotes/origin/main -- [143ms]
2026-09-21 21:50:27.044 [info] > git for-each-ref --sort -committerdate --format %(refname)%00%(objectname)%00%(*objectname) [13ms]
2026-09-21 21:50:27.267 [info] [Model][openRepository] Opened repository (path): /home/sadnane/Saad-Programming/ble.sh
2026-09-21 21:50:27.267 [info] [Model][openRepository] Opened repository (real path): /home/sadnane/Saad-Programming/ble.sh
2026-09-21 21:50:27.267 [info] [Model][openRepository] Opened repository (kind): repository
2026-09-21 21:50:27.537 [info] > git config --get --local core.virtualfilesystem [232ms]
2026-09-21 21:50:27.537 [warning] [Git][config] git config failed: Failed to execute git
2026-09-21 21:50:27.543 [info] > git config --get commit.template [158ms]
2026-09-21 21:50:27.578 [info] > git rev-parse --show-toplevel [78ms]
2026-09-21 21:50:28.760 [info] > git rev-parse --show-toplevel [1071ms]
2026-09-21 21:50:28.760 [info] [Model][doInitialScan] Initial repository scan completed - repositories (2), closed repositories (0), parent repositories (0), unsafe repositories (0)
2026-09-21 21:50:28.823 [info] > git for-each-ref --format=%(refname)%00%(upstream:short)%00%(objectname)%00%(upstream:track)%00%(upstream:remotename)%00%(upstream:remoteref) refs/heads/master refs/remotes/master [1204ms]
2026-09-21 21:50:29.071 [warning] [Git][revParse] Unable to read file: ENOENT: no such file or directory, open '/home/sadnane/Saad-Programming/ble.sh/.git/refs/remotes/origin/master'
2026-09-21 21:50:29.130 [info] > git show --textconv :OrientationApp/templates/Orientation.html [329ms]
2026-09-21 21:50:29.173 [info] > git ls-files --stage -- OrientationApp/templates/Orientation.html [351ms]
2026-09-21 21:50:29.404 [info] > git rev-parse refs/remotes/origin/master [333ms]
2026-09-21 21:50:29.698 [info] > git status -z -uall [246ms]
2026-09-21 21:50:29.701 [info] > git cat-file -s fa33b7b86b712c0b4e070d233ea2a8b01e8bc897 [479ms]
2026-09-21 21:50:29.730 [info] > git check-ignore -v -z --stdin [145ms]
2026-09-21 21:50:29.731 [info] > git check-ignore -v -z --stdin [123ms]
2026-09-21 21:50:29.744 [info] > git for-each-ref --sort -committerdate --format %(refname)%00%(objectname)%00%(*objectname) [179ms]
2026-09-21 21:50:30.025 [info] > git config --get commit.template [148ms]
2026-09-21 21:50:30.026 [info] > git for-each-ref --format=%(refname)%00%(upstream:short)%00%(objectname)%00%(upstream:track)%00%(upstream:remotename)%00%(upstream:remoteref) refs/heads/master refs/remotes/master [250ms]
2026-09-21 21:50:30.136 [info] > git config --get --local branch.master.vscode-merge-base [68ms]
2026-09-21 21:50:30.355 [info] > git for-each-ref --format=%(refname)%00%(upstream:short)%00%(objectname)%00%(upstream:track)%00%(upstream:remotename)%00%(upstream:remoteref) refs/heads/origin/master refs/remotes/origin/master [188ms]
2026-09-21 21:50:30.390 [info] > git for-each-ref --format=%(refname)%00%(upstream:short)%00%(objectname)%00%(upstream:track)%00%(upstream:remotename)%00%(upstream:remoteref) refs/heads/master refs/remotes/master [254ms]
2026-09-21 21:50:30.414 [warning] [Git][revParse] Unable to read file: ENOENT: no such file or directory, open '/home/sadnane/Saad-Programming/ble.sh/.git/refs/remotes/origin/master'
2026-09-21 21:50:30.510 [info] > git merge-base refs/heads/master refs/remotes/origin/master [119ms]
2026-09-21 21:50:30.529 [info] > git rev-parse --show-toplevel [78ms]
2026-09-21 21:50:30.529 [info] > git rev-parse refs/remotes/origin/master [115ms]
2026-09-21 21:50:30.583 [info] > git status -z -uall [38ms]
2026-09-21 21:50:30.583 [info] > git diff --raw --numstat --diff-filter=ADMR -z --find-renames=50% 95ae551dd687a0c61227839dda43f52ac7ea6631...refs/remotes/origin/master -- [55ms]
2026-09-21 21:50:30.614 [info] > git for-each-ref --sort -committerdate --format %(refname)%00%(objectname)%00%(*objectname) [52ms]
2026-09-21 21:50:30.626 [info] > git check-ignore -v -z --stdin [14ms]
2026-09-21 21:50:30.654 [info] > git rev-parse --git-dir --git-common-dir --show-superproject-working-tree [76ms]
2026-09-21 21:50:30.698 [info] > git blame --root --incremental 90841d655b2c8e02c2bc01ace69fbba235d271b4 -- OrientationApp/templates/Orientation.html [12ms]
2026-09-21 21:50:31.736 [info] [Model][openRepository] Opened repository (path): /home/sadnane/Saad-Programming/ble.sh/contrib
2026-09-21 21:50:31.736 [info] [Model][openRepository] Opened repository (real path): /home/sadnane/Saad-Programming/ble.sh/contrib
2026-09-21 21:50:31.736 [info] [Model][openRepository] Opened repository (kind): submodule
2026-09-21 21:50:32.086 [info] > git config --get --local core.virtualfilesystem [300ms]
2026-09-21 21:50:32.086 [warning] [Git][config] git config failed: Failed to execute git
2026-09-21 21:50:32.195 [info] > git check-ignore -v -z --stdin [132ms]
2026-09-21 21:50:32.214 [info] > git config --get commit.template [218ms]
2026-09-21 21:50:32.377 [info] > git show --textconv :OrientationApp/views.py [85ms]
2026-09-21 21:50:32.464 [info] > git for-each-ref --format %(refname)%00%(objectname)%00%(*objectname) refs/tags [12ms]
2026-09-21 21:50:32.499 [info] > git ls-files --stage -- OrientationApp/views.py [169ms]
2026-09-21 21:50:32.523 [info] > git status -z -uall [47ms]
2026-09-21 21:50:32.528 [info] > git for-each-ref --sort -committerdate --format %(refname)%00%(objectname)%00%(*objectname) [30ms]
2026-09-21 21:50:32.595 [info] > git cat-file -s e6930d2b0751dcea56f287b58b13d3ad276e2842 [85ms]
2026-09-21 21:50:32.604 [info] > git config --get commit.template [11ms]
2026-09-21 21:50:32.640 [info] > git for-each-ref --format %(refname)%00%(objectname)%00%(*objectname) refs/tags [8ms]
2026-09-21 21:50:32.701 [info] > git status -z -uall [48ms]
2026-09-21 21:50:32.712 [info] > git for-each-ref --sort -committerdate --format %(refname)%00%(objectname)%00%(*objectname) [43ms]
2026-09-21 21:50:32.841 [info] > git check-ignore -v -z --stdin [68ms]
2026-09-21 21:50:32.842 [info] > git check-ignore -v -z --stdin [24ms]
2026-09-21 21:50:33.043 [info] > git blame --root --incremental 90841d655b2c8e02c2bc01ace69fbba235d271b4 -- OrientationApp/views.py [49ms]
2026-09-21 21:50:33.180 [info] > git check-ignore -v -z --stdin [3ms]
2026-09-21 21:51:05.746 [info] > git check-ignore -v -z --stdin [7ms]
2026-09-21 21:51:07.716 [info] > git config --get commit.template [29ms]
2026-09-21 21:51:07.717 [info] > git for-each-ref --format=%(refname)%00%(upstream:short)%00%(objectname)%00%(upstream:track)%00%(upstream:remotename)%00%(upstream:remoteref) refs/heads/main refs/remotes/main [3ms]
2026-09-21 21:51:07.773 [info] > git for-each-ref --sort -committerdate --format %(refname)%00%(objectname)%00%(*objectname) [5ms]
2026-09-21 21:51:07.878 [info] > git status -z -uall [142ms]
2026-09-21 21:51:08.301 [info] > git check-ignore -v -z --stdin [4ms]
2026-09-21 21:51:10.011 [info] > git check-ignore -v -z --stdin [7ms]
2026-09-21 21:51:11.773 [info] > git check-ignore -v -z --stdin [3ms]
2026-09-21 21:51:12.238 [info] > git check-ignore -v -z --stdin [5ms]
2026-09-21 21:51:12.953 [info] > git config --get commit.template [7ms]
2026-09-21 21:51:13.009 [info] > git for-each-ref --format=%(refname)%00%(upstream:short)%00%(objectname)%00%(upstream:track)%00%(upstream:remotename)%00%(upstream:remoteref) refs/heads/main refs/remotes/main [7ms]
2026-09-21 21:51:13.043 [info] > git for-each-ref --sort -committerdate --format %(refname)%00%(objectname)%00%(*objectname) [8ms]
2026-09-21 21:51:13.148 [info] > git status -z -uall [122ms]
2026-09-21 21:51:13.525 [info] > git check-ignore -v -z --stdin [5ms]
2026-09-21 21:51:15.454 [info] > git check-ignore -v -z --stdin [2ms]
2026-09-21 21:51:16.347 [info] > git check-ignore -v -z --stdin [4ms]
2026-09-21 21:51:17.988 [info] > git check-ignore -v -z --stdin [7ms]
2026-09-21 21:51:18.425 [info] > git config --get commit.template [22ms]
2026-09-21 21:51:18.502 [info] > git for-each-ref --format=%(refname)%00%(upstream:short)%00%(objectname)%00%(upstream:track)%00%(upstream:remotename)%00%(upstream:remoteref) refs/heads/main refs/remotes/main [14ms]
2026-09-21 21:51:18.639 [info] > git for-each-ref --sort -committerdate --format %(refname)%00%(objectname)%00%(*objectname) [14ms]
2026-09-21 21:51:18.868 [info] > git status -z -uall [292ms]
2026-09-21 21:51:19.292 [info] > git check-ignore -v -z --stdin [10ms]
2026-09-21 21:51:23.134 [info] > git check-ignore -v -z --stdin [10ms]
2026-09-21 21:51:23.374 [info] > git check-ignore -v -z --stdin [6ms]
2026-09-21 21:51:23.935 [info] > git config --get commit.template [28ms]
2026-09-21 21:51:23.937 [info] > git for-each-ref --format=%(refname)%00%(upstream:short)%00%(objectname)%00%(upstream:track)%00%(upstream:remotename)%00%(upstream:remoteref) refs/heads/main refs/remotes/main [4ms]
2026-09-21 21:51:24.021 [info] > git for-each-ref --sort -committerdate --format %(refname)%00%(objectname)%00%(*objectname) [6ms]
2026-09-21 21:51:24.137 [info] > git status -z -uall [145ms]
2026-09-21 21:51:24.847 [info] > git check-ignore -v -z --stdin [21ms]
2026-09-21 21:51:29.174 [info] > git config --get commit.template [6ms]
2026-09-21 21:51:29.202 [info] > git for-each-ref --format=%(refname)%00%(upstream:short)%00%(objectname)%00%(upstream:track)%00%(upstream:remotename)%00%(upstream:remoteref) refs/heads/main refs/remotes/main [7ms]
2026-09-21 21:51:29.275 [info] > git for-each-ref --sort -committerdate --format %(refname)%00%(objectname)%00%(*objectname) [4ms]
2026-09-21 21:51:29.364 [info] > git status -z -uall [137ms]
2026-09-21 21:51:29.783 [info] > git check-ignore -v -z --stdin [18ms]
2026-09-21 21:51:41.147 [info] > git check-ignore -v -z --stdin [2ms]
2026-09-21 21:51:41.404 [info] > git check-ignore -v -z --stdin [4ms]
2026-09-21 21:51:42.035 [info] > git check-ignore -v -z --stdin [20ms]
2026-09-21 21:51:42.499 [info] > git check-ignore -v -z --stdin [1ms]
2026-09-21 21:51:43.142 [info] > git check-ignore -v -z --stdin [6ms]
2026-09-21 21:51:43.567 [info] > git check-ignore -v -z --stdin [3ms]
2026-09-21 21:51:44.716 [info] > git check-ignore -v -z --stdin [7ms]
2026-09-21 21:51:45.489 [info] > git config --get commit.template [15ms]
2026-09-21 21:51:45.517 [info] > git for-each-ref --format=%(refname)%00%(upstream:short)%00%(objectname)%00%(upstream:track)%00%(upstream:remotename)%00%(upstream:remoteref) refs/heads/main refs/remotes/main [10ms]
2026-09-21 21:51:45.623 [info] > git for-each-ref --sort -committerdate --format %(refname)%00%(objectname)%00%(*objectname) [11ms]
2026-09-21 21:51:45.711 [info] > git status -z -uall [174ms]
2026-09-21 21:51:45.711 [info] > git check-ignore -v -z --stdin [5ms]
2026-09-21 21:51:46.328 [info] > git check-ignore -v -z --stdin [33ms]
2026-09-21 21:51:46.732 [info] > git check-ignore -v -z --stdin [23ms]
2026-09-21 21:51:47.091 [info] > git check-ignore -v -z --stdin [7ms]
2026-09-21 21:51:47.460 [info] > git check-ignore -v -z --stdin [18ms]
2026-09-21 21:51:50.804 [info] > git config --get commit.template [8ms]
2026-09-21 21:51:50.833 [info] > git for-each-ref --format=%(refname)%00%(upstream:short)%00%(objectname)%00%(upstream:track)%00%(upstream:remotename)%00%(upstream:remoteref) refs/heads/main refs/remotes/main [7ms]
2026-09-21 21:51:50.889 [info] > git for-each-ref --sort -committerdate --format %(refname)%00%(objectname)%00%(*objectname) [6ms]
2026-09-21 21:51:50.997 [info] > git status -z -uall [145ms]
2026-09-21 21:51:51.354 [info] > git check-ignore -v -z --stdin [5ms]
2026-09-21 21:51:59.946 [info] > git check-ignore -v -z --stdin [8ms]
2026-09-21 21:52:01.969 [info] > git config --get commit.template [3ms]
2026-09-21 21:52:02.011 [info] > git for-each-ref --format=%(refname)%00%(upstream:short)%00%(objectname)%00%(upstream:track)%00%(upstream:remotename)%00%(upstream:remoteref) refs/heads/main refs/remotes/main [3ms]
2026-09-21 21:52:02.146 [info] > git for-each-ref --sort -committerdate --format %(refname)%00%(objectname)%00%(*objectname) [46ms]
2026-09-21 21:52:02.213 [info] > git status -z -uall [185ms]
2026-09-21 21:52:02.605 [info] > git check-ignore -v -z --stdin [28ms]
2026-09-21 21:52:03.843 [info] > git check-ignore -v -z --stdin [12ms]
2026-09-21 21:52:04.223 [info] > git check-ignore -v -z --stdin [5ms]
2026-09-21 21:52:04.752 [info] > git check-ignore -v -z --stdin [5ms]
2026-09-21 21:52:04.952 [info] > git check-ignore -v -z --stdin [3ms]
2026-09-21 21:52:06.455 [info] > git check-ignore -v -z --stdin [14ms]
2026-09-21 21:52:06.937 [info] > git check-ignore -v -z --stdin [21ms]
2026-09-21 21:52:07.265 [info] > git config --get commit.template [4ms]
2026-09-21 21:52:07.294 [info] > git for-each-ref --format=%(refname)%00%(upstream:short)%00%(objectname)%00%(upstream:track)%00%(upstream:remotename)%00%(upstream:remoteref) refs/heads/main refs/remotes/main [7ms]
2026-09-21 21:52:07.350 [info] > git for-each-ref --sort -committerdate --format %(refname)%00%(objectname)%00%(*objectname) [11ms]
2026-09-21 21:52:07.560 [info] > git status -z -uall [240ms]
2026-09-21 21:52:08.153 [info] > git check-ignore -v -z --stdin [38ms]
2026-09-21 21:52:09.724 [info] > git check-ignore -v -z --stdin [3ms]
2026-09-21 21:52:11.589 [info] > git check-ignore -v -z --stdin [21ms]
2026-09-21 21:52:12.295 [info] > git check-ignore -v -z --stdin [31ms]
2026-09-21 21:52:12.503 [info] > git check-ignore -v -z --stdin [7ms]
2026-09-21 21:52:12.620 [info] > git config --get commit.template [7ms]
2026-09-21 21:52:12.661 [info] > git for-each-ref --format=%(refname)%00%(upstream:short)%00%(objectname)%00%(upstream:track)%00%(upstream:remotename)%00%(upstream:remoteref) refs/heads/main refs/remotes/main [28ms]
2026-09-21 21:52:12.785 [info] > git for-each-ref --sort -committerdate --format %(refname)%00%(objectname)%00%(*objectname) [57ms]
2026-09-21 21:52:12.790 [info] > git check-ignore -v -z --stdin [15ms]
2026-09-21 21:52:12.927 [info] > git status -z -uall [234ms]
2026-09-21 21:52:13.840 [info] > git check-ignore -v -z --stdin [17ms]
2026-09-21 21:52:17.976 [info] > git config --get commit.template [4ms]
2026-09-21 21:52:18.004 [info] > git for-each-ref --format=%(refname)%00%(upstream:short)%00%(objectname)%00%(upstream:track)%00%(upstream:remotename)%00%(upstream:remoteref) refs/heads/main refs/remotes/main [6ms]
2026-09-21 21:52:18.082 [info] > git for-each-ref --sort -committerdate --format %(refname)%00%(objectname)%00%(*objectname) [37ms]
2026-09-21 21:52:18.182 [info] > git status -z -uall [156ms]
2026-09-21 21:52:18.558 [info] > git check-ignore -v -z --stdin [5ms]
2026-09-21 21:52:26.270 [info] > git check-ignore -v -z --stdin [5ms]
2026-09-21 21:52:26.389 [info] > git check-ignore -v -z --stdin [11ms]
2026-09-21 21:52:27.181 [info] > git check-ignore -v -z --stdin [8ms]
2026-09-21 21:52:28.372 [info] > git check-ignore -v -z --stdin [5ms]
2026-09-21 21:52:28.708 [info] > git check-ignore -v -z --stdin [27ms]
2026-09-21 21:52:28.970 [info] > git check-ignore -v -z --stdin [5ms]
2026-09-21 21:52:29.140 [info] > git config --get commit.template [24ms]
2026-09-21 21:52:29.172 [info] > git for-each-ref --format=%(refname)%00%(upstream:short)%00%(objectname)%00%(upstream:track)%00%(upstream:remotename)%00%(upstream:remoteref) refs/heads/main refs/remotes/main [5ms]
2026-09-21 21:52:29.262 [info] > git for-each-ref --sort -committerdate --format %(refname)%00%(objectname)%00%(*objectname) [16ms]
2026-09-21 21:52:29.364 [info] > git status -z -uall [157ms]
2026-09-21 21:52:30.005 [info] > git check-ignore -v -z --stdin [5ms]
2026-09-21 21:52:31.363 [info] > git check-ignore -v -z --stdin [5ms]
2026-09-21 21:52:32.075 [info] > git check-ignore -v -z --stdin [12ms]
2026-09-21 21:52:32.872 [info] > git check-ignore -v -z --stdin [2ms]
2026-09-21 21:52:33.100 [info] > git check-ignore -v -z --stdin [4ms]
2026-09-21 21:52:33.680 [info] > git check-ignore -v -z --stdin [10ms]
2026-09-21 21:52:34.391 [info] > git config --get commit.template [3ms]
2026-09-21 21:52:34.413 [info] > git for-each-ref --format=%(refname)%00%(upstream:short)%00%(objectname)%00%(upstream:track)%00%(upstream:remotename)%00%(upstream:remoteref) refs/heads/main refs/remotes/main [4ms]
2026-09-21 21:52:34.467 [info] > git for-each-ref --sort -committerdate --format %(refname)%00%(objectname)%00%(*objectname) [10ms]
2026-09-21 21:52:34.563 [info] > git status -z -uall [131ms]
2026-09-21 21:52:34.949 [info] > git check-ignore -v -z --stdin [4ms]
2026-09-21 21:52:36.608 [info] > git check-ignore -v -z --stdin [6ms]
2026-09-21 21:52:37.182 [info] > git check-ignore -v -z --stdin [9ms]
2026-09-21 21:52:40.481 [info] > git config --get commit.template [31ms]
2026-09-21 21:52:40.513 [info] > git for-each-ref --format=%(refname)%00%(upstream:short)%00%(objectname)%00%(upstream:track)%00%(upstream:remotename)%00%(upstream:remoteref) refs/heads/main refs/remotes/main [13ms]
2026-09-21 21:52:40.592 [info] > git for-each-ref --sort -committerdate --format %(refname)%00%(objectname)%00%(*objectname) [12ms]
2026-09-21 21:52:40.671 [info] > git status -z -uall [112ms]
2026-09-21 21:52:41.028 [info] > git check-ignore -v -z --stdin [5ms]
2026-09-21 21:52:41.456 [info] > git check-ignore -v -z --stdin [3ms]
2026-09-21 21:52:42.106 [info] > git check-ignore -v -z --stdin [7ms]
2026-09-21 21:52:45.714 [info] > git config --get commit.template [4ms]
2026-09-21 21:52:45.759 [info] > git for-each-ref --format=%(refname)%00%(upstream:short)%00%(objectname)%00%(upstream:track)%00%(upstream:remotename)%00%(upstream:remoteref) refs/heads/main refs/remotes/main [30ms]
2026-09-21 21:52:45.852 [info] > git for-each-ref --sort -committerdate --format %(refname)%00%(objectname)%00%(*objectname) [17ms]
2026-09-21 21:52:45.966 [info] > git status -z -uall [190ms]
2026-09-21 21:52:46.369 [info] > git check-ignore -v -z --stdin [26ms]
2026-09-21 21:52:49.076 [info] > git check-ignore -v -z --stdin [4ms]
2026-09-21 21:52:49.336 [info] > git check-ignore -v -z --stdin [7ms]
2026-09-21 21:52:49.532 [info] > git check-ignore -v -z --stdin [3ms]
2026-09-21 21:52:50.923 [info] > git check-ignore -v -z --stdin [23ms]
2026-09-21 21:52:51.059 [info] > git config --get commit.template [9ms]
2026-09-21 21:52:51.074 [info] > git for-each-ref --format=%(refname)%00%(upstream:short)%00%(objectname)%00%(upstream:track)%00%(upstream:remotename)%00%(upstream:remoteref) refs/heads/main refs/remotes/main [6ms]
2026-09-21 21:52:51.172 [info] > git for-each-ref --sort -committerdate --format %(refname)%00%(objectname)%00%(*objectname) [50ms]
2026-09-21 21:52:51.292 [info] > git status -z -uall [188ms]
2026-09-21 21:52:51.795 [info] > git check-ignore -v -z --stdin [22ms]
2026-09-21 21:52:52.334 [info] > git check-ignore -v -z --stdin [26ms]
2026-09-21 21:52:52.750 [info] > git check-ignore -v -z --stdin [21ms]
2026-09-21 21:52:53.213 [info] > git check-ignore -v -z --stdin [90ms]
2026-09-21 21:52:54.600 [info] > git check-ignore -v -z --stdin [25ms]
2026-09-21 21:52:55.308 [info] > git check-ignore -v -z --stdin [13ms]
2026-09-21 21:52:55.530 [info] > git check-ignore -v -z --stdin [5ms]
2026-09-21 21:52:55.988 [info] > git check-ignore -v -z --stdin [2ms]
2026-09-21 21:52:56.339 [info] > git for-each-ref --format=%(refname)%00%(upstream:short)%00%(objectname)%00%(upstream:track)%00%(upstream:remotename)%00%(upstream:remoteref) refs/heads/main refs/remotes/main [1ms]
2026-09-21 21:52:56.346 [info] > git config --get commit.template [20ms]
2026-09-21 21:52:56.437 [info] > git for-each-ref --sort -committerdate --format %(refname)%00%(objectname)%00%(*objectname) [32ms]
2026-09-21 21:52:56.481 [info] > git status -z -uall [117ms]
2026-09-21 21:52:56.980 [info] > git check-ignore -v -z --stdin [10ms]
2026-09-21 21:52:57.518 [info] > git check-ignore -v -z --stdin [8ms]
2026-09-21 21:52:58.052 [info] > git check-ignore -v -z --stdin [5ms]
2026-09-21 21:53:01.597 [info] > git config --get commit.template [73ms]
2026-09-21 21:53:01.629 [info] > git for-each-ref --format=%(refname)%00%(upstream:short)%00%(objectname)%00%(upstream:track)%00%(upstream:remotename)%00%(upstream:remoteref) refs/heads/main refs/remotes/main [32ms]
2026-09-21 21:53:01.775 [info] > git for-each-ref --sort -committerdate --format %(refname)%00%(objectname)%00%(*objectname) [33ms]
2026-09-21 21:53:01.926 [info] > git status -z -uall [229ms]
2026-09-21 21:53:02.490 [info] > git check-ignore -v -z --stdin [4ms]
2026-09-21 21:53:03.424 [info] > git check-ignore -v -z --stdin [8ms]
2026-09-21 21:53:03.999 [info] > git check-ignore -v -z --stdin [33ms]
2026-09-21 21:53:04.378 [info] > git check-ignore -v -z --stdin [7ms]
2026-09-21 21:53:05.740 [info] > git check-ignore -v -z --stdin [0ms]
2026-09-21 21:53:06.710 [info] > git check-ignore -v -z --stdin [8ms]
2026-09-21 21:53:06.991 [info] > git config --get commit.template [23ms]
2026-09-21 21:53:07.053 [info] > git for-each-ref --format=%(refname)%00%(upstream:short)%00%(objectname)%00%(upstream:track)%00%(upstream:remotename)%00%(upstream:remoteref) refs/heads/main refs/remotes/main [28ms]
2026-09-21 21:53:07.204 [info] > git status -z -uall [64ms]
2026-09-21 21:53:07.204 [info] > git for-each-ref --sort -committerdate --format %(refname)%00%(objectname)%00%(*objectname) [37ms]
2026-09-21 21:53:07.230 [info] > git check-ignore -v -z --stdin [27ms]
2026-09-21 21:53:07.786 [info] > git check-ignore -v -z --stdin [10ms]
2026-09-21 21:53:08.260 [info] > git check-ignore -v -z --stdin [49ms]
2026-09-21 21:53:08.628 [info] > git check-ignore -v -z --stdin [21ms]
2026-09-21 21:53:08.868 [info] > git check-ignore -v -z --stdin [11ms]
2026-09-21 21:53:12.323 [info] > git config --get commit.template [45ms]
2026-09-21 21:53:12.330 [info] > git for-each-ref --format=%(refname)%00%(upstream:short)%00%(objectname)%00%(upstream:track)%00%(upstream:remotename)%00%(upstream:remoteref) refs/heads/main refs/remotes/main [9ms]
2026-09-21 21:53:12.361 [info] > git for-each-ref --sort -committerdate --format %(refname)%00%(objectname)%00%(*objectname) [7ms]
2026-09-21 21:53:12.483 [info] > git status -z -uall [141ms]
2026-09-21 21:53:13.622 [info] > git check-ignore -v -z --stdin [12ms]
2026-09-21 21:53:13.952 [info] > git check-ignore -v -z --stdin [3ms]
2026-09-21 21:53:15.206 [info] > git check-ignore -v -z --stdin [3ms]
2026-09-21 21:53:15.461 [info] > git check-ignore -v -z --stdin [13ms]
2026-09-21 21:53:15.811 [info] > git check-ignore -v -z --stdin [2ms]
2026-09-21 21:53:16.279 [info] > git check-ignore -v -z --stdin [13ms]
2026-09-21 21:53:17.532 [info] > git config --get commit.template [12ms]
2026-09-21 21:53:17.534 [info] > git for-each-ref --format=%(refname)%00%(upstream:short)%00%(objectname)%00%(upstream:track)%00%(upstream:remotename)%00%(upstream:remoteref) refs/heads/main refs/remotes/main [4ms]
2026-09-21 21:53:17.611 [info] > git for-each-ref --sort -committerdate --format %(refname)%00%(objectname)%00%(*objectname) [5ms]
2026-09-21 21:53:17.689 [info] > git status -z -uall [144ms]
2026-09-21 21:53:18.395 [info] > git check-ignore -v -z --stdin [11ms]
2026-09-21 21:53:21.135 [info] > git check-ignore -v -z --stdin [15ms]
2026-09-21 21:53:21.786 [info] > git check-ignore -v -z --stdin [15ms]
2026-09-21 21:53:22.854 [info] > git config --get commit.template [51ms]
2026-09-21 21:53:22.935 [info] > git for-each-ref --format=%(refname)%00%(upstream:short)%00%(objectname)%00%(upstream:track)%00%(upstream:remotename)%00%(upstream:remoteref) refs/heads/main refs/remotes/main [39ms]
2026-09-21 21:53:23.035 [info] > git for-each-ref --sort -committerdate --format %(refname)%00%(objectname)%00%(*objectname) [29ms]
2026-09-21 21:53:23.091 [info] > git status -z -uall [131ms]
2026-09-21 21:53:23.091 [info] > git check-ignore -v -z --stdin [3ms]
2026-09-21 21:53:23.514 [info] > git check-ignore -v -z --stdin [4ms]
2026-09-21 21:53:28.225 [info] > git config --get commit.template [54ms]
2026-09-21 21:53:28.306 [info] > git for-each-ref --format=%(refname)%00%(upstream:short)%00%(objectname)%00%(upstream:track)%00%(upstream:remotename)%00%(upstream:remoteref) refs/heads/main refs/remotes/main [84ms]
2026-09-21 21:53:28.434 [info] > git for-each-ref --sort -committerdate --format %(refname)%00%(objectname)%00%(*objectname) [10ms]
2026-09-21 21:53:28.540 [info] > git status -z -uall [144ms]
2026-09-21 21:53:28.893 [info] > git check-ignore -v -z --stdin [2ms]
2026-09-21 21:53:30.909 [info] > git check-ignore -v -z --stdin [15ms]
2026-09-21 21:53:31.013 [info] > git show --textconv :OrientationApp/templates/Orientation.html [28ms]
2026-09-21 21:53:31.024 [info] > git ls-files --stage -- OrientationApp/templates/Orientation.html [15ms]
2026-09-21 21:53:31.060 [info] > git cat-file -s fa33b7b86b712c0b4e070d233ea2a8b01e8bc897 [12ms]
2026-09-21 21:55:12.280 [info] > git check-ignore -v -z --stdin [5ms]
2026-09-21 21:55:12.600 [info] > git check-ignore -v -z --stdin [12ms]
2026-09-21 21:55:13.166 [info] > git check-ignore -v -z --stdin [2ms]
2026-09-21 21:55:15.014 [info] > git config --get commit.template [4ms]
2026-09-21 21:55:15.044 [info] > git for-each-ref --format=%(refname)%00%(upstream:short)%00%(objectname)%00%(upstream:track)%00%(upstream:remotename)%00%(upstream:remoteref) refs/heads/main refs/remotes/main [4ms]
2026-09-21 21:55:15.157 [info] > git for-each-ref --sort -committerdate --format %(refname)%00%(objectname)%00%(*objectname) [13ms]
2026-09-21 21:55:15.242 [info] > git status -z -uall [163ms]
2026-09-21 21:55:15.594 [info] > git check-ignore -v -z --stdin [11ms]
2026-09-21 21:59:12.128 [info] > git config --get commit.template [3ms]
2026-09-21 21:59:12.159 [info] > git for-each-ref --format=%(refname)%00%(upstream:short)%00%(objectname)%00%(upstream:track)%00%(upstream:remotename)%00%(upstream:remoteref) refs/heads/main refs/remotes/main [9ms]
2026-09-21 21:59:12.246 [info] > git for-each-ref --sort -committerdate --format %(refname)%00%(objectname)%00%(*objectname) [8ms]
2026-09-21 21:59:12.287 [info] > git status -z -uall [88ms]
2026-09-21 21:59:12.690 [info] > git check-ignore -v -z --stdin [4ms]
2026-09-21 21:59:16.203 [info] > git check-ignore -v -z --stdin [2ms]
2026-09-21 21:59:16.291 [info] > git show --textconv :SOA/settings.py [21ms]
2026-09-21 21:59:16.293 [info] > git ls-files --stage -- SOA/settings.py [3ms]
2026-09-21 21:59:16.314 [info] > git cat-file -s 79a964b07cdab7dfa0e81ef31c03d4cd5c886e3b [2ms]
2026-09-21 21:59:16.569 [info] > git blame --root --incremental 90841d655b2c8e02c2bc01ace69fbba235d271b4 -- SOA/settings.py [13ms]
2026-09-21 21:59:17.392 [info] > git config --get commit.template [44ms]
2026-09-21 21:59:17.396 [info] > git for-each-ref --format=%(refname)%00%(upstream:short)%00%(objectname)%00%(upstream:track)%00%(upstream:remotename)%00%(upstream:remoteref) refs/heads/main refs/remotes/main [5ms]
2026-09-21 21:59:17.480 [info] > git for-each-ref --sort -committerdate --format %(refname)%00%(objectname)%00%(*objectname) [30ms]
2026-09-21 21:59:17.518 [info] > git status -z -uall [95ms]
2026-09-21 21:59:17.889 [info] > git check-ignore -v -z --stdin [14ms]
2026-09-21 21:59:19.707 [info] > git check-ignore -v -z --stdin [8ms]
2026-09-21 21:59:19.805 [info] > git show --textconv :OrientationApp/views.py [23ms]
2026-09-21 21:59:19.816 [info] > git ls-files --stage -- OrientationApp/views.py [11ms]
2026-09-21 21:59:19.833 [info] > git cat-file -s e6930d2b0751dcea56f287b58b13d3ad276e2842 [4ms]
2026-09-21 22:00:15.471 [info] > git check-ignore -v -z --stdin [1ms]
2026-09-21 22:00:17.430 [info] > git config --get commit.template [26ms]
2026-09-21 22:00:17.436 [info] > git for-each-ref --format=%(refname)%00%(upstream:short)%00%(objectname)%00%(upstream:track)%00%(upstream:remotename)%00%(upstream:remoteref) refs/heads/main refs/remotes/main [11ms]
2026-09-21 22:00:17.557 [info] > git for-each-ref --sort -committerdate --format %(refname)%00%(objectname)%00%(*objectname) [24ms]
2026-09-21 22:00:17.684 [info] > git status -z -uall [207ms]
2026-09-21 22:00:18.296 [info] > git check-ignore -v -z --stdin [27ms]
2026-09-21 22:00:22.749 [info] > git config --get commit.template [15ms]
2026-09-21 22:00:22.757 [info] > git for-each-ref --format=%(refname)%00%(upstream:short)%00%(objectname)%00%(upstream:track)%00%(upstream:remotename)%00%(upstream:remoteref) refs/heads/main refs/remotes/main [9ms]
2026-09-21 22:00:22.797 [info] > git for-each-ref --sort -committerdate --format %(refname)%00%(objectname)%00%(*objectname) [4ms]
2026-09-21 22:00:22.884 [info] > git status -z -uall [101ms]
2026-09-21 22:00:23.229 [info] > git check-ignore -v -z --stdin [5ms]
2026-09-21 22:02:11.037 [info] > git check-ignore -v -z --stdin [9ms]
2026-09-21 22:02:12.373 [info] > git check-ignore -v -z --stdin [11ms]
2026-09-21 22:02:12.894 [info] > git config --get commit.template [5ms]
2026-09-21 22:02:12.917 [info] > git for-each-ref --format=%(refname)%00%(upstream:short)%00%(objectname)%00%(upstream:track)%00%(upstream:remotename)%00%(upstream:remoteref) refs/heads/main refs/remotes/main [3ms]
2026-09-21 22:02:13.024 [info] > git check-ignore -v -z --stdin [49ms]
2026-09-21 22:02:13.026 [info] > git status -z -uall [73ms]
2026-09-21 22:02:13.026 [info] > git for-each-ref --sort -committerdate --format %(refname)%00%(objectname)%00%(*objectname) [62ms]
2026-09-21 22:02:13.120 [info] > git check-ignore -v -z --stdin [12ms]
2026-09-21 22:02:13.402 [info] > git check-ignore -v -z --stdin [32ms]
2026-09-21 22:02:13.853 [info] > git check-ignore -v -z --stdin [2ms]
2026-09-21 22:02:14.544 [info] > git check-ignore -v -z --stdin [4ms]
2026-09-21 22:02:14.782 [info] > git check-ignore -v -z --stdin [12ms]
2026-09-21 22:02:15.530 [info] > git check-ignore -v -z --stdin [7ms]
2026-09-21 22:02:18.156 [info] > git config --get commit.template [40ms]
2026-09-21 22:02:18.160 [info] > git for-each-ref --format=%(refname)%00%(upstream:short)%00%(objectname)%00%(upstream:track)%00%(upstream:remotename)%00%(upstream:remoteref) refs/heads/main refs/remotes/main [8ms]
2026-09-21 22:02:18.260 [info] > git for-each-ref --sort -committerdate --format %(refname)%00%(objectname)%00%(*objectname) [17ms]
2026-09-21 22:02:18.382 [info] > git status -z -uall [188ms]
2026-09-21 22:02:18.825 [info] > git check-ignore -v -z --stdin [2ms]
2026-09-21 22:02:23.455 [info] > git config --get commit.template [31ms]
2026-09-21 22:02:23.488 [info] > git for-each-ref --format=%(refname)%00%(upstream:short)%00%(objectname)%00%(upstream:track)%00%(upstream:remotename)%00%(upstream:remoteref) refs/heads/main refs/remotes/main [37ms]
2026-09-21 22:02:23.538 [info] > git for-each-ref --sort -committerdate --format %(refname)%00%(objectname)%00%(*objectname) [3ms]
2026-09-21 22:02:23.642 [info] > git status -z -uall [128ms]
2026-09-21 22:02:24.008 [info] > git check-ignore -v -z --stdin [7ms]
2026-09-21 22:02:31.340 [info] > git config --get commit.template [10ms]
2026-09-21 22:02:31.374 [info] > git for-each-ref --format=%(refname)%00%(upstream:short)%00%(objectname)%00%(upstream:track)%00%(upstream:remotename)%00%(upstream:remoteref) refs/heads/main refs/remotes/main [8ms]
2026-09-21 22:02:31.462 [info] > git for-each-ref --sort -committerdate --format %(refname)%00%(objectname)%00%(*objectname) [8ms]
2026-09-21 22:02:31.583 [info] > git status -z -uall [175ms]
2026-09-21 22:02:31.942 [info] > git check-ignore -v -z --stdin [5ms]
2026-09-21 22:02:41.228 [info] > git config --get commit.template [17ms]
2026-09-21 22:02:41.233 [info] > git for-each-ref --format=%(refname)%00%(upstream:short)%00%(objectname)%00%(upstream:track)%00%(upstream:remotename)%00%(upstream:remoteref) refs/heads/main refs/remotes/main [6ms]
2026-09-21 22:02:41.268 [info] > git for-each-ref --sort -committerdate --format %(refname)%00%(objectname)%00%(*objectname) [6ms]
2026-09-21 22:02:41.382 [info] > git status -z -uall [133ms]
2026-09-21 22:02:41.711 [info] > git check-ignore -v -z --stdin [4ms]
2026-09-21 22:02:56.113 [info] > git config --get commit.template [11ms]
2026-09-21 22:02:56.115 [info] > git for-each-ref --format=%(refname)%00%(upstream:short)%00%(objectname)%00%(upstream:track)%00%(upstream:remotename)%00%(upstream:remoteref) refs/heads/main refs/remotes/main [4ms]
2026-09-21 22:02:56.145 [info] > git for-each-ref --sort -committerdate --format %(refname)%00%(objectname)%00%(*objectname) [5ms]
2026-09-21 22:02:56.254 [info] > git status -z -uall [125ms]
2026-09-21 22:02:56.593 [info] > git check-ignore -v -z --stdin [4ms]
2026-09-21 22:05:20.340 [info] > git check-ignore -v -z --stdin [14ms]
2026-09-21 22:05:20.484 [info] > git show --textconv :OrientationApp/templates/Orientation.html [24ms]
2026-09-21 22:05:20.487 [info] > git ls-files --stage -- OrientationApp/templates/Orientation.html [4ms]
2026-09-21 22:05:20.510 [info] > git cat-file -s fa33b7b86b712c0b4e070d233ea2a8b01e8bc897 [6ms]
2026-09-21 22:05:25.501 [info] > git check-ignore -v -z --stdin [6ms]
2026-09-21 22:05:25.571 [info] > git show --textconv :SOA/settings.py [32ms]
2026-09-21 22:05:25.580 [info] > git ls-files --stage -- SOA/settings.py [9ms]
2026-09-21 22:05:25.617 [info] > git cat-file -s 79a964b07cdab7dfa0e81ef31c03d4cd5c886e3b [25ms]
2026-09-21 22:05:27.808 [info] > git check-ignore -v -z --stdin [14ms]
2026-09-21 22:05:27.854 [info] > git show --textconv :OrientationApp/views.py [14ms]
2026-09-21 22:05:27.877 [info] > git ls-files --stage -- OrientationApp/views.py [24ms]
2026-09-21 22:05:27.895 [info] > git cat-file -s e6930d2b0751dcea56f287b58b13d3ad276e2842 [1ms]
2026-09-21 22:06:41.709 [info] > git check-ignore -v -z --stdin [7ms]
2026-09-21 22:06:41.898 [info] > git show --textconv :OrientationApp/templates/Orientation.html [25ms]
2026-09-21 22:06:41.900 [info] > git ls-files --stage -- OrientationApp/templates/Orientation.html [7ms]
2026-09-21 22:06:41.924 [info] > git cat-file -s fa33b7b86b712c0b4e070d233ea2a8b01e8bc897 [1ms]
2026-09-21 22:06:46.252 [info] > git check-ignore -v -z --stdin [3ms]
2026-09-21 22:06:47.024 [info] > git check-ignore -v -z --stdin [3ms]
2026-09-21 22:06:47.605 [info] > git check-ignore -v -z --stdin [2ms]
2026-09-21 22:06:48.141 [info] > git check-ignore -v -z --stdin [15ms]
2026-09-21 22:06:48.508 [info] > git check-ignore -v -z --stdin [3ms]
2026-09-21 22:06:48.854 [info] > git check-ignore -v -z --stdin [2ms]
2026-09-21 22:06:49.451 [info] > git check-ignore -v -z --stdin [2ms]
2026-09-21 22:06:50.803 [info] > git check-ignore -v -z --stdin [3ms]
2026-09-21 22:06:51.366 [info] > git config --get commit.template [8ms]
2026-09-21 22:06:51.385 [info] > git for-each-ref --format=%(refname)%00%(upstream:short)%00%(objectname)%00%(upstream:track)%00%(upstream:remotename)%00%(upstream:remoteref) refs/heads/main refs/remotes/main [4ms]
2026-09-21 22:06:51.437 [info] > git for-each-ref --sort -committerdate --format %(refname)%00%(objectname)%00%(*objectname) [18ms]
2026-09-21 22:06:51.534 [info] > git status -z -uall [131ms]
2026-09-21 22:06:51.564 [info] > git check-ignore -v -z --stdin [3ms]
2026-09-21 22:06:51.882 [info] > git check-ignore -v -z --stdin [6ms]
2026-09-21 22:06:54.946 [info] > git check-ignore -v -z --stdin [10ms]
2026-09-21 22:06:56.567 [info] > git config --get commit.template [6ms]
2026-09-21 22:06:56.591 [info] > git for-each-ref --format=%(refname)%00%(upstream:short)%00%(objectname)%00%(upstream:track)%00%(upstream:remotename)%00%(upstream:remoteref) refs/heads/main refs/remotes/main [8ms]
2026-09-21 22:06:56.669 [info] > git for-each-ref --sort -committerdate --format %(refname)%00%(objectname)%00%(*objectname) [13ms]
2026-09-21 22:06:56.756 [info] > git status -z -uall [134ms]
2026-09-21 22:06:56.883 [info] > git check-ignore -v -z --stdin [16ms]
2026-09-21 22:06:57.291 [info] > git check-ignore -v -z --stdin [4ms]
2026-09-21 22:06:59.004 [info] > git check-ignore -v -z --stdin [6ms]
2026-09-21 22:06:59.247 [info] > git check-ignore -v -z --stdin [2ms]
2026-09-21 22:06:59.696 [info] > git check-ignore -v -z --stdin [4ms]
2026-09-21 22:06:59.938 [info] > git check-ignore -v -z --stdin [10ms]
2026-09-21 22:07:00.363 [info] > git check-ignore -v -z --stdin [3ms]
2026-09-21 22:07:01.784 [info] > git config --get commit.template [6ms]
2026-09-21 22:07:01.810 [info] > git for-each-ref --format=%(refname)%00%(upstream:short)%00%(objectname)%00%(upstream:track)%00%(upstream:remotename)%00%(upstream:remoteref) refs/heads/main refs/remotes/main [11ms]
2026-09-21 22:07:01.856 [info] > git for-each-ref --sort -committerdate --format %(refname)%00%(objectname)%00%(*objectname) [7ms]
2026-09-21 22:07:01.966 [info] > git status -z -uall [137ms]
2026-09-21 22:07:02.315 [info] > git check-ignore -v -z --stdin [3ms]
2026-09-21 22:07:07.080 [info] > git config --get commit.template [53ms]
2026-09-21 22:07:07.081 [info] > git for-each-ref --format=%(refname)%00%(upstream:short)%00%(objectname)%00%(upstream:track)%00%(upstream:remotename)%00%(upstream:remoteref) refs/heads/main refs/remotes/main [10ms]
2026-09-21 22:07:07.189 [info] > git for-each-ref --sort -committerdate --format %(refname)%00%(objectname)%00%(*objectname) [15ms]
2026-09-21 22:07:07.373 [info] > git status -z -uall [247ms]
2026-09-21 22:07:07.782 [info] > git check-ignore -v -z --stdin [6ms]
2026-09-21 22:07:16.667 [info] > git config --get commit.template [5ms]
2026-09-21 22:07:16.697 [info] > git for-each-ref --format=%(refname)%00%(upstream:short)%00%(objectname)%00%(upstream:track)%00%(upstream:remotename)%00%(upstream:remoteref) refs/heads/main refs/remotes/main [5ms]
2026-09-21 22:07:16.749 [info] > git for-each-ref --sort -committerdate --format %(refname)%00%(objectname)%00%(*objectname) [6ms]
2026-09-21 22:07:16.920 [info] > git status -z -uall [201ms]
2026-09-21 22:07:17.364 [info] > git check-ignore -v -z --stdin [5ms]
2026-09-21 22:07:53.184 [info] > git config --get commit.template [48ms]
2026-09-21 22:07:53.188 [info] > git for-each-ref --format=%(refname)%00%(upstream:short)%00%(objectname)%00%(upstream:track)%00%(upstream:remotename)%00%(upstream:remoteref) refs/heads/main refs/remotes/main [13ms]
2026-09-21 22:07:53.286 [info] > git for-each-ref --sort -committerdate --format %(refname)%00%(objectname)%00%(*objectname) [9ms]
2026-09-21 22:07:53.356 [info] > git status -z -uall [119ms]
2026-09-21 22:07:53.714 [info] > git check-ignore -v -z --stdin [2ms]
2026-09-21 22:09:02.600 [info] > git check-ignore -v -z --stdin [3ms]
2026-09-21 22:09:03.457 [info] > git check-ignore -v -z --stdin [1ms]
2026-09-21 22:09:04.863 [info] > git config --get commit.template [29ms]
2026-09-21 22:09:04.866 [info] > git for-each-ref --format=%(refname)%00%(upstream:short)%00%(objectname)%00%(upstream:track)%00%(upstream:remotename)%00%(upstream:remoteref) refs/heads/main refs/remotes/main [6ms]
2026-09-21 22:09:04.917 [info] > git for-each-ref --sort -committerdate --format %(refname)%00%(objectname)%00%(*objectname) [2ms]
2026-09-21 22:09:04.987 [info] > git status -z -uall [97ms]
2026-09-21 22:09:05.310 [info] > git check-ignore -v -z --stdin [3ms]
2026-09-21 22:09:26.357 [info] > git config --get commit.template [17ms]
2026-09-21 22:09:26.361 [info] > git for-each-ref --format=%(refname)%00%(upstream:short)%00%(objectname)%00%(upstream:track)%00%(upstream:remotename)%00%(upstream:remoteref) refs/heads/main refs/remotes/main [5ms]
2026-09-21 22:09:26.414 [info] > git for-each-ref --sort -committerdate --format %(refname)%00%(objectname)%00%(*objectname) [3ms]
2026-09-21 22:09:26.489 [info] > git status -z -uall [98ms]
2026-09-21 22:09:26.813 [info] > git check-ignore -v -z --stdin [4ms]
2026-09-21 22:09:36.224 [info] > git check-ignore -v -z --stdin [4ms]
2026-09-21 22:09:36.316 [info] > git show --textconv :OrientationApp/views.py [36ms]
2026-09-21 22:09:36.347 [info] > git ls-files --stage -- OrientationApp/views.py [35ms]
2026-09-21 22:09:36.429 [info] > git cat-file -s e6930d2b0751dcea56f287b58b13d3ad276e2842 [23ms]
2026-09-21 22:12:15.189 [info] > git check-ignore -v -z --stdin [8ms]
2026-09-21 22:12:15.456 [info] > git show --textconv :OrientationApp/templates/Orientation.html [26ms]
2026-09-21 22:12:15.457 [info] > git ls-files --stage -- OrientationApp/templates/Orientation.html [9ms]
2026-09-21 22:12:15.492 [info] > git cat-file -s fa33b7b86b712c0b4e070d233ea2a8b01e8bc897 [3ms]
2026-09-21 22:14:00.252 [info] > git check-ignore -v -z --stdin [4ms]
2026-09-21 22:14:00.327 [info] > git show --textconv :OrientationApp/views.py [37ms]
2026-09-21 22:14:00.332 [info] > git ls-files --stage -- OrientationApp/views.py [9ms]
2026-09-21 22:14:00.366 [info] > git cat-file -s e6930d2b0751dcea56f287b58b13d3ad276e2842 [6ms]
2026-09-21 22:14:08.155 [info] > git check-ignore -v -z --stdin [2ms]
2026-09-21 22:14:09.555 [info] > git check-ignore -v -z --stdin [7ms]
2026-09-21 22:14:10.022 [info] > git check-ignore -v -z --stdin [13ms]
2026-09-21 22:14:10.106 [info] > git config --get commit.template [41ms]
2026-09-21 22:14:10.107 [info] > git for-each-ref --format=%(refname)%00%(upstream:short)%00%(objectname)%00%(upstream:track)%00%(upstream:remotename)%00%(upstream:remoteref) refs/heads/main refs/remotes/main [2ms]
2026-09-21 22:14:10.147 [info] > git for-each-ref --sort -committerdate --format %(refname)%00%(objectname)%00%(*objectname) [5ms]
2026-09-21 22:14:10.223 [info] > git check-ignore -v -z --stdin [2ms]
2026-09-21 22:14:10.239 [info] > git status -z -uall [110ms]
2026-09-21 22:14:10.803 [info] > git check-ignore -v -z --stdin [13ms]
2026-09-21 22:14:12.141 [info] > git check-ignore -v -z --stdin [11ms]
2026-09-21 22:14:13.901 [info] > git check-ignore -v -z --stdin [13ms]
2026-09-21 22:14:14.076 [info] > git check-ignore -v -z --stdin [4ms]
2026-09-21 22:14:14.534 [info] > git check-ignore -v -z --stdin [18ms]
2026-09-21 22:14:15.197 [info] > git check-ignore -v -z --stdin [3ms]
2026-09-21 22:14:15.255 [info] > git config --get commit.template [4ms]
2026-09-21 22:14:15.274 [info] > git for-each-ref --format=%(refname)%00%(upstream:short)%00%(objectname)%00%(upstream:track)%00%(upstream:remotename)%00%(upstream:remoteref) refs/heads/main refs/remotes/main [3ms]
2026-09-21 22:14:15.315 [info] > git for-each-ref --sort -committerdate --format %(refname)%00%(objectname)%00%(*objectname) [5ms]
2026-09-21 22:14:15.392 [info] > git status -z -uall [90ms]
2026-09-21 22:14:15.743 [info] > git check-ignore -v -z --stdin [4ms]
2026-09-21 22:14:33.271 [info] > git check-ignore -v -z --stdin [3ms]
2026-09-21 22:14:33.565 [info] > git check-ignore -v -z --stdin [3ms]
2026-09-21 22:14:33.978 [info] > git check-ignore -v -z --stdin [4ms]
2026-09-21 22:14:34.462 [info] > git check-ignore -v -z --stdin [3ms]
2026-09-21 22:14:36.364 [info] > git check-ignore -v -z --stdin [5ms]
2026-09-21 22:14:36.954 [info] > git check-ignore -v -z --stdin [2ms]
2026-09-21 22:14:38.366 [info] > git check-ignore -v -z --stdin [6ms]
2026-09-21 22:14:38.869 [info] > git check-ignore -v -z --stdin [7ms]
2026-09-21 22:14:39.321 [info] > git check-ignore -v -z --stdin [4ms]
2026-09-21 22:14:40.057 [info] > git check-ignore -v -z --stdin [3ms]
2026-09-21 22:14:40.305 [info] > git check-ignore -v -z --stdin [4ms]
2026-09-21 22:14:42.881 [info] > git check-ignore -v -z --stdin [11ms]
2026-09-21 22:14:42.939 [info] > git show --textconv :OrientationApp/templates/Orientation.html [17ms]
2026-09-21 22:14:42.939 [info] > git ls-files --stage -- OrientationApp/templates/Orientation.html [1ms]
2026-09-21 22:14:42.948 [info] > git cat-file -s fa33b7b86b712c0b4e070d233ea2a8b01e8bc897 [0ms]
2026-09-21 22:14:47.189 [info] > git check-ignore -v -z --stdin [2ms]
2026-09-21 22:14:47.887 [info] > git check-ignore -v -z --stdin [4ms]
2026-09-21 22:14:49.592 [info] > git check-ignore -v -z --stdin [2ms]
2026-09-21 22:14:50.279 [info] > git check-ignore -v -z --stdin [4ms]
2026-09-21 22:14:55.342 [info] > git check-ignore -v -z --stdin [2ms]
2026-09-21 22:14:55.415 [info] > git show --textconv :OrientationApp/views.py [43ms]
2026-09-21 22:14:55.421 [info] > git ls-files --stage -- OrientationApp/views.py [14ms]
2026-09-21 22:14:55.467 [info] > git cat-file -s e6930d2b0751dcea56f287b58b13d3ad276e2842 [11ms]
2026-09-21 22:17:18.378 [info] > git config --get commit.template [16ms]
2026-09-21 22:17:18.381 [info] > git for-each-ref --format=%(refname)%00%(upstream:short)%00%(objectname)%00%(upstream:track)%00%(upstream:remotename)%00%(upstream:remoteref) refs/heads/main refs/remotes/main [4ms]
2026-09-21 22:17:18.446 [info] > git for-each-ref --sort -committerdate --format %(refname)%00%(objectname)%00%(*objectname) [6ms]
2026-09-21 22:17:18.575 [info] > git status -z -uall [145ms]
2026-09-21 22:17:19.070 [info] > git check-ignore -v -z --stdin [2ms]
2026-09-21 22:17:21.908 [info] > git check-ignore -v -z --stdin [3ms]
2026-09-21 22:17:22.005 [info] > git show --textconv :OrientationApp/templates/Orientation.html [29ms]
2026-09-21 22:17:22.023 [info] > git ls-files --stage -- OrientationApp/templates/Orientation.html [20ms]
2026-09-21 22:17:22.046 [info] > git cat-file -s fa33b7b86b712c0b4e070d233ea2a8b01e8bc897 [7ms]
2026-09-21 22:17:23.608 [info] > git config --get commit.template [9ms]
2026-09-21 22:17:23.630 [info] > git for-each-ref --format=%(refname)%00%(upstream:short)%00%(objectname)%00%(upstream:track)%00%(upstream:remotename)%00%(upstream:remoteref) refs/heads/main refs/remotes/main [5ms]
2026-09-21 22:17:23.693 [info] > git for-each-ref --sort -committerdate --format %(refname)%00%(objectname)%00%(*objectname) [17ms]
2026-09-21 22:17:23.756 [info] > git status -z -uall [99ms]
2026-09-21 22:17:24.121 [info] > git check-ignore -v -z --stdin [2ms]
2026-09-21 22:17:25.596 [info] > git check-ignore -v -z --stdin [6ms]
2026-09-21 22:17:25.736 [info] > git ls-files --stage -- SOA/settings.py [4ms]
2026-09-21 22:17:25.748 [info] > git show --textconv :SOA/settings.py [42ms]
2026-09-21 22:17:25.760 [info] > git cat-file -s 79a964b07cdab7dfa0e81ef31c03d4cd5c886e3b [13ms]
2026-09-21 22:17:28.724 [info] > git check-ignore -v -z --stdin [24ms]
2026-09-21 22:17:28.849 [info] > git show --textconv :OrientationApp/templates/Orientation.html [24ms]
2026-09-21 22:17:28.871 [info] > git ls-files --stage -- OrientationApp/templates/Orientation.html [23ms]
2026-09-21 22:17:28.908 [info] > git cat-file -s fa33b7b86b712c0b4e070d233ea2a8b01e8bc897 [14ms]
2026-09-21 22:17:31.547 [info] > git check-ignore -v -z --stdin [7ms]
2026-09-21 22:17:31.606 [info] > git show --textconv :OrientationApp/views.py [17ms]
2026-09-21 22:17:31.611 [info] > git ls-files --stage -- OrientationApp/views.py [6ms]
2026-09-21 22:17:31.662 [info] > git cat-file -s e6930d2b0751dcea56f287b58b13d3ad276e2842 [34ms]
2026-09-21 22:17:35.978 [info] > git config --get commit.template [5ms]
2026-09-21 22:17:36.010 [info] > git for-each-ref --format=%(refname)%00%(upstream:short)%00%(objectname)%00%(upstream:track)%00%(upstream:remotename)%00%(upstream:remoteref) refs/heads/main refs/remotes/main [4ms]
2026-09-21 22:17:36.104 [info] > git for-each-ref --sort -committerdate --format %(refname)%00%(objectname)%00%(*objectname) [8ms]
2026-09-21 22:17:36.176 [info] > git status -z -uall [126ms]
2026-09-21 22:17:36.519 [info] > git check-ignore -v -z --stdin [4ms]
2026-09-22 17:36:10.872 [info] > git check-ignore -v -z --stdin [6ms]
2026-09-22 17:36:12.769 [info] > git config --get commit.template [2ms]
2026-09-22 17:36:12.782 [info] > git for-each-ref --format=%(refname)%00%(upstream:short)%00%(objectname)%00%(upstream:track)%00%(upstream:remotename)%00%(upstream:remoteref) refs/heads/main refs/remotes/main [4ms]
2026-09-22 17:36:12.852 [info] > git for-each-ref --sort -committerdate --format %(refname)%00%(objectname)%00%(*objectname) [32ms]
2026-09-22 17:36:12.953 [info] > git status -z -uall [159ms]
2026-09-22 17:36:13.457 [info] > git check-ignore -v -z --stdin [10ms]
2026-09-22 17:36:17.987 [info] > git config --get commit.template [17ms]
2026-09-22 17:36:17.988 [info] > git for-each-ref --format=%(refname)%00%(upstream:short)%00%(objectname)%00%(upstream:track)%00%(upstream:remotename)%00%(upstream:remoteref) refs/heads/main refs/remotes/main [2ms]
2026-09-22 17:36:18.039 [info] > git for-each-ref --sort -committerdate --format %(refname)%00%(objectname)%00%(*objectname) [4ms]
2026-09-22 17:36:18.087 [info] > git status -z -uall [78ms]
2026-09-22 17:36:18.406 [info] > git check-ignore -v -z --stdin [2ms]
2026-09-22 17:43:24.527 [info] > git check-ignore -v -z --stdin [3ms]
2026-09-22 17:43:25.428 [info] > git check-ignore -v -z --stdin [3ms]
2026-09-22 17:43:25.638 [info] > git check-ignore -v -z --stdin [2ms]
2026-09-22 17:43:27.566 [info] > git config --get commit.template [27ms]
2026-09-22 17:43:27.567 [info] > git for-each-ref --format=%(refname)%00%(upstream:short)%00%(objectname)%00%(upstream:track)%00%(upstream:remotename)%00%(upstream:remoteref) refs/heads/main refs/remotes/main [3ms]
2026-09-22 17:43:27.603 [info] > git for-each-ref --sort -committerdate --format %(refname)%00%(objectname)%00%(*objectname) [2ms]
2026-09-22 17:43:27.715 [info] > git status -z -uall [128ms]
2026-09-22 17:43:28.302 [info] > git check-ignore -v -z --stdin [14ms]
2026-09-22 17:43:28.769 [info] > git check-ignore -v -z --stdin [4ms]
2026-09-22 17:43:29.118 [info] > git check-ignore -v -z --stdin [2ms]
2026-09-22 17:43:32.358 [info] > git check-ignore -v -z --stdin [2ms]
2026-09-22 17:43:32.752 [info] > git config --get commit.template [16ms]
2026-09-22 17:43:32.753 [info] > git for-each-ref --format=%(refname)%00%(upstream:short)%00%(objectname)%00%(upstream:track)%00%(upstream:remotename)%00%(upstream:remoteref) refs/heads/main refs/remotes/main [3ms]
2026-09-22 17:43:32.779 [info] > git for-each-ref --sort -committerdate --format %(refname)%00%(objectname)%00%(*objectname) [2ms]
2026-09-22 17:43:32.835 [info] > git status -z -uall [66ms]
2026-09-22 17:43:33.155 [info] > git check-ignore -v -z --stdin [1ms]
2026-09-22 17:43:35.935 [info] > git check-ignore -v -z --stdin [2ms]
2026-09-22 17:43:36.382 [info] > git check-ignore -v -z --stdin [3ms]
2026-09-22 17:43:37.527 [info] > git check-ignore -v -z --stdin [2ms]
2026-09-22 17:43:37.873 [info] > git config --get commit.template [12ms]
2026-09-22 17:43:37.874 [info] > git for-each-ref --format=%(refname)%00%(upstream:short)%00%(objectname)%00%(upstream:track)%00%(upstream:remotename)%00%(upstream:remoteref) refs/heads/main refs/remotes/main [1ms]
2026-09-22 17:43:37.896 [info] > git for-each-ref --sort -committerdate --format %(refname)%00%(objectname)%00%(*objectname) [3ms]
2026-09-22 17:43:37.928 [info] > git check-ignore -v -z --stdin [2ms]
2026-09-22 17:43:37.955 [info] > git status -z -uall [69ms]
2026-09-22 17:43:38.437 [info] > git check-ignore -v -z --stdin [6ms]
2026-09-22 17:43:38.818 [info] > git check-ignore -v -z --stdin [2ms]
2026-09-22 17:43:39.265 [info] > git check-ignore -v -z --stdin [2ms]
2026-09-22 17:43:42.984 [info] > git config --get commit.template [2ms]
2026-09-22 17:43:42.994 [info] > git for-each-ref --format=%(refname)%00%(upstream:short)%00%(objectname)%00%(upstream:track)%00%(upstream:remotename)%00%(upstream:remoteref) refs/heads/main refs/remotes/main [1ms]
2026-09-22 17:43:43.024 [info] > git for-each-ref --sort -committerdate --format %(refname)%00%(objectname)%00%(*objectname) [9ms]
2026-09-22 17:43:43.092 [info] > git status -z -uall [90ms]
2026-09-22 17:43:43.714 [info] > git check-ignore -v -z --stdin [4ms]
2026-09-22 17:43:44.214 [info] > git check-ignore -v -z --stdin [3ms]
2026-09-22 17:43:48.116 [info] > git config --get commit.template [7ms]
2026-09-22 17:43:48.118 [info] > git for-each-ref --format=%(refname)%00%(upstream:short)%00%(objectname)%00%(upstream:track)%00%(upstream:remotename)%00%(upstream:remoteref) refs/heads/main refs/remotes/main [3ms]
2026-09-22 17:43:48.132 [info] > git for-each-ref --sort -committerdate --format %(refname)%00%(objectname)%00%(*objectname) [2ms]
2026-09-22 17:43:48.181 [info] > git status -z -uall [55ms]
2026-09-22 17:43:48.499 [info] > git check-ignore -v -z --stdin [2ms]
2026-09-22 17:44:56.714 [info] > git check-ignore -v -z --stdin [7ms]
2026-09-22 17:44:56.962 [info] > git check-ignore -v -z --stdin [2ms]
2026-09-22 17:44:57.455 [info] > git check-ignore -v -z --stdin [2ms]
2026-09-22 17:44:59.325 [info] > git config --get commit.template [2ms]
2026-09-22 17:44:59.338 [info] > git for-each-ref --format=%(refname)%00%(upstream:short)%00%(objectname)%00%(upstream:track)%00%(upstream:remotename)%00%(upstream:remoteref) refs/heads/main refs/remotes/main [2ms]
2026-09-22 17:44:59.356 [info] > git for-each-ref --sort -committerdate --format %(refname)%00%(objectname)%00%(*objectname) [2ms]
2026-09-22 17:44:59.407 [info] > git status -z -uall [60ms]
2026-09-22 17:44:59.766 [info] > git check-ignore -v -z --stdin [23ms]
2026-09-22 17:45:04.433 [info] > git config --get commit.template [10ms]
2026-09-22 17:45:04.434 [info] > git for-each-ref --format=%(refname)%00%(upstream:short)%00%(objectname)%00%(upstream:track)%00%(upstream:remotename)%00%(upstream:remoteref) refs/heads/main refs/remotes/main [3ms]
2026-09-22 17:45:04.461 [info] > git for-each-ref --sort -committerdate --format %(refname)%00%(objectname)%00%(*objectname) [3ms]
2026-09-22 17:45:04.512 [info] > git status -z -uall [59ms]
2026-09-22 17:45:04.836 [info] > git check-ignore -v -z --stdin [2ms]
2026-09-22 17:45:14.392 [info] > git check-ignore -v -z --stdin [3ms]
2026-09-22 17:45:14.799 [info] > git check-ignore -v -z --stdin [2ms]
2026-09-22 17:45:16.716 [info] > git config --get commit.template [5ms]
2026-09-22 17:45:16.729 [info] > git for-each-ref --format=%(refname)%00%(upstream:short)%00%(objectname)%00%(upstream:track)%00%(upstream:remotename)%00%(upstream:remoteref) refs/heads/main refs/remotes/main [3ms]
2026-09-22 17:45:16.760 [info] > git for-each-ref --sort -committerdate --format %(refname)%00%(objectname)%00%(*objectname) [1ms]
2026-09-22 17:45:16.818 [info] > git status -z -uall [82ms]
2026-09-22 17:45:17.756 [info] > git check-ignore -v -z --stdin [4ms]
2026-09-22 17:45:18.014 [info] > git check-ignore -v -z --stdin [4ms]
2026-09-22 17:45:19.157 [info] > git check-ignore -v -z --stdin [2ms]
2026-09-22 17:45:21.835 [info] > git config --get commit.template [3ms]
2026-09-22 17:45:21.843 [info] > git for-each-ref --format=%(refname)%00%(upstream:short)%00%(objectname)%00%(upstream:track)%00%(upstream:remotename)%00%(upstream:remoteref) refs/heads/main refs/remotes/main [3ms]
2026-09-22 17:45:21.856 [info] > git for-each-ref --sort -committerdate --format %(refname)%00%(objectname)%00%(*objectname) [3ms]
2026-09-22 17:45:21.907 [info] > git status -z -uall [58ms]
2026-09-22 17:45:22.226 [info] > git check-ignore -v -z --stdin [2ms]
2026-09-22 17:45:27.275 [info] > git check-ignore -v -z --stdin [3ms]
2026-09-22 17:45:29.174 [info] > git config --get commit.template [7ms]
2026-09-22 17:45:29.175 [info] > git for-each-ref --format=%(refname)%00%(upstream:short)%00%(objectname)%00%(upstream:track)%00%(upstream:remotename)%00%(upstream:remoteref) refs/heads/main refs/remotes/main [1ms]
2026-09-22 17:45:29.186 [info] > git for-each-ref --sort -committerdate --format %(refname)%00%(objectname)%00%(*objectname) [1ms]
2026-09-22 17:45:29.239 [info] > git status -z -uall [59ms]
2026-09-22 17:45:29.561 [info] > git check-ignore -v -z --stdin [2ms]
2026-09-22 17:45:41.400 [info] > git config --get commit.template [2ms]
2026-09-22 17:45:41.428 [info] > git for-each-ref --format=%(refname)%00%(upstream:short)%00%(objectname)%00%(upstream:track)%00%(upstream:remotename)%00%(upstream:remoteref) refs/heads/main refs/remotes/main [2ms]
2026-09-22 17:45:41.499 [info] > git for-each-ref --sort -committerdate --format %(refname)%00%(objectname)%00%(*objectname) [22ms]
2026-09-22 17:45:41.553 [info] > git status -z -uall [83ms]
2026-09-22 17:45:41.901 [info] > git check-ignore -v -z --stdin [3ms]
2026-09-22 17:46:14.303 [info] > git config --get commit.template [18ms]
2026-09-22 17:46:14.307 [info] > git for-each-ref --format=%(refname)%00%(upstream:short)%00%(objectname)%00%(upstream:track)%00%(upstream:remotename)%00%(upstream:remoteref) refs/heads/main refs/remotes/main [6ms]
2026-09-22 17:46:14.388 [info] > git for-each-ref --sort -committerdate --format %(refname)%00%(objectname)%00%(*objectname) [2ms]
2026-09-22 17:46:14.441 [info] > git status -z -uall [120ms]
2026-09-22 17:46:14.819 [info] > git check-ignore -v -z --stdin [1ms]
2026-09-22 17:46:19.909 [info] > git check-ignore -v -z --stdin [3ms]
2026-09-22 17:46:19.995 [info] > git show --textconv :OrientationApp/templates/Orientation.html [22ms]
2026-09-22 17:46:20.012 [info] > git ls-files --stage -- OrientationApp/templates/Orientation.html [17ms]
2026-09-22 17:46:20.026 [info] > git cat-file -s fa33b7b86b712c0b4e070d233ea2a8b01e8bc897 [3ms]
2026-09-22 17:46:34.606 [info] > git check-ignore -v -z --stdin [2ms]
2026-09-22 17:46:36.499 [info] > git config --get commit.template [7ms]
2026-09-22 17:46:36.501 [info] > git for-each-ref --format=%(refname)%00%(upstream:short)%00%(objectname)%00%(upstream:track)%00%(upstream:remotename)%00%(upstream:remoteref) refs/heads/main refs/remotes/main [2ms]
2026-09-22 17:46:36.520 [info] > git for-each-ref --sort -committerdate --format %(refname)%00%(objectname)%00%(*objectname) [3ms]
2026-09-22 17:46:36.566 [info] > git status -z -uall [60ms]
2026-09-22 17:46:36.895 [info] > git check-ignore -v -z --stdin [3ms]
2026-09-22 17:46:39.797 [info] > git check-ignore -v -z --stdin [1ms]
2026-09-22 17:46:41.698 [info] > git config --get commit.template [9ms]
2026-09-22 17:46:41.698 [info] > git for-each-ref --format=%(refname)%00%(upstream:short)%00%(objectname)%00%(upstream:track)%00%(upstream:remotename)%00%(upstream:remoteref) refs/heads/main refs/remotes/main [2ms]
2026-09-22 17:46:41.709 [info] > git for-each-ref --sort -committerdate --format %(refname)%00%(objectname)%00%(*objectname) [1ms]
2026-09-22 17:46:41.762 [info] > git status -z -uall [59ms]
2026-09-22 17:46:42.120 [info] > git check-ignore -v -z --stdin [3ms]
2026-09-22 17:46:43.960 [info] > git check-ignore -v -z --stdin [1ms]
2026-09-22 17:46:46.781 [info] > git config --get commit.template [1ms]
2026-09-22 17:46:46.792 [info] > git for-each-ref --format=%(refname)%00%(upstream:short)%00%(objectname)%00%(upstream:track)%00%(upstream:remotename)%00%(upstream:remoteref) refs/heads/main refs/remotes/main [5ms]
2026-09-22 17:46:46.826 [info] > git for-each-ref --sort -committerdate --format %(refname)%00%(objectname)%00%(*objectname) [1ms]
2026-09-22 17:46:46.884 [info] > git status -z -uall [71ms]
2026-09-22 17:46:47.215 [info] > git check-ignore -v -z --stdin [2ms]
2026-09-22 17:46:48.141 [info] > git check-ignore -v -z --stdin [4ms]
2026-09-22 17:46:51.914 [info] > git config --get commit.template [15ms]
2026-09-22 17:46:51.916 [info] > git for-each-ref --format=%(refname)%00%(upstream:short)%00%(objectname)%00%(upstream:track)%00%(upstream:remotename)%00%(upstream:remoteref) refs/heads/main refs/remotes/main [4ms]
2026-09-22 17:46:51.932 [info] > git for-each-ref --sort -committerdate --format %(refname)%00%(objectname)%00%(*objectname) [2ms]
2026-09-22 17:46:51.985 [info] > git status -z -uall [60ms]
2026-09-22 17:46:52.303 [info] > git check-ignore -v -z --stdin [2ms]
2026-09-22 17:46:52.585 [info] > git check-ignore -v -z --stdin [2ms]
2026-09-22 17:46:56.451 [info] > git check-ignore -v -z --stdin [4ms]
2026-09-22 17:46:57.018 [info] > git config --get commit.template [16ms]
2026-09-22 17:46:57.021 [info] > git for-each-ref --format=%(refname)%00%(upstream:short)%00%(objectname)%00%(upstream:track)%00%(upstream:remotename)%00%(upstream:remoteref) refs/heads/main refs/remotes/main [4ms]
2026-09-22 17:46:57.050 [info] > git for-each-ref --sort -committerdate --format %(refname)%00%(objectname)%00%(*objectname) [2ms]
2026-09-22 17:46:57.107 [info] > git status -z -uall [71ms]
2026-09-22 17:46:57.429 [info] > git check-ignore -v -z --stdin [5ms]
2026-09-22 17:47:00.312 [info] > git check-ignore -v -z --stdin [2ms]
2026-09-22 17:47:02.133 [info] > git config --get commit.template [7ms]
2026-09-22 17:47:02.134 [info] > git for-each-ref --format=%(refname)%00%(upstream:short)%00%(objectname)%00%(upstream:track)%00%(upstream:remotename)%00%(upstream:remoteref) refs/heads/main refs/remotes/main [2ms]
2026-09-22 17:47:02.147 [info] > git for-each-ref --sort -committerdate --format %(refname)%00%(objectname)%00%(*objectname) [3ms]
2026-09-22 17:47:02.198 [info] > git status -z -uall [58ms]
2026-09-22 17:47:02.530 [info] > git check-ignore -v -z --stdin [2ms]
2026-09-22 17:47:05.289 [info] > git check-ignore -v -z --stdin [1ms]
2026-09-22 17:47:06.201 [info] > git check-ignore -v -z --stdin [1ms]
2026-09-22 17:47:07.220 [info] > git config --get commit.template [10ms]
2026-09-22 17:47:07.221 [info] > git for-each-ref --format=%(refname)%00%(upstream:short)%00%(objectname)%00%(upstream:track)%00%(upstream:remotename)%00%(upstream:remoteref) refs/heads/main refs/remotes/main [2ms]
2026-09-22 17:47:07.236 [info] > git for-each-ref --sort -committerdate --format %(refname)%00%(objectname)%00%(*objectname) [2ms]
2026-09-22 17:47:07.289 [info] > git status -z -uall [60ms]
2026-09-22 17:47:07.608 [info] > git check-ignore -v -z --stdin [1ms]
2026-09-22 17:47:12.308 [info] > git config --get commit.template [6ms]
2026-09-22 17:47:12.309 [info] > git for-each-ref --format=%(refname)%00%(upstream:short)%00%(objectname)%00%(upstream:track)%00%(upstream:remotename)%00%(upstream:remoteref) refs/heads/main refs/remotes/main [1ms]
2026-09-22 17:47:12.321 [info] > git for-each-ref --sort -committerdate --format %(refname)%00%(objectname)%00%(*objectname) [2ms]
2026-09-22 17:47:12.375 [info] > git status -z -uall [61ms]
2026-09-22 17:47:12.694 [info] > git check-ignore -v -z --stdin [2ms]
2026-09-22 17:48:24.810 [info] > git check-ignore -v -z --stdin [4ms]
2026-09-22 17:48:26.326 [info] > git check-ignore -v -z --stdin [2ms]
2026-09-22 17:48:26.694 [info] > git config --get commit.template [7ms]
2026-09-22 17:48:26.696 [info] > git for-each-ref --format=%(refname)%00%(upstream:short)%00%(objectname)%00%(upstream:track)%00%(upstream:remotename)%00%(upstream:remoteref) refs/heads/main refs/remotes/main [2ms]
2026-09-22 17:48:26.708 [info] > git for-each-ref --sort -committerdate --format %(refname)%00%(objectname)%00%(*objectname) [2ms]
2026-09-22 17:48:26.755 [info] > git status -z -uall [53ms]
2026-09-22 17:48:27.085 [info] > git check-ignore -v -z --stdin [13ms]
2026-09-22 17:48:27.499 [info] > git check-ignore -v -z --stdin [2ms]
2026-09-22 17:48:27.982 [info] > git check-ignore -v -z --stdin [2ms]
2026-09-22 17:48:28.928 [info] > git check-ignore -v -z --stdin [2ms]
2026-09-22 17:48:30.032 [info] > git check-ignore -v -z --stdin [1ms]
2026-09-22 17:48:30.961 [info] > git check-ignore -v -z --stdin [3ms]
2026-09-22 17:48:31.636 [info] > git check-ignore -v -z --stdin [1ms]
2026-09-22 17:48:31.775 [info] > git config --get commit.template [6ms]
2026-09-22 17:48:31.780 [info] > git for-each-ref --format=%(refname)%00%(upstream:short)%00%(objectname)%00%(upstream:track)%00%(upstream:remotename)%00%(upstream:remoteref) refs/heads/main refs/remotes/main [6ms]
2026-09-22 17:48:31.811 [info] > git for-each-ref --sort -committerdate --format %(refname)%00%(objectname)%00%(*objectname) [1ms]
2026-09-22 17:48:31.860 [info] > git status -z -uall [61ms]
2026-09-22 17:48:32.190 [info] > git check-ignore -v -z --stdin [1ms]
2026-09-22 17:48:33.108 [info] > git check-ignore -v -z --stdin [2ms]
2026-09-22 17:48:33.654 [info] > git check-ignore -v -z --stdin [2ms]
2026-09-22 17:48:34.422 [info] > git check-ignore -v -z --stdin [2ms]
2026-09-22 17:48:34.631 [info] > git check-ignore -v -z --stdin [3ms]
2026-09-22 17:48:35.247 [info] > git check-ignore -v -z --stdin [3ms]
2026-09-22 17:48:35.454 [info] > git check-ignore -v -z --stdin [1ms]
2026-09-22 17:48:37.348 [info] > git config --get commit.template [2ms]
2026-09-22 17:48:37.355 [info] > git for-each-ref --format=%(refname)%00%(upstream:short)%00%(objectname)%00%(upstream:track)%00%(upstream:remotename)%00%(upstream:remoteref) refs/heads/main refs/remotes/main [2ms]
2026-09-22 17:48:37.368 [info] > git for-each-ref --sort -committerdate --format %(refname)%00%(objectname)%00%(*objectname) [2ms]
2026-09-22 17:48:37.418 [info] > git status -z -uall [58ms]
2026-09-22 17:48:37.808 [info] > git check-ignore -v -z --stdin [4ms]
2026-09-22 17:48:39.038 [info] > git check-ignore -v -z --stdin [2ms]
2026-09-22 17:48:42.439 [info] > git config --get commit.template [8ms]
2026-09-22 17:48:42.441 [info] > git for-each-ref --format=%(refname)%00%(upstream:short)%00%(objectname)%00%(upstream:track)%00%(upstream:remotename)%00%(upstream:remoteref) refs/heads/main refs/remotes/main [2ms]
2026-09-22 17:48:42.454 [info] > git for-each-ref --sort -committerdate --format %(refname)%00%(objectname)%00%(*objectname) [2ms]
2026-09-22 17:48:42.503 [info] > git status -z -uall [57ms]
2026-09-22 17:48:42.819 [info] > git check-ignore -v -z --stdin [2ms]
2026-09-22 17:48:43.157 [info] > git check-ignore -v -z --stdin [2ms]
2026-09-22 17:48:45.241 [info] > git check-ignore -v -z --stdin [6ms]
2026-09-22 17:48:45.824 [info] > git check-ignore -v -z --stdin [2ms]
2026-09-22 17:48:46.063 [info] > git check-ignore -v -z --stdin [6ms]
2026-09-22 17:48:46.270 [info] > git check-ignore -v -z --stdin [4ms]
2026-09-22 17:48:46.672 [info] > git check-ignore -v -z --stdin [2ms]
2026-09-22 17:48:47.520 [info] > git config --get commit.template [6ms]
2026-09-22 17:48:47.520 [info] > git for-each-ref --format=%(refname)%00%(upstream:short)%00%(objectname)%00%(upstream:track)%00%(upstream:remotename)%00%(upstream:remoteref) refs/heads/main refs/remotes/main [1ms]
2026-09-22 17:48:47.538 [info] > git for-each-ref --sort -committerdate --format %(refname)%00%(objectname)%00%(*objectname) [1ms]
2026-09-22 17:48:47.594 [info] > git status -z -uall [66ms]
2026-09-22 17:48:47.913 [info] > git check-ignore -v -z --stdin [2ms]
2026-09-22 17:48:48.900 [info] > git check-ignore -v -z --stdin [2ms]
2026-09-22 17:48:49.310 [info] > git check-ignore -v -z --stdin [3ms]
2026-09-22 17:48:50.427 [info] > git check-ignore -v -z --stdin [3ms]
2026-09-22 17:48:52.605 [info] > git config --get commit.template [1ms]
2026-09-22 17:48:52.612 [info] > git for-each-ref --format=%(refname)%00%(upstream:short)%00%(objectname)%00%(upstream:track)%00%(upstream:remotename)%00%(upstream:remoteref) refs/heads/main refs/remotes/main [2ms]
2026-09-22 17:48:52.623 [info] > git for-each-ref --sort -committerdate --format %(refname)%00%(objectname)%00%(*objectname) [2ms]
2026-09-22 17:48:52.675 [info] > git status -z -uall [58ms]
2026-09-22 17:48:52.991 [info] > git check-ignore -v -z --stdin [2ms]
2026-09-22 17:49:08.862 [info] > git check-ignore -v -z --stdin [2ms]
2026-09-22 17:49:10.756 [info] > git config --get commit.template [2ms]
2026-09-22 17:49:10.763 [info] > git for-each-ref --format=%(refname)%00%(upstream:short)%00%(objectname)%00%(upstream:track)%00%(upstream:remotename)%00%(upstream:remoteref) refs/heads/main refs/remotes/main [2ms]
2026-09-22 17:49:10.776 [info] > git for-each-ref --sort -committerdate --format %(refname)%00%(objectname)%00%(*objectname) [3ms]
2026-09-22 17:49:10.830 [info] > git status -z -uall [61ms]
2026-09-22 17:49:11.149 [info] > git check-ignore -v -z --stdin [2ms]
2026-09-22 17:49:24.935 [info] > git check-ignore -v -z --stdin [2ms]
2026-09-22 17:49:25.419 [info] > git check-ignore -v -z --stdin [1ms]
2026-09-22 17:49:26.013 [info] > git check-ignore -v -z --stdin [4ms]
2026-09-22 17:49:26.397 [info] > git check-ignore -v -z --stdin [3ms]
2026-09-22 17:49:26.752 [info] > git check-ignore -v -z --stdin [3ms]
2026-09-22 17:49:27.457 [info] > git check-ignore -v -z --stdin [2ms]
2026-09-22 17:49:28.454 [info] > git check-ignore -v -z --stdin [2ms]
2026-09-22 17:49:29.743 [info] > git check-ignore -v -z --stdin [3ms]
2026-09-22 17:49:30.344 [info] > git config --get commit.template [7ms]
2026-09-22 17:49:30.345 [info] > git for-each-ref --format=%(refname)%00%(upstream:short)%00%(objectname)%00%(upstream:track)%00%(upstream:remotename)%00%(upstream:remoteref) refs/heads/main refs/remotes/main [2ms]
2026-09-22 17:49:30.357 [info] > git for-each-ref --sort -committerdate --format %(refname)%00%(objectname)%00%(*objectname) [3ms]
2026-09-22 17:49:30.417 [info] > git status -z -uall [67ms]
2026-09-22 17:49:30.735 [info] > git check-ignore -v -z --stdin [3ms]
2026-09-22 17:49:31.486 [info] > git check-ignore -v -z --stdin [1ms]
2026-09-22 17:49:32.962 [info] > git check-ignore -v -z --stdin [2ms]
2026-09-22 17:49:33.155 [info] > git check-ignore -v -z --stdin [2ms]
2026-09-22 17:49:35.249 [info] > git check-ignore -v -z --stdin [2ms]
2026-09-22 17:49:35.439 [info] > git config --get commit.template [7ms]
2026-09-22 17:49:35.440 [info] > git for-each-ref --format=%(refname)%00%(upstream:short)%00%(objectname)%00%(upstream:track)%00%(upstream:remotename)%00%(upstream:remoteref) refs/heads/main refs/remotes/main [2ms]
2026-09-22 17:49:35.452 [info] > git for-each-ref --sort -committerdate --format %(refname)%00%(objectname)%00%(*objectname) [2ms]
2026-09-22 17:49:35.462 [info] > git check-ignore -v -z --stdin [1ms]
2026-09-22 17:49:35.509 [info] > git status -z -uall [63ms]
2026-09-22 17:49:36.104 [info] > git check-ignore -v -z --stdin [1ms]
2026-09-22 17:49:36.350 [info] > git check-ignore -v -z --stdin [2ms]
2026-09-22 17:49:36.862 [info] > git check-ignore -v -z --stdin [2ms]
2026-09-22 17:49:37.977 [info] > git check-ignore -v -z --stdin [3ms]
2026-09-22 17:49:38.324 [info] > git check-ignore -v -z --stdin [2ms]
2026-09-22 17:49:38.627 [info] > git check-ignore -v -z --stdin [2ms]
2026-09-22 17:49:38.874 [info] > git check-ignore -v -z --stdin [1ms]
2026-09-22 17:49:40.526 [info] > git config --get commit.template [1ms]
2026-09-22 17:49:40.536 [info] > git for-each-ref --format=%(refname)%00%(upstream:short)%00%(objectname)%00%(upstream:track)%00%(upstream:remotename)%00%(upstream:remoteref) refs/heads/main refs/remotes/main [2ms]
2026-09-22 17:49:40.551 [info] > git for-each-ref --sort -committerdate --format %(refname)%00%(objectname)%00%(*objectname) [1ms]
2026-09-22 17:49:40.599 [info] > git status -z -uall [56ms]
2026-09-22 17:49:40.920 [info] > git check-ignore -v -z --stdin [2ms]
2026-09-22 17:49:45.622 [info] > git config --get commit.template [4ms]
2026-09-22 17:49:45.637 [info] > git for-each-ref --format=%(refname)%00%(upstream:short)%00%(objectname)%00%(upstream:track)%00%(upstream:remotename)%00%(upstream:remoteref) refs/heads/main refs/remotes/main [3ms]
2026-09-22 17:49:45.651 [info] > git for-each-ref --sort -committerdate --format %(refname)%00%(objectname)%00%(*objectname) [2ms]
2026-09-22 17:49:45.708 [info] > git status -z -uall [64ms]
2026-09-22 17:49:46.038 [info] > git check-ignore -v -z --stdin [1ms]
2026-09-22 17:49:49.562 [info] > git check-ignore -v -z --stdin [2ms]
2026-09-22 17:49:50.423 [info] > git check-ignore -v -z --stdin [2ms]
2026-09-22 17:49:50.974 [info] > git check-ignore -v -z --stdin [3ms]
2026-09-22 17:49:51.265 [info] > git check-ignore -v -z --stdin [2ms]
2026-09-22 17:49:51.547 [info] > git check-ignore -v -z --stdin [3ms]
2026-09-22 17:49:53.524 [info] > git config --get commit.template [4ms]
2026-09-22 17:49:53.542 [info] > git for-each-ref --format=%(refname)%00%(upstream:short)%00%(objectname)%00%(upstream:track)%00%(upstream:remotename)%00%(upstream:remoteref) refs/heads/main refs/remotes/main [3ms]
2026-09-22 17:49:53.564 [info] > git for-each-ref --sort -committerdate --format %(refname)%00%(objectname)%00%(*objectname) [6ms]
2026-09-22 17:49:53.635 [info] > git status -z -uall [82ms]
2026-09-22 17:49:53.978 [info] > git check-ignore -v -z --stdin [4ms]
2026-09-22 17:50:01.989 [info] > git check-ignore -v -z --stdin [3ms]
2026-09-22 17:50:03.879 [info] > git config --get commit.template [8ms]
2026-09-22 17:50:03.879 [info] > git for-each-ref --format=%(refname)%00%(upstream:short)%00%(objectname)%00%(upstream:track)%00%(upstream:remotename)%00%(upstream:remoteref) refs/heads/main refs/remotes/main [2ms]
2026-09-22 17:50:03.892 [info] > git for-each-ref --sort -committerdate --format %(refname)%00%(objectname)%00%(*objectname) [1ms]
2026-09-22 17:50:03.943 [info] > git status -z -uall [57ms]
2026-09-22 17:50:03.969 [info] > git check-ignore -v -z --stdin [2ms]
2026-09-22 17:50:04.280 [info] > git check-ignore -v -z --stdin [2ms]
2026-09-22 17:50:05.033 [info] > git check-ignore -v -z --stdin [2ms]
2026-09-22 17:50:05.909 [info] > git check-ignore -v -z --stdin [3ms]
2026-09-22 17:50:06.599 [info] > git check-ignore -v -z --stdin [4ms]
2026-09-22 17:50:06.876 [info] > git check-ignore -v -z --stdin [2ms]
2026-09-22 17:50:07.241 [info] > git check-ignore -v -z --stdin [4ms]
2026-09-22 17:50:08.304 [info] > git check-ignore -v -z --stdin [2ms]
2026-09-22 17:50:08.543 [info] > git check-ignore -v -z --stdin [4ms]
2026-09-22 17:50:08.791 [info] > git check-ignore -v -z --stdin [2ms]
2026-09-22 17:50:08.961 [info] > git config --get commit.template [4ms]
2026-09-22 17:50:08.972 [info] > git for-each-ref --format=%(refname)%00%(upstream:short)%00%(objectname)%00%(upstream:track)%00%(upstream:remotename)%00%(upstream:remoteref) refs/heads/main refs/remotes/main [1ms]
2026-09-22 17:50:08.988 [info] > git for-each-ref --sort -committerdate --format %(refname)%00%(objectname)%00%(*objectname) [1ms]
2026-09-22 17:50:09.045 [info] > git status -z -uall [63ms]
2026-09-22 17:50:09.400 [info] > git check-ignore -v -z --stdin [2ms]
2026-09-22 17:50:10.182 [info] > git check-ignore -v -z --stdin [1ms]
2026-09-22 17:50:10.369 [info] > git check-ignore -v -z --stdin [2ms]
2026-09-22 17:50:10.951 [info] > git check-ignore -v -z --stdin [3ms]
2026-09-22 17:50:11.321 [info] > git check-ignore -v -z --stdin [2ms]
2026-09-22 17:50:11.544 [info] > git check-ignore -v -z --stdin [2ms]
2026-09-22 17:50:11.962 [info] > git check-ignore -v -z --stdin [2ms]
2026-09-22 17:50:13.463 [info] > git check-ignore -v -z --stdin [2ms]
2026-09-22 17:50:13.846 [info] > git check-ignore -v -z --stdin [1ms]
2026-09-22 17:50:14.058 [info] > git check-ignore -v -z --stdin [2ms]
2026-09-22 17:50:15.054 [info] > git check-ignore -v -z --stdin [1ms]
2026-09-22 17:50:15.335 [info] > git check-ignore -v -z --stdin [2ms]
2026-09-22 17:50:17.176 [info] > git check-ignore -v -z --stdin [2ms]
2026-09-22 17:50:17.233 [info] > git config --get commit.template [1ms]
2026-09-22 17:50:17.254 [info] > git for-each-ref --format=%(refname)%00%(upstream:short)%00%(objectname)%00%(upstream:track)%00%(upstream:remotename)%00%(upstream:remoteref) refs/heads/main refs/remotes/main [3ms]
2026-09-22 17:50:17.270 [info] > git for-each-ref --sort -committerdate --format %(refname)%00%(objectname)%00%(*objectname) [2ms]
2026-09-22 17:50:17.330 [info] > git status -z -uall [66ms]
2026-09-22 17:50:17.998 [info] > git check-ignore -v -z --stdin [3ms]
2026-09-22 17:50:20.040 [info] > git check-ignore -v -z --stdin [2ms]
2026-09-22 17:50:22.355 [info] > git config --get commit.template [10ms]
2026-09-22 17:50:22.355 [info] > git for-each-ref --format=%(refname)%00%(upstream:short)%00%(objectname)%00%(upstream:track)%00%(upstream:remotename)%00%(upstream:remoteref) refs/heads/main refs/remotes/main [1ms]
2026-09-22 17:50:22.368 [info] > git for-each-ref --sort -committerdate --format %(refname)%00%(objectname)%00%(*objectname) [2ms]
2026-09-22 17:50:22.423 [info] > git status -z -uall [62ms]
2026-09-22 17:50:22.756 [info] > git check-ignore -v -z --stdin [4ms]
2026-09-22 17:50:24.403 [info] > git check-ignore -v -z --stdin [3ms]
2026-09-22 17:50:25.654 [info] > git check-ignore -v -z --stdin [2ms]
2026-09-22 17:50:27.211 [info] > git check-ignore -v -z --stdin [5ms]
2026-09-22 17:50:27.420 [info] > git check-ignore -v -z --stdin [1ms]
2026-09-22 17:50:27.450 [info] > git config --get commit.template [2ms]
2026-09-22 17:50:27.468 [info] > git for-each-ref --format=%(refname)%00%(upstream:short)%00%(objectname)%00%(upstream:track)%00%(upstream:remotename)%00%(upstream:remoteref) refs/heads/main refs/remotes/main [3ms]
2026-09-22 17:50:27.486 [info] > git for-each-ref --sort -committerdate --format %(refname)%00%(objectname)%00%(*objectname) [2ms]
2026-09-22 17:50:27.539 [info] > git status -z -uall [61ms]
2026-09-22 17:50:27.856 [info] > git check-ignore -v -z --stdin [2ms]
2026-09-22 17:50:29.649 [info] > git check-ignore -v -z --stdin [2ms]
2026-09-22 17:50:30.260 [info] > git check-ignore -v -z --stdin [2ms]
2026-09-22 17:50:30.647 [info] > git check-ignore -v -z --stdin [2ms]
2026-09-22 17:50:31.798 [info] > git check-ignore -v -z --stdin [2ms]
2026-09-22 17:50:32.153 [info] > git check-ignore -v -z --stdin [1ms]
2026-09-22 17:50:32.560 [info] > git config --get commit.template [8ms]
2026-09-22 17:50:32.561 [info] > git for-each-ref --format=%(refname)%00%(upstream:short)%00%(objectname)%00%(upstream:track)%00%(upstream:remotename)%00%(upstream:remoteref) refs/heads/main refs/remotes/main [2ms]
2026-09-22 17:50:32.572 [info] > git for-each-ref --sort -committerdate --format %(refname)%00%(objectname)%00%(*objectname) [1ms]
2026-09-22 17:50:32.621 [info] > git status -z -uall [54ms]
2026-09-22 17:50:32.692 [info] > git check-ignore -v -z --stdin [2ms]
2026-09-22 17:50:32.944 [info] > git check-ignore -v -z --stdin [1ms]
2026-09-22 17:50:33.442 [info] > git check-ignore -v -z --stdin [14ms]
2026-09-22 17:50:37.236 [info] > git check-ignore -v -z --stdin [1ms]
2026-09-22 17:50:37.640 [info] > git config --get commit.template [7ms]
2026-09-22 17:50:37.641 [info] > git for-each-ref --format=%(refname)%00%(upstream:short)%00%(objectname)%00%(upstream:track)%00%(upstream:remotename)%00%(upstream:remoteref) refs/heads/main refs/remotes/main [1ms]
2026-09-22 17:50:37.652 [info] > git for-each-ref --sort -committerdate --format %(refname)%00%(objectname)%00%(*objectname) [2ms]
2026-09-22 17:50:37.704 [info] > git status -z -uall [58ms]
2026-09-22 17:50:38.019 [info] > git check-ignore -v -z --stdin [1ms]
2026-09-22 17:50:39.122 [info] > git check-ignore -v -z --stdin [4ms]
2026-09-22 17:50:39.420 [info] > git check-ignore -v -z --stdin [1ms]
2026-09-22 17:50:39.895 [info] > git check-ignore -v -z --stdin [3ms]
2026-09-22 17:50:41.186 [info] > git check-ignore -v -z --stdin [2ms]
2026-09-22 17:50:41.502 [info] > git check-ignore -v -z --stdin [2ms]
2026-09-22 17:50:42.303 [info] > git check-ignore -v -z --stdin [2ms]
2026-09-22 17:50:42.722 [info] > git config --get commit.template [7ms]
2026-09-22 17:50:42.722 [info] > git for-each-ref --format=%(refname)%00%(upstream:short)%00%(objectname)%00%(upstream:track)%00%(upstream:remotename)%00%(upstream:remoteref) refs/heads/main refs/remotes/main [2ms]
2026-09-22 17:50:42.735 [info] > git for-each-ref --sort -committerdate --format %(refname)%00%(objectname)%00%(*objectname) [2ms]
2026-09-22 17:50:42.785 [info] > git status -z -uall [56ms]
2026-09-22 17:50:43.111 [info] > git check-ignore -v -z --stdin [3ms]
2026-09-22 17:50:47.806 [info] > git config --get commit.template [6ms]
2026-09-22 17:50:47.806 [info] > git for-each-ref --format=%(refname)%00%(upstream:short)%00%(objectname)%00%(upstream:track)%00%(upstream:remotename)%00%(upstream:remoteref) refs/heads/main refs/remotes/main [1ms]
2026-09-22 17:50:47.817 [info] > git for-each-ref --sort -committerdate --format %(refname)%00%(objectname)%00%(*objectname) [1ms]
2026-09-22 17:50:47.883 [info] > git status -z -uall [72ms]
2026-09-22 17:50:48.201 [info] > git check-ignore -v -z --stdin [3ms]
2026-09-22 17:50:48.605 [info] > git check-ignore -v -z --stdin [2ms]
2026-09-22 17:50:49.139 [info] > git check-ignore -v -z --stdin [2ms]
2026-09-22 17:50:49.586 [info] > git check-ignore -v -z --stdin [2ms]
2026-09-22 17:50:50.308 [info] > git check-ignore -v -z --stdin [3ms]
2026-09-22 17:50:50.568 [info] > git check-ignore -v -z --stdin [1ms]
2026-09-22 17:50:51.920 [info] > git check-ignore -v -z --stdin [2ms]
2026-09-22 17:50:52.400 [info] > git check-ignore -v -z --stdin [2ms]
2026-09-22 17:50:52.901 [info] > git config --get commit.template [6ms]
2026-09-22 17:50:52.903 [info] > git for-each-ref --format=%(refname)%00%(upstream:short)%00%(objectname)%00%(upstream:track)%00%(upstream:remotename)%00%(upstream:remoteref) refs/heads/main refs/remotes/main [3ms]
2026-09-22 17:50:52.915 [info] > git for-each-ref --sort -committerdate --format %(refname)%00%(objectname)%00%(*objectname) [2ms]
2026-09-22 17:50:52.958 [info] > git check-ignore -v -z --stdin [3ms]
2026-09-22 17:50:52.972 [info] > git status -z -uall [64ms]
2026-09-22 17:50:53.292 [info] > git check-ignore -v -z --stdin [1ms]
2026-09-22 17:50:53.527 [info] > git check-ignore -v -z --stdin [1ms]
2026-09-22 17:50:55.510 [info] > git check-ignore -v -z --stdin [1ms]
2026-09-22 17:50:56.552 [info] > git check-ignore -v -z --stdin [1ms]
2026-09-22 17:50:56.793 [info] > git check-ignore -v -z --stdin [3ms]
2026-09-22 17:50:57.187 [info] > git check-ignore -v -z --stdin [2ms]
2026-09-22 17:50:57.460 [info] > git check-ignore -v -z --stdin [2ms]
2026-09-22 17:50:57.990 [info] > git config --get commit.template [5ms]
2026-09-22 17:50:57.992 [info] > git for-each-ref --format=%(refname)%00%(upstream:short)%00%(objectname)%00%(upstream:track)%00%(upstream:remotename)%00%(upstream:remoteref) refs/heads/main refs/remotes/main [2ms]
2026-09-22 17:50:58.008 [info] > git for-each-ref --sort -committerdate --format %(refname)%00%(objectname)%00%(*objectname) [3ms]
2026-09-22 17:50:58.060 [info] > git status -z -uall [61ms]
2026-09-22 17:50:58.382 [info] > git check-ignore -v -z --stdin [1ms]
2026-09-22 17:50:58.650 [info] > git check-ignore -v -z --stdin [3ms]
2026-09-22 17:51:02.975 [info] > git check-ignore -v -z --stdin [2ms]
2026-09-22 17:51:03.079 [info] > git config --get commit.template [3ms]
2026-09-22 17:51:03.087 [info] > git for-each-ref --format=%(refname)%00%(upstream:short)%00%(objectname)%00%(upstream:track)%00%(upstream:remotename)%00%(upstream:remoteref) refs/heads/main refs/remotes/main [2ms]
2026-09-22 17:51:03.098 [info] > git for-each-ref --sort -committerdate --format %(refname)%00%(objectname)%00%(*objectname) [2ms]
2026-09-22 17:51:03.155 [info] > git status -z -uall [63ms]
2026-09-22 17:51:03.482 [info] > git check-ignore -v -z --stdin [3ms]
2026-09-22 17:51:03.800 [info] > git check-ignore -v -z --stdin [2ms]
2026-09-22 17:51:04.022 [info] > git check-ignore -v -z --stdin [2ms]
2026-09-22 17:51:04.484 [info] > git check-ignore -v -z --stdin [2ms]
2026-09-22 17:51:04.711 [info] > git check-ignore -v -z --stdin [1ms]
2026-09-22 17:51:04.962 [info] > git check-ignore -v -z --stdin [2ms]
2026-09-22 17:51:08.185 [info] > git config --get commit.template [10ms]
2026-09-22 17:51:08.186 [info] > git for-each-ref --format=%(refname)%00%(upstream:short)%00%(objectname)%00%(upstream:track)%00%(upstream:remotename)%00%(upstream:remoteref) refs/heads/main refs/remotes/main [2ms]
2026-09-22 17:51:08.205 [info] > git for-each-ref --sort -committerdate --format %(refname)%00%(objectname)%00%(*objectname) [2ms]
2026-09-22 17:51:08.257 [info] > git status -z -uall [60ms]
2026-09-22 17:51:08.577 [info] > git check-ignore -v -z --stdin [1ms]
2026-09-22 17:51:10.260 [info] > git check-ignore -v -z --stdin [2ms]
2026-09-22 17:51:11.199 [info] > git check-ignore -v -z --stdin [2ms]
2026-09-22 17:51:12.141 [info] > git check-ignore -v -z --stdin [4ms]
2026-09-22 17:51:12.851 [info] > git check-ignore -v -z --stdin [4ms]
2026-09-22 17:51:13.263 [info] > git check-ignore -v -z --stdin [1ms]
2026-09-22 17:51:14.144 [info] > git check-ignore -v -z --stdin [3ms]
2026-09-22 17:51:14.495 [info] > git check-ignore -v -z --stdin [2ms]
2026-09-22 17:51:15.578 [info] > git check-ignore -v -z --stdin [3ms]
2026-09-22 17:51:16.342 [info] > git check-ignore -v -z --stdin [3ms]
2026-09-22 17:51:16.399 [info] > git config --get commit.template [12ms]
2026-09-22 17:51:16.401 [info] > git for-each-ref --format=%(refname)%00%(upstream:short)%00%(objectname)%00%(upstream:track)%00%(upstream:remotename)%00%(upstream:remoteref) refs/heads/main refs/remotes/main [2ms]
2026-09-22 17:51:16.429 [info] > git for-each-ref --sort -committerdate --format %(refname)%00%(objectname)%00%(*objectname) [5ms]
2026-09-22 17:51:16.480 [info] > git status -z -uall [61ms]
2026-09-22 17:51:16.797 [info] > git check-ignore -v -z --stdin [3ms]
2026-09-22 17:51:21.499 [info] > git config --get commit.template [6ms]
2026-09-22 17:51:21.500 [info] > git for-each-ref --format=%(refname)%00%(upstream:short)%00%(objectname)%00%(upstream:track)%00%(upstream:remotename)%00%(upstream:remoteref) refs/heads/main refs/remotes/main [1ms]
2026-09-22 17:51:21.513 [info] > git for-each-ref --sort -committerdate --format %(refname)%00%(objectname)%00%(*objectname) [2ms]
2026-09-22 17:51:21.563 [info] > git status -z -uall [57ms]
2026-09-22 17:51:21.880 [info] > git check-ignore -v -z --stdin [2ms]
2026-09-22 17:51:45.727 [info] > git check-ignore -v -z --stdin [1ms]
2026-09-22 17:51:47.626 [info] > git config --get commit.template [6ms]
2026-09-22 17:51:47.628 [info] > git for-each-ref --format=%(refname)%00%(upstream:short)%00%(objectname)%00%(upstream:track)%00%(upstream:remotename)%00%(upstream:remoteref) refs/heads/main refs/remotes/main [2ms]
2026-09-22 17:51:47.641 [info] > git for-each-ref --sort -committerdate --format %(refname)%00%(objectname)%00%(*objectname) [1ms]
2026-09-22 17:51:47.699 [info] > git status -z -uall [64ms]
2026-09-22 17:51:48.029 [info] > git check-ignore -v -z --stdin [2ms]
2026-09-22 17:51:48.501 [info] > git check-ignore -v -z --stdin [2ms]
2026-09-22 17:51:49.261 [info] > git check-ignore -v -z --stdin [1ms]
2026-09-22 17:51:50.824 [info] > git check-ignore -v -z --stdin [3ms]
2026-09-22 17:51:51.142 [info] > git check-ignore -v -z --stdin [1ms]
2026-09-22 17:51:51.849 [info] > git check-ignore -v -z --stdin [3ms]
2026-09-22 17:51:52.089 [info] > git check-ignore -v -z --stdin [2ms]
2026-09-22 17:51:52.475 [info] > git check-ignore -v -z --stdin [3ms]
2026-09-22 17:51:52.724 [info] > git config --get commit.template [14ms]
2026-09-22 17:51:52.726 [info] > git for-each-ref --format=%(refname)%00%(upstream:short)%00%(objectname)%00%(upstream:track)%00%(upstream:remotename)%00%(upstream:remoteref) refs/heads/main refs/remotes/main [9ms]
2026-09-22 17:51:52.726 [info] > git check-ignore -v -z --stdin [3ms]
2026-09-22 17:51:52.741 [info] > git for-each-ref --sort -committerdate --format %(refname)%00%(objectname)%00%(*objectname) [2ms]
2026-09-22 17:51:52.791 [info] > git status -z -uall [57ms]
2026-09-22 17:51:53.113 [info] > git check-ignore -v -z --stdin [2ms]
2026-09-22 17:51:54.053 [info] > git check-ignore -v -z --stdin [3ms]
2026-09-22 17:51:54.392 [info] > git check-ignore -v -z --stdin [0ms]
2026-09-22 17:51:56.647 [info] > git check-ignore -v -z --stdin [4ms]
2026-09-22 17:51:57.816 [info] > git config --get commit.template [8ms]
2026-09-22 17:51:57.816 [info] > git for-each-ref --format=%(refname)%00%(upstream:short)%00%(objectname)%00%(upstream:track)%00%(upstream:remotename)%00%(upstream:remoteref) refs/heads/main refs/remotes/main [2ms]
2026-09-22 17:51:57.836 [info] > git for-each-ref --sort -committerdate --format %(refname)%00%(objectname)%00%(*objectname) [2ms]
2026-09-22 17:51:57.882 [info] > git status -z -uall [59ms]
2026-09-22 17:51:57.932 [info] > git check-ignore -v -z --stdin [2ms]
2026-09-22 17:51:59.156 [info] > git check-ignore -v -z --stdin [2ms]
2026-09-22 17:51:59.823 [info] > git check-ignore -v -z --stdin [2ms]
2026-09-22 17:52:00.414 [info] > git check-ignore -v -z --stdin [3ms]
2026-09-22 17:52:00.632 [info] > git check-ignore -v -z --stdin [2ms]
2026-09-22 17:52:01.335 [info] > git check-ignore -v -z --stdin [2ms]
2026-09-22 17:52:02.374 [info] > git check-ignore -v -z --stdin [2ms]
2026-09-22 17:52:02.901 [info] > git config --get commit.template [6ms]
2026-09-22 17:52:02.904 [info] > git for-each-ref --format=%(refname)%00%(upstream:short)%00%(objectname)%00%(upstream:track)%00%(upstream:remotename)%00%(upstream:remoteref) refs/heads/main refs/remotes/main [3ms]
2026-09-22 17:52:02.915 [info] > git for-each-ref --sort -committerdate --format %(refname)%00%(objectname)%00%(*objectname) [2ms]
2026-09-22 17:52:02.965 [info] > git status -z -uall [56ms]
2026-09-22 17:52:03.298 [info] > git check-ignore -v -z --stdin [6ms]
2026-09-22 17:52:05.334 [info] > git check-ignore -v -z --stdin [1ms]
2026-09-22 17:52:07.648 [info] > git check-ignore -v -z --stdin [2ms]
2026-09-22 17:52:07.978 [info] > git config --get commit.template [2ms]
2026-09-22 17:52:07.985 [info] > git for-each-ref --format=%(refname)%00%(upstream:short)%00%(objectname)%00%(upstream:track)%00%(upstream:remotename)%00%(upstream:remoteref) refs/heads/main refs/remotes/main [2ms]
2026-09-22 17:52:07.999 [info] > git for-each-ref --sort -committerdate --format %(refname)%00%(objectname)%00%(*objectname) [2ms]
2026-09-22 17:52:08.048 [info] > git status -z -uall [57ms]
2026-09-22 17:52:08.668 [info] > git check-ignore -v -z --stdin [2ms]
2026-09-22 17:52:10.094 [info] > git check-ignore -v -z --stdin [2ms]
2026-09-22 17:52:10.770 [info] > git check-ignore -v -z --stdin [2ms]
2026-09-22 17:52:11.314 [info] > git check-ignore -v -z --stdin [2ms]
2026-09-22 17:52:12.835 [info] > git check-ignore -v -z --stdin [2ms]
2026-09-22 17:52:13.202 [info] > git config --get commit.template [5ms]
2026-09-22 17:52:13.204 [info] > git for-each-ref --format=%(refname)%00%(upstream:short)%00%(objectname)%00%(upstream:track)%00%(upstream:remotename)%00%(upstream:remoteref) refs/heads/main refs/remotes/main [2ms]
2026-09-22 17:52:13.215 [info] > git for-each-ref --sort -committerdate --format %(refname)%00%(objectname)%00%(*objectname) [2ms]
2026-09-22 17:52:13.268 [info] > git status -z -uall [60ms]
2026-09-22 17:52:13.750 [info] > git check-ignore -v -z --stdin [2ms]
2026-09-22 17:52:14.067 [info] > git check-ignore -v -z --stdin [1ms]
2026-09-22 17:52:14.773 [info] > git check-ignore -v -z --stdin [2ms]
2026-09-22 17:52:15.212 [info] > git check-ignore -v -z --stdin [1ms]
2026-09-22 17:52:16.073 [info] > git check-ignore -v -z --stdin [3ms]
2026-09-22 17:52:18.285 [info] > git config --get commit.template [6ms]
2026-09-22 17:52:18.285 [info] > git for-each-ref --format=%(refname)%00%(upstream:short)%00%(objectname)%00%(upstream:track)%00%(upstream:remotename)%00%(upstream:remoteref) refs/heads/main refs/remotes/main [1ms]
2026-09-22 17:52:18.298 [info] > git for-each-ref --sort -committerdate --format %(refname)%00%(objectname)%00%(*objectname) [2ms]
2026-09-22 17:52:18.357 [info] > git status -z -uall [65ms]
2026-09-22 17:52:18.674 [info] > git check-ignore -v -z --stdin [1ms]
2026-09-22 17:52:20.123 [info] > git check-ignore -v -z --stdin [1ms]
2026-09-22 17:52:23.380 [info] > git config --get commit.template [11ms]
2026-09-22 17:52:23.381 [info] > git for-each-ref --format=%(refname)%00%(upstream:short)%00%(objectname)%00%(upstream:track)%00%(upstream:remotename)%00%(upstream:remoteref) refs/heads/main refs/remotes/main [0ms]
2026-09-22 17:52:23.417 [info] > git for-each-ref --sort -committerdate --format %(refname)%00%(objectname)%00%(*objectname) [1ms]
2026-09-22 17:52:23.478 [info] > git status -z -uall [80ms]
2026-09-22 17:52:23.552 [info] > git check-ignore -v -z --stdin [3ms]
2026-09-22 17:52:23.797 [info] > git check-ignore -v -z --stdin [2ms]
2026-09-22 17:52:24.447 [info] > git check-ignore -v -z --stdin [2ms]
2026-09-22 17:52:24.869 [info] > git check-ignore -v -z --stdin [4ms]
2026-09-22 17:52:25.074 [info] > git check-ignore -v -z --stdin [2ms]
2026-09-22 17:52:25.412 [info] > git check-ignore -v -z --stdin [2ms]
2026-09-22 17:52:26.133 [info] > git check-ignore -v -z --stdin [2ms]
2026-09-22 17:52:26.341 [info] > git check-ignore -v -z --stdin [2ms]
2026-09-22 17:52:26.644 [info] > git check-ignore -v -z --stdin [2ms]
2026-09-22 17:52:27.323 [info] > git check-ignore -v -z --stdin [2ms]
2026-09-22 17:52:27.921 [info] > git check-ignore -v -z --stdin [3ms]
2026-09-22 17:52:28.492 [info] > git check-ignore -v -z --stdin [2ms]
2026-09-22 17:52:29.215 [info] > git check-ignore -v -z --stdin [1ms]
2026-09-22 17:52:30.417 [info] > git check-ignore -v -z --stdin [2ms]
2026-09-22 17:52:31.104 [info] > git config --get commit.template [1ms]
2026-09-22 17:52:31.110 [info] > git for-each-ref --format=%(refname)%00%(upstream:short)%00%(objectname)%00%(upstream:track)%00%(upstream:remotename)%00%(upstream:remoteref) refs/heads/main refs/remotes/main [1ms]
2026-09-22 17:52:31.121 [info] > git for-each-ref --sort -committerdate --format %(refname)%00%(objectname)%00%(*objectname) [2ms]
2026-09-22 17:52:31.170 [info] > git status -z -uall [55ms]
2026-09-22 17:52:31.487 [info] > git check-ignore -v -z --stdin [1ms]
2026-09-22 17:52:36.186 [info] > git config --get commit.template [6ms]
2026-09-22 17:52:36.186 [info] > git for-each-ref --format=%(refname)%00%(upstream:short)%00%(objectname)%00%(upstream:track)%00%(upstream:remotename)%00%(upstream:remoteref) refs/heads/main refs/remotes/main [1ms]
2026-09-22 17:52:36.198 [info] > git for-each-ref --sort -committerdate --format %(refname)%00%(objectname)%00%(*objectname) [2ms]
2026-09-22 17:52:36.244 [info] > git status -z -uall [53ms]
2026-09-22 17:52:36.560 [info] > git check-ignore -v -z --stdin [1ms]
2026-09-22 17:52:36.874 [info] > git check-ignore -v -z --stdin [1ms]
2026-09-22 17:52:37.131 [info] > git check-ignore -v -z --stdin [2ms]
2026-09-22 17:52:37.509 [info] > git check-ignore -v -z --stdin [1ms]
2026-09-22 17:52:41.262 [info] > git config --get commit.template [6ms]
2026-09-22 17:52:41.263 [info] > git for-each-ref --format=%(refname)%00%(upstream:short)%00%(objectname)%00%(upstream:track)%00%(upstream:remotename)%00%(upstream:remoteref) refs/heads/main refs/remotes/main [2ms]
2026-09-22 17:52:41.274 [info] > git for-each-ref --sort -committerdate --format %(refname)%00%(objectname)%00%(*objectname) [1ms]
2026-09-22 17:52:41.324 [info] > git status -z -uall [55ms]
2026-09-22 17:52:41.643 [info] > git check-ignore -v -z --stdin [1ms]
2026-09-22 17:52:54.202 [info] > git check-ignore -v -z --stdin [2ms]
2026-09-22 17:52:56.089 [info] > git config --get commit.template [5ms]
2026-09-22 17:52:56.090 [info] > git for-each-ref --format=%(refname)%00%(upstream:short)%00%(objectname)%00%(upstream:track)%00%(upstream:remotename)%00%(upstream:remoteref) refs/heads/main refs/remotes/main [2ms]
2026-09-22 17:52:56.102 [info] > git for-each-ref --sort -committerdate --format %(refname)%00%(objectname)%00%(*objectname) [2ms]
2026-09-22 17:52:56.156 [info] > git status -z -uall [61ms]
2026-09-22 17:52:56.474 [info] > git check-ignore -v -z --stdin [1ms]
2026-09-22 17:52:57.265 [info] > git check-ignore -v -z --stdin [2ms]
2026-09-22 17:52:59.550 [info] > git check-ignore -v -z --stdin [2ms]
2026-09-22 17:53:00.702 [info] > git check-ignore -v -z --stdin [2ms]
2026-09-22 17:53:01.038 [info] > git check-ignore -v -z --stdin [1ms]
2026-09-22 17:53:01.172 [info] > git config --get commit.template [3ms]
2026-09-22 17:53:01.180 [info] > git for-each-ref --format=%(refname)%00%(upstream:short)%00%(objectname)%00%(upstream:track)%00%(upstream:remotename)%00%(upstream:remoteref) refs/heads/main refs/remotes/main [2ms]
2026-09-22 17:53:01.194 [info] > git for-each-ref --sort -committerdate --format %(refname)%00%(objectname)%00%(*objectname) [3ms]
2026-09-22 17:53:01.259 [info] > git status -z -uall [72ms]
2026-09-22 17:53:01.384 [info] > git check-ignore -v -z --stdin [2ms]
2026-09-22 17:53:01.995 [info] > git check-ignore -v -z --stdin [2ms]
2026-09-22 17:53:02.254 [info] > git check-ignore -v -z --stdin [3ms]
2026-09-22 17:53:02.473 [info] > git check-ignore -v -z --stdin [2ms]
2026-09-22 17:53:03.154 [info] > git check-ignore -v -z --stdin [4ms]
2026-09-22 17:53:06.284 [info] > git config --get commit.template [2ms]
2026-09-22 17:53:06.293 [info] > git for-each-ref --format=%(refname)%00%(upstream:short)%00%(objectname)%00%(upstream:track)%00%(upstream:remotename)%00%(upstream:remoteref) refs/heads/main refs/remotes/main [3ms]
2026-09-22 17:53:06.309 [info] > git for-each-ref --sort -committerdate --format %(refname)%00%(objectname)%00%(*objectname) [1ms]
2026-09-22 17:53:06.377 [info] > git status -z -uall [77ms]
2026-09-22 17:53:06.820 [info] > git check-ignore -v -z --stdin [1ms]
2026-09-22 17:53:07.978 [info] > git check-ignore -v -z --stdin [3ms]
2026-09-22 17:53:09.010 [info] > git check-ignore -v -z --stdin [2ms]
2026-09-22 17:53:09.888 [info] > git check-ignore -v -z --stdin [2ms]
2026-09-22 17:53:12.718 [info] > git config --get commit.template [8ms]
2026-09-22 17:53:12.719 [info] > git for-each-ref --format=%(refname)%00%(upstream:short)%00%(objectname)%00%(upstream:track)%00%(upstream:remotename)%00%(upstream:remoteref) refs/heads/main refs/remotes/main [1ms]
2026-09-22 17:53:12.730 [info] > git for-each-ref --sort -committerdate --format %(refname)%00%(objectname)%00%(*objectname) [2ms]
2026-09-22 17:53:12.783 [info] > git status -z -uall [60ms]
2026-09-22 17:53:13.099 [info] > git check-ignore -v -z --stdin [1ms]
2026-09-22 17:53:31.441 [info] > git config --get commit.template [5ms]
2026-09-22 17:53:31.457 [info] > git for-each-ref --format=%(refname)%00%(upstream:short)%00%(objectname)%00%(upstream:track)%00%(upstream:remotename)%00%(upstream:remoteref) refs/heads/main refs/remotes/main [4ms]
2026-09-22 17:53:31.496 [info] > git for-each-ref --sort -committerdate --format %(refname)%00%(objectname)%00%(*objectname) [10ms]
2026-09-22 17:53:31.540 [info] > git status -z -uall [73ms]
2026-09-22 17:53:31.926 [info] > git check-ignore -v -z --stdin [2ms]
2026-09-22 17:53:36.555 [info] > git config --get commit.template [6ms]
2026-09-22 17:53:36.556 [info] > git for-each-ref --format=%(refname)%00%(upstream:short)%00%(objectname)%00%(upstream:track)%00%(upstream:remotename)%00%(upstream:remoteref) refs/heads/main refs/remotes/main [2ms]
2026-09-22 17:53:36.568 [info] > git for-each-ref --sort -committerdate --format %(refname)%00%(objectname)%00%(*objectname) [3ms]
2026-09-22 17:53:36.618 [info] > git status -z -uall [56ms]
2026-09-22 17:53:36.947 [info] > git check-ignore -v -z --stdin [2ms]
2026-09-22 18:09:40.950 [info] > git check-ignore -v -z --stdin [2ms]
2026-09-22 18:09:42.860 [info] > git config --get commit.template [4ms]
2026-09-22 18:09:42.863 [info] > git for-each-ref --format=%(refname)%00%(upstream:short)%00%(objectname)%00%(upstream:track)%00%(upstream:remotename)%00%(upstream:remoteref) refs/heads/main refs/remotes/main [3ms]
2026-09-22 18:09:42.874 [info] > git for-each-ref --sort -committerdate --format %(refname)%00%(objectname)%00%(*objectname) [2ms]
2026-09-22 18:09:42.929 [info] > git status -z -uall [61ms]
2026-09-22 18:09:43.252 [info] > git check-ignore -v -z --stdin [2ms]
2026-09-22 18:09:46.682 [info] > git check-ignore -v -z --stdin [3ms]
2026-09-22 18:09:47.448 [info] > git check-ignore -v -z --stdin [2ms]
2026-09-22 18:09:47.950 [info] > git config --get commit.template [2ms]
2026-09-22 18:09:47.957 [info] > git for-each-ref --format=%(refname)%00%(upstream:short)%00%(objectname)%00%(upstream:track)%00%(upstream:remotename)%00%(upstream:remoteref) refs/heads/main refs/remotes/main [2ms]
2026-09-22 18:09:47.971 [info] > git for-each-ref --sort -committerdate --format %(refname)%00%(objectname)%00%(*objectname) [1ms]
2026-09-22 18:09:48.019 [info] > git status -z -uall [55ms]
2026-09-22 18:09:48.073 [info] > git check-ignore -v -z --stdin [2ms]
2026-09-22 18:09:48.460 [info] > git check-ignore -v -z --stdin [2ms]
2026-09-22 18:09:48.921 [info] > git check-ignore -v -z --stdin [2ms]
2026-09-22 18:09:49.794 [info] > git check-ignore -v -z --stdin [5ms]
2026-09-22 18:09:50.555 [info] > git check-ignore -v -z --stdin [1ms]
2026-09-22 18:09:50.790 [info] > git check-ignore -v -z --stdin [3ms]
2026-09-22 18:09:51.998 [info] > git check-ignore -v -z --stdin [2ms]
2026-09-22 18:09:53.038 [info] > git config --get commit.template [5ms]
2026-09-22 18:09:53.039 [info] > git for-each-ref --format=%(refname)%00%(upstream:short)%00%(objectname)%00%(upstream:track)%00%(upstream:remotename)%00%(upstream:remoteref) refs/heads/main refs/remotes/main [1ms]
2026-09-22 18:09:53.051 [info] > git for-each-ref --sort -committerdate --format %(refname)%00%(objectname)%00%(*objectname) [2ms]
2026-09-22 18:09:53.120 [info] > git status -z -uall [75ms]
2026-09-22 18:09:53.491 [info] > git check-ignore -v -z --stdin [4ms]
2026-09-22 18:09:55.701 [info] > git check-ignore -v -z --stdin [1ms]
2026-09-22 18:09:57.171 [info] > git check-ignore -v -z --stdin [1ms]
2026-09-22 18:09:58.142 [info] > git config --get commit.template [6ms]
2026-09-22 18:09:58.143 [info] > git for-each-ref --format=%(refname)%00%(upstream:short)%00%(objectname)%00%(upstream:track)%00%(upstream:remotename)%00%(upstream:remoteref) refs/heads/main refs/remotes/main [2ms]
2026-09-22 18:09:58.153 [info] > git for-each-ref --sort -committerdate --format %(refname)%00%(objectname)%00%(*objectname) [1ms]
2026-09-22 18:09:58.201 [info] > git status -z -uall [53ms]
2026-09-22 18:09:58.524 [info] > git check-ignore -v -z --stdin [2ms]
2026-09-22 18:10:00.113 [info] > git check-ignore -v -z --stdin [2ms]
2026-09-22 18:10:03.217 [info] > git config --get commit.template [5ms]
2026-09-22 18:10:03.218 [info] > git for-each-ref --format=%(refname)%00%(upstream:short)%00%(objectname)%00%(upstream:track)%00%(upstream:remotename)%00%(upstream:remoteref) refs/heads/main refs/remotes/main [1ms]
2026-09-22 18:10:03.233 [info] > git for-each-ref --sort -committerdate --format %(refname)%00%(objectname)%00%(*objectname) [2ms]
2026-09-22 18:10:03.285 [info] > git status -z -uall [62ms]
2026-09-22 18:10:03.608 [info] > git check-ignore -v -z --stdin [2ms]
2026-09-22 18:10:04.907 [info] > git check-ignore -v -z --stdin [2ms]
2026-09-22 18:10:05.827 [info] > git check-ignore -v -z --stdin [2ms]
2026-09-22 18:10:06.376 [info] > git check-ignore -v -z --stdin [1ms]
2026-09-22 18:10:06.618 [info] > git check-ignore -v -z --stdin [1ms]
2026-09-22 18:10:06.856 [info] > git check-ignore -v -z --stdin [1ms]
2026-09-22 18:10:07.378 [info] > git check-ignore -v -z --stdin [9ms]
2026-09-22 18:10:08.162 [info] > git check-ignore -v -z --stdin [3ms]
2026-09-22 18:10:10.047 [info] > git config --get commit.template [12ms]
2026-09-22 18:10:10.048 [info] > git for-each-ref --format=%(refname)%00%(upstream:short)%00%(objectname)%00%(upstream:track)%00%(upstream:remotename)%00%(upstream:remoteref) refs/heads/main refs/remotes/main [1ms]
2026-09-22 18:10:10.071 [info] > git for-each-ref --sort -committerdate --format %(refname)%00%(objectname)%00%(*objectname) [1ms]
2026-09-22 18:10:10.126 [info] > git status -z -uall [66ms]
2026-09-22 18:10:10.451 [info] > git check-ignore -v -z --stdin [2ms]
2026-09-22 18:10:12.020 [info] > git check-ignore -v -z --stdin [1ms]
2026-09-22 18:10:12.306 [info] > git check-ignore -v -z --stdin [2ms]
2026-09-22 18:10:15.141 [info] > git config --get commit.template [1ms]
2026-09-22 18:10:15.148 [info] > git for-each-ref --format=%(refname)%00%(upstream:short)%00%(objectname)%00%(upstream:track)%00%(upstream:remotename)%00%(upstream:remoteref) refs/heads/main refs/remotes/main [2ms]
2026-09-22 18:10:15.159 [info] > git for-each-ref --sort -committerdate --format %(refname)%00%(objectname)%00%(*objectname) [2ms]
2026-09-22 18:10:15.209 [info] > git status -z -uall [56ms]
2026-09-22 18:10:15.528 [info] > git check-ignore -v -z --stdin [1ms]
2026-09-22 18:10:29.996 [info] > git config --get commit.template [10ms]
2026-09-22 18:10:30.003 [info] > git for-each-ref --format=%(refname)%00%(upstream:short)%00%(objectname)%00%(upstream:track)%00%(upstream:remotename)%00%(upstream:remoteref) refs/heads/main refs/remotes/main [7ms]
2026-09-22 18:10:30.027 [info] > git for-each-ref --sort -committerdate --format %(refname)%00%(objectname)%00%(*objectname) [1ms]
2026-09-22 18:10:30.098 [info] > git status -z -uall [81ms]
2026-09-22 18:10:30.477 [info] > git check-ignore -v -z --stdin [23ms]
2026-09-22 18:10:35.137 [info] > git for-each-ref --format=%(refname)%00%(upstream:short)%00%(objectname)%00%(upstream:track)%00%(upstream:remotename)%00%(upstream:remoteref) refs/heads/main refs/remotes/main [0ms]
2026-09-22 18:10:35.186 [info] > git config --get commit.template [55ms]
2026-09-22 18:10:35.222 [info] > git for-each-ref --sort -committerdate --format %(refname)%00%(objectname)%00%(*objectname) [6ms]
2026-09-22 18:10:35.287 [info] > git status -z -uall [89ms]
2026-09-22 18:10:35.619 [info] > git check-ignore -v -z --stdin [2ms]
2026-09-22 18:17:03.246 [info] > git check-ignore -v -z --stdin [2ms]
2026-09-22 18:17:05.150 [info] > git config --get commit.template [12ms]
2026-09-22 18:17:05.152 [info] > git for-each-ref --format=%(refname)%00%(upstream:short)%00%(objectname)%00%(upstream:track)%00%(upstream:remotename)%00%(upstream:remoteref) refs/heads/main refs/remotes/main [3ms]
2026-09-22 18:17:05.167 [info] > git for-each-ref --sort -committerdate --format %(refname)%00%(objectname)%00%(*objectname) [4ms]
2026-09-22 18:17:05.229 [info] > git status -z -uall [71ms]
2026-09-22 18:17:05.294 [info] > git check-ignore -v -z --stdin [2ms]
2026-09-22 18:17:05.554 [info] > git check-ignore -v -z --stdin [3ms]
2026-09-22 18:17:07.054 [info] > git check-ignore -v -z --stdin [1ms]
2026-09-22 18:17:08.869 [info] > git check-ignore -v -z --stdin [2ms]
2026-09-22 18:17:10.247 [info] > git config --get commit.template [6ms]
2026-09-22 18:17:10.248 [info] > git for-each-ref --format=%(refname)%00%(upstream:short)%00%(objectname)%00%(upstream:track)%00%(upstream:remotename)%00%(upstream:remoteref) refs/heads/main refs/remotes/main [1ms]
2026-09-22 18:17:10.261 [info] > git for-each-ref --sort -committerdate --format %(refname)%00%(objectname)%00%(*objectname) [2ms]
2026-09-22 18:17:10.324 [info] > git status -z -uall [70ms]
2026-09-22 18:17:10.648 [info] > git check-ignore -v -z --stdin [2ms]
2026-09-22 18:17:13.317 [info] > git check-ignore -v -z --stdin [3ms]
2026-09-22 18:17:15.344 [info] > git config --get commit.template [5ms]
2026-09-22 18:17:15.346 [info] > git for-each-ref --format=%(refname)%00%(upstream:short)%00%(objectname)%00%(upstream:track)%00%(upstream:remotename)%00%(upstream:remoteref) refs/heads/main refs/remotes/main [2ms]
2026-09-22 18:17:15.358 [info] > git for-each-ref --sort -committerdate --format %(refname)%00%(objectname)%00%(*objectname) [2ms]
2026-09-22 18:17:15.409 [info] > git status -z -uall [58ms]
2026-09-22 18:17:15.744 [info] > git check-ignore -v -z --stdin [4ms]
2026-09-22 18:17:16.096 [info] > git check-ignore -v -z --stdin [2ms]
2026-09-22 18:17:19.810 [info] > git check-ignore -v -z --stdin [2ms]
2026-09-22 18:17:20.433 [info] > git config --get commit.template [9ms]
2026-09-22 18:17:20.435 [info] > git for-each-ref --format=%(refname)%00%(upstream:short)%00%(objectname)%00%(upstream:track)%00%(upstream:remotename)%00%(upstream:remoteref) refs/heads/main refs/remotes/main [1ms]
2026-09-22 18:17:20.453 [info] > git for-each-ref --sort -committerdate --format %(refname)%00%(objectname)%00%(*objectname) [3ms]
2026-09-22 18:17:20.508 [info] > git status -z -uall [64ms]
2026-09-22 18:17:20.837 [info] > git check-ignore -v -z --stdin [2ms]
2026-09-22 18:17:25.534 [info] > git config --get commit.template [10ms]
2026-09-22 18:17:25.534 [info] > git for-each-ref --format=%(refname)%00%(upstream:short)%00%(objectname)%00%(upstream:track)%00%(upstream:remotename)%00%(upstream:remoteref) refs/heads/main refs/remotes/main [3ms]
2026-09-22 18:17:25.563 [info] > git for-each-ref --sort -committerdate --format %(refname)%00%(objectname)%00%(*objectname) [1ms]
2026-09-22 18:17:25.613 [info] > git status -z -uall [63ms]
2026-09-22 18:17:25.946 [info] > git check-ignore -v -z --stdin [2ms]
2026-09-22 18:17:45.138 [info] > git check-ignore -v -z --stdin [3ms]
2026-09-22 18:17:47.030 [info] > git config --get commit.template [10ms]
2026-09-22 18:17:47.031 [info] > git for-each-ref --format=%(refname)%00%(upstream:short)%00%(objectname)%00%(upstream:track)%00%(upstream:remotename)%00%(upstream:remoteref) refs/heads/main refs/remotes/main [2ms]
2026-09-22 18:17:47.051 [info] > git for-each-ref --sort -committerdate --format %(refname)%00%(objectname)%00%(*objectname) [3ms]
2026-09-22 18:17:47.109 [info] > git status -z -uall [72ms]
2026-09-22 18:17:47.441 [info] > git check-ignore -v -z --stdin [3ms]
2026-09-22 18:17:52.011 [info] > git check-ignore -v -z --stdin [2ms]
2026-09-22 18:17:53.916 [info] > git config --get commit.template [7ms]
2026-09-22 18:17:53.916 [info] > git for-each-ref --format=%(refname)%00%(upstream:short)%00%(objectname)%00%(upstream:track)%00%(upstream:remotename)%00%(upstream:remoteref) refs/heads/main refs/remotes/main [1ms]
2026-09-22 18:17:53.929 [info] > git for-each-ref --sort -committerdate --format %(refname)%00%(objectname)%00%(*objectname) [2ms]
2026-09-22 18:17:53.986 [info] > git status -z -uall [63ms]
2026-09-22 18:17:54.304 [info] > git check-ignore -v -z --stdin [2ms]
2026-09-22 18:18:00.196 [info] > git check-ignore -v -z --stdin [3ms]
2026-09-22 18:18:02.096 [info] > git config --get commit.template [3ms]
2026-09-22 18:18:02.110 [info] > git for-each-ref --format=%(refname)%00%(upstream:short)%00%(objectname)%00%(upstream:track)%00%(upstream:remotename)%00%(upstream:remoteref) refs/heads/main refs/remotes/main [6ms]
2026-09-22 18:18:02.141 [info] > git for-each-ref --sort -committerdate --format %(refname)%00%(objectname)%00%(*objectname) [6ms]
2026-09-22 18:18:02.192 [info] > git status -z -uall [69ms]
2026-09-22 18:18:02.514 [info] > git check-ignore -v -z --stdin [2ms]
2026-09-22 18:18:05.299 [info] > git check-ignore -v -z --stdin [3ms]
2026-09-22 18:18:07.219 [info] > git config --get commit.template [6ms]
2026-09-22 18:18:07.219 [info] > git for-each-ref --format=%(refname)%00%(upstream:short)%00%(objectname)%00%(upstream:track)%00%(upstream:remotename)%00%(upstream:remoteref) refs/heads/main refs/remotes/main [1ms]
2026-09-22 18:18:07.231 [info] > git for-each-ref --sort -committerdate --format %(refname)%00%(objectname)%00%(*objectname) [2ms]
2026-09-22 18:18:07.279 [info] > git status -z -uall [54ms]
2026-09-22 18:18:07.605 [info] > git check-ignore -v -z --stdin [1ms]
2026-09-22 18:18:12.003 [info] > git check-ignore -v -z --stdin [1ms]
2026-09-22 18:18:13.907 [info] > git config --get commit.template [10ms]
2026-09-22 18:18:13.908 [info] > git for-each-ref --format=%(refname)%00%(upstream:short)%00%(objectname)%00%(upstream:track)%00%(upstream:remotename)%00%(upstream:remoteref) refs/heads/main refs/remotes/main [2ms]
2026-09-22 18:18:13.926 [info] > git for-each-ref --sort -committerdate --format %(refname)%00%(objectname)%00%(*objectname) [2ms]
2026-09-22 18:18:13.981 [info] > git status -z -uall [66ms]
2026-09-22 18:18:14.300 [info] > git check-ignore -v -z --stdin [2ms]
2026-09-22 18:18:15.162 [info] > git check-ignore -v -z --stdin [2ms]
2026-09-22 18:18:18.996 [info] > git config --get commit.template [6ms]
2026-09-22 18:18:18.997 [info] > git for-each-ref --format=%(refname)%00%(upstream:short)%00%(objectname)%00%(upstream:track)%00%(upstream:remotename)%00%(upstream:remoteref) refs/heads/main refs/remotes/main [1ms]
2026-09-22 18:18:19.006 [info] > git for-each-ref --sort -committerdate --format %(refname)%00%(objectname)%00%(*objectname) [1ms]
2026-09-22 18:18:19.055 [info] > git status -z -uall [54ms]
2026-09-22 18:18:19.089 [info] > git check-ignore -v -z --stdin [2ms]
2026-09-22 18:18:19.373 [info] > git check-ignore -v -z --stdin [1ms]
2026-09-22 18:18:24.071 [info] > git config --get commit.template [6ms]
2026-09-22 18:18:24.073 [info] > git for-each-ref --format=%(refname)%00%(upstream:short)%00%(objectname)%00%(upstream:track)%00%(upstream:remotename)%00%(upstream:remoteref) refs/heads/main refs/remotes/main [3ms]
2026-09-22 18:18:24.090 [info] > git for-each-ref --sort -committerdate --format %(refname)%00%(objectname)%00%(*objectname) [3ms]
2026-09-22 18:18:24.140 [info] > git status -z -uall [60ms]
2026-09-22 18:18:24.463 [info] > git check-ignore -v -z --stdin [1ms]
2026-09-22 18:18:24.847 [info] > git check-ignore -v -z --stdin [1ms]
2026-09-22 18:18:29.175 [info] > git config --get commit.template [16ms]
2026-09-22 18:18:29.176 [info] > git for-each-ref --format=%(refname)%00%(upstream:short)%00%(objectname)%00%(upstream:track)%00%(upstream:remotename)%00%(upstream:remoteref) refs/heads/main refs/remotes/main [3ms]
2026-09-22 18:18:29.223 [info] > git for-each-ref --sort -committerdate --format %(refname)%00%(objectname)%00%(*objectname) [8ms]
2026-09-22 18:18:29.279 [info] > git status -z -uall [72ms]
2026-09-22 18:18:29.620 [info] > git check-ignore -v -z --stdin [2ms]
2026-09-22 18:18:30.460 [info] > git check-ignore -v -z --stdin [1ms]
2026-09-22 18:18:34.296 [info] > git config --get commit.template [7ms]
2026-09-22 18:18:34.297 [info] > git for-each-ref --format=%(refname)%00%(upstream:short)%00%(objectname)%00%(upstream:track)%00%(upstream:remotename)%00%(upstream:remoteref) refs/heads/main refs/remotes/main [2ms]
2026-09-22 18:18:34.309 [info] > git for-each-ref --sort -committerdate --format %(refname)%00%(objectname)%00%(*objectname) [2ms]
2026-09-22 18:18:34.367 [info] > git status -z -uall [65ms]
2026-09-22 18:18:34.692 [info] > git check-ignore -v -z --stdin [2ms]
2026-09-22 18:18:39.388 [info] > git config --get commit.template [7ms]
2026-09-22 18:18:39.390 [info] > git for-each-ref --format=%(refname)%00%(upstream:short)%00%(objectname)%00%(upstream:track)%00%(upstream:remotename)%00%(upstream:remoteref) refs/heads/main refs/remotes/main [3ms]
2026-09-22 18:18:39.403 [info] > git for-each-ref --sort -committerdate --format %(refname)%00%(objectname)%00%(*objectname) [3ms]
2026-09-22 18:18:39.453 [info] > git status -z -uall [57ms]
2026-09-22 18:18:39.770 [info] > git check-ignore -v -z --stdin [1ms]
2026-09-22 18:18:40.187 [info] > git check-ignore -v -z --stdin [2ms]
2026-09-22 18:18:44.479 [info] > git config --get commit.template [8ms]
2026-09-22 18:18:44.488 [info] > git for-each-ref --format=%(refname)%00%(upstream:short)%00%(objectname)%00%(upstream:track)%00%(upstream:remotename)%00%(upstream:remoteref) refs/heads/main refs/remotes/main [10ms]
2026-09-22 18:18:44.530 [info] > git for-each-ref --sort -committerdate --format %(refname)%00%(objectname)%00%(*objectname) [8ms]
2026-09-22 18:18:44.575 [info] > git status -z -uall [68ms]
2026-09-22 18:18:44.916 [info] > git check-ignore -v -z --stdin [2ms]
2026-09-22 18:19:48.812 [info] > git config --get commit.template [9ms]
2026-09-22 18:19:48.817 [info] > git for-each-ref --format=%(refname)%00%(upstream:short)%00%(objectname)%00%(upstream:track)%00%(upstream:remotename)%00%(upstream:remoteref) refs/heads/main refs/remotes/main [6ms]
2026-09-22 18:19:48.842 [info] > git for-each-ref --sort -committerdate --format %(refname)%00%(objectname)%00%(*objectname) [3ms]
2026-09-22 18:19:48.910 [info] > git status -z -uall [82ms]
2026-09-22 18:19:49.261 [info] > git check-ignore -v -z --stdin [1ms]
2026-09-22 18:19:53.940 [info] > git config --get commit.template [11ms]
2026-09-22 18:19:53.942 [info] > git for-each-ref --format=%(refname)%00%(upstream:short)%00%(objectname)%00%(upstream:track)%00%(upstream:remotename)%00%(upstream:remoteref) refs/heads/main refs/remotes/main [3ms]
2026-09-22 18:19:53.956 [info] > git for-each-ref --sort -committerdate --format %(refname)%00%(objectname)%00%(*objectname) [2ms]
2026-09-22 18:19:54.011 [info] > git status -z -uall [62ms]
2026-09-22 18:19:54.328 [info] > git check-ignore -v -z --stdin [2ms]
2026-09-22 18:19:59.410 [info] > git check-ignore -v -z --stdin [2ms]
2026-09-22 18:20:00.213 [info] > git check-ignore -v -z --stdin [2ms]
2026-09-22 18:20:00.753 [info] > git check-ignore -v -z --stdin [1ms]
2026-09-22 18:20:01.069 [info] > git check-ignore -v -z --stdin [2ms]
2026-09-22 18:20:02.919 [info] > git check-ignore -v -z --stdin [1ms]
2026-09-22 18:20:02.957 [info] > git config --get commit.template [6ms]
2026-09-22 18:20:02.959 [info] > git for-each-ref --format=%(refname)%00%(upstream:short)%00%(objectname)%00%(upstream:track)%00%(upstream:remotename)%00%(upstream:remoteref) refs/heads/main refs/remotes/main [3ms]
2026-09-22 18:20:02.990 [info] > git for-each-ref --sort -committerdate --format %(refname)%00%(objectname)%00%(*objectname) [4ms]
2026-09-22 18:20:03.023 [info] > git status -z -uall [55ms]
2026-09-22 18:20:03.344 [info] > git check-ignore -v -z --stdin [2ms]
2026-09-22 18:20:03.976 [info] > git check-ignore -v -z --stdin [3ms]
2026-09-22 18:20:04.909 [info] > git check-ignore -v -z --stdin [3ms]
2026-09-22 18:20:08.049 [info] > git config --get commit.template [8ms]
2026-09-22 18:20:08.050 [info] > git for-each-ref --format=%(refname)%00%(upstream:short)%00%(objectname)%00%(upstream:track)%00%(upstream:remotename)%00%(upstream:remoteref) refs/heads/main refs/remotes/main [2ms]
2026-09-22 18:20:08.068 [info] > git for-each-ref --sort -committerdate --format %(refname)%00%(objectname)%00%(*objectname) [2ms]
2026-09-22 18:20:08.120 [info] > git status -z -uall [60ms]
2026-09-22 18:20:08.439 [info] > git check-ignore -v -z --stdin [2ms]
2026-09-22 18:20:13.898 [info] > git check-ignore -v -z --stdin [2ms]
2026-09-22 18:20:14.944 [info] > git check-ignore -v -z --stdin [3ms]
2026-09-22 18:20:15.473 [info] > git check-ignore -v -z --stdin [1ms]
2026-09-22 18:20:15.796 [info] > git config --get commit.template [2ms]
2026-09-22 18:20:15.803 [info] > git for-each-ref --format=%(refname)%00%(upstream:short)%00%(objectname)%00%(upstream:track)%00%(upstream:remotename)%00%(upstream:remoteref) refs/heads/main refs/remotes/main [3ms]
2026-09-22 18:20:15.816 [info] > git for-each-ref --sort -committerdate --format %(refname)%00%(objectname)%00%(*objectname) [1ms]
2026-09-22 18:20:15.873 [info] > git status -z -uall [64ms]
2026-09-22 18:20:16.192 [info] > git check-ignore -v -z --stdin [2ms]
2026-09-22 18:20:16.438 [info] > git check-ignore -v -z --stdin [2ms]
2026-09-22 18:20:17.480 [info] > git check-ignore -v -z --stdin [1ms]
2026-09-22 18:20:18.103 [info] > git check-ignore -v -z --stdin [2ms]
2026-09-22 18:20:18.601 [info] > git check-ignore -v -z --stdin [1ms]
2026-09-22 18:20:20.902 [info] > git config --get commit.template [6ms]
2026-09-22 18:20:20.919 [info] > git for-each-ref --format=%(refname)%00%(upstream:short)%00%(objectname)%00%(upstream:track)%00%(upstream:remotename)%00%(upstream:remoteref) refs/heads/main refs/remotes/main [3ms]
2026-09-22 18:20:20.951 [info] > git for-each-ref --sort -committerdate --format %(refname)%00%(objectname)%00%(*objectname) [5ms]
2026-09-22 18:20:21.002 [info] > git status -z -uall [70ms]
2026-09-22 18:20:21.329 [info] > git check-ignore -v -z --stdin [2ms]
2026-09-22 18:20:25.160 [info] > git check-ignore -v -z --stdin [1ms]
2026-09-22 18:20:25.668 [info] > git check-ignore -v -z --stdin [1ms]
2026-09-22 18:20:26.166 [info] > git check-ignore -v -z --stdin [2ms]
2026-09-22 18:20:26.936 [info] > git check-ignore -v -z --stdin [2ms]
2026-09-22 18:20:27.574 [info] > git check-ignore -v -z --stdin [1ms]
2026-09-22 18:20:29.467 [info] > git config --get commit.template [5ms]
2026-09-22 18:20:29.468 [info] > git for-each-ref --format=%(refname)%00%(upstream:short)%00%(objectname)%00%(upstream:track)%00%(upstream:remotename)%00%(upstream:remoteref) refs/heads/main refs/remotes/main [3ms]
2026-09-22 18:20:29.479 [info] > git for-each-ref --sort -committerdate --format %(refname)%00%(objectname)%00%(*objectname) [2ms]
2026-09-22 18:20:29.533 [info] > git status -z -uall [60ms]
2026-09-22 18:20:29.875 [info] > git check-ignore -v -z --stdin [4ms]
2026-09-22 18:20:30.933 [info] > git check-ignore -v -z --stdin [1ms]
2026-09-22 18:20:31.495 [info] > git check-ignore -v -z --stdin [3ms]
2026-09-22 18:20:34.553 [info] > git config --get commit.template [1ms]
2026-09-22 18:20:34.562 [info] > git for-each-ref --format=%(refname)%00%(upstream:short)%00%(objectname)%00%(upstream:track)%00%(upstream:remotename)%00%(upstream:remoteref) refs/heads/main refs/remotes/main [2ms]
2026-09-22 18:20:34.578 [info] > git for-each-ref --sort -committerdate --format %(refname)%00%(objectname)%00%(*objectname) [2ms]
2026-09-22 18:20:34.634 [info] > git status -z -uall [61ms]
2026-09-22 18:20:34.957 [info] > git check-ignore -v -z --stdin [2ms]
2026-09-22 18:20:35.848 [info] > git check-ignore -v -z --stdin [3ms]
2026-09-22 18:20:36.197 [info] > git check-ignore -v -z --stdin [3ms]
2026-09-22 18:20:39.279 [info] > git check-ignore -v -z --stdin [2ms]
2026-09-22 18:20:39.647 [info] > git config --get commit.template [6ms]
2026-09-22 18:20:39.649 [info] > git for-each-ref --format=%(refname)%00%(upstream:short)%00%(objectname)%00%(upstream:track)%00%(upstream:remotename)%00%(upstream:remoteref) refs/heads/main refs/remotes/main [3ms]
2026-09-22 18:20:39.661 [info] > git for-each-ref --sort -committerdate --format %(refname)%00%(objectname)%00%(*objectname) [1ms]
2026-09-22 18:20:39.710 [info] > git status -z -uall [56ms]
2026-09-22 18:20:40.033 [info] > git check-ignore -v -z --stdin [2ms]
2026-09-22 18:20:42.369 [info] > git check-ignore -v -z --stdin [7ms]
2026-09-22 18:20:43.273 [info] > git check-ignore -v -z --stdin [2ms]
2026-09-22 18:20:43.558 [info] > git check-ignore -v -z --stdin [2ms]
2026-09-22 18:20:44.145 [info] > git check-ignore -v -z --stdin [2ms]
2026-09-22 18:20:44.731 [info] > git config --get commit.template [8ms]
2026-09-22 18:20:44.733 [info] > git for-each-ref --format=%(refname)%00%(upstream:short)%00%(objectname)%00%(upstream:track)%00%(upstream:remotename)%00%(upstream:remoteref) refs/heads/main refs/remotes/main [3ms]
2026-09-22 18:20:44.746 [info] > git for-each-ref --sort -committerdate --format %(refname)%00%(objectname)%00%(*objectname) [1ms]
2026-09-22 18:20:44.802 [info] > git status -z -uall [62ms]
2026-09-22 18:20:45.118 [info] > git check-ignore -v -z --stdin [2ms]
2026-09-22 18:20:45.463 [info] > git check-ignore -v -z --stdin [2ms]
2026-09-22 18:20:45.807 [info] > git check-ignore -v -z --stdin [2ms]
2026-09-22 18:20:46.760 [info] > git check-ignore -v -z --stdin [2ms]
2026-09-22 18:20:47.000 [info] > git check-ignore -v -z --stdin [1ms]
2026-09-22 18:20:47.640 [info] > git check-ignore -v -z --stdin [2ms]
2026-09-22 18:20:49.825 [info] > git config --get commit.template [9ms]
2026-09-22 18:20:49.825 [info] > git for-each-ref --format=%(refname)%00%(upstream:short)%00%(objectname)%00%(upstream:track)%00%(upstream:remotename)%00%(upstream:remoteref) refs/heads/main refs/remotes/main [1ms]
2026-09-22 18:20:49.835 [info] > git for-each-ref --sort -committerdate --format %(refname)%00%(objectname)%00%(*objectname) [1ms]
2026-09-22 18:20:49.881 [info] > git status -z -uall [51ms]
2026-09-22 18:20:50.196 [info] > git check-ignore -v -z --stdin [2ms]
2026-09-22 18:21:02.005 [info] > git check-ignore -v -z --stdin [1ms]
2026-09-22 18:21:02.629 [info] > git check-ignore -v -z --stdin [1ms]
2026-09-22 18:21:03.269 [info] > git check-ignore -v -z --stdin [1ms]
2026-09-22 18:21:04.000 [info] > git check-ignore -v -z --stdin [1ms]
2026-09-22 18:21:04.756 [info] > git check-ignore -v -z --stdin [1ms]
2026-09-22 18:21:05.094 [info] > git check-ignore -v -z --stdin [2ms]
2026-09-22 18:21:06.989 [info] > git config --get commit.template [6ms]
2026-09-22 18:21:06.990 [info] > git for-each-ref --format=%(refname)%00%(upstream:short)%00%(objectname)%00%(upstream:track)%00%(upstream:remotename)%00%(upstream:remoteref) refs/heads/main refs/remotes/main [2ms]
2026-09-22 18:21:07.001 [info] > git for-each-ref --sort -committerdate --format %(refname)%00%(objectname)%00%(*objectname) [2ms]
2026-09-22 18:21:07.053 [info] > git status -z -uall [58ms]
2026-09-22 18:21:07.379 [info] > git check-ignore -v -z --stdin [3ms]
2026-09-22 18:21:13.377 [info] > git check-ignore -v -z --stdin [4ms]
2026-09-22 18:21:13.764 [info] > git check-ignore -v -z --stdin [2ms]
2026-09-22 18:21:13.991 [info] > git check-ignore -v -z --stdin [3ms]
2026-09-22 18:21:14.506 [info] > git check-ignore -v -z --stdin [1ms]
2026-09-22 18:21:14.863 [info] > git check-ignore -v -z --stdin [2ms]
2026-09-22 18:21:16.754 [info] > git config --get commit.template [7ms]
2026-09-22 18:21:16.756 [info] > git for-each-ref --format=%(refname)%00%(upstream:short)%00%(objectname)%00%(upstream:track)%00%(upstream:remotename)%00%(upstream:remoteref) refs/heads/main refs/remotes/main [3ms]
2026-09-22 18:21:16.768 [info] > git for-each-ref --sort -committerdate --format %(refname)%00%(objectname)%00%(*objectname) [2ms]
2026-09-22 18:21:16.832 [info] > git status -z -uall [70ms]
2026-09-22 18:21:17.150 [info] > git check-ignore -v -z --stdin [1ms]
2026-09-22 18:21:17.506 [info] > git check-ignore -v -z --stdin [2ms]
2026-09-22 18:21:17.913 [info] > git check-ignore -v -z --stdin [2ms]
2026-09-22 18:21:18.266 [info] > git check-ignore -v -z --stdin [2ms]
2026-09-22 18:21:18.564 [info] > git check-ignore -v -z --stdin [2ms]
2026-09-22 18:21:19.170 [info] > git check-ignore -v -z --stdin [2ms]
2026-09-22 18:21:21.849 [info] > git config --get commit.template [5ms]
2026-09-22 18:21:21.851 [info] > git for-each-ref --format=%(refname)%00%(upstream:short)%00%(objectname)%00%(upstream:track)%00%(upstream:remotename)%00%(upstream:remoteref) refs/heads/main refs/remotes/main [2ms]
2026-09-22 18:21:21.862 [info] > git for-each-ref --sort -committerdate --format %(refname)%00%(objectname)%00%(*objectname) [2ms]
2026-09-22 18:21:21.919 [info] > git status -z -uall [63ms]
2026-09-22 18:21:22.234 [info] > git check-ignore -v -z --stdin [2ms]
2026-09-22 18:21:25.200 [info] > git check-ignore -v -z --stdin [2ms]
2026-09-22 18:21:25.994 [info] > git check-ignore -v -z --stdin [3ms]
2026-09-22 18:21:26.276 [info] > git check-ignore -v -z --stdin [2ms]
2026-09-22 18:21:26.637 [info] > git check-ignore -v -z --stdin [1ms]
2026-09-22 18:21:28.603 [info] > git config --get commit.template [14ms]
2026-09-22 18:21:28.604 [info] > git for-each-ref --format=%(refname)%00%(upstream:short)%00%(objectname)%00%(upstream:track)%00%(upstream:remotename)%00%(upstream:remoteref) refs/heads/main refs/remotes/main [2ms]
2026-09-22 18:21:28.649 [info] > git for-each-ref --sort -committerdate --format %(refname)%00%(objectname)%00%(*objectname) [8ms]
2026-09-22 18:21:28.704 [info] > git status -z -uall [69ms]
2026-09-22 18:21:29.028 [info] > git check-ignore -v -z --stdin [2ms]
2026-09-22 18:21:29.478 [info] > git check-ignore -v -z --stdin [2ms]
2026-09-22 18:21:30.075 [info] > git check-ignore -v -z --stdin [5ms]
2026-09-22 18:21:30.400 [info] > git check-ignore -v -z --stdin [3ms]
2026-09-22 18:21:30.718 [info] > git check-ignore -v -z --stdin [1ms]
2026-09-22 18:21:31.096 [info] > git check-ignore -v -z --stdin [3ms]
2026-09-22 18:21:33.730 [info] > git config --get commit.template [7ms]
2026-09-22 18:21:33.743 [info] > git for-each-ref --format=%(refname)%00%(upstream:short)%00%(objectname)%00%(upstream:track)%00%(upstream:remotename)%00%(upstream:remoteref) refs/heads/main refs/remotes/main [5ms]
2026-09-22 18:21:33.783 [info] > git for-each-ref --sort -committerdate --format %(refname)%00%(objectname)%00%(*objectname) [8ms]
2026-09-22 18:21:33.832 [info] > git status -z -uall [64ms]
2026-09-22 18:21:34.161 [info] > git check-ignore -v -z --stdin [3ms]
2026-09-22 18:21:35.018 [info] > git check-ignore -v -z --stdin [14ms]
2026-09-22 18:21:35.437 [info] > git check-ignore -v -z --stdin [2ms]
2026-09-22 18:21:35.765 [info] > git check-ignore -v -z --stdin [2ms]
2026-09-22 18:21:36.196 [info] > git check-ignore -v -z --stdin [2ms]
2026-09-22 18:21:36.455 [info] > git check-ignore -v -z --stdin [3ms]
2026-09-22 18:21:38.853 [info] > git config --get commit.template [6ms]
2026-09-22 18:21:38.855 [info] > git for-each-ref --format=%(refname)%00%(upstream:short)%00%(objectname)%00%(upstream:track)%00%(upstream:remotename)%00%(upstream:remoteref) refs/heads/main refs/remotes/main [2ms]
2026-09-22 18:21:38.867 [info] > git for-each-ref --sort -committerdate --format %(refname)%00%(objectname)%00%(*objectname) [2ms]
2026-09-22 18:21:38.928 [info] > git status -z -uall [68ms]
2026-09-22 18:21:39.245 [info] > git check-ignore -v -z --stdin [1ms]
2026-09-22 18:21:40.197 [info] > git check-ignore -v -z --stdin [1ms]
2026-09-22 18:21:40.738 [info] > git check-ignore -v -z --stdin [2ms]
2026-09-22 18:21:40.998 [info] > git check-ignore -v -z --stdin [4ms]
2026-09-22 18:21:41.519 [info] > git check-ignore -v -z --stdin [2ms]
2026-09-22 18:21:42.523 [info] > git check-ignore -v -z --stdin [3ms]
2026-09-22 18:21:42.876 [info] > git check-ignore -v -z --stdin [4ms]
2026-09-22 18:21:43.086 [info] > git check-ignore -v -z --stdin [3ms]
2026-09-22 18:21:44.995 [info] > git config --get commit.template [7ms]
2026-09-22 18:21:44.997 [info] > git for-each-ref --format=%(refname)%00%(upstream:short)%00%(objectname)%00%(upstream:track)%00%(upstream:remotename)%00%(upstream:remoteref) refs/heads/main refs/remotes/main [3ms]
2026-09-22 18:21:45.010 [info] > git for-each-ref --sort -committerdate --format %(refname)%00%(objectname)%00%(*objectname) [2ms]
2026-09-22 18:21:45.068 [info] > git status -z -uall [64ms]
2026-09-22 18:21:45.401 [info] > git check-ignore -v -z --stdin [4ms]
2026-09-22 18:21:46.612 [info] > git check-ignore -v -z --stdin [3ms]
2026-09-22 18:21:47.374 [info] > git check-ignore -v -z --stdin [1ms]
2026-09-22 18:21:48.338 [info] > git check-ignore -v -z --stdin [2ms]
2026-09-22 18:21:48.636 [info] > git check-ignore -v -z --stdin [2ms]
2026-09-22 18:21:49.327 [info] > git check-ignore -v -z --stdin [1ms]
2026-09-22 18:21:51.220 [info] > git config --get commit.template [2ms]
2026-09-22 18:21:51.228 [info] > git for-each-ref --format=%(refname)%00%(upstream:short)%00%(objectname)%00%(upstream:track)%00%(upstream:remotename)%00%(upstream:remoteref) refs/heads/main refs/remotes/main [2ms]
2026-09-22 18:21:51.239 [info] > git for-each-ref --sort -committerdate --format %(refname)%00%(objectname)%00%(*objectname) [2ms]
2026-09-22 18:21:51.289 [info] > git status -z -uall [56ms]
2026-09-22 18:21:51.607 [info] > git check-ignore -v -z --stdin [2ms]
2026-09-22 18:21:52.037 [info] > git check-ignore -v -z --stdin [3ms]
2026-09-22 18:21:52.500 [info] > git check-ignore -v -z --stdin [2ms]
2026-09-22 18:21:52.840 [info] > git check-ignore -v -z --stdin [1ms]
2026-09-22 18:21:53.171 [info] > git check-ignore -v -z --stdin [2ms]
2026-09-22 18:21:53.383 [info] > git check-ignore -v -z --stdin [2ms]
2026-09-22 18:21:56.313 [info] > git config --get commit.template [6ms]
2026-09-22 18:21:56.313 [info] > git for-each-ref --format=%(refname)%00%(upstream:short)%00%(objectname)%00%(upstream:track)%00%(upstream:remotename)%00%(upstream:remoteref) refs/heads/main refs/remotes/main [1ms]
2026-09-22 18:21:56.328 [info] > git for-each-ref --sort -committerdate --format %(refname)%00%(objectname)%00%(*objectname) [1ms]
2026-09-22 18:21:56.381 [info] > git status -z -uall [59ms]
2026-09-22 18:21:56.702 [info] > git check-ignore -v -z --stdin [6ms]
2026-09-22 18:22:00.802 [info] > git check-ignore -v -z --stdin [1ms]
2026-09-22 18:22:01.294 [info] > git check-ignore -v -z --stdin [2ms]
2026-09-22 18:22:01.535 [info] > git check-ignore -v -z --stdin [3ms]
2026-09-22 18:22:01.722 [info] > git check-ignore -v -z --stdin [2ms]
2026-09-22 18:22:03.621 [info] > git config --get commit.template [2ms]
2026-09-22 18:22:03.631 [info] > git for-each-ref --format=%(refname)%00%(upstream:short)%00%(objectname)%00%(upstream:track)%00%(upstream:remotename)%00%(upstream:remoteref) refs/heads/main refs/remotes/main [3ms]
2026-09-22 18:22:03.651 [info] > git for-each-ref --sort -committerdate --format %(refname)%00%(objectname)%00%(*objectname) [4ms]
2026-09-22 18:22:03.703 [info] > git status -z -uall [62ms]
2026-09-22 18:22:04.155 [info] > git check-ignore -v -z --stdin [2ms]
2026-09-22 18:22:04.479 [info] > git check-ignore -v -z --stdin [3ms]
2026-09-22 18:22:04.661 [info] > git check-ignore -v -z --stdin [2ms]
2026-09-22 18:22:05.045 [info] > git check-ignore -v -z --stdin [1ms]
2026-09-22 18:22:08.492 [info] > git check-ignore -v -z --stdin [2ms]
2026-09-22 18:22:08.718 [info] > git check-ignore -v -z --stdin [8ms]
2026-09-22 18:22:08.719 [info] > git config --get commit.template [2ms]
2026-09-22 18:22:08.727 [info] > git for-each-ref --format=%(refname)%00%(upstream:short)%00%(objectname)%00%(upstream:track)%00%(upstream:remotename)%00%(upstream:remoteref) refs/heads/main refs/remotes/main [1ms]
2026-09-22 18:22:08.757 [info] > git for-each-ref --sort -committerdate --format %(refname)%00%(objectname)%00%(*objectname) [16ms]
2026-09-22 18:22:08.800 [info] > git status -z -uall [66ms]
2026-09-22 18:22:09.135 [info] > git check-ignore -v -z --stdin [3ms]
2026-09-22 18:22:11.648 [info] > git check-ignore -v -z --stdin [2ms]
2026-09-22 18:22:11.906 [info] > git check-ignore -v -z --stdin [1ms]
2026-09-22 18:22:12.137 [info] > git check-ignore -v -z --stdin [1ms]
2026-09-22 18:22:57.556 [info] > git config --get commit.template [12ms]
2026-09-22 18:22:57.569 [info] > git for-each-ref --format=%(refname)%00%(upstream:short)%00%(objectname)%00%(upstream:track)%00%(upstream:remotename)%00%(upstream:remoteref) refs/heads/main refs/remotes/main [14ms]
2026-09-22 18:22:57.606 [info] > git for-each-ref --sort -committerdate --format %(refname)%00%(objectname)%00%(*objectname) [4ms]
2026-09-22 18:22:57.673 [info] > git status -z -uall [81ms]
2026-09-22 18:22:57.998 [info] > git check-ignore -v -z --stdin [2ms]
2026-09-22 18:23:00.627 [info] > git check-ignore -v -z --stdin [4ms]
2026-09-22 18:23:00.666 [info] > git show --textconv :OrientationApp/views.py [24ms]
2026-09-22 18:23:00.670 [info] > git ls-files --stage -- OrientationApp/views.py [6ms]
2026-09-22 18:23:00.697 [info] > git cat-file -s e6930d2b0751dcea56f287b58b13d3ad276e2842 [4ms]
2026-09-22 18:23:02.694 [info] > git config --get commit.template [7ms]
2026-09-22 18:23:02.695 [info] > git for-each-ref --format=%(refname)%00%(upstream:short)%00%(objectname)%00%(upstream:track)%00%(upstream:remotename)%00%(upstream:remoteref) refs/heads/main refs/remotes/main [1ms]
2026-09-22 18:23:02.710 [info] > git for-each-ref --sort -committerdate --format %(refname)%00%(objectname)%00%(*objectname) [3ms]
2026-09-22 18:23:02.769 [info] > git status -z -uall [68ms]
2026-09-22 18:23:03.111 [info] > git check-ignore -v -z --stdin [4ms]
2026-09-22 18:23:42.269 [info] > git check-ignore -v -z --stdin [1ms]
2026-09-22 18:23:42.297 [info] > git show --textconv :OrientationApp/templates/Orientation.html [14ms]
2026-09-22 18:23:42.299 [info] > git ls-files --stage -- OrientationApp/templates/Orientation.html [5ms]
2026-09-22 18:23:42.313 [info] > git cat-file -s fa33b7b86b712c0b4e070d233ea2a8b01e8bc897 [6ms]
2026-09-22 18:24:03.302 [info] > git check-ignore -v -z --stdin [11ms]
2026-09-22 18:24:03.428 [info] > git show --textconv :OrientationApp/models.py [34ms]
2026-09-22 18:24:03.435 [info] > git ls-files --stage -- OrientationApp/models.py [8ms]
2026-09-22 18:24:03.455 [info] > git cat-file -s 59cde242fd475d12658c6a8ce4bd571a6f8dabf4 [2ms]
2026-09-22 18:24:05.716 [info] > git blame --root --incremental 90841d655b2c8e02c2bc01ace69fbba235d271b4 -- OrientationApp/models.py [5ms]
2026-09-22 18:24:08.168 [info] > git config --get commit.template [2ms]
2026-09-22 18:24:08.174 [info] > git for-each-ref --format=%(refname)%00%(upstream:short)%00%(objectname)%00%(upstream:track)%00%(upstream:remotename)%00%(upstream:remoteref) refs/heads/main refs/remotes/main [1ms]
2026-09-22 18:24:08.185 [info] > git for-each-ref --sort -committerdate --format %(refname)%00%(objectname)%00%(*objectname) [2ms]
2026-09-22 18:24:08.245 [info] > git status -z -uall [66ms]
2026-09-22 18:24:08.567 [info] > git check-ignore -v -z --stdin [2ms]
2026-09-22 18:26:30.684 [info] > git config --get commit.template [11ms]
2026-09-22 18:26:30.687 [info] > git for-each-ref --format=%(refname)%00%(upstream:short)%00%(objectname)%00%(upstream:track)%00%(upstream:remotename)%00%(upstream:remoteref) refs/heads/main refs/remotes/main [3ms]
2026-09-22 18:26:30.732 [info] > git for-each-ref --sort -committerdate --format %(refname)%00%(objectname)%00%(*objectname) [10ms]
2026-09-22 18:26:30.794 [info] > git status -z -uall [91ms]
2026-09-22 18:26:31.143 [info] > git check-ignore -v -z --stdin [2ms]
2026-09-22 18:26:34.925 [info] > git check-ignore -v -z --stdin [5ms]
2026-09-22 18:26:35.014 [info] > git show --textconv :OrientationApp/views.py [9ms]
2026-09-22 18:26:35.017 [info] > git ls-files --stage -- OrientationApp/views.py [4ms]
2026-09-22 18:26:35.024 [info] > git cat-file -s e6930d2b0751dcea56f287b58b13d3ad276e2842 [1ms]
2026-09-22 18:26:39.756 [info] > git check-ignore -v -z --stdin [2ms]
2026-09-22 18:26:41.186 [info] > git check-ignore -v -z --stdin [1ms]
2026-09-22 18:26:41.508 [info] > git check-ignore -v -z --stdin [2ms]
2026-09-22 18:26:41.725 [info] > git check-ignore -v -z --stdin [4ms]
2026-09-22 18:26:42.207 [info] > git check-ignore -v -z --stdin [2ms]
2026-09-22 18:26:42.666 [info] > git config --get commit.template [9ms]
2026-09-22 18:26:42.667 [info] > git for-each-ref --format=%(refname)%00%(upstream:short)%00%(objectname)%00%(upstream:track)%00%(upstream:remotename)%00%(upstream:remoteref) refs/heads/main refs/remotes/main [2ms]
2026-09-22 18:26:42.773 [info] > git for-each-ref --sort -committerdate --format %(refname)%00%(objectname)%00%(*objectname) [6ms]
2026-09-22 18:26:42.785 [info] > git status -z -uall [46ms]
2026-09-22 18:26:42.817 [info] > git check-ignore -v -z --stdin [1ms]
2026-09-22 18:26:43.162 [info] > git check-ignore -v -z --stdin [1ms]
2026-09-22 18:26:44.524 [info] > git check-ignore -v -z --stdin [1ms]
2026-09-22 18:26:47.928 [info] > git config --get commit.template [26ms]
2026-09-22 18:26:47.934 [info] > git for-each-ref --format=%(refname)%00%(upstream:short)%00%(objectname)%00%(upstream:track)%00%(upstream:remotename)%00%(upstream:remoteref) refs/heads/main refs/remotes/main [7ms]
2026-09-22 18:26:48.080 [info] > git check-ignore -v -z --stdin [17ms]
2026-09-22 18:26:48.085 [info] > git for-each-ref --sort -committerdate --format %(refname)%00%(objectname)%00%(*objectname) [81ms]
2026-09-22 18:26:48.118 [info] > git status -z -uall [149ms]
2026-09-22 18:26:48.468 [info] > git check-ignore -v -z --stdin [2ms]
2026-09-22 18:26:49.711 [info] > git check-ignore -v -z --stdin [3ms]
2026-09-22 18:26:53.136 [info] > git config --get commit.template [7ms]
2026-09-22 18:26:53.137 [info] > git for-each-ref --format=%(refname)%00%(upstream:short)%00%(objectname)%00%(upstream:track)%00%(upstream:remotename)%00%(upstream:remoteref) refs/heads/main refs/remotes/main [2ms]
2026-09-22 18:26:53.148 [info] > git for-each-ref --sort -committerdate --format %(refname)%00%(objectname)%00%(*objectname) [2ms]
2026-09-22 18:26:53.198 [info] > git status -z -uall [56ms]
2026-09-22 18:26:53.520 [info] > git check-ignore -v -z --stdin [2ms]
2026-09-22 18:26:54.926 [info] > git check-ignore -v -z --stdin [4ms]
2026-09-22 18:26:55.134 [info] > git check-ignore -v -z --stdin [1ms]
2026-09-22 18:26:56.122 [info] > git check-ignore -v -z --stdin [4ms]
2026-09-22 18:26:56.456 [info] > git check-ignore -v -z --stdin [1ms]
2026-09-22 18:26:57.042 [info] > git check-ignore -v -z --stdin [3ms]
2026-09-22 18:26:57.794 [info] > git check-ignore -v -z --stdin [2ms]
2026-09-22 18:26:59.428 [info] > git check-ignore -v -z --stdin [3ms]
2026-09-22 18:26:59.608 [info] > git check-ignore -v -z --stdin [3ms]
2026-09-22 18:26:59.668 [info] > git config --get commit.template [3ms]
2026-09-22 18:26:59.679 [info] > git for-each-ref --format=%(refname)%00%(upstream:short)%00%(objectname)%00%(upstream:track)%00%(upstream:remotename)%00%(upstream:remoteref) refs/heads/main refs/remotes/main [2ms]
2026-09-22 18:26:59.725 [info] > git for-each-ref --sort -committerdate --format %(refname)%00%(objectname)%00%(*objectname) [5ms]
2026-09-22 18:26:59.768 [info] > git status -z -uall [55ms]
2026-09-22 18:26:59.802 [info] > git check-ignore -v -z --stdin [4ms]
2026-09-22 18:27:00.434 [info] > git check-ignore -v -z --stdin [4ms]
2026-09-22 18:27:00.715 [info] > git check-ignore -v -z --stdin [23ms]
2026-09-22 18:27:01.529 [info] > git check-ignore -v -z --stdin [2ms]
2026-09-22 18:27:02.184 [info] > git check-ignore -v -z --stdin [6ms]
2026-09-22 18:27:03.344 [info] > git check-ignore -v -z --stdin [2ms]
2026-09-22 18:27:04.805 [info] > git config --get commit.template [6ms]
2026-09-22 18:27:04.823 [info] > git for-each-ref --format=%(refname)%00%(upstream:short)%00%(objectname)%00%(upstream:track)%00%(upstream:remotename)%00%(upstream:remoteref) refs/heads/main refs/remotes/main [4ms]
2026-09-22 18:27:04.849 [info] > git for-each-ref --sort -committerdate --format %(refname)%00%(objectname)%00%(*objectname) [5ms]
2026-09-22 18:27:04.927 [info] > git status -z -uall [90ms]
2026-09-22 18:27:05.276 [info] > git check-ignore -v -z --stdin [1ms]
2026-09-22 18:27:05.704 [info] > git check-ignore -v -z --stdin [3ms]
2026-09-22 18:27:06.008 [info] > git check-ignore -v -z --stdin [1ms]
2026-09-22 18:27:06.503 [info] > git check-ignore -v -z --stdin [7ms]
2026-09-22 18:27:06.972 [info] > git check-ignore -v -z --stdin [1ms]
2026-09-22 18:27:07.561 [info] > git check-ignore -v -z --stdin [2ms]
2026-09-22 18:27:07.867 [info] > git check-ignore -v -z --stdin [5ms]
2026-09-22 18:27:08.466 [info] > git check-ignore -v -z --stdin [2ms]
2026-09-22 18:27:08.803 [info] > git check-ignore -v -z --stdin [2ms]
2026-09-22 18:27:09.826 [info] > git check-ignore -v -z --stdin [1ms]
2026-09-22 18:27:09.969 [info] > git config --get commit.template [8ms]
2026-09-22 18:27:09.976 [info] > git for-each-ref --format=%(refname)%00%(upstream:short)%00%(objectname)%00%(upstream:track)%00%(upstream:remotename)%00%(upstream:remoteref) refs/heads/main refs/remotes/main [8ms]
2026-09-22 18:27:10.024 [info] > git for-each-ref --sort -committerdate --format %(refname)%00%(objectname)%00%(*objectname) [4ms]
2026-09-22 18:27:10.067 [info] > git status -z -uall [80ms]
2026-09-22 18:27:10.383 [info] > git check-ignore -v -z --stdin [2ms]
2026-09-22 18:27:11.600 [info] > git check-ignore -v -z --stdin [6ms]
2026-09-22 18:27:13.186 [info] > git check-ignore -v -z --stdin [3ms]
2026-09-22 18:27:13.407 [info] > git check-ignore -v -z --stdin [2ms]
2026-09-22 18:27:13.844 [info] > git check-ignore -v -z --stdin [3ms]
2026-09-22 18:27:14.809 [info] > git check-ignore -v -z --stdin [2ms]
2026-09-22 18:27:15.145 [info] > git config --get commit.template [6ms]
2026-09-22 18:27:15.222 [info] > git for-each-ref --format=%(refname)%00%(upstream:short)%00%(objectname)%00%(upstream:track)%00%(upstream:remotename)%00%(upstream:remoteref) refs/heads/main refs/remotes/main [62ms]
2026-09-22 18:27:15.224 [info] > git check-ignore -v -z --stdin [3ms]
2026-09-22 18:27:15.258 [info] > git for-each-ref --sort -committerdate --format %(refname)%00%(objectname)%00%(*objectname) [3ms]
2026-09-22 18:27:15.322 [info] > git status -z -uall [75ms]
2026-09-22 18:27:15.992 [info] > git check-ignore -v -z --stdin [5ms]
2026-09-22 18:27:16.966 [info] > git check-ignore -v -z --stdin [3ms]
2026-09-22 18:27:18.343 [info] > git check-ignore -v -z --stdin [2ms]
2026-09-22 18:27:19.292 [info] > git check-ignore -v -z --stdin [1ms]
2026-09-22 18:27:20.126 [info] > git check-ignore -v -z --stdin [6ms]
2026-09-22 18:27:20.338 [info] > git config --get commit.template [4ms]
2026-09-22 18:27:20.341 [info] > git for-each-ref --format=%(refname)%00%(upstream:short)%00%(objectname)%00%(upstream:track)%00%(upstream:remotename)%00%(upstream:remoteref) refs/heads/main refs/remotes/main [3ms]
2026-09-22 18:27:20.362 [info] > git for-each-ref --sort -committerdate --format %(refname)%00%(objectname)%00%(*objectname) [2ms]
2026-09-22 18:27:20.427 [info] > git status -z -uall [74ms]
2026-09-22 18:27:20.759 [info] > git check-ignore -v -z --stdin [2ms]
2026-09-22 18:27:21.074 [info] > git check-ignore -v -z --stdin [2ms]
2026-09-22 18:27:21.827 [info] > git check-ignore -v -z --stdin [2ms]
2026-09-22 18:27:22.136 [info] > git check-ignore -v -z --stdin [1ms]
2026-09-22 18:27:23.049 [info] > git check-ignore -v -z --stdin [2ms]
2026-09-22 18:27:23.533 [info] > git check-ignore -v -z --stdin [2ms]
2026-09-22 18:27:23.780 [info] > git check-ignore -v -z --stdin [1ms]
2026-09-22 18:27:24.366 [info] > git check-ignore -v -z --stdin [9ms]
2026-09-22 18:27:25.177 [info] > git check-ignore -v -z --stdin [2ms]
2026-09-22 18:27:25.458 [info] > git config --get commit.template [5ms]
2026-09-22 18:27:25.483 [info] > git for-each-ref --format=%(refname)%00%(upstream:short)%00%(objectname)%00%(upstream:track)%00%(upstream:remotename)%00%(upstream:remoteref) refs/heads/main refs/remotes/main [4ms]
2026-09-22 18:27:25.498 [info] > git for-each-ref --sort -committerdate --format %(refname)%00%(objectname)%00%(*objectname) [2ms]
2026-09-22 18:27:25.556 [info] > git status -z -uall [65ms]
2026-09-22 18:27:25.592 [info] > git check-ignore -v -z --stdin [2ms]
2026-09-22 18:27:25.880 [info] > git check-ignore -v -z --stdin [2ms]
2026-09-22 18:27:28.775 [info] > git check-ignore -v -z --stdin [3ms]
2026-09-22 18:27:30.589 [info] > git config --get commit.template [14ms]
2026-09-22 18:27:30.593 [info] > git for-each-ref --format=%(refname)%00%(upstream:short)%00%(objectname)%00%(upstream:track)%00%(upstream:remotename)%00%(upstream:remoteref) refs/heads/main refs/remotes/main [7ms]
2026-09-22 18:27:30.665 [info] > git status -z -uall [62ms]
2026-09-22 18:27:30.665 [info] > git for-each-ref --sort -committerdate --format %(refname)%00%(objectname)%00%(*objectname) [50ms]
2026-09-22 18:27:31.054 [info] > git check-ignore -v -z --stdin [3ms]
2026-09-22 18:27:35.685 [info] > git config --get commit.template [7ms]
2026-09-22 18:27:35.686 [info] > git for-each-ref --format=%(refname)%00%(upstream:short)%00%(objectname)%00%(upstream:track)%00%(upstream:remotename)%00%(upstream:remoteref) refs/heads/main refs/remotes/main [2ms]
2026-09-22 18:27:35.699 [info] > git for-each-ref --sort -committerdate --format %(refname)%00%(objectname)%00%(*objectname) [2ms]
2026-09-22 18:27:35.747 [info] > git status -z -uall [55ms]
2026-09-22 18:27:36.082 [info] > git check-ignore -v -z --stdin [3ms]
2026-09-22 18:27:41.240 [info] > git config --get commit.template [11ms]
2026-09-22 18:27:41.247 [info] > git for-each-ref --format=%(refname)%00%(upstream:short)%00%(objectname)%00%(upstream:track)%00%(upstream:remotename)%00%(upstream:remoteref) refs/heads/main refs/remotes/main [10ms]
2026-09-22 18:27:41.287 [info] > git for-each-ref --sort -committerdate --format %(refname)%00%(objectname)%00%(*objectname) [4ms]
2026-09-22 18:27:41.335 [info] > git status -z -uall [70ms]
2026-09-22 18:27:41.650 [info] > git check-ignore -v -z --stdin [2ms]
2026-09-22 18:27:55.143 [info] > git config --get commit.template [7ms]
2026-09-22 18:27:55.145 [info] > git for-each-ref --format=%(refname)%00%(upstream:short)%00%(objectname)%00%(upstream:track)%00%(upstream:remotename)%00%(upstream:remoteref) refs/heads/main refs/remotes/main [3ms]
2026-09-22 18:27:55.171 [info] > git for-each-ref --sort -committerdate --format %(refname)%00%(objectname)%00%(*objectname) [2ms]
2026-09-22 18:27:55.226 [info] > git status -z -uall [68ms]
2026-09-22 18:27:55.560 [info] > git check-ignore -v -z --stdin [3ms]
2026-09-22 18:28:49.001 [info] > git config --get commit.template [1ms]
2026-09-22 18:28:49.008 [info] > git for-each-ref --format=%(refname)%00%(upstream:short)%00%(objectname)%00%(upstream:track)%00%(upstream:remotename)%00%(upstream:remoteref) refs/heads/main refs/remotes/main [1ms]
2026-09-22 18:28:49.018 [info] > git for-each-ref --sort -committerdate --format %(refname)%00%(objectname)%00%(*objectname) [1ms]
2026-09-22 18:28:49.068 [info] > git status -z -uall [56ms]
2026-09-22 18:28:49.390 [info] > git check-ignore -v -z --stdin [2ms]
2026-09-22 18:30:24.054 [info] > git check-ignore -v -z --stdin [6ms]
2026-09-22 18:30:24.092 [info] > git show --textconv :OrientationApp/models.py [25ms]
2026-09-22 18:30:24.094 [info] > git ls-files --stage -- OrientationApp/models.py [5ms]
2026-09-22 18:30:24.107 [info] > git cat-file -s 59cde242fd475d12658c6a8ce4bd571a6f8dabf4 [3ms]
2026-09-22 18:38:11.366 [info] > git config --get commit.template [14ms]
2026-09-22 18:38:11.367 [info] > git for-each-ref --format=%(refname)%00%(upstream:short)%00%(objectname)%00%(upstream:track)%00%(upstream:remotename)%00%(upstream:remoteref) refs/heads/main refs/remotes/main [7ms]
2026-09-22 18:38:11.398 [info] > git for-each-ref --sort -committerdate --format %(refname)%00%(objectname)%00%(*objectname) [4ms]
2026-09-22 18:38:11.456 [info] > git status -z -uall [69ms]
2026-09-22 18:38:11.777 [info] > git check-ignore -v -z --stdin [1ms]
2026-09-22 18:38:18.692 [info] > git config --get commit.template [7ms]
2026-09-22 18:38:18.693 [info] > git for-each-ref --format=%(refname)%00%(upstream:short)%00%(objectname)%00%(upstream:track)%00%(upstream:remotename)%00%(upstream:remoteref) refs/heads/main refs/remotes/main [2ms]
2026-09-22 18:38:18.730 [info] > git for-each-ref --sort -committerdate --format %(refname)%00%(objectname)%00%(*objectname) [3ms]
2026-09-22 18:38:18.780 [info] > git status -z -uall [71ms]
2026-09-22 18:38:19.105 [info] > git check-ignore -v -z --stdin [3ms]
2026-09-22 18:38:24.684 [info] > git config --get commit.template [23ms]
2026-09-22 18:38:24.692 [info] > git for-each-ref --format=%(refname)%00%(upstream:short)%00%(objectname)%00%(upstream:track)%00%(upstream:remotename)%00%(upstream:remoteref) refs/heads/main refs/remotes/main [8ms]
2026-09-22 18:38:24.712 [info] > git for-each-ref --sort -committerdate --format %(refname)%00%(objectname)%00%(*objectname) [2ms]
2026-09-22 18:38:24.778 [info] > git status -z -uall [75ms]
2026-09-22 18:38:25.103 [info] > git check-ignore -v -z --stdin [2ms]
2026-09-22 18:43:03.323 [info] > git config --get commit.template [6ms]
2026-09-22 18:43:03.324 [info] > git for-each-ref --format=%(refname)%00%(upstream:short)%00%(objectname)%00%(upstream:track)%00%(upstream:remotename)%00%(upstream:remoteref) refs/heads/main refs/remotes/main [1ms]
2026-09-22 18:43:03.336 [info] > git for-each-ref --sort -committerdate --format %(refname)%00%(objectname)%00%(*objectname) [2ms]
2026-09-22 18:43:03.387 [info] > git status -z -uall [58ms]
2026-09-22 18:43:03.705 [info] > git check-ignore -v -z --stdin [2ms]
2026-09-22 18:47:55.086 [info] > git config --get commit.template [22ms]
2026-09-22 18:47:55.091 [info] > git for-each-ref --format=%(refname)%00%(upstream:short)%00%(objectname)%00%(upstream:track)%00%(upstream:remotename)%00%(upstream:remoteref) refs/heads/main refs/remotes/main [13ms]
2026-09-22 18:47:55.186 [info] > git for-each-ref --sort -committerdate --format %(refname)%00%(objectname)%00%(*objectname) [1ms]
2026-09-22 18:47:55.198 [info] > git status -z -uall [82ms]
2026-09-22 18:47:55.561 [info] > git check-ignore -v -z --stdin [1ms]
2026-09-22 18:48:30.477 [info] > git config --get commit.template [54ms]
2026-09-22 18:48:30.482 [info] > git for-each-ref --format=%(refname)%00%(upstream:short)%00%(objectname)%00%(upstream:track)%00%(upstream:remotename)%00%(upstream:remoteref) refs/heads/main refs/remotes/main [7ms]
2026-09-22 18:48:30.522 [info] > git for-each-ref --sort -committerdate --format %(refname)%00%(objectname)%00%(*objectname) [2ms]
2026-09-22 18:48:30.571 [info] > git status -z -uall [80ms]
2026-09-22 18:48:30.884 [info] > git check-ignore -v -z --stdin [2ms]
2026-09-22 18:48:34.300 [info] > git check-ignore -v -z --stdin [9ms]
2026-09-22 18:48:34.335 [info] > git show --textconv :OrientationApp/templates/Orientation.html [13ms]
2026-09-22 18:48:34.336 [info] > git ls-files --stage -- OrientationApp/templates/Orientation.html [3ms]
2026-09-22 18:48:34.360 [info] > git cat-file -s fa33b7b86b712c0b4e070d233ea2a8b01e8bc897 [6ms]
2026-09-22 18:48:36.410 [info] > git config --get commit.template [2ms]
2026-09-22 18:48:36.417 [info] > git for-each-ref --format=%(refname)%00%(upstream:short)%00%(objectname)%00%(upstream:track)%00%(upstream:remotename)%00%(upstream:remoteref) refs/heads/main refs/remotes/main [2ms]
2026-09-22 18:48:36.431 [info] > git for-each-ref --sort -committerdate --format %(refname)%00%(objectname)%00%(*objectname) [2ms]
2026-09-22 18:48:36.484 [info] > git status -z -uall [60ms]
2026-09-22 18:48:36.809 [info] > git check-ignore -v -z --stdin [2ms]
2026-09-22 18:48:37.844 [info] > git check-ignore -v -z --stdin [8ms]
2026-09-22 18:48:37.941 [info] > git show --textconv :OrientationApp/views.py [43ms]
2026-09-22 18:48:37.942 [info] > git ls-files --stage -- OrientationApp/views.py [2ms]
2026-09-22 18:48:37.957 [info] > git cat-file -s e6930d2b0751dcea56f287b58b13d3ad276e2842 [3ms]
2026-09-22 18:48:41.502 [info] > git config --get commit.template [2ms]
2026-09-22 18:48:41.511 [info] > git for-each-ref --format=%(refname)%00%(upstream:short)%00%(objectname)%00%(upstream:track)%00%(upstream:remotename)%00%(upstream:remoteref) refs/heads/main refs/remotes/main [3ms]
2026-09-22 18:48:41.522 [info] > git for-each-ref --sort -committerdate --format %(refname)%00%(objectname)%00%(*objectname) [2ms]
2026-09-22 18:48:41.572 [info] > git status -z -uall [56ms]
2026-09-22 18:48:41.888 [info] > git check-ignore -v -z --stdin [2ms]
2026-09-24 19:19:44.011 [info] > git check-ignore -v -z --stdin [16ms]
2026-09-24 19:19:44.413 [info] > git show --textconv :OrientationApp/templates/Orientation.html [105ms]
2026-09-24 19:19:44.431 [info] > git ls-files --stage -- OrientationApp/templates/Orientation.html [31ms]
2026-09-24 19:19:44.528 [info] > git cat-file -s fa33b7b86b712c0b4e070d233ea2a8b01e8bc897 [55ms]
2026-09-24 19:20:21.298 [info] > git check-ignore -v -z --stdin [12ms]
2026-09-24 19:20:21.675 [info] > git show --textconv :OrientationApp/views.py [114ms]
2026-09-24 19:20:21.681 [info] > git ls-files --stage -- OrientationApp/views.py [25ms]
2026-09-24 19:20:21.782 [info] > git cat-file -s e6930d2b0751dcea56f287b58b13d3ad276e2842 [33ms]
2026-09-24 19:24:07.096 [info] > git check-ignore -v -z --stdin [4ms]
2026-09-24 19:24:09.429 [info] > git config --get commit.template [347ms]
2026-09-24 19:24:09.440 [info] > git for-each-ref --format=%(refname)%00%(upstream:short)%00%(objectname)%00%(upstream:track)%00%(upstream:remotename)%00%(upstream:remoteref) refs/heads/main refs/remotes/main [324ms]
2026-09-24 19:24:09.640 [info] > git for-each-ref --sort -committerdate --format %(refname)%00%(objectname)%00%(*objectname) [2ms]
2026-09-24 19:24:09.641 [info] > git status -z -uall [165ms]
2026-09-24 19:24:10.008 [info] > git check-ignore -v -z --stdin [5ms]
2026-09-24 19:24:13.738 [info] > git check-ignore -v -z --stdin [2ms]
2026-09-24 19:24:15.689 [info] > git config --get commit.template [5ms]
2026-09-24 19:24:15.720 [info] > git for-each-ref --format=%(refname)%00%(upstream:short)%00%(objectname)%00%(upstream:track)%00%(upstream:remotename)%00%(upstream:remoteref) refs/heads/main refs/remotes/main [14ms]
2026-09-24 19:24:15.843 [info] > git for-each-ref --sort -committerdate --format %(refname)%00%(objectname)%00%(*objectname) [5ms]
2026-09-24 19:24:15.913 [info] > git status -z -uall [149ms]
2026-09-24 19:24:16.296 [info] > git check-ignore -v -z --stdin [4ms]
2026-09-24 19:24:18.660 [info] > git check-ignore -v -z --stdin [2ms]
2026-09-24 19:24:18.956 [info] > git check-ignore -v -z --stdin [2ms]
2026-09-24 19:24:19.938 [info] > git check-ignore -v -z --stdin [2ms]
2026-09-24 19:24:20.981 [info] > git config --get commit.template [31ms]
2026-09-24 19:24:20.982 [info] > git for-each-ref --format=%(refname)%00%(upstream:short)%00%(objectname)%00%(upstream:track)%00%(upstream:remotename)%00%(upstream:remoteref) refs/heads/main refs/remotes/main [2ms]
2026-09-24 19:24:21.042 [info] > git for-each-ref --sort -committerdate --format %(refname)%00%(objectname)%00%(*objectname) [4ms]
2026-09-24 19:24:21.070 [info] > git status -z -uall [63ms]
2026-09-24 19:24:21.436 [info] > git check-ignore -v -z --stdin [3ms]
2026-09-24 19:24:26.111 [info] > git config --get commit.template [15ms]
2026-09-24 19:24:26.115 [info] > git for-each-ref --format=%(refname)%00%(upstream:short)%00%(objectname)%00%(upstream:track)%00%(upstream:remotename)%00%(upstream:remoteref) refs/heads/main refs/remotes/main [7ms]
2026-09-24 19:24:26.148 [info] > git for-each-ref --sort -committerdate --format %(refname)%00%(objectname)%00%(*objectname) [1ms]
2026-09-24 19:24:26.211 [info] > git status -z -uall [78ms]
2026-09-24 19:24:26.639 [info] > git check-ignore -v -z --stdin [10ms]
2026-09-24 19:24:30.177 [info] > git check-ignore -v -z --stdin [11ms]
2026-09-24 19:24:32.447 [info] > git config --get commit.template [5ms]
2026-09-24 19:24:32.489 [info] > git for-each-ref --format=%(refname)%00%(upstream:short)%00%(objectname)%00%(upstream:track)%00%(upstream:remotename)%00%(upstream:remoteref) refs/heads/main refs/remotes/main [5ms]
2026-09-24 19:24:32.562 [info] > git for-each-ref --sort -committerdate --format %(refname)%00%(objectname)%00%(*objectname) [17ms]
2026-09-24 19:24:32.690 [info] > git status -z -uall [156ms]
2026-09-24 19:24:33.187 [info] > git check-ignore -v -z --stdin [2ms]
2026-09-24 19:25:26.809 [info] > git config --get commit.template [18ms]
2026-09-24 19:25:26.810 [info] > git for-each-ref --format=%(refname)%00%(upstream:short)%00%(objectname)%00%(upstream:track)%00%(upstream:remotename)%00%(upstream:remoteref) refs/heads/main refs/remotes/main [2ms]
2026-09-24 19:25:26.844 [info] > git for-each-ref --sort -committerdate --format %(refname)%00%(objectname)%00%(*objectname) [2ms]
2026-09-24 19:25:26.933 [info] > git status -z -uall [105ms]
2026-09-24 19:25:27.305 [info] > git check-ignore -v -z --stdin [14ms]
2026-09-24 19:25:47.720 [info] > git check-ignore -v -z --stdin [1ms]
2026-09-24 19:25:49.621 [info] > git config --get commit.template [2ms]
2026-09-24 19:25:49.628 [info] > git for-each-ref --format=%(refname)%00%(upstream:short)%00%(objectname)%00%(upstream:track)%00%(upstream:remotename)%00%(upstream:remoteref) refs/heads/main refs/remotes/main [2ms]
2026-09-24 19:25:49.650 [info] > git for-each-ref --sort -committerdate --format %(refname)%00%(objectname)%00%(*objectname) [2ms]
2026-09-24 19:25:49.750 [info] > git status -z -uall [115ms]
2026-09-24 19:25:50.077 [info] > git check-ignore -v -z --stdin [2ms]
2026-09-24 19:25:50.536 [info] > git check-ignore -v -z --stdin [6ms]
2026-09-24 19:25:51.137 [info] > git check-ignore -v -z --stdin [10ms]
2026-09-24 19:25:53.893 [info] > git check-ignore -v -z --stdin [2ms]
2026-09-24 19:25:54.807 [info] > git config --get commit.template [4ms]
2026-09-24 19:25:54.857 [info] > git for-each-ref --format=%(refname)%00%(upstream:short)%00%(objectname)%00%(upstream:track)%00%(upstream:remotename)%00%(upstream:remoteref) refs/heads/main refs/remotes/main [19ms]
2026-09-24 19:25:54.907 [info] > git for-each-ref --sort -committerdate --format %(refname)%00%(objectname)%00%(*objectname) [4ms]
2026-09-24 19:25:54.978 [info] > git status -z -uall [87ms]
2026-09-24 19:25:55.373 [info] > git check-ignore -v -z --stdin [5ms]
2026-09-24 19:26:00.656 [info] > git config --get commit.template [3ms]
2026-09-24 19:26:00.679 [info] > git for-each-ref --format=%(refname)%00%(upstream:short)%00%(objectname)%00%(upstream:track)%00%(upstream:remotename)%00%(upstream:remoteref) refs/heads/main refs/remotes/main [2ms]
2026-09-24 19:26:00.714 [info] > git for-each-ref --sort -committerdate --format %(refname)%00%(objectname)%00%(*objectname) [1ms]
2026-09-24 19:26:00.772 [info] > git status -z -uall [80ms]
2026-09-24 19:26:01.107 [info] > git check-ignore -v -z --stdin [1ms]
2026-09-24 19:26:01.701 [info] > git check-ignore -v -z --stdin [4ms]
2026-09-24 19:26:01.993 [info] > git check-ignore -v -z --stdin [11ms]
2026-09-24 19:26:02.794 [info] > git check-ignore -v -z --stdin [2ms]
2026-09-24 19:26:04.275 [info] > git check-ignore -v -z --stdin [2ms]
2026-09-24 19:26:05.865 [info] > git config --get commit.template [40ms]
2026-09-24 19:26:05.867 [info] > git for-each-ref --format=%(refname)%00%(upstream:short)%00%(objectname)%00%(upstream:track)%00%(upstream:remotename)%00%(upstream:remoteref) refs/heads/main refs/remotes/main [4ms]
2026-09-24 19:26:05.947 [info] > git for-each-ref --sort -committerdate --format %(refname)%00%(objectname)%00%(*objectname) [6ms]
2026-09-24 19:26:06.042 [info] > git status -z -uall [129ms]
2026-09-24 19:26:06.595 [info] > git check-ignore -v -z --stdin [74ms]
2026-09-24 19:26:08.270 [info] > git check-ignore -v -z --stdin [6ms]
2026-09-24 19:26:08.580 [info] > git check-ignore -v -z --stdin [4ms]
2026-09-24 19:26:08.794 [info] > git check-ignore -v -z --stdin [5ms]
2026-09-24 19:26:09.653 [info] > git check-ignore -v -z --stdin [10ms]
2026-09-24 19:26:11.085 [info] > git config --get commit.template [7ms]
2026-09-24 19:26:11.088 [info] > git for-each-ref --format=%(refname)%00%(upstream:short)%00%(objectname)%00%(upstream:track)%00%(upstream:remotename)%00%(upstream:remoteref) refs/heads/main refs/remotes/main [3ms]
2026-09-24 19:26:11.112 [info] > git for-each-ref --sort -committerdate --format %(refname)%00%(objectname)%00%(*objectname) [3ms]
2026-09-24 19:26:11.232 [info] > git status -z -uall [129ms]
2026-09-24 19:26:11.669 [info] > git check-ignore -v -z --stdin [21ms]
2026-09-24 19:26:16.261 [info] > git config --get commit.template [2ms]
2026-09-24 19:26:16.268 [info] > git for-each-ref --format=%(refname)%00%(upstream:short)%00%(objectname)%00%(upstream:track)%00%(upstream:remotename)%00%(upstream:remoteref) refs/heads/main refs/remotes/main [2ms]
2026-09-24 19:26:16.295 [info] > git for-each-ref --sort -committerdate --format %(refname)%00%(objectname)%00%(*objectname) [2ms]
2026-09-24 19:26:16.363 [info] > git status -z -uall [78ms]
2026-09-24 19:26:16.720 [info] > git check-ignore -v -z --stdin [2ms]
2026-09-24 19:26:27.169 [info] > git config --get commit.template [2ms]
2026-09-24 19:26:27.180 [info] > git for-each-ref --format=%(refname)%00%(upstream:short)%00%(objectname)%00%(upstream:track)%00%(upstream:remotename)%00%(upstream:remoteref) refs/heads/main refs/remotes/main [2ms]
2026-09-24 19:26:27.204 [info] > git for-each-ref --sort -committerdate --format %(refname)%00%(objectname)%00%(*objectname) [2ms]
2026-09-24 19:26:27.264 [info] > git status -z -uall [67ms]
2026-09-24 19:26:27.683 [info] > git check-ignore -v -z --stdin [2ms]
2026-09-24 19:27:41.245 [info] > git config --get commit.template [4ms]
2026-09-24 19:27:41.282 [info] > git for-each-ref --format=%(refname)%00%(upstream:short)%00%(objectname)%00%(upstream:track)%00%(upstream:remotename)%00%(upstream:remoteref) refs/heads/main refs/remotes/main [4ms]
2026-09-24 19:27:41.325 [info] > git for-each-ref --sort -committerdate --format %(refname)%00%(objectname)%00%(*objectname) [4ms]
2026-09-24 19:27:41.419 [info] > git status -z -uall [128ms]
2026-09-24 19:27:41.917 [info] > git check-ignore -v -z --stdin [1ms]
2026-09-24 19:27:43.269 [info] > git check-ignore -v -z --stdin [4ms]
2026-09-24 19:27:43.340 [info] > git show --textconv :OrientationApp/models.py [8ms]
2026-09-24 19:27:43.342 [info] > git ls-files --stage -- OrientationApp/models.py [2ms]
2026-09-24 19:27:43.349 [info] > git cat-file -s 59cde242fd475d12658c6a8ce4bd571a6f8dabf4 [0ms]
2026-09-24 19:27:46.165 [info] > git check-ignore -v -z --stdin [2ms]
2026-09-24 19:27:46.928 [info] > git check-ignore -v -z --stdin [7ms]
2026-09-24 19:27:48.854 [info] > git config --get commit.template [14ms]
2026-09-24 19:27:48.918 [info] > git for-each-ref --format=%(refname)%00%(upstream:short)%00%(objectname)%00%(upstream:track)%00%(upstream:remotename)%00%(upstream:remoteref) refs/heads/main refs/remotes/main [31ms]
2026-09-24 19:27:48.991 [info] > git for-each-ref --sort -committerdate --format %(refname)%00%(objectname)%00%(*objectname) [18ms]
2026-09-24 19:27:49.086 [info] > git status -z -uall [127ms]
2026-09-24 19:27:49.774 [info] > git check-ignore -v -z --stdin [9ms]
2026-09-24 19:27:49.925 [info] > git show --textconv :OrientationApp/templates/Orientation.html [11ms]
2026-09-24 19:27:49.926 [info] > git ls-files --stage -- OrientationApp/templates/Orientation.html [1ms]
2026-09-24 19:27:49.935 [info] > git cat-file -s fa33b7b86b712c0b4e070d233ea2a8b01e8bc897 [2ms]
2026-09-24 19:27:50.136 [info] > git check-ignore -v -z --stdin [17ms]
2026-09-24 19:27:54.115 [info] > git config --get commit.template [4ms]
2026-09-24 19:27:54.141 [info] > git for-each-ref --format=%(refname)%00%(upstream:short)%00%(objectname)%00%(upstream:track)%00%(upstream:remotename)%00%(upstream:remoteref) refs/heads/main refs/remotes/main [3ms]
2026-09-24 19:27:54.169 [info] > git for-each-ref --sort -committerdate --format %(refname)%00%(objectname)%00%(*objectname) [3ms]
2026-09-24 19:27:54.234 [info] > git status -z -uall [85ms]
2026-09-24 19:27:54.552 [info] > git check-ignore -v -z --stdin [2ms]
2026-09-24 19:28:29.198 [info] > git check-ignore -v -z --stdin [14ms]
2026-09-24 19:28:29.272 [info] > git show --textconv :OrientationApp/models.py [13ms]
2026-09-24 19:28:29.273 [info] > git ls-files --stage -- OrientationApp/models.py [2ms]
2026-09-24 19:28:29.302 [info] > git cat-file -s 59cde242fd475d12658c6a8ce4bd571a6f8dabf4 [5ms]
2026-09-24 19:28:37.883 [info] > git check-ignore -v -z --stdin [5ms]
2026-09-24 19:28:37.914 [info] > git show --textconv :OrientationApp/templates/Orientation.html [10ms]
2026-09-24 19:28:37.932 [info] > git ls-files --stage -- OrientationApp/templates/Orientation.html [18ms]
2026-09-24 19:28:37.945 [info] > git cat-file -s fa33b7b86b712c0b4e070d233ea2a8b01e8bc897 [1ms]
2026-09-24 19:28:40.277 [info] > git check-ignore -v -z --stdin [4ms]
2026-09-24 19:28:40.320 [info] > git show --textconv :OrientationApp/views.py [9ms]
2026-09-24 19:28:40.320 [info] > git ls-files --stage -- OrientationApp/views.py [1ms]
2026-09-24 19:28:40.329 [info] > git cat-file -s e6930d2b0751dcea56f287b58b13d3ad276e2842 [2ms]
2026-09-24 19:29:14.332 [info] > git check-ignore -v -z --stdin [2ms]
2026-09-24 19:29:14.381 [info] > git show --textconv :OrientationApp/templates/Orientation.html [11ms]
2026-09-24 19:29:14.385 [info] > git ls-files --stage -- OrientationApp/templates/Orientation.html [5ms]
2026-09-24 19:29:14.403 [info] > git cat-file -s fa33b7b86b712c0b4e070d233ea2a8b01e8bc897 [2ms]
2026-09-24 19:30:03.138 [info] > git check-ignore -v -z --stdin [4ms]
2026-09-24 19:30:03.194 [info] > git show --textconv :OrientationApp/views.py [31ms]
2026-09-24 19:30:03.224 [info] > git ls-files --stage -- OrientationApp/views.py [31ms]
2026-09-24 19:30:03.238 [info] > git cat-file -s e6930d2b0751dcea56f287b58b13d3ad276e2842 [3ms]
2026-09-24 19:30:28.158 [info] > git check-ignore -v -z --stdin [1ms]
2026-09-24 19:30:29.136 [info] > git check-ignore -v -z --stdin [2ms]
2026-09-24 19:30:29.644 [info] > git check-ignore -v -z --stdin [2ms]
2026-09-24 19:30:31.695 [info] > git config --get commit.template [3ms]
2026-09-24 19:30:31.707 [info] > git for-each-ref --format=%(refname)%00%(upstream:short)%00%(objectname)%00%(upstream:track)%00%(upstream:remotename)%00%(upstream:remoteref) refs/heads/main refs/remotes/main [3ms]
2026-09-24 19:30:31.735 [info] > git for-each-ref --sort -committerdate --format %(refname)%00%(objectname)%00%(*objectname) [1ms]
2026-09-24 19:30:31.792 [info] > git status -z -uall [67ms]
2026-09-24 19:30:32.177 [info] > git check-ignore -v -z --stdin [2ms]
2026-09-24 19:30:36.691 [info] > git config --get commit.template [7ms]
2026-09-24 19:30:36.692 [info] > git for-each-ref --format=%(refname)%00%(upstream:short)%00%(objectname)%00%(upstream:track)%00%(upstream:remotename)%00%(upstream:remoteref) refs/heads/main refs/remotes/main [2ms]
2026-09-24 19:30:36.737 [info] > git for-each-ref --sort -committerdate --format %(refname)%00%(objectname)%00%(*objectname) [6ms]
2026-09-24 19:30:36.804 [info] > git status -z -uall [88ms]
2026-09-24 19:30:37.137 [info] > git check-ignore -v -z --stdin [2ms]
2026-09-24 19:31:12.568 [info] > git check-ignore -v -z --stdin [2ms]
2026-09-24 19:31:13.165 [info] > git check-ignore -v -z --stdin [2ms]
2026-09-24 19:31:14.124 [info] > git check-ignore -v -z --stdin [3ms]
2026-09-24 19:31:15.013 [info] > git check-ignore -v -z --stdin [24ms]
2026-09-24 19:31:16.405 [info] > git check-ignore -v -z --stdin [15ms]
2026-09-24 19:31:16.556 [info] > git config --get commit.template [0ms]
2026-09-24 19:31:16.576 [info] > git for-each-ref --format=%(refname)%00%(upstream:short)%00%(objectname)%00%(upstream:track)%00%(upstream:remotename)%00%(upstream:remoteref) refs/heads/main refs/remotes/main [4ms]
2026-09-24 19:31:16.615 [info] > git for-each-ref --sort -committerdate --format %(refname)%00%(objectname)%00%(*objectname) [4ms]
2026-09-24 19:31:16.673 [info] > git status -z -uall [71ms]
2026-09-24 19:31:16.754 [info] > git check-ignore -v -z --stdin [2ms]
2026-09-24 19:31:16.994 [info] > git check-ignore -v -z --stdin [1ms]
2026-09-24 19:31:17.612 [info] > git check-ignore -v -z --stdin [2ms]
2026-09-24 19:31:18.822 [info] > git check-ignore -v -z --stdin [1ms]
2026-09-24 19:31:19.160 [info] > git check-ignore -v -z --stdin [12ms]
2026-09-24 19:31:20.263 [info] > git check-ignore -v -z --stdin [3ms]
2026-09-24 19:31:21.081 [info] > git check-ignore -v -z --stdin [3ms]
2026-09-24 19:31:21.740 [info] > git config --get commit.template [14ms]
2026-09-24 19:31:21.765 [info] > git for-each-ref --format=%(refname)%00%(upstream:short)%00%(objectname)%00%(upstream:track)%00%(upstream:remotename)%00%(upstream:remoteref) refs/heads/main refs/remotes/main [3ms]
2026-09-24 19:31:21.790 [info] > git for-each-ref --sort -committerdate --format %(refname)%00%(objectname)%00%(*objectname) [1ms]
2026-09-24 19:31:21.844 [info] > git status -z -uall [61ms]
2026-09-24 19:31:22.178 [info] > git check-ignore -v -z --stdin [3ms]
2026-09-24 19:31:22.802 [info] > git check-ignore -v -z --stdin [7ms]
2026-09-24 19:31:23.078 [info] > git check-ignore -v -z --stdin [14ms]
2026-09-24 19:31:23.279 [info] > git check-ignore -v -z --stdin [1ms]
2026-09-24 19:31:23.548 [info] > git check-ignore -v -z --stdin [8ms]
2026-09-24 19:31:24.005 [info] > git check-ignore -v -z --stdin [12ms]
2026-09-24 19:31:25.662 [info] > git check-ignore -v -z --stdin [2ms]
2026-09-24 19:31:26.361 [info] > git check-ignore -v -z --stdin [2ms]
2026-09-24 19:31:26.703 [info] > git check-ignore -v -z --stdin [3ms]
2026-09-24 19:31:26.868 [info] > git config --get commit.template [1ms]
2026-09-24 19:31:26.895 [info] > git for-each-ref --format=%(refname)%00%(upstream:short)%00%(objectname)%00%(upstream:track)%00%(upstream:remotename)%00%(upstream:remoteref) refs/heads/main refs/remotes/main [4ms]
2026-09-24 19:31:26.917 [info] > git for-each-ref --sort -committerdate --format %(refname)%00%(objectname)%00%(*objectname) [7ms]
2026-09-24 19:31:26.973 [info] > git status -z -uall [69ms]
2026-09-24 19:31:27.012 [info] > git check-ignore -v -z --stdin [1ms]
2026-09-24 19:31:27.497 [info] > git check-ignore -v -z --stdin [2ms]
2026-09-24 19:31:29.193 [info] > git check-ignore -v -z --stdin [2ms]
2026-09-24 19:33:51.330 [info] > git config --get commit.template [3ms]
2026-09-24 19:33:51.357 [info] > git for-each-ref --format=%(refname)%00%(upstream:short)%00%(objectname)%00%(upstream:track)%00%(upstream:remotename)%00%(upstream:remoteref) refs/heads/main refs/remotes/main [8ms]
2026-09-24 19:33:51.412 [info] > git for-each-ref --sort -committerdate --format %(refname)%00%(objectname)%00%(*objectname) [21ms]
2026-09-24 19:33:51.500 [info] > git status -z -uall [124ms]
2026-09-24 19:33:51.962 [info] > git check-ignore -v -z --stdin [10ms]
2026-09-24 19:34:05.107 [info] > git check-ignore -v -z --stdin [1ms]
2026-09-24 19:34:05.547 [info] > git check-ignore -v -z --stdin [3ms]
2026-09-24 19:34:05.953 [info] > git check-ignore -v -z --stdin [15ms]
2026-09-24 19:34:06.168 [info] > git check-ignore -v -z --stdin [2ms]
2026-09-24 19:34:06.736 [info] > git check-ignore -v -z --stdin [6ms]
2026-09-24 19:34:07.155 [info] > git check-ignore -v -z --stdin [1ms]
2026-09-24 19:34:08.221 [info] > git check-ignore -v -z --stdin [1ms]
2026-09-24 19:34:09.070 [info] > git config --get commit.template [2ms]
2026-09-24 19:34:09.098 [info] > git for-each-ref --format=%(refname)%00%(upstream:short)%00%(objectname)%00%(upstream:track)%00%(upstream:remotename)%00%(upstream:remoteref) refs/heads/main refs/remotes/main [4ms]
2026-09-24 19:34:09.122 [info] > git for-each-ref --sort -committerdate --format %(refname)%00%(objectname)%00%(*objectname) [3ms]
2026-09-24 19:34:09.179 [info] > git status -z -uall [69ms]
2026-09-24 19:34:09.552 [info] > git check-ignore -v -z --stdin [1ms]
2026-09-24 19:34:10.801 [info] > git check-ignore -v -z --stdin [21ms]
2026-09-24 19:34:11.262 [info] > git check-ignore -v -z --stdin [3ms]
2026-09-24 19:34:11.751 [info] > git check-ignore -v -z --stdin [4ms]
2026-09-24 19:34:12.138 [info] > git check-ignore -v -z --stdin [3ms]
2026-09-24 19:34:12.639 [info] > git check-ignore -v -z --stdin [4ms]
2026-09-24 19:34:13.725 [info] > git check-ignore -v -z --stdin [2ms]
2026-09-24 19:34:14.038 [info] > git check-ignore -v -z --stdin [1ms]
2026-09-24 19:34:14.364 [info] > git config --get commit.template [18ms]
2026-09-24 19:34:14.365 [info] > git for-each-ref --format=%(refname)%00%(upstream:short)%00%(objectname)%00%(upstream:track)%00%(upstream:remotename)%00%(upstream:remoteref) refs/heads/main refs/remotes/main [4ms]
2026-09-24 19:34:14.419 [info] > git for-each-ref --sort -committerdate --format %(refname)%00%(objectname)%00%(*objectname) [19ms]
2026-09-24 19:34:14.498 [info] > git status -z -uall [114ms]
2026-09-24 19:34:14.576 [info] > git check-ignore -v -z --stdin [3ms]
2026-09-24 19:34:14.851 [info] > git check-ignore -v -z --stdin [1ms]
2026-09-24 19:34:15.532 [info] > git check-ignore -v -z --stdin [1ms]
2026-09-24 19:34:16.417 [info] > git check-ignore -v -z --stdin [21ms]
2026-09-24 19:34:17.046 [info] > git check-ignore -v -z --stdin [22ms]
2026-09-24 19:34:19.522 [info] > git config --get commit.template [11ms]
2026-09-24 19:34:19.523 [info] > git for-each-ref --format=%(refname)%00%(upstream:short)%00%(objectname)%00%(upstream:track)%00%(upstream:remotename)%00%(upstream:remoteref) refs/heads/main refs/remotes/main [3ms]
2026-09-24 19:34:19.554 [info] > git for-each-ref --sort -committerdate --format %(refname)%00%(objectname)%00%(*objectname) [15ms]
2026-09-24 19:34:19.622 [info] > git status -z -uall [91ms]
2026-09-24 19:34:19.990 [info] > git check-ignore -v -z --stdin [2ms]
2026-09-24 19:34:21.242 [info] > git check-ignore -v -z --stdin [2ms]
2026-09-24 19:34:22.090 [info] > git check-ignore -v -z --stdin [2ms]
2026-09-24 19:34:22.614 [info] > git check-ignore -v -z --stdin [19ms]
2026-09-24 19:34:24.100 [info] > git check-ignore -v -z --stdin [5ms]
2026-09-24 19:34:24.321 [info] > git check-ignore -v -z --stdin [2ms]
2026-09-24 19:34:24.673 [info] > git config --get commit.template [8ms]
2026-09-24 19:34:24.722 [info] > git for-each-ref --format=%(refname)%00%(upstream:short)%00%(objectname)%00%(upstream:track)%00%(upstream:remotename)%00%(upstream:remoteref) refs/heads/main refs/remotes/main [4ms]
2026-09-24 19:34:24.777 [info] > git for-each-ref --sort -committerdate --format %(refname)%00%(objectname)%00%(*objectname) [4ms]
2026-09-24 19:34:24.829 [info] > git check-ignore -v -z --stdin [11ms]
2026-09-24 19:34:24.892 [info] > git status -z -uall [138ms]
2026-09-24 19:34:25.496 [info] > git check-ignore -v -z --stdin [29ms]
2026-09-24 19:34:26.071 [info] > git check-ignore -v -z --stdin [6ms]
2026-09-24 19:34:26.500 [info] > git check-ignore -v -z --stdin [3ms]
2026-09-24 19:34:33.108 [info] > git config --get commit.template [1ms]
2026-09-24 19:34:33.270 [info] > git for-each-ref --format=%(refname)%00%(upstream:short)%00%(objectname)%00%(upstream:track)%00%(upstream:remotename)%00%(upstream:remoteref) refs/heads/main refs/remotes/main [95ms]
2026-09-24 19:34:33.329 [info] > git for-each-ref --sort -committerdate --format %(refname)%00%(objectname)%00%(*objectname) [14ms]
2026-09-24 19:34:33.450 [info] > git status -z -uall [143ms]
2026-09-24 19:34:33.831 [info] > git check-ignore -v -z --stdin [6ms]
2026-09-24 19:42:18.441 [info] > git config --get commit.template [2ms]
2026-09-24 19:42:18.449 [info] > git for-each-ref --format=%(refname)%00%(upstream:short)%00%(objectname)%00%(upstream:track)%00%(upstream:remotename)%00%(upstream:remoteref) refs/heads/main refs/remotes/main [1ms]
2026-09-24 19:42:18.506 [info] > git for-each-ref --sort -committerdate --format %(refname)%00%(objectname)%00%(*objectname) [14ms]
2026-09-24 19:42:18.596 [info] > git status -z -uall [117ms]
2026-09-24 19:42:18.943 [info] > git check-ignore -v -z --stdin [3ms]
2026-09-24 19:42:23.630 [info] > git config --get commit.template [3ms]
2026-09-24 19:42:23.640 [info] > git for-each-ref --format=%(refname)%00%(upstream:short)%00%(objectname)%00%(upstream:track)%00%(upstream:remotename)%00%(upstream:remoteref) refs/heads/main refs/remotes/main [1ms]
2026-09-24 19:42:23.658 [info] > git for-each-ref --sort -committerdate --format %(refname)%00%(objectname)%00%(*objectname) [2ms]
2026-09-24 19:42:23.724 [info] > git status -z -uall [72ms]
2026-09-24 19:42:24.055 [info] > git check-ignore -v -z --stdin [2ms]
2026-09-24 19:42:50.357 [info] > git check-ignore -v -z --stdin [3ms]
2026-09-24 19:43:14.936 [info] > git check-ignore -v -z --stdin [6ms]
2026-09-24 19:43:15.286 [info] > git check-ignore -v -z --stdin [5ms]
2026-09-24 19:43:16.662 [info] > git config --get commit.template [19ms]
2026-09-24 19:43:16.663 [info] > git for-each-ref --format=%(refname)%00%(upstream:short)%00%(objectname)%00%(upstream:track)%00%(upstream:remotename)%00%(upstream:remoteref) refs/heads/main refs/remotes/main [6ms]
2026-09-24 19:43:16.723 [info] > git for-each-ref --sort -committerdate --format %(refname)%00%(objectname)%00%(*objectname) [2ms]
2026-09-24 19:43:16.778 [info] > git status -z -uall [75ms]
2026-09-24 19:43:17.323 [info] > git check-ignore -v -z --stdin [1ms]
2026-09-24 19:44:40.303 [info] > git config --get commit.template [3ms]
2026-09-24 19:44:40.322 [info] > git for-each-ref --format=%(refname)%00%(upstream:short)%00%(objectname)%00%(upstream:track)%00%(upstream:remotename)%00%(upstream:remoteref) refs/heads/main refs/remotes/main [7ms]
2026-09-24 19:44:40.401 [info] > git for-each-ref --sort -committerdate --format %(refname)%00%(objectname)%00%(*objectname) [29ms]
2026-09-24 19:44:40.462 [info] > git status -z -uall [124ms]
2026-09-24 19:44:40.810 [info] > git check-ignore -v -z --stdin [3ms]
2026-09-24 19:44:45.869 [info] > git config --get commit.template [12ms]
2026-09-24 19:44:45.870 [info] > git for-each-ref --format=%(refname)%00%(upstream:short)%00%(objectname)%00%(upstream:track)%00%(upstream:remotename)%00%(upstream:remoteref) refs/heads/main refs/remotes/main [2ms]
2026-09-24 19:44:45.961 [info] > git for-each-ref --sort -committerdate --format %(refname)%00%(objectname)%00%(*objectname) [74ms]
2026-09-24 19:44:45.967 [info] > git status -z -uall [85ms]
2026-09-24 19:44:46.371 [info] > git check-ignore -v -z --stdin [2ms]
2026-09-24 19:44:53.071 [info] > git check-ignore -v -z --stdin [3ms]
2026-09-24 19:44:53.785 [info] > git check-ignore -v -z --stdin [2ms]
2026-09-24 19:44:54.469 [info] > git check-ignore -v -z --stdin [2ms]
2026-09-24 19:44:55.072 [info] > git check-ignore -v -z --stdin [2ms]
2026-09-24 19:44:55.776 [info] > git check-ignore -v -z --stdin [10ms]
2026-09-24 19:44:55.946 [info] > git check-ignore -v -z --stdin [2ms]
2026-09-24 19:44:56.784 [info] > git check-ignore -v -z --stdin [1ms]
2026-09-24 19:44:57.279 [info] > git check-ignore -v -z --stdin [2ms]
2026-09-24 19:44:58.017 [info] > git check-ignore -v -z --stdin [2ms]
2026-09-24 19:44:59.903 [info] > git config --get commit.template [8ms]
2026-09-24 19:44:59.903 [info] > git for-each-ref --format=%(refname)%00%(upstream:short)%00%(objectname)%00%(upstream:track)%00%(upstream:remotename)%00%(upstream:remoteref) refs/heads/main refs/remotes/main [1ms]
2026-09-24 19:44:59.940 [info] > git for-each-ref --sort -committerdate --format %(refname)%00%(objectname)%00%(*objectname) [4ms]
2026-09-24 19:44:59.990 [info] > git status -z -uall [72ms]
2026-09-24 19:45:00.425 [info] > git check-ignore -v -z --stdin [6ms]
2026-09-24 19:46:39.107 [info] > git config --get commit.template [28ms]
2026-09-24 19:46:39.108 [info] > git for-each-ref --format=%(refname)%00%(upstream:short)%00%(objectname)%00%(upstream:track)%00%(upstream:remotename)%00%(upstream:remoteref) refs/heads/main refs/remotes/main [1ms]
2026-09-24 19:46:39.159 [info] > git for-each-ref --sort -committerdate --format %(refname)%00%(objectname)%00%(*objectname) [2ms]
2026-09-24 19:46:39.264 [info] > git status -z -uall [130ms]
2026-09-24 19:46:39.632 [info] > git check-ignore -v -z --stdin [11ms]
2026-09-24 19:46:42.164 [info] > git check-ignore -v -z --stdin [5ms]
2026-09-24 19:46:42.615 [info] > git check-ignore -v -z --stdin [11ms]
2026-09-24 19:46:42.981 [info] > git check-ignore -v -z --stdin [1ms]
2026-09-24 19:46:43.134 [info] > git check-ignore -v -z --stdin [6ms]
2026-09-24 19:46:43.364 [info] > git check-ignore -v -z --stdin [2ms]
2026-09-24 19:46:43.613 [info] > git check-ignore -v -z --stdin [2ms]
2026-09-24 19:46:43.841 [info] > git check-ignore -v -z --stdin [6ms]
2026-09-24 19:46:44.296 [info] > git config --get commit.template [10ms]
2026-09-24 19:46:44.298 [info] > git for-each-ref --format=%(refname)%00%(upstream:short)%00%(objectname)%00%(upstream:track)%00%(upstream:remotename)%00%(upstream:remoteref) refs/heads/main refs/remotes/main [3ms]
2026-09-24 19:46:44.345 [info] > git for-each-ref --sort -committerdate --format %(refname)%00%(objectname)%00%(*objectname) [3ms]
2026-09-24 19:46:44.406 [info] > git status -z -uall [85ms]
2026-09-24 19:46:44.961 [info] > git check-ignore -v -z --stdin [5ms]
2026-09-24 19:46:48.325 [info] > git check-ignore -v -z --stdin [7ms]
2026-09-24 19:46:49.280 [info] > git check-ignore -v -z --stdin [3ms]
2026-09-24 19:46:49.427 [info] > git config --get commit.template [2ms]
2026-09-24 19:46:49.436 [info] > git for-each-ref --format=%(refname)%00%(upstream:short)%00%(objectname)%00%(upstream:track)%00%(upstream:remotename)%00%(upstream:remoteref) refs/heads/main refs/remotes/main [3ms]
2026-09-24 19:46:49.492 [info] > git for-each-ref --sort -committerdate --format %(refname)%00%(objectname)%00%(*objectname) [12ms]
2026-09-24 19:46:49.601 [info] > git status -z -uall [142ms]
2026-09-24 19:46:50.045 [info] > git check-ignore -v -z --stdin [3ms]
2026-09-24 19:46:50.554 [info] > git check-ignore -v -z --stdin [2ms]
2026-09-24 19:46:51.248 [info] > git check-ignore -v -z --stdin [5ms]
2026-09-24 19:46:52.060 [info] > git check-ignore -v -z --stdin [3ms]
2026-09-24 19:46:52.881 [info] > git check-ignore -v -z --stdin [3ms]
2026-09-24 19:46:54.797 [info] > git config --get commit.template [9ms]
2026-09-24 19:46:54.826 [info] > git for-each-ref --format=%(refname)%00%(upstream:short)%00%(objectname)%00%(upstream:track)%00%(upstream:remotename)%00%(upstream:remoteref) refs/heads/main refs/remotes/main [3ms]
2026-09-24 19:46:54.859 [info] > git for-each-ref --sort -committerdate --format %(refname)%00%(objectname)%00%(*objectname) [2ms]
2026-09-24 19:46:54.920 [info] > git status -z -uall [85ms]
2026-09-24 19:46:55.627 [info] > git check-ignore -v -z --stdin [14ms]
2026-09-24 19:47:21.211 [info] > git config --get commit.template [26ms]
2026-09-24 19:47:21.214 [info] > git for-each-ref --format=%(refname)%00%(upstream:short)%00%(objectname)%00%(upstream:track)%00%(upstream:remotename)%00%(upstream:remoteref) refs/heads/main refs/remotes/main [8ms]
2026-09-24 19:47:21.265 [info] > git for-each-ref --sort -committerdate --format %(refname)%00%(objectname)%00%(*objectname) [7ms]
2026-09-24 19:47:21.339 [info] > git status -z -uall [105ms]
2026-09-24 19:47:21.791 [info] > git check-ignore -v -z --stdin [1ms]
2026-09-24 19:47:23.318 [info] > git check-ignore -v -z --stdin [1ms]
2026-09-24 19:47:24.186 [info] > git check-ignore -v -z --stdin [3ms]
2026-09-24 19:47:24.819 [info] > git check-ignore -v -z --stdin [1ms]
2026-09-24 19:47:26.365 [info] > git config --get commit.template [8ms]
2026-09-24 19:47:26.367 [info] > git for-each-ref --format=%(refname)%00%(upstream:short)%00%(objectname)%00%(upstream:track)%00%(upstream:remotename)%00%(upstream:remoteref) refs/heads/main refs/remotes/main [3ms]
2026-09-24 19:47:26.383 [info] > git for-each-ref --sort -committerdate --format %(refname)%00%(objectname)%00%(*objectname) [2ms]
2026-09-24 19:47:26.434 [info] > git status -z -uall [59ms]
2026-09-24 19:47:26.754 [info] > git check-ignore -v -z --stdin [2ms]
2026-09-24 19:47:31.455 [info] > git config --get commit.template [8ms]
2026-09-24 19:47:31.456 [info] > git for-each-ref --format=%(refname)%00%(upstream:short)%00%(objectname)%00%(upstream:track)%00%(upstream:remotename)%00%(upstream:remoteref) refs/heads/main refs/remotes/main [2ms]
2026-09-24 19:47:31.469 [info] > git for-each-ref --sort -committerdate --format %(refname)%00%(objectname)%00%(*objectname) [2ms]
2026-09-24 19:47:31.512 [info] > git status -z -uall [50ms]
2026-09-24 19:47:31.854 [info] > git check-ignore -v -z --stdin [3ms]
2026-09-24 19:47:36.773 [info] > git check-ignore -v -z --stdin [1ms]
2026-09-24 19:47:39.839 [info] > git config --get commit.template [6ms]
2026-09-24 19:47:39.840 [info] > git for-each-ref --format=%(refname)%00%(upstream:short)%00%(objectname)%00%(upstream:track)%00%(upstream:remotename)%00%(upstream:remoteref) refs/heads/main refs/remotes/main [2ms]
2026-09-24 19:47:39.850 [info] > git for-each-ref --sort -committerdate --format %(refname)%00%(objectname)%00%(*objectname) [2ms]
2026-09-24 19:47:39.894 [info] > git status -z -uall [49ms]
2026-09-24 19:47:40.214 [info] > git check-ignore -v -z --stdin [1ms]
2026-09-24 19:54:46.585 [info] > git config --get commit.template [9ms]
2026-09-24 19:54:46.598 [info] > git ls-files --stage -- OrientationApp/views.py [1ms]
2026-09-24 19:54:46.630 [info] > git for-each-ref --format=%(refname)%00%(upstream:short)%00%(objectname)%00%(upstream:track)%00%(upstream:remotename)%00%(upstream:remoteref) refs/heads/main refs/remotes/main [46ms]
2026-09-24 19:54:46.662 [info] > git cat-file -s 97100bb04ee6eec6324e6fb3fd5923060e58859b [33ms]
2026-09-24 19:54:46.668 [info] > git for-each-ref --sort -committerdate --format %(refname)%00%(objectname)%00%(*objectname) [8ms]
2026-09-24 19:54:46.671 [info] > git status -z -uall [24ms]
2026-09-24 19:54:46.699 [info] > git blame --root --incremental 8a3ae241a348dbbc00c41665a6a3746a58cfa299 -- OrientationApp/views.py [13ms]
2026-09-24 19:54:46.700 [info] > git merge-base refs/heads/main refs/remotes/origin/main [2ms]
2026-09-24 19:54:46.755 [info] > git diff --raw --numstat --diff-filter=ADMR -z --find-renames=50% 8a3ae241a348dbbc00c41665a6a3746a58cfa299...refs/remotes/origin/main -- [46ms]
2026-09-24 19:54:46.762 [info] > git show --textconv :OrientationApp/views.py [8ms]
2026-09-24 19:54:47.066 [info] > git check-ignore -v -z --stdin [1ms]
2026-09-24 19:54:51.719 [info] > git config --get commit.template [7ms]
2026-09-24 19:54:51.720 [info] > git for-each-ref --format=%(refname)%00%(upstream:short)%00%(objectname)%00%(upstream:track)%00%(upstream:remotename)%00%(upstream:remoteref) refs/heads/main refs/remotes/main [2ms]
2026-09-24 19:54:51.737 [info] > git for-each-ref --sort -committerdate --format %(refname)%00%(objectname)%00%(*objectname) [3ms]
2026-09-24 19:54:51.739 [info] > git status -z -uall [11ms]
2026-09-24 19:54:58.155 [info] > git config --get commit.template [13ms]
2026-09-24 19:54:58.155 [info] > git for-each-ref --format=%(refname)%00%(upstream:short)%00%(objectname)%00%(upstream:track)%00%(upstream:remotename)%00%(upstream:remoteref) refs/heads/main refs/remotes/main [3ms]
2026-09-24 19:54:58.197 [info] > git for-each-ref --sort -committerdate --format %(refname)%00%(objectname)%00%(*objectname) [2ms]
2026-09-24 19:54:58.208 [info] > git status -z -uall [33ms]
2026-09-24 19:55:03.236 [info] > git config --get commit.template [8ms]
2026-09-24 19:55:03.237 [info] > git for-each-ref --format=%(refname)%00%(upstream:short)%00%(objectname)%00%(upstream:track)%00%(upstream:remotename)%00%(upstream:remoteref) refs/heads/main refs/remotes/main [2ms]
2026-09-24 19:55:03.265 [info] > git status -z -uall [17ms]
2026-09-24 19:55:03.267 [info] > git for-each-ref --sort -committerdate --format %(refname)%00%(objectname)%00%(*objectname) [5ms]
2026-09-24 19:55:03.583 [info] > git check-ignore -v -z --stdin [2ms]
