2026-09-12 12:42:29.949 [info] Extension host with pid 1942 started
2026-09-12 12:42:29.949 [info] Skipping acquiring lock for /home/sadnane/.config/Code - OSS/User/workspaceStorage/40167a66189cc7c0fe58f2d5007ed9f0.
2026-09-12 12:42:30.243 [info] ExtensionService#_doActivateExtension vscode.github-authentication, startup: false, activationEvent: 'onAuthenticationRequest:github'
2026-09-12 12:42:30.321 [info] ExtensionService#_doActivateExtension vscode.emmet, startup: false, activationEvent: 'onLanguage'
2026-09-12 12:42:30.389 [info] ExtensionService#_doActivateExtension ms-python.python, startup: false, activationEvent: 'onLanguage:python', root cause: eeyore.yapf
2026-09-12 12:42:31.149 [info] ExtensionService#_doActivateExtension ms-python.vscode-python-envs, startup: false, activationEvent: 'onLanguage:python'
2026-09-12 12:42:31.606 [info] ExtensionService#_doActivateExtension vscode.git-base, startup: true, activationEvent: '*', root cause: vscode.git
2026-09-12 12:42:31.896 [info] ExtensionService#_doActivateExtension vscode.git, startup: true, activationEvent: '*'
2026-09-12 12:42:32.034 [info] ExtensionService#_doActivateExtension vscode.github, startup: true, activationEvent: '*'
2026-09-12 12:42:32.207 [info] Eager extensions activated
2026-09-12 12:42:32.296 [info] ExtensionService#_doActivateExtension GitHub.copilot-chat, startup: false, activationEvent: 'onStartupFinished'
2026-09-12 12:42:35.249 [info] ExtensionService#_doActivateExtension vscode.debug-auto-launch, startup: false, activationEvent: 'onStartupFinished'
2026-09-12 12:42:35.255 [info] ExtensionService#_doActivateExtension vscode.merge-conflict, startup: false, activationEvent: 'onStartupFinished'
2026-09-12 12:42:35.386 [info] ExtensionService#_doActivateExtension eeyore.yapf, startup: false, activationEvent: 'onLanguage:python'
2026-09-12 12:42:35.425 [info] ExtensionService#_doActivateExtension ms-python.debugpy, startup: false, activationEvent: 'onLanguage:python'
2026-09-12 12:42:35.811 [info] ExtensionService#_doActivateExtension vscode.terminal-suggest, startup: false, activationEvent: 'onTerminalShellIntegration:*'
2026-09-12 12:42:36.097 [info] ExtensionService#_doActivateExtension vscode.microsoft-authentication, startup: false, activationEvent: 'onAuthenticationRequest:microsoft'
2026-09-12 13:21:36.504 [info] ExtensionService#_doActivateExtension vscode.html-language-features, startup: false, activationEvent: 'onLanguage:html'
2026-09-12 13:37:50.677 [error] [vscode.emmet] provider FAILED
2026-09-12 13:37:50.677 [error] TypeError: Cannot read properties of undefined (reading 'start')
	at Jn.provideCompletionItemsInternal (/usr/lib/code/extensions/emmet/dist/node/emmetNodeMain.js:25:8333)
	at Jn.provideCompletionItems (/usr/lib/code/extensions/emmet/dist/node/emmetNodeMain.js:25:6806)
	at i.provideCompletionItems (file:///usr/lib/code/out/vs/workbench/api/node/extensionHostProcess.js:571:150417)
	at file:///usr/lib/code/out/vs/workbench/api/node/extensionHostProcess.js:571:178919
	at i._withAdapter (file:///usr/lib/code/out/vs/workbench/api/node/extensionHostProcess.js:571:167841)
	at i.$provideCompletionItems (file:///usr/lib/code/out/vs/workbench/api/node/extensionHostProcess.js:571:178896)
	at i._doInvokeHandler (file:///usr/lib/code/out/vs/workbench/api/node/extensionHostProcess.js:435:111586)
	at i._invokeHandler (file:///usr/lib/code/out/vs/workbench/api/node/extensionHostProcess.js:435:111334)
	at i._receiveRequest (file:///usr/lib/code/out/vs/workbench/api/node/extensionHostProcess.js:435:110023)
	at i._receiveOneMessage (file:///usr/lib/code/out/vs/workbench/api/node/extensionHostProcess.js:435:108912)
	at Op.value (file:///usr/lib/code/out/vs/workbench/api/node/extensionHostProcess.js:435:106987)
	at T._deliver (file:///usr/lib/code/out/vs/workbench/api/node/extensionHostProcess.js:431:3617)
	at T.fire (file:///usr/lib/code/out/vs/workbench/api/node/extensionHostProcess.js:431:3935)
	at ys.fire (file:///usr/lib/code/out/vs/workbench/api/node/extensionHostProcess.js:433:8627)
	at Op.value (file:///usr/lib/code/out/vs/workbench/api/node/extensionHostProcess.js:853:10003)
	at T._deliver (file:///usr/lib/code/out/vs/workbench/api/node/extensionHostProcess.js:431:3617)
	at T.fire (file:///usr/lib/code/out/vs/workbench/api/node/extensionHostProcess.js:431:3935)
	at ys.fire (file:///usr/lib/code/out/vs/workbench/api/node/extensionHostProcess.js:433:8627)
	at MessagePortMain.<anonymous> (file:///usr/lib/code/out/vs/workbench/api/node/extensionHostProcess.js:853:8171)
	at MessagePortMain.emit (node:events:509:28)
	at Object.emit (node:electron/js2c/utility_init:2:2934)
2026-09-12 13:38:04.867 [error] [vscode.emmet] provider FAILED
2026-09-12 13:38:04.867 [error] TypeError: Cannot read properties of undefined (reading 'start')
	at Jn.provideCompletionItemsInternal (/usr/lib/code/extensions/emmet/dist/node/emmetNodeMain.js:25:8333)
	at Jn.provideCompletionItems (/usr/lib/code/extensions/emmet/dist/node/emmetNodeMain.js:25:6806)
	at i.provideCompletionItems (file:///usr/lib/code/out/vs/workbench/api/node/extensionHostProcess.js:571:150417)
	at file:///usr/lib/code/out/vs/workbench/api/node/extensionHostProcess.js:571:178919
	at i._withAdapter (file:///usr/lib/code/out/vs/workbench/api/node/extensionHostProcess.js:571:167841)
	at i.$provideCompletionItems (file:///usr/lib/code/out/vs/workbench/api/node/extensionHostProcess.js:571:178896)
	at i._doInvokeHandler (file:///usr/lib/code/out/vs/workbench/api/node/extensionHostProcess.js:435:111586)
	at i._invokeHandler (file:///usr/lib/code/out/vs/workbench/api/node/extensionHostProcess.js:435:111334)
	at i._receiveRequest (file:///usr/lib/code/out/vs/workbench/api/node/extensionHostProcess.js:435:110023)
	at i._receiveOneMessage (file:///usr/lib/code/out/vs/workbench/api/node/extensionHostProcess.js:435:108912)
	at Op.value (file:///usr/lib/code/out/vs/workbench/api/node/extensionHostProcess.js:435:106987)
	at T._deliver (file:///usr/lib/code/out/vs/workbench/api/node/extensionHostProcess.js:431:3617)
	at T.fire (file:///usr/lib/code/out/vs/workbench/api/node/extensionHostProcess.js:431:3935)
	at ys.fire (file:///usr/lib/code/out/vs/workbench/api/node/extensionHostProcess.js:433:8627)
	at Op.value (file:///usr/lib/code/out/vs/workbench/api/node/extensionHostProcess.js:853:10003)
	at T._deliver (file:///usr/lib/code/out/vs/workbench/api/node/extensionHostProcess.js:431:3617)
	at T.fire (file:///usr/lib/code/out/vs/workbench/api/node/extensionHostProcess.js:431:3935)
	at ys.fire (file:///usr/lib/code/out/vs/workbench/api/node/extensionHostProcess.js:433:8627)
	at MessagePortMain.<anonymous> (file:///usr/lib/code/out/vs/workbench/api/node/extensionHostProcess.js:853:8171)
	at MessagePortMain.emit (node:events:509:28)
	at Object.emit (node:electron/js2c/utility_init:2:2934)
2026-09-12 13:38:08.843 [error] [vscode.emmet] provider FAILED
2026-09-12 13:38:08.843 [error] TypeError: Cannot read properties of undefined (reading 'start')
	at Jn.provideCompletionItemsInternal (/usr/lib/code/extensions/emmet/dist/node/emmetNodeMain.js:25:8333)
	at Jn.provideCompletionItems (/usr/lib/code/extensions/emmet/dist/node/emmetNodeMain.js:25:6806)
	at i.provideCompletionItems (file:///usr/lib/code/out/vs/workbench/api/node/extensionHostProcess.js:571:150417)
	at file:///usr/lib/code/out/vs/workbench/api/node/extensionHostProcess.js:571:178919
	at i._withAdapter (file:///usr/lib/code/out/vs/workbench/api/node/extensionHostProcess.js:571:167841)
	at i.$provideCompletionItems (file:///usr/lib/code/out/vs/workbench/api/node/extensionHostProcess.js:571:178896)
	at i._doInvokeHandler (file:///usr/lib/code/out/vs/workbench/api/node/extensionHostProcess.js:435:111586)
	at i._invokeHandler (file:///usr/lib/code/out/vs/workbench/api/node/extensionHostProcess.js:435:111334)
	at i._receiveRequest (file:///usr/lib/code/out/vs/workbench/api/node/extensionHostProcess.js:435:110023)
	at i._receiveOneMessage (file:///usr/lib/code/out/vs/workbench/api/node/extensionHostProcess.js:435:108912)
	at Op.value (file:///usr/lib/code/out/vs/workbench/api/node/extensionHostProcess.js:435:106987)
	at T._deliver (file:///usr/lib/code/out/vs/workbench/api/node/extensionHostProcess.js:431:3617)
	at T.fire (file:///usr/lib/code/out/vs/workbench/api/node/extensionHostProcess.js:431:3935)
	at ys.fire (file:///usr/lib/code/out/vs/workbench/api/node/extensionHostProcess.js:433:8627)
	at Op.value (file:///usr/lib/code/out/vs/workbench/api/node/extensionHostProcess.js:853:10003)
	at T._deliver (file:///usr/lib/code/out/vs/workbench/api/node/extensionHostProcess.js:431:3617)
	at T.fire (file:///usr/lib/code/out/vs/workbench/api/node/extensionHostProcess.js:431:3935)
	at ys.fire (file:///usr/lib/code/out/vs/workbench/api/node/extensionHostProcess.js:433:8627)
	at MessagePortMain.<anonymous> (file:///usr/lib/code/out/vs/workbench/api/node/extensionHostProcess.js:853:8171)
	at MessagePortMain.emit (node:events:509:28)
	at Object.emit (node:electron/js2c/utility_init:2:2934)
2026-09-12 13:38:09.263 [error] [vscode.emmet] provider FAILED
2026-09-12 13:38:09.263 [error] TypeError: Cannot read properties of undefined (reading 'start')
	at Jn.provideCompletionItemsInternal (/usr/lib/code/extensions/emmet/dist/node/emmetNodeMain.js:25:8333)
	at Jn.provideCompletionItems (/usr/lib/code/extensions/emmet/dist/node/emmetNodeMain.js:25:6806)
	at i.provideCompletionItems (file:///usr/lib/code/out/vs/workbench/api/node/extensionHostProcess.js:571:150417)
	at file:///usr/lib/code/out/vs/workbench/api/node/extensionHostProcess.js:571:178919
	at i._withAdapter (file:///usr/lib/code/out/vs/workbench/api/node/extensionHostProcess.js:571:167841)
	at i.$provideCompletionItems (file:///usr/lib/code/out/vs/workbench/api/node/extensionHostProcess.js:571:178896)
	at i._doInvokeHandler (file:///usr/lib/code/out/vs/workbench/api/node/extensionHostProcess.js:435:111586)
	at i._invokeHandler (file:///usr/lib/code/out/vs/workbench/api/node/extensionHostProcess.js:435:111334)
	at i._receiveRequest (file:///usr/lib/code/out/vs/workbench/api/node/extensionHostProcess.js:435:110023)
	at i._receiveOneMessage (file:///usr/lib/code/out/vs/workbench/api/node/extensionHostProcess.js:435:108912)
	at Op.value (file:///usr/lib/code/out/vs/workbench/api/node/extensionHostProcess.js:435:106987)
	at T._deliver (file:///usr/lib/code/out/vs/workbench/api/node/extensionHostProcess.js:431:3617)
	at T.fire (file:///usr/lib/code/out/vs/workbench/api/node/extensionHostProcess.js:431:3935)
	at ys.fire (file:///usr/lib/code/out/vs/workbench/api/node/extensionHostProcess.js:433:8627)
	at Op.value (file:///usr/lib/code/out/vs/workbench/api/node/extensionHostProcess.js:853:10003)
	at T._deliver (file:///usr/lib/code/out/vs/workbench/api/node/extensionHostProcess.js:431:3617)
	at T.fire (file:///usr/lib/code/out/vs/workbench/api/node/extensionHostProcess.js:431:3935)
	at ys.fire (file:///usr/lib/code/out/vs/workbench/api/node/extensionHostProcess.js:433:8627)
	at MessagePortMain.<anonymous> (file:///usr/lib/code/out/vs/workbench/api/node/extensionHostProcess.js:853:8171)
	at MessagePortMain.emit (node:events:509:28)
	at Object.emit (node:electron/js2c/utility_init:2:2934)
2026-09-12 13:38:11.941 [error] [vscode.emmet] provider FAILED
2026-09-12 13:38:11.948 [error] TypeError: Cannot read properties of undefined (reading 'start')
	at Jn.provideCompletionItemsInternal (/usr/lib/code/extensions/emmet/dist/node/emmetNodeMain.js:25:8333)
	at Jn.provideCompletionItems (/usr/lib/code/extensions/emmet/dist/node/emmetNodeMain.js:25:6806)
	at i.provideCompletionItems (file:///usr/lib/code/out/vs/workbench/api/node/extensionHostProcess.js:571:150417)
	at file:///usr/lib/code/out/vs/workbench/api/node/extensionHostProcess.js:571:178919
	at i._withAdapter (file:///usr/lib/code/out/vs/workbench/api/node/extensionHostProcess.js:571:167841)
	at i.$provideCompletionItems (file:///usr/lib/code/out/vs/workbench/api/node/extensionHostProcess.js:571:178896)
	at i._doInvokeHandler (file:///usr/lib/code/out/vs/workbench/api/node/extensionHostProcess.js:435:111586)
	at i._invokeHandler (file:///usr/lib/code/out/vs/workbench/api/node/extensionHostProcess.js:435:111334)
	at i._receiveRequest (file:///usr/lib/code/out/vs/workbench/api/node/extensionHostProcess.js:435:110023)
	at i._receiveOneMessage (file:///usr/lib/code/out/vs/workbench/api/node/extensionHostProcess.js:435:108912)
	at Op.value (file:///usr/lib/code/out/vs/workbench/api/node/extensionHostProcess.js:435:106987)
	at T._deliver (file:///usr/lib/code/out/vs/workbench/api/node/extensionHostProcess.js:431:3617)
	at T.fire (file:///usr/lib/code/out/vs/workbench/api/node/extensionHostProcess.js:431:3935)
	at ys.fire (file:///usr/lib/code/out/vs/workbench/api/node/extensionHostProcess.js:433:8627)
	at Op.value (file:///usr/lib/code/out/vs/workbench/api/node/extensionHostProcess.js:853:10003)
	at T._deliver (file:///usr/lib/code/out/vs/workbench/api/node/extensionHostProcess.js:431:3617)
	at T.fire (file:///usr/lib/code/out/vs/workbench/api/node/extensionHostProcess.js:431:3935)
	at ys.fire (file:///usr/lib/code/out/vs/workbench/api/node/extensionHostProcess.js:433:8627)
	at MessagePortMain.<anonymous> (file:///usr/lib/code/out/vs/workbench/api/node/extensionHostProcess.js:853:8171)
	at MessagePortMain.emit (node:events:509:28)
	at Object.emit (node:electron/js2c/utility_init:2:2934)
2026-09-12 13:38:12.120 [error] [vscode.emmet] provider FAILED
2026-09-12 13:38:12.121 [error] TypeError: Cannot read properties of undefined (reading 'start')
	at Jn.provideCompletionItemsInternal (/usr/lib/code/extensions/emmet/dist/node/emmetNodeMain.js:25:8333)
	at Jn.provideCompletionItems (/usr/lib/code/extensions/emmet/dist/node/emmetNodeMain.js:25:6806)
	at i.provideCompletionItems (file:///usr/lib/code/out/vs/workbench/api/node/extensionHostProcess.js:571:150417)
	at file:///usr/lib/code/out/vs/workbench/api/node/extensionHostProcess.js:571:178919
	at i._withAdapter (file:///usr/lib/code/out/vs/workbench/api/node/extensionHostProcess.js:571:167841)
	at i.$provideCompletionItems (file:///usr/lib/code/out/vs/workbench/api/node/extensionHostProcess.js:571:178896)
	at i._doInvokeHandler (file:///usr/lib/code/out/vs/workbench/api/node/extensionHostProcess.js:435:111586)
	at i._invokeHandler (file:///usr/lib/code/out/vs/workbench/api/node/extensionHostProcess.js:435:111334)
	at i._receiveRequest (file:///usr/lib/code/out/vs/workbench/api/node/extensionHostProcess.js:435:110023)
	at i._receiveOneMessage (file:///usr/lib/code/out/vs/workbench/api/node/extensionHostProcess.js:435:108912)
	at Op.value (file:///usr/lib/code/out/vs/workbench/api/node/extensionHostProcess.js:435:106987)
	at T._deliver (file:///usr/lib/code/out/vs/workbench/api/node/extensionHostProcess.js:431:3617)
	at T.fire (file:///usr/lib/code/out/vs/workbench/api/node/extensionHostProcess.js:431:3935)
	at ys.fire (file:///usr/lib/code/out/vs/workbench/api/node/extensionHostProcess.js:433:8627)
	at Op.value (file:///usr/lib/code/out/vs/workbench/api/node/extensionHostProcess.js:853:10003)
	at T._deliver (file:///usr/lib/code/out/vs/workbench/api/node/extensionHostProcess.js:431:3617)
	at T.fire (file:///usr/lib/code/out/vs/workbench/api/node/extensionHostProcess.js:431:3935)
	at ys.fire (file:///usr/lib/code/out/vs/workbench/api/node/extensionHostProcess.js:433:8627)
	at MessagePortMain.<anonymous> (file:///usr/lib/code/out/vs/workbench/api/node/extensionHostProcess.js:853:8171)
	at MessagePortMain.emit (node:events:509:28)
	at Object.emit (node:electron/js2c/utility_init:2:2934)
2026-09-12 13:38:12.252 [error] [vscode.emmet] provider FAILED
2026-09-12 13:38:12.253 [error] TypeError: Cannot read properties of undefined (reading 'start')
	at Jn.provideCompletionItemsInternal (/usr/lib/code/extensions/emmet/dist/node/emmetNodeMain.js:25:8333)
	at Jn.provideCompletionItems (/usr/lib/code/extensions/emmet/dist/node/emmetNodeMain.js:25:6806)
	at i.provideCompletionItems (file:///usr/lib/code/out/vs/workbench/api/node/extensionHostProcess.js:571:150417)
	at file:///usr/lib/code/out/vs/workbench/api/node/extensionHostProcess.js:571:178919
	at i._withAdapter (file:///usr/lib/code/out/vs/workbench/api/node/extensionHostProcess.js:571:167841)
	at i.$provideCompletionItems (file:///usr/lib/code/out/vs/workbench/api/node/extensionHostProcess.js:571:178896)
	at i._doInvokeHandler (file:///usr/lib/code/out/vs/workbench/api/node/extensionHostProcess.js:435:111586)
	at i._invokeHandler (file:///usr/lib/code/out/vs/workbench/api/node/extensionHostProcess.js:435:111334)
	at i._receiveRequest (file:///usr/lib/code/out/vs/workbench/api/node/extensionHostProcess.js:435:110023)
	at i._receiveOneMessage (file:///usr/lib/code/out/vs/workbench/api/node/extensionHostProcess.js:435:108912)
	at Op.value (file:///usr/lib/code/out/vs/workbench/api/node/extensionHostProcess.js:435:106987)
	at T._deliver (file:///usr/lib/code/out/vs/workbench/api/node/extensionHostProcess.js:431:3617)
	at T.fire (file:///usr/lib/code/out/vs/workbench/api/node/extensionHostProcess.js:431:3935)
	at ys.fire (file:///usr/lib/code/out/vs/workbench/api/node/extensionHostProcess.js:433:8627)
	at Op.value (file:///usr/lib/code/out/vs/workbench/api/node/extensionHostProcess.js:853:10003)
	at T._deliver (file:///usr/lib/code/out/vs/workbench/api/node/extensionHostProcess.js:431:3617)
	at T.fire (file:///usr/lib/code/out/vs/workbench/api/node/extensionHostProcess.js:431:3935)
	at ys.fire (file:///usr/lib/code/out/vs/workbench/api/node/extensionHostProcess.js:433:8627)
	at MessagePortMain.<anonymous> (file:///usr/lib/code/out/vs/workbench/api/node/extensionHostProcess.js:853:8171)
	at MessagePortMain.emit (node:events:509:28)
	at Object.emit (node:electron/js2c/utility_init:2:2934)
2026-09-12 13:38:13.612 [error] [vscode.emmet] provider FAILED
2026-09-12 13:38:13.612 [error] TypeError: Cannot read properties of undefined (reading 'start')
	at Jn.provideCompletionItemsInternal (/usr/lib/code/extensions/emmet/dist/node/emmetNodeMain.js:25:8333)
	at Jn.provideCompletionItems (/usr/lib/code/extensions/emmet/dist/node/emmetNodeMain.js:25:6806)
	at i.provideCompletionItems (file:///usr/lib/code/out/vs/workbench/api/node/extensionHostProcess.js:571:150417)
	at file:///usr/lib/code/out/vs/workbench/api/node/extensionHostProcess.js:571:178919
	at i._withAdapter (file:///usr/lib/code/out/vs/workbench/api/node/extensionHostProcess.js:571:167841)
	at i.$provideCompletionItems (file:///usr/lib/code/out/vs/workbench/api/node/extensionHostProcess.js:571:178896)
	at i._doInvokeHandler (file:///usr/lib/code/out/vs/workbench/api/node/extensionHostProcess.js:435:111586)
	at i._invokeHandler (file:///usr/lib/code/out/vs/workbench/api/node/extensionHostProcess.js:435:111334)
	at i._receiveRequest (file:///usr/lib/code/out/vs/workbench/api/node/extensionHostProcess.js:435:110023)
	at i._receiveOneMessage (file:///usr/lib/code/out/vs/workbench/api/node/extensionHostProcess.js:435:108912)
	at Op.value (file:///usr/lib/code/out/vs/workbench/api/node/extensionHostProcess.js:435:106987)
	at T._deliver (file:///usr/lib/code/out/vs/workbench/api/node/extensionHostProcess.js:431:3617)
	at T.fire (file:///usr/lib/code/out/vs/workbench/api/node/extensionHostProcess.js:431:3935)
	at ys.fire (file:///usr/lib/code/out/vs/workbench/api/node/extensionHostProcess.js:433:8627)
	at Op.value (file:///usr/lib/code/out/vs/workbench/api/node/extensionHostProcess.js:853:10003)
	at T._deliver (file:///usr/lib/code/out/vs/workbench/api/node/extensionHostProcess.js:431:3617)
	at T.fire (file:///usr/lib/code/out/vs/workbench/api/node/extensionHostProcess.js:431:3935)
	at ys.fire (file:///usr/lib/code/out/vs/workbench/api/node/extensionHostProcess.js:433:8627)
	at MessagePortMain.<anonymous> (file:///usr/lib/code/out/vs/workbench/api/node/extensionHostProcess.js:853:8171)
	at MessagePortMain.emit (node:events:509:28)
	at Object.emit (node:electron/js2c/utility_init:2:2934)
2026-09-12 13:38:16.085 [error] [vscode.emmet] provider FAILED
2026-09-12 13:38:16.085 [error] TypeError: Cannot read properties of undefined (reading 'start')
	at Jn.provideCompletionItemsInternal (/usr/lib/code/extensions/emmet/dist/node/emmetNodeMain.js:25:8333)
	at Jn.provideCompletionItems (/usr/lib/code/extensions/emmet/dist/node/emmetNodeMain.js:25:6806)
	at i.provideCompletionItems (file:///usr/lib/code/out/vs/workbench/api/node/extensionHostProcess.js:571:150417)
	at file:///usr/lib/code/out/vs/workbench/api/node/extensionHostProcess.js:571:178919
	at i._withAdapter (file:///usr/lib/code/out/vs/workbench/api/node/extensionHostProcess.js:571:167841)
	at i.$provideCompletionItems (file:///usr/lib/code/out/vs/workbench/api/node/extensionHostProcess.js:571:178896)
	at i._doInvokeHandler (file:///usr/lib/code/out/vs/workbench/api/node/extensionHostProcess.js:435:111586)
	at i._invokeHandler (file:///usr/lib/code/out/vs/workbench/api/node/extensionHostProcess.js:435:111334)
	at i._receiveRequest (file:///usr/lib/code/out/vs/workbench/api/node/extensionHostProcess.js:435:110023)
	at i._receiveOneMessage (file:///usr/lib/code/out/vs/workbench/api/node/extensionHostProcess.js:435:108912)
	at Op.value (file:///usr/lib/code/out/vs/workbench/api/node/extensionHostProcess.js:435:106987)
	at T._deliver (file:///usr/lib/code/out/vs/workbench/api/node/extensionHostProcess.js:431:3617)
	at T.fire (file:///usr/lib/code/out/vs/workbench/api/node/extensionHostProcess.js:431:3935)
	at ys.fire (file:///usr/lib/code/out/vs/workbench/api/node/extensionHostProcess.js:433:8627)
	at Op.value (file:///usr/lib/code/out/vs/workbench/api/node/extensionHostProcess.js:853:10003)
	at T._deliver (file:///usr/lib/code/out/vs/workbench/api/node/extensionHostProcess.js:431:3617)
	at T.fire (file:///usr/lib/code/out/vs/workbench/api/node/extensionHostProcess.js:431:3935)
	at ys.fire (file:///usr/lib/code/out/vs/workbench/api/node/extensionHostProcess.js:433:8627)
	at MessagePortMain.<anonymous> (file:///usr/lib/code/out/vs/workbench/api/node/extensionHostProcess.js:853:8171)
	at MessagePortMain.emit (node:events:509:28)
	at Object.emit (node:electron/js2c/utility_init:2:2934)
2026-09-12 13:38:16.587 [error] [vscode.emmet] provider FAILED
2026-09-12 13:38:16.587 [error] TypeError: Cannot read properties of undefined (reading 'start')
	at Jn.provideCompletionItemsInternal (/usr/lib/code/extensions/emmet/dist/node/emmetNodeMain.js:25:8333)
	at Jn.provideCompletionItems (/usr/lib/code/extensions/emmet/dist/node/emmetNodeMain.js:25:6806)
	at i.provideCompletionItems (file:///usr/lib/code/out/vs/workbench/api/node/extensionHostProcess.js:571:150417)
	at file:///usr/lib/code/out/vs/workbench/api/node/extensionHostProcess.js:571:178919
	at i._withAdapter (file:///usr/lib/code/out/vs/workbench/api/node/extensionHostProcess.js:571:167841)
	at i.$provideCompletionItems (file:///usr/lib/code/out/vs/workbench/api/node/extensionHostProcess.js:571:178896)
	at i._doInvokeHandler (file:///usr/lib/code/out/vs/workbench/api/node/extensionHostProcess.js:435:111586)
	at i._invokeHandler (file:///usr/lib/code/out/vs/workbench/api/node/extensionHostProcess.js:435:111334)
	at i._receiveRequest (file:///usr/lib/code/out/vs/workbench/api/node/extensionHostProcess.js:435:110023)
	at i._receiveOneMessage (file:///usr/lib/code/out/vs/workbench/api/node/extensionHostProcess.js:435:108912)
	at Op.value (file:///usr/lib/code/out/vs/workbench/api/node/extensionHostProcess.js:435:106987)
	at T._deliver (file:///usr/lib/code/out/vs/workbench/api/node/extensionHostProcess.js:431:3617)
	at T.fire (file:///usr/lib/code/out/vs/workbench/api/node/extensionHostProcess.js:431:3935)
	at ys.fire (file:///usr/lib/code/out/vs/workbench/api/node/extensionHostProcess.js:433:8627)
	at Op.value (file:///usr/lib/code/out/vs/workbench/api/node/extensionHostProcess.js:853:10003)
	at T._deliver (file:///usr/lib/code/out/vs/workbench/api/node/extensionHostProcess.js:431:3617)
	at T.fire (file:///usr/lib/code/out/vs/workbench/api/node/extensionHostProcess.js:431:3935)
	at ys.fire (file:///usr/lib/code/out/vs/workbench/api/node/extensionHostProcess.js:433:8627)
	at MessagePortMain.<anonymous> (file:///usr/lib/code/out/vs/workbench/api/node/extensionHostProcess.js:853:8171)
	at MessagePortMain.emit (node:events:509:28)
	at Object.emit (node:electron/js2c/utility_init:2:2934)
2026-09-12 13:38:16.776 [error] [vscode.emmet] provider FAILED
2026-09-12 13:38:16.776 [error] TypeError: Cannot read properties of undefined (reading 'start')
	at Jn.provideCompletionItemsInternal (/usr/lib/code/extensions/emmet/dist/node/emmetNodeMain.js:25:8333)
	at Jn.provideCompletionItems (/usr/lib/code/extensions/emmet/dist/node/emmetNodeMain.js:25:6806)
	at i.provideCompletionItems (file:///usr/lib/code/out/vs/workbench/api/node/extensionHostProcess.js:571:150417)
	at file:///usr/lib/code/out/vs/workbench/api/node/extensionHostProcess.js:571:178919
	at i._withAdapter (file:///usr/lib/code/out/vs/workbench/api/node/extensionHostProcess.js:571:167841)
	at i.$provideCompletionItems (file:///usr/lib/code/out/vs/workbench/api/node/extensionHostProcess.js:571:178896)
	at i._doInvokeHandler (file:///usr/lib/code/out/vs/workbench/api/node/extensionHostProcess.js:435:111586)
	at i._invokeHandler (file:///usr/lib/code/out/vs/workbench/api/node/extensionHostProcess.js:435:111334)
	at i._receiveRequest (file:///usr/lib/code/out/vs/workbench/api/node/extensionHostProcess.js:435:110023)
	at i._receiveOneMessage (file:///usr/lib/code/out/vs/workbench/api/node/extensionHostProcess.js:435:108912)
	at Op.value (file:///usr/lib/code/out/vs/workbench/api/node/extensionHostProcess.js:435:106987)
	at T._deliver (file:///usr/lib/code/out/vs/workbench/api/node/extensionHostProcess.js:431:3617)
	at T.fire (file:///usr/lib/code/out/vs/workbench/api/node/extensionHostProcess.js:431:3935)
	at ys.fire (file:///usr/lib/code/out/vs/workbench/api/node/extensionHostProcess.js:433:8627)
	at Op.value (file:///usr/lib/code/out/vs/workbench/api/node/extensionHostProcess.js:853:10003)
	at T._deliver (file:///usr/lib/code/out/vs/workbench/api/node/extensionHostProcess.js:431:3617)
	at T.fire (file:///usr/lib/code/out/vs/workbench/api/node/extensionHostProcess.js:431:3935)
	at ys.fire (file:///usr/lib/code/out/vs/workbench/api/node/extensionHostProcess.js:433:8627)
	at MessagePortMain.<anonymous> (file:///usr/lib/code/out/vs/workbench/api/node/extensionHostProcess.js:853:8171)
	at MessagePortMain.emit (node:events:509:28)
	at Object.emit (node:electron/js2c/utility_init:2:2934)
2026-09-12 13:38:19.491 [error] [vscode.emmet] provider FAILED
2026-09-12 13:38:19.491 [error] TypeError: Cannot read properties of undefined (reading 'start')
	at Jn.provideCompletionItemsInternal (/usr/lib/code/extensions/emmet/dist/node/emmetNodeMain.js:25:8333)
	at Jn.provideCompletionItems (/usr/lib/code/extensions/emmet/dist/node/emmetNodeMain.js:25:6806)
	at i.provideCompletionItems (file:///usr/lib/code/out/vs/workbench/api/node/extensionHostProcess.js:571:150417)
	at file:///usr/lib/code/out/vs/workbench/api/node/extensionHostProcess.js:571:178919
	at i._withAdapter (file:///usr/lib/code/out/vs/workbench/api/node/extensionHostProcess.js:571:167841)
	at i.$provideCompletionItems (file:///usr/lib/code/out/vs/workbench/api/node/extensionHostProcess.js:571:178896)
	at i._doInvokeHandler (file:///usr/lib/code/out/vs/workbench/api/node/extensionHostProcess.js:435:111586)
	at i._invokeHandler (file:///usr/lib/code/out/vs/workbench/api/node/extensionHostProcess.js:435:111334)
	at i._receiveRequest (file:///usr/lib/code/out/vs/workbench/api/node/extensionHostProcess.js:435:110023)
	at i._receiveOneMessage (file:///usr/lib/code/out/vs/workbench/api/node/extensionHostProcess.js:435:108912)
	at Op.value (file:///usr/lib/code/out/vs/workbench/api/node/extensionHostProcess.js:435:106987)
	at T._deliver (file:///usr/lib/code/out/vs/workbench/api/node/extensionHostProcess.js:431:3617)
	at T.fire (file:///usr/lib/code/out/vs/workbench/api/node/extensionHostProcess.js:431:3935)
	at ys.fire (file:///usr/lib/code/out/vs/workbench/api/node/extensionHostProcess.js:433:8627)
	at Op.value (file:///usr/lib/code/out/vs/workbench/api/node/extensionHostProcess.js:853:10003)
	at T._deliver (file:///usr/lib/code/out/vs/workbench/api/node/extensionHostProcess.js:431:3617)
	at T.fire (file:///usr/lib/code/out/vs/workbench/api/node/extensionHostProcess.js:431:3935)
	at ys.fire (file:///usr/lib/code/out/vs/workbench/api/node/extensionHostProcess.js:433:8627)
	at MessagePortMain.<anonymous> (file:///usr/lib/code/out/vs/workbench/api/node/extensionHostProcess.js:853:8171)
	at MessagePortMain.emit (node:events:509:28)
	at Object.emit (node:electron/js2c/utility_init:2:2934)
2026-09-12 13:38:24.218 [error] [vscode.emmet] provider FAILED
2026-09-12 13:38:24.218 [error] TypeError: Cannot read properties of undefined (reading 'start')
	at Jn.provideCompletionItemsInternal (/usr/lib/code/extensions/emmet/dist/node/emmetNodeMain.js:25:8333)
	at Jn.provideCompletionItems (/usr/lib/code/extensions/emmet/dist/node/emmetNodeMain.js:25:6806)
	at i.provideCompletionItems (file:///usr/lib/code/out/vs/workbench/api/node/extensionHostProcess.js:571:150417)
	at file:///usr/lib/code/out/vs/workbench/api/node/extensionHostProcess.js:571:178919
	at i._withAdapter (file:///usr/lib/code/out/vs/workbench/api/node/extensionHostProcess.js:571:167841)
	at i.$provideCompletionItems (file:///usr/lib/code/out/vs/workbench/api/node/extensionHostProcess.js:571:178896)
	at i._doInvokeHandler (file:///usr/lib/code/out/vs/workbench/api/node/extensionHostProcess.js:435:111586)
	at i._invokeHandler (file:///usr/lib/code/out/vs/workbench/api/node/extensionHostProcess.js:435:111334)
	at i._receiveRequest (file:///usr/lib/code/out/vs/workbench/api/node/extensionHostProcess.js:435:110023)
	at i._receiveOneMessage (file:///usr/lib/code/out/vs/workbench/api/node/extensionHostProcess.js:435:108912)
	at Op.value (file:///usr/lib/code/out/vs/workbench/api/node/extensionHostProcess.js:435:106987)
	at T._deliver (file:///usr/lib/code/out/vs/workbench/api/node/extensionHostProcess.js:431:3617)
	at T.fire (file:///usr/lib/code/out/vs/workbench/api/node/extensionHostProcess.js:431:3935)
	at ys.fire (file:///usr/lib/code/out/vs/workbench/api/node/extensionHostProcess.js:433:8627)
	at Op.value (file:///usr/lib/code/out/vs/workbench/api/node/extensionHostProcess.js:853:10003)
	at T._deliver (file:///usr/lib/code/out/vs/workbench/api/node/extensionHostProcess.js:431:3617)
	at T.fire (file:///usr/lib/code/out/vs/workbench/api/node/extensionHostProcess.js:431:3935)
	at ys.fire (file:///usr/lib/code/out/vs/workbench/api/node/extensionHostProcess.js:433:8627)
	at MessagePortMain.<anonymous> (file:///usr/lib/code/out/vs/workbench/api/node/extensionHostProcess.js:853:8171)
	at MessagePortMain.emit (node:events:509:28)
	at Object.emit (node:electron/js2c/utility_init:2:2934)
2026-09-12 13:38:45.094 [error] [vscode.emmet] provider FAILED
2026-09-12 13:38:45.094 [error] TypeError: Cannot read properties of undefined (reading 'start')
	at Jn.provideCompletionItemsInternal (/usr/lib/code/extensions/emmet/dist/node/emmetNodeMain.js:25:8333)
	at Jn.provideCompletionItems (/usr/lib/code/extensions/emmet/dist/node/emmetNodeMain.js:25:6806)
	at i.provideCompletionItems (file:///usr/lib/code/out/vs/workbench/api/node/extensionHostProcess.js:571:150417)
	at file:///usr/lib/code/out/vs/workbench/api/node/extensionHostProcess.js:571:178919
	at i._withAdapter (file:///usr/lib/code/out/vs/workbench/api/node/extensionHostProcess.js:571:167841)
	at i.$provideCompletionItems (file:///usr/lib/code/out/vs/workbench/api/node/extensionHostProcess.js:571:178896)
	at i._doInvokeHandler (file:///usr/lib/code/out/vs/workbench/api/node/extensionHostProcess.js:435:111586)
	at i._invokeHandler (file:///usr/lib/code/out/vs/workbench/api/node/extensionHostProcess.js:435:111334)
	at i._receiveRequest (file:///usr/lib/code/out/vs/workbench/api/node/extensionHostProcess.js:435:110023)
	at i._receiveOneMessage (file:///usr/lib/code/out/vs/workbench/api/node/extensionHostProcess.js:435:108912)
	at Op.value (file:///usr/lib/code/out/vs/workbench/api/node/extensionHostProcess.js:435:106987)
	at T._deliver (file:///usr/lib/code/out/vs/workbench/api/node/extensionHostProcess.js:431:3617)
	at T.fire (file:///usr/lib/code/out/vs/workbench/api/node/extensionHostProcess.js:431:3935)
	at ys.fire (file:///usr/lib/code/out/vs/workbench/api/node/extensionHostProcess.js:433:8627)
	at Op.value (file:///usr/lib/code/out/vs/workbench/api/node/extensionHostProcess.js:853:10003)
	at T._deliver (file:///usr/lib/code/out/vs/workbench/api/node/extensionHostProcess.js:431:3617)
	at T.fire (file:///usr/lib/code/out/vs/workbench/api/node/extensionHostProcess.js:431:3935)
	at ys.fire (file:///usr/lib/code/out/vs/workbench/api/node/extensionHostProcess.js:433:8627)
	at MessagePortMain.<anonymous> (file:///usr/lib/code/out/vs/workbench/api/node/extensionHostProcess.js:853:8171)
	at MessagePortMain.emit (node:events:509:28)
	at Object.emit (node:electron/js2c/utility_init:2:2934)
2026-09-12 13:38:47.371 [error] [vscode.emmet] provider FAILED
2026-09-12 13:38:47.372 [error] TypeError: Cannot read properties of undefined (reading 'start')
	at Jn.provideCompletionItemsInternal (/usr/lib/code/extensions/emmet/dist/node/emmetNodeMain.js:25:8333)
	at Jn.provideCompletionItems (/usr/lib/code/extensions/emmet/dist/node/emmetNodeMain.js:25:6806)
	at i.provideCompletionItems (file:///usr/lib/code/out/vs/workbench/api/node/extensionHostProcess.js:571:150417)
	at file:///usr/lib/code/out/vs/workbench/api/node/extensionHostProcess.js:571:178919
	at i._withAdapter (file:///usr/lib/code/out/vs/workbench/api/node/extensionHostProcess.js:571:167841)
	at i.$provideCompletionItems (file:///usr/lib/code/out/vs/workbench/api/node/extensionHostProcess.js:571:178896)
	at i._doInvokeHandler (file:///usr/lib/code/out/vs/workbench/api/node/extensionHostProcess.js:435:111586)
	at i._invokeHandler (file:///usr/lib/code/out/vs/workbench/api/node/extensionHostProcess.js:435:111334)
	at i._receiveRequest (file:///usr/lib/code/out/vs/workbench/api/node/extensionHostProcess.js:435:110023)
	at i._receiveOneMessage (file:///usr/lib/code/out/vs/workbench/api/node/extensionHostProcess.js:435:108912)
	at Op.value (file:///usr/lib/code/out/vs/workbench/api/node/extensionHostProcess.js:435:106987)
	at T._deliver (file:///usr/lib/code/out/vs/workbench/api/node/extensionHostProcess.js:431:3617)
	at T.fire (file:///usr/lib/code/out/vs/workbench/api/node/extensionHostProcess.js:431:3935)
	at ys.fire (file:///usr/lib/code/out/vs/workbench/api/node/extensionHostProcess.js:433:8627)
	at Op.value (file:///usr/lib/code/out/vs/workbench/api/node/extensionHostProcess.js:853:10003)
	at T._deliver (file:///usr/lib/code/out/vs/workbench/api/node/extensionHostProcess.js:431:3617)
	at T.fire (file:///usr/lib/code/out/vs/workbench/api/node/extensionHostProcess.js:431:3935)
	at ys.fire (file:///usr/lib/code/out/vs/workbench/api/node/extensionHostProcess.js:433:8627)
	at MessagePortMain.<anonymous> (file:///usr/lib/code/out/vs/workbench/api/node/extensionHostProcess.js:853:8171)
	at MessagePortMain.emit (node:events:509:28)
	at Object.emit (node:electron/js2c/utility_init:2:2934)
2026-09-12 13:38:58.870 [error] [vscode.emmet] provider FAILED
2026-09-12 13:38:58.870 [error] TypeError: Cannot read properties of undefined (reading 'start')
	at Jn.provideCompletionItemsInternal (/usr/lib/code/extensions/emmet/dist/node/emmetNodeMain.js:25:8333)
	at Jn.provideCompletionItems (/usr/lib/code/extensions/emmet/dist/node/emmetNodeMain.js:25:6806)
	at i.provideCompletionItems (file:///usr/lib/code/out/vs/workbench/api/node/extensionHostProcess.js:571:150417)
	at file:///usr/lib/code/out/vs/workbench/api/node/extensionHostProcess.js:571:178919
	at i._withAdapter (file:///usr/lib/code/out/vs/workbench/api/node/extensionHostProcess.js:571:167841)
	at i.$provideCompletionItems (file:///usr/lib/code/out/vs/workbench/api/node/extensionHostProcess.js:571:178896)
	at i._doInvokeHandler (file:///usr/lib/code/out/vs/workbench/api/node/extensionHostProcess.js:435:111586)
	at i._invokeHandler (file:///usr/lib/code/out/vs/workbench/api/node/extensionHostProcess.js:435:111334)
	at i._receiveRequest (file:///usr/lib/code/out/vs/workbench/api/node/extensionHostProcess.js:435:110023)
	at i._receiveOneMessage (file:///usr/lib/code/out/vs/workbench/api/node/extensionHostProcess.js:435:108912)
	at Op.value (file:///usr/lib/code/out/vs/workbench/api/node/extensionHostProcess.js:435:106987)
	at T._deliver (file:///usr/lib/code/out/vs/workbench/api/node/extensionHostProcess.js:431:3617)
	at T.fire (file:///usr/lib/code/out/vs/workbench/api/node/extensionHostProcess.js:431:3935)
	at ys.fire (file:///usr/lib/code/out/vs/workbench/api/node/extensionHostProcess.js:433:8627)
	at Op.value (file:///usr/lib/code/out/vs/workbench/api/node/extensionHostProcess.js:853:10003)
	at T._deliver (file:///usr/lib/code/out/vs/workbench/api/node/extensionHostProcess.js:431:3617)
	at T.fire (file:///usr/lib/code/out/vs/workbench/api/node/extensionHostProcess.js:431:3935)
	at ys.fire (file:///usr/lib/code/out/vs/workbench/api/node/extensionHostProcess.js:433:8627)
	at MessagePortMain.<anonymous> (file:///usr/lib/code/out/vs/workbench/api/node/extensionHostProcess.js:853:8171)
	at MessagePortMain.emit (node:events:509:28)
	at Object.emit (node:electron/js2c/utility_init:2:2934)
2026-09-12 13:39:00.053 [error] [vscode.emmet] provider FAILED
2026-09-12 13:39:00.053 [error] TypeError: Cannot read properties of undefined (reading 'start')
	at Jn.provideCompletionItemsInternal (/usr/lib/code/extensions/emmet/dist/node/emmetNodeMain.js:25:8333)
	at Jn.provideCompletionItems (/usr/lib/code/extensions/emmet/dist/node/emmetNodeMain.js:25:6806)
	at i.provideCompletionItems (file:///usr/lib/code/out/vs/workbench/api/node/extensionHostProcess.js:571:150417)
	at file:///usr/lib/code/out/vs/workbench/api/node/extensionHostProcess.js:571:178919
	at i._withAdapter (file:///usr/lib/code/out/vs/workbench/api/node/extensionHostProcess.js:571:167841)
	at i.$provideCompletionItems (file:///usr/lib/code/out/vs/workbench/api/node/extensionHostProcess.js:571:178896)
	at i._doInvokeHandler (file:///usr/lib/code/out/vs/workbench/api/node/extensionHostProcess.js:435:111586)
	at i._invokeHandler (file:///usr/lib/code/out/vs/workbench/api/node/extensionHostProcess.js:435:111334)
	at i._receiveRequest (file:///usr/lib/code/out/vs/workbench/api/node/extensionHostProcess.js:435:110023)
	at i._receiveOneMessage (file:///usr/lib/code/out/vs/workbench/api/node/extensionHostProcess.js:435:108912)
	at Op.value (file:///usr/lib/code/out/vs/workbench/api/node/extensionHostProcess.js:435:106987)
	at T._deliver (file:///usr/lib/code/out/vs/workbench/api/node/extensionHostProcess.js:431:3617)
	at T.fire (file:///usr/lib/code/out/vs/workbench/api/node/extensionHostProcess.js:431:3935)
	at ys.fire (file:///usr/lib/code/out/vs/workbench/api/node/extensionHostProcess.js:433:8627)
	at Op.value (file:///usr/lib/code/out/vs/workbench/api/node/extensionHostProcess.js:853:10003)
	at T._deliver (file:///usr/lib/code/out/vs/workbench/api/node/extensionHostProcess.js:431:3617)
	at T.fire (file:///usr/lib/code/out/vs/workbench/api/node/extensionHostProcess.js:431:3935)
	at ys.fire (file:///usr/lib/code/out/vs/workbench/api/node/extensionHostProcess.js:433:8627)
	at MessagePortMain.<anonymous> (file:///usr/lib/code/out/vs/workbench/api/node/extensionHostProcess.js:853:8171)
	at MessagePortMain.emit (node:events:509:28)
	at Object.emit (node:electron/js2c/utility_init:2:2934)
2026-09-12 13:39:00.565 [error] [vscode.emmet] provider FAILED
2026-09-12 13:39:00.565 [error] TypeError: Cannot read properties of undefined (reading 'start')
	at Jn.provideCompletionItemsInternal (/usr/lib/code/extensions/emmet/dist/node/emmetNodeMain.js:25:8333)
	at Jn.provideCompletionItems (/usr/lib/code/extensions/emmet/dist/node/emmetNodeMain.js:25:6806)
	at i.provideCompletionItems (file:///usr/lib/code/out/vs/workbench/api/node/extensionHostProcess.js:571:150417)
	at file:///usr/lib/code/out/vs/workbench/api/node/extensionHostProcess.js:571:178919
	at i._withAdapter (file:///usr/lib/code/out/vs/workbench/api/node/extensionHostProcess.js:571:167841)
	at i.$provideCompletionItems (file:///usr/lib/code/out/vs/workbench/api/node/extensionHostProcess.js:571:178896)
	at i._doInvokeHandler (file:///usr/lib/code/out/vs/workbench/api/node/extensionHostProcess.js:435:111586)
	at i._invokeHandler (file:///usr/lib/code/out/vs/workbench/api/node/extensionHostProcess.js:435:111334)
	at i._receiveRequest (file:///usr/lib/code/out/vs/workbench/api/node/extensionHostProcess.js:435:110023)
	at i._receiveOneMessage (file:///usr/lib/code/out/vs/workbench/api/node/extensionHostProcess.js:435:108912)
	at Op.value (file:///usr/lib/code/out/vs/workbench/api/node/extensionHostProcess.js:435:106987)
	at T._deliver (file:///usr/lib/code/out/vs/workbench/api/node/extensionHostProcess.js:431:3617)
	at T.fire (file:///usr/lib/code/out/vs/workbench/api/node/extensionHostProcess.js:431:3935)
	at ys.fire (file:///usr/lib/code/out/vs/workbench/api/node/extensionHostProcess.js:433:8627)
	at Op.value (file:///usr/lib/code/out/vs/workbench/api/node/extensionHostProcess.js:853:10003)
	at T._deliver (file:///usr/lib/code/out/vs/workbench/api/node/extensionHostProcess.js:431:3617)
	at T.fire (file:///usr/lib/code/out/vs/workbench/api/node/extensionHostProcess.js:431:3935)
	at ys.fire (file:///usr/lib/code/out/vs/workbench/api/node/extensionHostProcess.js:433:8627)
	at MessagePortMain.<anonymous> (file:///usr/lib/code/out/vs/workbench/api/node/extensionHostProcess.js:853:8171)
	at MessagePortMain.emit (node:events:509:28)
	at Object.emit (node:electron/js2c/utility_init:2:2934)
2026-09-12 13:39:00.905 [error] [vscode.emmet] provider FAILED
2026-09-12 13:39:00.905 [error] TypeError: Cannot read properties of undefined (reading 'start')
	at Jn.provideCompletionItemsInternal (/usr/lib/code/extensions/emmet/dist/node/emmetNodeMain.js:25:8333)
	at Jn.provideCompletionItems (/usr/lib/code/extensions/emmet/dist/node/emmetNodeMain.js:25:6806)
	at i.provideCompletionItems (file:///usr/lib/code/out/vs/workbench/api/node/extensionHostProcess.js:571:150417)
	at file:///usr/lib/code/out/vs/workbench/api/node/extensionHostProcess.js:571:178919
	at i._withAdapter (file:///usr/lib/code/out/vs/workbench/api/node/extensionHostProcess.js:571:167841)
	at i.$provideCompletionItems (file:///usr/lib/code/out/vs/workbench/api/node/extensionHostProcess.js:571:178896)
	at i._doInvokeHandler (file:///usr/lib/code/out/vs/workbench/api/node/extensionHostProcess.js:435:111586)
	at i._invokeHandler (file:///usr/lib/code/out/vs/workbench/api/node/extensionHostProcess.js:435:111334)
	at i._receiveRequest (file:///usr/lib/code/out/vs/workbench/api/node/extensionHostProcess.js:435:110023)
	at i._receiveOneMessage (file:///usr/lib/code/out/vs/workbench/api/node/extensionHostProcess.js:435:108912)
	at Op.value (file:///usr/lib/code/out/vs/workbench/api/node/extensionHostProcess.js:435:106987)
	at T._deliver (file:///usr/lib/code/out/vs/workbench/api/node/extensionHostProcess.js:431:3617)
	at T.fire (file:///usr/lib/code/out/vs/workbench/api/node/extensionHostProcess.js:431:3935)
	at ys.fire (file:///usr/lib/code/out/vs/workbench/api/node/extensionHostProcess.js:433:8627)
	at Op.value (file:///usr/lib/code/out/vs/workbench/api/node/extensionHostProcess.js:853:10003)
	at T._deliver (file:///usr/lib/code/out/vs/workbench/api/node/extensionHostProcess.js:431:3617)
	at T.fire (file:///usr/lib/code/out/vs/workbench/api/node/extensionHostProcess.js:431:3935)
	at ys.fire (file:///usr/lib/code/out/vs/workbench/api/node/extensionHostProcess.js:433:8627)
	at MessagePortMain.<anonymous> (file:///usr/lib/code/out/vs/workbench/api/node/extensionHostProcess.js:853:8171)
	at MessagePortMain.emit (node:events:509:28)
	at Object.emit (node:electron/js2c/utility_init:2:2934)
2026-09-12 13:39:03.071 [error] [vscode.emmet] provider FAILED
2026-09-12 13:39:03.071 [error] TypeError: Cannot read properties of undefined (reading 'start')
	at Jn.provideCompletionItemsInternal (/usr/lib/code/extensions/emmet/dist/node/emmetNodeMain.js:25:8333)
	at Jn.provideCompletionItems (/usr/lib/code/extensions/emmet/dist/node/emmetNodeMain.js:25:6806)
	at i.provideCompletionItems (file:///usr/lib/code/out/vs/workbench/api/node/extensionHostProcess.js:571:150417)
	at file:///usr/lib/code/out/vs/workbench/api/node/extensionHostProcess.js:571:178919
	at i._withAdapter (file:///usr/lib/code/out/vs/workbench/api/node/extensionHostProcess.js:571:167841)
	at i.$provideCompletionItems (file:///usr/lib/code/out/vs/workbench/api/node/extensionHostProcess.js:571:178896)
	at i._doInvokeHandler (file:///usr/lib/code/out/vs/workbench/api/node/extensionHostProcess.js:435:111586)
	at i._invokeHandler (file:///usr/lib/code/out/vs/workbench/api/node/extensionHostProcess.js:435:111334)
	at i._receiveRequest (file:///usr/lib/code/out/vs/workbench/api/node/extensionHostProcess.js:435:110023)
	at i._receiveOneMessage (file:///usr/lib/code/out/vs/workbench/api/node/extensionHostProcess.js:435:108912)
	at Op.value (file:///usr/lib/code/out/vs/workbench/api/node/extensionHostProcess.js:435:106987)
	at T._deliver (file:///usr/lib/code/out/vs/workbench/api/node/extensionHostProcess.js:431:3617)
	at T.fire (file:///usr/lib/code/out/vs/workbench/api/node/extensionHostProcess.js:431:3935)
	at ys.fire (file:///usr/lib/code/out/vs/workbench/api/node/extensionHostProcess.js:433:8627)
	at Op.value (file:///usr/lib/code/out/vs/workbench/api/node/extensionHostProcess.js:853:10003)
	at T._deliver (file:///usr/lib/code/out/vs/workbench/api/node/extensionHostProcess.js:431:3617)
	at T.fire (file:///usr/lib/code/out/vs/workbench/api/node/extensionHostProcess.js:431:3935)
	at ys.fire (file:///usr/lib/code/out/vs/workbench/api/node/extensionHostProcess.js:433:8627)
	at MessagePortMain.<anonymous> (file:///usr/lib/code/out/vs/workbench/api/node/extensionHostProcess.js:853:8171)
	at MessagePortMain.emit (node:events:509:28)
	at Object.emit (node:electron/js2c/utility_init:2:2934)
2026-09-12 14:01:07.788 [error] [vscode.emmet] provider FAILED
2026-09-12 14:01:07.788 [error] TypeError: Cannot read properties of undefined (reading 'start')
	at Jn.provideCompletionItemsInternal (/usr/lib/code/extensions/emmet/dist/node/emmetNodeMain.js:25:8333)
	at Jn.provideCompletionItems (/usr/lib/code/extensions/emmet/dist/node/emmetNodeMain.js:25:6806)
	at i.provideCompletionItems (file:///usr/lib/code/out/vs/workbench/api/node/extensionHostProcess.js:571:150417)
	at file:///usr/lib/code/out/vs/workbench/api/node/extensionHostProcess.js:571:178919
	at i._withAdapter (file:///usr/lib/code/out/vs/workbench/api/node/extensionHostProcess.js:571:167841)
	at i.$provideCompletionItems (file:///usr/lib/code/out/vs/workbench/api/node/extensionHostProcess.js:571:178896)
	at i._doInvokeHandler (file:///usr/lib/code/out/vs/workbench/api/node/extensionHostProcess.js:435:111586)
	at i._invokeHandler (file:///usr/lib/code/out/vs/workbench/api/node/extensionHostProcess.js:435:111334)
	at i._receiveRequest (file:///usr/lib/code/out/vs/workbench/api/node/extensionHostProcess.js:435:110023)
	at i._receiveOneMessage (file:///usr/lib/code/out/vs/workbench/api/node/extensionHostProcess.js:435:108912)
	at Op.value (file:///usr/lib/code/out/vs/workbench/api/node/extensionHostProcess.js:435:106987)
	at T._deliver (file:///usr/lib/code/out/vs/workbench/api/node/extensionHostProcess.js:431:3617)
	at T.fire (file:///usr/lib/code/out/vs/workbench/api/node/extensionHostProcess.js:431:3935)
	at ys.fire (file:///usr/lib/code/out/vs/workbench/api/node/extensionHostProcess.js:433:8627)
	at Op.value (file:///usr/lib/code/out/vs/workbench/api/node/extensionHostProcess.js:853:10003)
	at T._deliver (file:///usr/lib/code/out/vs/workbench/api/node/extensionHostProcess.js:431:3617)
	at T.fire (file:///usr/lib/code/out/vs/workbench/api/node/extensionHostProcess.js:431:3935)
	at ys.fire (file:///usr/lib/code/out/vs/workbench/api/node/extensionHostProcess.js:433:8627)
	at MessagePortMain.<anonymous> (file:///usr/lib/code/out/vs/workbench/api/node/extensionHostProcess.js:853:8171)
	at MessagePortMain.emit (node:events:509:28)
	at Object.emit (node:electron/js2c/utility_init:2:2934)
2026-09-12 14:01:11.404 [error] [vscode.emmet] provider FAILED
2026-09-12 14:01:11.404 [error] TypeError: Cannot read properties of undefined (reading 'start')
	at Jn.provideCompletionItemsInternal (/usr/lib/code/extensions/emmet/dist/node/emmetNodeMain.js:25:8333)
	at Jn.provideCompletionItems (/usr/lib/code/extensions/emmet/dist/node/emmetNodeMain.js:25:6806)
	at i.provideCompletionItems (file:///usr/lib/code/out/vs/workbench/api/node/extensionHostProcess.js:571:150417)
	at file:///usr/lib/code/out/vs/workbench/api/node/extensionHostProcess.js:571:178919
	at i._withAdapter (file:///usr/lib/code/out/vs/workbench/api/node/extensionHostProcess.js:571:167841)
	at i.$provideCompletionItems (file:///usr/lib/code/out/vs/workbench/api/node/extensionHostProcess.js:571:178896)
	at i._doInvokeHandler (file:///usr/lib/code/out/vs/workbench/api/node/extensionHostProcess.js:435:111586)
	at i._invokeHandler (file:///usr/lib/code/out/vs/workbench/api/node/extensionHostProcess.js:435:111334)
	at i._receiveRequest (file:///usr/lib/code/out/vs/workbench/api/node/extensionHostProcess.js:435:110023)
	at i._receiveOneMessage (file:///usr/lib/code/out/vs/workbench/api/node/extensionHostProcess.js:435:108912)
	at Op.value (file:///usr/lib/code/out/vs/workbench/api/node/extensionHostProcess.js:435:106987)
	at T._deliver (file:///usr/lib/code/out/vs/workbench/api/node/extensionHostProcess.js:431:3617)
	at T.fire (file:///usr/lib/code/out/vs/workbench/api/node/extensionHostProcess.js:431:3935)
	at ys.fire (file:///usr/lib/code/out/vs/workbench/api/node/extensionHostProcess.js:433:8627)
	at Op.value (file:///usr/lib/code/out/vs/workbench/api/node/extensionHostProcess.js:853:10003)
	at T._deliver (file:///usr/lib/code/out/vs/workbench/api/node/extensionHostProcess.js:431:3617)
	at T.fire (file:///usr/lib/code/out/vs/workbench/api/node/extensionHostProcess.js:431:3935)
	at ys.fire (file:///usr/lib/code/out/vs/workbench/api/node/extensionHostProcess.js:433:8627)
	at MessagePortMain.<anonymous> (file:///usr/lib/code/out/vs/workbench/api/node/extensionHostProcess.js:853:8171)
	at MessagePortMain.emit (node:events:509:28)
	at Object.emit (node:electron/js2c/utility_init:2:2934)
2026-09-12 14:01:11.573 [error] [vscode.emmet] provider FAILED
2026-09-12 14:01:11.574 [error] TypeError: Cannot read properties of undefined (reading 'start')
	at Jn.provideCompletionItemsInternal (/usr/lib/code/extensions/emmet/dist/node/emmetNodeMain.js:25:8333)
	at Jn.provideCompletionItems (/usr/lib/code/extensions/emmet/dist/node/emmetNodeMain.js:25:6806)
	at i.provideCompletionItems (file:///usr/lib/code/out/vs/workbench/api/node/extensionHostProcess.js:571:150417)
	at file:///usr/lib/code/out/vs/workbench/api/node/extensionHostProcess.js:571:178919
	at i._withAdapter (file:///usr/lib/code/out/vs/workbench/api/node/extensionHostProcess.js:571:167841)
	at i.$provideCompletionItems (file:///usr/lib/code/out/vs/workbench/api/node/extensionHostProcess.js:571:178896)
	at i._doInvokeHandler (file:///usr/lib/code/out/vs/workbench/api/node/extensionHostProcess.js:435:111586)
	at i._invokeHandler (file:///usr/lib/code/out/vs/workbench/api/node/extensionHostProcess.js:435:111334)
	at i._receiveRequest (file:///usr/lib/code/out/vs/workbench/api/node/extensionHostProcess.js:435:110023)
	at i._receiveOneMessage (file:///usr/lib/code/out/vs/workbench/api/node/extensionHostProcess.js:435:108912)
	at Op.value (file:///usr/lib/code/out/vs/workbench/api/node/extensionHostProcess.js:435:106987)
	at T._deliver (file:///usr/lib/code/out/vs/workbench/api/node/extensionHostProcess.js:431:3617)
	at T.fire (file:///usr/lib/code/out/vs/workbench/api/node/extensionHostProcess.js:431:3935)
	at ys.fire (file:///usr/lib/code/out/vs/workbench/api/node/extensionHostProcess.js:433:8627)
	at Op.value (file:///usr/lib/code/out/vs/workbench/api/node/extensionHostProcess.js:853:10003)
	at T._deliver (file:///usr/lib/code/out/vs/workbench/api/node/extensionHostProcess.js:431:3617)
	at T.fire (file:///usr/lib/code/out/vs/workbench/api/node/extensionHostProcess.js:431:3935)
	at ys.fire (file:///usr/lib/code/out/vs/workbench/api/node/extensionHostProcess.js:433:8627)
	at MessagePortMain.<anonymous> (file:///usr/lib/code/out/vs/workbench/api/node/extensionHostProcess.js:853:8171)
	at MessagePortMain.emit (node:events:509:28)
	at Object.emit (node:electron/js2c/utility_init:2:2934)
2026-09-12 14:01:12.530 [error] [vscode.emmet] provider FAILED
2026-09-12 14:01:12.530 [error] TypeError: Cannot read properties of undefined (reading 'start')
	at Jn.provideCompletionItemsInternal (/usr/lib/code/extensions/emmet/dist/node/emmetNodeMain.js:25:8333)
	at Jn.provideCompletionItems (/usr/lib/code/extensions/emmet/dist/node/emmetNodeMain.js:25:6806)
	at i.provideCompletionItems (file:///usr/lib/code/out/vs/workbench/api/node/extensionHostProcess.js:571:150417)
	at file:///usr/lib/code/out/vs/workbench/api/node/extensionHostProcess.js:571:178919
	at i._withAdapter (file:///usr/lib/code/out/vs/workbench/api/node/extensionHostProcess.js:571:167841)
	at i.$provideCompletionItems (file:///usr/lib/code/out/vs/workbench/api/node/extensionHostProcess.js:571:178896)
	at i._doInvokeHandler (file:///usr/lib/code/out/vs/workbench/api/node/extensionHostProcess.js:435:111586)
	at i._invokeHandler (file:///usr/lib/code/out/vs/workbench/api/node/extensionHostProcess.js:435:111334)
	at i._receiveRequest (file:///usr/lib/code/out/vs/workbench/api/node/extensionHostProcess.js:435:110023)
	at i._receiveOneMessage (file:///usr/lib/code/out/vs/workbench/api/node/extensionHostProcess.js:435:108912)
	at Op.value (file:///usr/lib/code/out/vs/workbench/api/node/extensionHostProcess.js:435:106987)
	at T._deliver (file:///usr/lib/code/out/vs/workbench/api/node/extensionHostProcess.js:431:3617)
	at T.fire (file:///usr/lib/code/out/vs/workbench/api/node/extensionHostProcess.js:431:3935)
	at ys.fire (file:///usr/lib/code/out/vs/workbench/api/node/extensionHostProcess.js:433:8627)
	at Op.value (file:///usr/lib/code/out/vs/workbench/api/node/extensionHostProcess.js:853:10003)
	at T._deliver (file:///usr/lib/code/out/vs/workbench/api/node/extensionHostProcess.js:431:3617)
	at T.fire (file:///usr/lib/code/out/vs/workbench/api/node/extensionHostProcess.js:431:3935)
	at ys.fire (file:///usr/lib/code/out/vs/workbench/api/node/extensionHostProcess.js:433:8627)
	at MessagePortMain.<anonymous> (file:///usr/lib/code/out/vs/workbench/api/node/extensionHostProcess.js:853:8171)
	at MessagePortMain.emit (node:events:509:28)
	at Object.emit (node:electron/js2c/utility_init:2:2934)
2026-09-12 14:01:13.574 [error] [vscode.emmet] provider FAILED
2026-09-12 14:01:13.574 [error] TypeError: Cannot read properties of undefined (reading 'start')
	at Jn.provideCompletionItemsInternal (/usr/lib/code/extensions/emmet/dist/node/emmetNodeMain.js:25:8333)
	at Jn.provideCompletionItems (/usr/lib/code/extensions/emmet/dist/node/emmetNodeMain.js:25:6806)
	at i.provideCompletionItems (file:///usr/lib/code/out/vs/workbench/api/node/extensionHostProcess.js:571:150417)
	at file:///usr/lib/code/out/vs/workbench/api/node/extensionHostProcess.js:571:178919
	at i._withAdapter (file:///usr/lib/code/out/vs/workbench/api/node/extensionHostProcess.js:571:167841)
	at i.$provideCompletionItems (file:///usr/lib/code/out/vs/workbench/api/node/extensionHostProcess.js:571:178896)
	at i._doInvokeHandler (file:///usr/lib/code/out/vs/workbench/api/node/extensionHostProcess.js:435:111586)
	at i._invokeHandler (file:///usr/lib/code/out/vs/workbench/api/node/extensionHostProcess.js:435:111334)
	at i._receiveRequest (file:///usr/lib/code/out/vs/workbench/api/node/extensionHostProcess.js:435:110023)
	at i._receiveOneMessage (file:///usr/lib/code/out/vs/workbench/api/node/extensionHostProcess.js:435:108912)
	at Op.value (file:///usr/lib/code/out/vs/workbench/api/node/extensionHostProcess.js:435:106987)
	at T._deliver (file:///usr/lib/code/out/vs/workbench/api/node/extensionHostProcess.js:431:3617)
	at T.fire (file:///usr/lib/code/out/vs/workbench/api/node/extensionHostProcess.js:431:3935)
	at ys.fire (file:///usr/lib/code/out/vs/workbench/api/node/extensionHostProcess.js:433:8627)
	at Op.value (file:///usr/lib/code/out/vs/workbench/api/node/extensionHostProcess.js:853:10003)
	at T._deliver (file:///usr/lib/code/out/vs/workbench/api/node/extensionHostProcess.js:431:3617)
	at T.fire (file:///usr/lib/code/out/vs/workbench/api/node/extensionHostProcess.js:431:3935)
	at ys.fire (file:///usr/lib/code/out/vs/workbench/api/node/extensionHostProcess.js:433:8627)
	at MessagePortMain.<anonymous> (file:///usr/lib/code/out/vs/workbench/api/node/extensionHostProcess.js:853:8171)
	at MessagePortMain.emit (node:events:509:28)
	at Object.emit (node:electron/js2c/utility_init:2:2934)
2026-09-12 14:01:13.865 [error] [vscode.emmet] provider FAILED
2026-09-12 14:01:13.865 [error] TypeError: Cannot read properties of undefined (reading 'start')
	at Jn.provideCompletionItemsInternal (/usr/lib/code/extensions/emmet/dist/node/emmetNodeMain.js:25:8333)
	at Jn.provideCompletionItems (/usr/lib/code/extensions/emmet/dist/node/emmetNodeMain.js:25:6806)
	at i.provideCompletionItems (file:///usr/lib/code/out/vs/workbench/api/node/extensionHostProcess.js:571:150417)
	at file:///usr/lib/code/out/vs/workbench/api/node/extensionHostProcess.js:571:178919
	at i._withAdapter (file:///usr/lib/code/out/vs/workbench/api/node/extensionHostProcess.js:571:167841)
	at i.$provideCompletionItems (file:///usr/lib/code/out/vs/workbench/api/node/extensionHostProcess.js:571:178896)
	at i._doInvokeHandler (file:///usr/lib/code/out/vs/workbench/api/node/extensionHostProcess.js:435:111586)
	at i._invokeHandler (file:///usr/lib/code/out/vs/workbench/api/node/extensionHostProcess.js:435:111334)
	at i._receiveRequest (file:///usr/lib/code/out/vs/workbench/api/node/extensionHostProcess.js:435:110023)
	at i._receiveOneMessage (file:///usr/lib/code/out/vs/workbench/api/node/extensionHostProcess.js:435:108912)
	at Op.value (file:///usr/lib/code/out/vs/workbench/api/node/extensionHostProcess.js:435:106987)
	at T._deliver (file:///usr/lib/code/out/vs/workbench/api/node/extensionHostProcess.js:431:3617)
	at T.fire (file:///usr/lib/code/out/vs/workbench/api/node/extensionHostProcess.js:431:3935)
	at ys.fire (file:///usr/lib/code/out/vs/workbench/api/node/extensionHostProcess.js:433:8627)
	at Op.value (file:///usr/lib/code/out/vs/workbench/api/node/extensionHostProcess.js:853:10003)
	at T._deliver (file:///usr/lib/code/out/vs/workbench/api/node/extensionHostProcess.js:431:3617)
	at T.fire (file:///usr/lib/code/out/vs/workbench/api/node/extensionHostProcess.js:431:3935)
	at ys.fire (file:///usr/lib/code/out/vs/workbench/api/node/extensionHostProcess.js:433:8627)
	at MessagePortMain.<anonymous> (file:///usr/lib/code/out/vs/workbench/api/node/extensionHostProcess.js:853:8171)
	at MessagePortMain.emit (node:events:509:28)
	at Object.emit (node:electron/js2c/utility_init:2:2934)
2026-09-12 14:01:14.144 [error] [vscode.emmet] provider FAILED
2026-09-12 14:01:14.144 [error] TypeError: Cannot read properties of undefined (reading 'start')
	at Jn.provideCompletionItemsInternal (/usr/lib/code/extensions/emmet/dist/node/emmetNodeMain.js:25:8333)
	at Jn.provideCompletionItems (/usr/lib/code/extensions/emmet/dist/node/emmetNodeMain.js:25:6806)
	at i.provideCompletionItems (file:///usr/lib/code/out/vs/workbench/api/node/extensionHostProcess.js:571:150417)
	at file:///usr/lib/code/out/vs/workbench/api/node/extensionHostProcess.js:571:178919
	at i._withAdapter (file:///usr/lib/code/out/vs/workbench/api/node/extensionHostProcess.js:571:167841)
	at i.$provideCompletionItems (file:///usr/lib/code/out/vs/workbench/api/node/extensionHostProcess.js:571:178896)
	at i._doInvokeHandler (file:///usr/lib/code/out/vs/workbench/api/node/extensionHostProcess.js:435:111586)
	at i._invokeHandler (file:///usr/lib/code/out/vs/workbench/api/node/extensionHostProcess.js:435:111334)
	at i._receiveRequest (file:///usr/lib/code/out/vs/workbench/api/node/extensionHostProcess.js:435:110023)
	at i._receiveOneMessage (file:///usr/lib/code/out/vs/workbench/api/node/extensionHostProcess.js:435:108912)
	at Op.value (file:///usr/lib/code/out/vs/workbench/api/node/extensionHostProcess.js:435:106987)
	at T._deliver (file:///usr/lib/code/out/vs/workbench/api/node/extensionHostProcess.js:431:3617)
	at T.fire (file:///usr/lib/code/out/vs/workbench/api/node/extensionHostProcess.js:431:3935)
	at ys.fire (file:///usr/lib/code/out/vs/workbench/api/node/extensionHostProcess.js:433:8627)
	at Op.value (file:///usr/lib/code/out/vs/workbench/api/node/extensionHostProcess.js:853:10003)
	at T._deliver (file:///usr/lib/code/out/vs/workbench/api/node/extensionHostProcess.js:431:3617)
	at T.fire (file:///usr/lib/code/out/vs/workbench/api/node/extensionHostProcess.js:431:3935)
	at ys.fire (file:///usr/lib/code/out/vs/workbench/api/node/extensionHostProcess.js:433:8627)
	at MessagePortMain.<anonymous> (file:///usr/lib/code/out/vs/workbench/api/node/extensionHostProcess.js:853:8171)
	at MessagePortMain.emit (node:events:509:28)
	at Object.emit (node:electron/js2c/utility_init:2:2934)
2026-09-12 14:01:14.257 [error] [vscode.emmet] provider FAILED
2026-09-12 14:01:14.258 [error] TypeError: Cannot read properties of undefined (reading 'start')
	at Jn.provideCompletionItemsInternal (/usr/lib/code/extensions/emmet/dist/node/emmetNodeMain.js:25:8333)
	at Jn.provideCompletionItems (/usr/lib/code/extensions/emmet/dist/node/emmetNodeMain.js:25:6806)
	at i.provideCompletionItems (file:///usr/lib/code/out/vs/workbench/api/node/extensionHostProcess.js:571:150417)
	at file:///usr/lib/code/out/vs/workbench/api/node/extensionHostProcess.js:571:178919
	at i._withAdapter (file:///usr/lib/code/out/vs/workbench/api/node/extensionHostProcess.js:571:167841)
	at i.$provideCompletionItems (file:///usr/lib/code/out/vs/workbench/api/node/extensionHostProcess.js:571:178896)
	at i._doInvokeHandler (file:///usr/lib/code/out/vs/workbench/api/node/extensionHostProcess.js:435:111586)
	at i._invokeHandler (file:///usr/lib/code/out/vs/workbench/api/node/extensionHostProcess.js:435:111334)
	at i._receiveRequest (file:///usr/lib/code/out/vs/workbench/api/node/extensionHostProcess.js:435:110023)
	at i._receiveOneMessage (file:///usr/lib/code/out/vs/workbench/api/node/extensionHostProcess.js:435:108912)
	at Op.value (file:///usr/lib/code/out/vs/workbench/api/node/extensionHostProcess.js:435:106987)
	at T._deliver (file:///usr/lib/code/out/vs/workbench/api/node/extensionHostProcess.js:431:3617)
	at T.fire (file:///usr/lib/code/out/vs/workbench/api/node/extensionHostProcess.js:431:3935)
	at ys.fire (file:///usr/lib/code/out/vs/workbench/api/node/extensionHostProcess.js:433:8627)
	at Op.value (file:///usr/lib/code/out/vs/workbench/api/node/extensionHostProcess.js:853:10003)
	at T._deliver (file:///usr/lib/code/out/vs/workbench/api/node/extensionHostProcess.js:431:3617)
	at T.fire (file:///usr/lib/code/out/vs/workbench/api/node/extensionHostProcess.js:431:3935)
	at ys.fire (file:///usr/lib/code/out/vs/workbench/api/node/extensionHostProcess.js:433:8627)
	at MessagePortMain.<anonymous> (file:///usr/lib/code/out/vs/workbench/api/node/extensionHostProcess.js:853:8171)
	at MessagePortMain.emit (node:events:509:28)
	at Object.emit (node:electron/js2c/utility_init:2:2934)
2026-09-12 14:01:14.799 [error] [vscode.emmet] provider FAILED
2026-09-12 14:01:14.799 [error] TypeError: Cannot read properties of undefined (reading 'start')
	at Jn.provideCompletionItemsInternal (/usr/lib/code/extensions/emmet/dist/node/emmetNodeMain.js:25:8333)
	at Jn.provideCompletionItems (/usr/lib/code/extensions/emmet/dist/node/emmetNodeMain.js:25:6806)
	at i.provideCompletionItems (file:///usr/lib/code/out/vs/workbench/api/node/extensionHostProcess.js:571:150417)
	at file:///usr/lib/code/out/vs/workbench/api/node/extensionHostProcess.js:571:178919
	at i._withAdapter (file:///usr/lib/code/out/vs/workbench/api/node/extensionHostProcess.js:571:167841)
	at i.$provideCompletionItems (file:///usr/lib/code/out/vs/workbench/api/node/extensionHostProcess.js:571:178896)
	at i._doInvokeHandler (file:///usr/lib/code/out/vs/workbench/api/node/extensionHostProcess.js:435:111586)
	at i._invokeHandler (file:///usr/lib/code/out/vs/workbench/api/node/extensionHostProcess.js:435:111334)
	at i._receiveRequest (file:///usr/lib/code/out/vs/workbench/api/node/extensionHostProcess.js:435:110023)
	at i._receiveOneMessage (file:///usr/lib/code/out/vs/workbench/api/node/extensionHostProcess.js:435:108912)
	at Op.value (file:///usr/lib/code/out/vs/workbench/api/node/extensionHostProcess.js:435:106987)
	at T._deliver (file:///usr/lib/code/out/vs/workbench/api/node/extensionHostProcess.js:431:3617)
	at T.fire (file:///usr/lib/code/out/vs/workbench/api/node/extensionHostProcess.js:431:3935)
	at ys.fire (file:///usr/lib/code/out/vs/workbench/api/node/extensionHostProcess.js:433:8627)
	at Op.value (file:///usr/lib/code/out/vs/workbench/api/node/extensionHostProcess.js:853:10003)
	at T._deliver (file:///usr/lib/code/out/vs/workbench/api/node/extensionHostProcess.js:431:3617)
	at T.fire (file:///usr/lib/code/out/vs/workbench/api/node/extensionHostProcess.js:431:3935)
	at ys.fire (file:///usr/lib/code/out/vs/workbench/api/node/extensionHostProcess.js:433:8627)
	at MessagePortMain.<anonymous> (file:///usr/lib/code/out/vs/workbench/api/node/extensionHostProcess.js:853:8171)
	at MessagePortMain.emit (node:events:509:28)
	at Object.emit (node:electron/js2c/utility_init:2:2934)
2026-09-12 14:01:15.688 [error] [vscode.emmet] provider FAILED
2026-09-12 14:01:15.689 [error] TypeError: Cannot read properties of undefined (reading 'start')
	at Jn.provideCompletionItemsInternal (/usr/lib/code/extensions/emmet/dist/node/emmetNodeMain.js:25:8333)
	at Jn.provideCompletionItems (/usr/lib/code/extensions/emmet/dist/node/emmetNodeMain.js:25:6806)
	at i.provideCompletionItems (file:///usr/lib/code/out/vs/workbench/api/node/extensionHostProcess.js:571:150417)
	at file:///usr/lib/code/out/vs/workbench/api/node/extensionHostProcess.js:571:178919
	at i._withAdapter (file:///usr/lib/code/out/vs/workbench/api/node/extensionHostProcess.js:571:167841)
	at i.$provideCompletionItems (file:///usr/lib/code/out/vs/workbench/api/node/extensionHostProcess.js:571:178896)
	at i._doInvokeHandler (file:///usr/lib/code/out/vs/workbench/api/node/extensionHostProcess.js:435:111586)
	at i._invokeHandler (file:///usr/lib/code/out/vs/workbench/api/node/extensionHostProcess.js:435:111334)
	at i._receiveRequest (file:///usr/lib/code/out/vs/workbench/api/node/extensionHostProcess.js:435:110023)
	at i._receiveOneMessage (file:///usr/lib/code/out/vs/workbench/api/node/extensionHostProcess.js:435:108912)
	at Op.value (file:///usr/lib/code/out/vs/workbench/api/node/extensionHostProcess.js:435:106987)
	at T._deliver (file:///usr/lib/code/out/vs/workbench/api/node/extensionHostProcess.js:431:3617)
	at T.fire (file:///usr/lib/code/out/vs/workbench/api/node/extensionHostProcess.js:431:3935)
	at ys.fire (file:///usr/lib/code/out/vs/workbench/api/node/extensionHostProcess.js:433:8627)
	at Op.value (file:///usr/lib/code/out/vs/workbench/api/node/extensionHostProcess.js:853:10003)
	at T._deliver (file:///usr/lib/code/out/vs/workbench/api/node/extensionHostProcess.js:431:3617)
	at T.fire (file:///usr/lib/code/out/vs/workbench/api/node/extensionHostProcess.js:431:3935)
	at ys.fire (file:///usr/lib/code/out/vs/workbench/api/node/extensionHostProcess.js:433:8627)
	at MessagePortMain.<anonymous> (file:///usr/lib/code/out/vs/workbench/api/node/extensionHostProcess.js:853:8171)
	at MessagePortMain.emit (node:events:509:28)
	at Object.emit (node:electron/js2c/utility_init:2:2934)
2026-09-12 14:01:16.426 [error] [vscode.emmet] provider FAILED
2026-09-12 14:01:16.426 [error] TypeError: Cannot read properties of undefined (reading 'start')
	at Jn.provideCompletionItemsInternal (/usr/lib/code/extensions/emmet/dist/node/emmetNodeMain.js:25:8333)
	at Jn.provideCompletionItems (/usr/lib/code/extensions/emmet/dist/node/emmetNodeMain.js:25:6806)
	at i.provideCompletionItems (file:///usr/lib/code/out/vs/workbench/api/node/extensionHostProcess.js:571:150417)
	at file:///usr/lib/code/out/vs/workbench/api/node/extensionHostProcess.js:571:178919
	at i._withAdapter (file:///usr/lib/code/out/vs/workbench/api/node/extensionHostProcess.js:571:167841)
	at i.$provideCompletionItems (file:///usr/lib/code/out/vs/workbench/api/node/extensionHostProcess.js:571:178896)
	at i._doInvokeHandler (file:///usr/lib/code/out/vs/workbench/api/node/extensionHostProcess.js:435:111586)
	at i._invokeHandler (file:///usr/lib/code/out/vs/workbench/api/node/extensionHostProcess.js:435:111334)
	at i._receiveRequest (file:///usr/lib/code/out/vs/workbench/api/node/extensionHostProcess.js:435:110023)
	at i._receiveOneMessage (file:///usr/lib/code/out/vs/workbench/api/node/extensionHostProcess.js:435:108912)
	at Op.value (file:///usr/lib/code/out/vs/workbench/api/node/extensionHostProcess.js:435:106987)
	at T._deliver (file:///usr/lib/code/out/vs/workbench/api/node/extensionHostProcess.js:431:3617)
	at T.fire (file:///usr/lib/code/out/vs/workbench/api/node/extensionHostProcess.js:431:3935)
	at ys.fire (file:///usr/lib/code/out/vs/workbench/api/node/extensionHostProcess.js:433:8627)
	at Op.value (file:///usr/lib/code/out/vs/workbench/api/node/extensionHostProcess.js:853:10003)
	at T._deliver (file:///usr/lib/code/out/vs/workbench/api/node/extensionHostProcess.js:431:3617)
	at T.fire (file:///usr/lib/code/out/vs/workbench/api/node/extensionHostProcess.js:431:3935)
	at ys.fire (file:///usr/lib/code/out/vs/workbench/api/node/extensionHostProcess.js:433:8627)
	at MessagePortMain.<anonymous> (file:///usr/lib/code/out/vs/workbench/api/node/extensionHostProcess.js:853:8171)
	at MessagePortMain.emit (node:events:509:28)
	at Object.emit (node:electron/js2c/utility_init:2:2934)
2026-09-12 14:01:16.649 [error] [vscode.emmet] provider FAILED
2026-09-12 14:01:16.650 [error] TypeError: Cannot read properties of undefined (reading 'start')
	at Jn.provideCompletionItemsInternal (/usr/lib/code/extensions/emmet/dist/node/emmetNodeMain.js:25:8333)
	at Jn.provideCompletionItems (/usr/lib/code/extensions/emmet/dist/node/emmetNodeMain.js:25:6806)
	at i.provideCompletionItems (file:///usr/lib/code/out/vs/workbench/api/node/extensionHostProcess.js:571:150417)
	at file:///usr/lib/code/out/vs/workbench/api/node/extensionHostProcess.js:571:178919
	at i._withAdapter (file:///usr/lib/code/out/vs/workbench/api/node/extensionHostProcess.js:571:167841)
	at i.$provideCompletionItems (file:///usr/lib/code/out/vs/workbench/api/node/extensionHostProcess.js:571:178896)
	at i._doInvokeHandler (file:///usr/lib/code/out/vs/workbench/api/node/extensionHostProcess.js:435:111586)
	at i._invokeHandler (file:///usr/lib/code/out/vs/workbench/api/node/extensionHostProcess.js:435:111334)
	at i._receiveRequest (file:///usr/lib/code/out/vs/workbench/api/node/extensionHostProcess.js:435:110023)
	at i._receiveOneMessage (file:///usr/lib/code/out/vs/workbench/api/node/extensionHostProcess.js:435:108912)
	at Op.value (file:///usr/lib/code/out/vs/workbench/api/node/extensionHostProcess.js:435:106987)
	at T._deliver (file:///usr/lib/code/out/vs/workbench/api/node/extensionHostProcess.js:431:3617)
	at T.fire (file:///usr/lib/code/out/vs/workbench/api/node/extensionHostProcess.js:431:3935)
	at ys.fire (file:///usr/lib/code/out/vs/workbench/api/node/extensionHostProcess.js:433:8627)
	at Op.value (file:///usr/lib/code/out/vs/workbench/api/node/extensionHostProcess.js:853:10003)
	at T._deliver (file:///usr/lib/code/out/vs/workbench/api/node/extensionHostProcess.js:431:3617)
	at T.fire (file:///usr/lib/code/out/vs/workbench/api/node/extensionHostProcess.js:431:3935)
	at ys.fire (file:///usr/lib/code/out/vs/workbench/api/node/extensionHostProcess.js:433:8627)
	at MessagePortMain.<anonymous> (file:///usr/lib/code/out/vs/workbench/api/node/extensionHostProcess.js:853:8171)
	at MessagePortMain.emit (node:events:509:28)
	at Object.emit (node:electron/js2c/utility_init:2:2934)
2026-09-12 14:01:17.312 [error] [vscode.emmet] provider FAILED
2026-09-12 14:01:17.313 [error] TypeError: Cannot read properties of undefined (reading 'start')
	at Jn.provideCompletionItemsInternal (/usr/lib/code/extensions/emmet/dist/node/emmetNodeMain.js:25:8333)
	at Jn.provideCompletionItems (/usr/lib/code/extensions/emmet/dist/node/emmetNodeMain.js:25:6806)
	at i.provideCompletionItems (file:///usr/lib/code/out/vs/workbench/api/node/extensionHostProcess.js:571:150417)
	at file:///usr/lib/code/out/vs/workbench/api/node/extensionHostProcess.js:571:178919
	at i._withAdapter (file:///usr/lib/code/out/vs/workbench/api/node/extensionHostProcess.js:571:167841)
	at i.$provideCompletionItems (file:///usr/lib/code/out/vs/workbench/api/node/extensionHostProcess.js:571:178896)
	at i._doInvokeHandler (file:///usr/lib/code/out/vs/workbench/api/node/extensionHostProcess.js:435:111586)
	at i._invokeHandler (file:///usr/lib/code/out/vs/workbench/api/node/extensionHostProcess.js:435:111334)
	at i._receiveRequest (file:///usr/lib/code/out/vs/workbench/api/node/extensionHostProcess.js:435:110023)
	at i._receiveOneMessage (file:///usr/lib/code/out/vs/workbench/api/node/extensionHostProcess.js:435:108912)
	at Op.value (file:///usr/lib/code/out/vs/workbench/api/node/extensionHostProcess.js:435:106987)
	at T._deliver (file:///usr/lib/code/out/vs/workbench/api/node/extensionHostProcess.js:431:3617)
	at T.fire (file:///usr/lib/code/out/vs/workbench/api/node/extensionHostProcess.js:431:3935)
	at ys.fire (file:///usr/lib/code/out/vs/workbench/api/node/extensionHostProcess.js:433:8627)
	at Op.value (file:///usr/lib/code/out/vs/workbench/api/node/extensionHostProcess.js:853:10003)
	at T._deliver (file:///usr/lib/code/out/vs/workbench/api/node/extensionHostProcess.js:431:3617)
	at T.fire (file:///usr/lib/code/out/vs/workbench/api/node/extensionHostProcess.js:431:3935)
	at ys.fire (file:///usr/lib/code/out/vs/workbench/api/node/extensionHostProcess.js:433:8627)
	at MessagePortMain.<anonymous> (file:///usr/lib/code/out/vs/workbench/api/node/extensionHostProcess.js:853:8171)
	at MessagePortMain.emit (node:events:509:28)
	at Object.emit (node:electron/js2c/utility_init:2:2934)
2026-09-12 14:01:17.591 [error] [vscode.emmet] provider FAILED
2026-09-12 14:01:17.591 [error] TypeError: Cannot read properties of undefined (reading 'start')
	at Jn.provideCompletionItemsInternal (/usr/lib/code/extensions/emmet/dist/node/emmetNodeMain.js:25:8333)
	at Jn.provideCompletionItems (/usr/lib/code/extensions/emmet/dist/node/emmetNodeMain.js:25:6806)
	at i.provideCompletionItems (file:///usr/lib/code/out/vs/workbench/api/node/extensionHostProcess.js:571:150417)
	at file:///usr/lib/code/out/vs/workbench/api/node/extensionHostProcess.js:571:178919
	at i._withAdapter (file:///usr/lib/code/out/vs/workbench/api/node/extensionHostProcess.js:571:167841)
	at i.$provideCompletionItems (file:///usr/lib/code/out/vs/workbench/api/node/extensionHostProcess.js:571:178896)
	at i._doInvokeHandler (file:///usr/lib/code/out/vs/workbench/api/node/extensionHostProcess.js:435:111586)
	at i._invokeHandler (file:///usr/lib/code/out/vs/workbench/api/node/extensionHostProcess.js:435:111334)
	at i._receiveRequest (file:///usr/lib/code/out/vs/workbench/api/node/extensionHostProcess.js:435:110023)
	at i._receiveOneMessage (file:///usr/lib/code/out/vs/workbench/api/node/extensionHostProcess.js:435:108912)
	at Op.value (file:///usr/lib/code/out/vs/workbench/api/node/extensionHostProcess.js:435:106987)
	at T._deliver (file:///usr/lib/code/out/vs/workbench/api/node/extensionHostProcess.js:431:3617)
	at T.fire (file:///usr/lib/code/out/vs/workbench/api/node/extensionHostProcess.js:431:3935)
	at ys.fire (file:///usr/lib/code/out/vs/workbench/api/node/extensionHostProcess.js:433:8627)
	at Op.value (file:///usr/lib/code/out/vs/workbench/api/node/extensionHostProcess.js:853:10003)
	at T._deliver (file:///usr/lib/code/out/vs/workbench/api/node/extensionHostProcess.js:431:3617)
	at T.fire (file:///usr/lib/code/out/vs/workbench/api/node/extensionHostProcess.js:431:3935)
	at ys.fire (file:///usr/lib/code/out/vs/workbench/api/node/extensionHostProcess.js:433:8627)
	at MessagePortMain.<anonymous> (file:///usr/lib/code/out/vs/workbench/api/node/extensionHostProcess.js:853:8171)
	at MessagePortMain.emit (node:events:509:28)
	at Object.emit (node:electron/js2c/utility_init:2:2934)
2026-09-12 14:02:06.297 [error] [vscode.emmet] provider FAILED
2026-09-12 14:02:06.298 [error] TypeError: Cannot read properties of undefined (reading 'start')
	at Jn.provideCompletionItemsInternal (/usr/lib/code/extensions/emmet/dist/node/emmetNodeMain.js:25:8333)
	at Jn.provideCompletionItems (/usr/lib/code/extensions/emmet/dist/node/emmetNodeMain.js:25:6806)
	at i.provideCompletionItems (file:///usr/lib/code/out/vs/workbench/api/node/extensionHostProcess.js:571:150417)
	at file:///usr/lib/code/out/vs/workbench/api/node/extensionHostProcess.js:571:178919
	at i._withAdapter (file:///usr/lib/code/out/vs/workbench/api/node/extensionHostProcess.js:571:167841)
	at i.$provideCompletionItems (file:///usr/lib/code/out/vs/workbench/api/node/extensionHostProcess.js:571:178896)
	at i._doInvokeHandler (file:///usr/lib/code/out/vs/workbench/api/node/extensionHostProcess.js:435:111586)
	at i._invokeHandler (file:///usr/lib/code/out/vs/workbench/api/node/extensionHostProcess.js:435:111334)
	at i._receiveRequest (file:///usr/lib/code/out/vs/workbench/api/node/extensionHostProcess.js:435:110023)
	at i._receiveOneMessage (file:///usr/lib/code/out/vs/workbench/api/node/extensionHostProcess.js:435:108912)
	at Op.value (file:///usr/lib/code/out/vs/workbench/api/node/extensionHostProcess.js:435:106987)
	at T._deliver (file:///usr/lib/code/out/vs/workbench/api/node/extensionHostProcess.js:431:3617)
	at T.fire (file:///usr/lib/code/out/vs/workbench/api/node/extensionHostProcess.js:431:3935)
	at ys.fire (file:///usr/lib/code/out/vs/workbench/api/node/extensionHostProcess.js:433:8627)
	at Op.value (file:///usr/lib/code/out/vs/workbench/api/node/extensionHostProcess.js:853:10003)
	at T._deliver (file:///usr/lib/code/out/vs/workbench/api/node/extensionHostProcess.js:431:3617)
	at T.fire (file:///usr/lib/code/out/vs/workbench/api/node/extensionHostProcess.js:431:3935)
	at ys.fire (file:///usr/lib/code/out/vs/workbench/api/node/extensionHostProcess.js:433:8627)
	at MessagePortMain.<anonymous> (file:///usr/lib/code/out/vs/workbench/api/node/extensionHostProcess.js:853:8171)
	at MessagePortMain.emit (node:events:509:28)
	at Object.emit (node:electron/js2c/utility_init:2:2934)
2026-09-12 14:02:08.848 [error] [vscode.emmet] provider FAILED
2026-09-12 14:02:08.849 [error] TypeError: Cannot read properties of undefined (reading 'start')
	at Jn.provideCompletionItemsInternal (/usr/lib/code/extensions/emmet/dist/node/emmetNodeMain.js:25:8333)
	at Jn.provideCompletionItems (/usr/lib/code/extensions/emmet/dist/node/emmetNodeMain.js:25:6806)
	at i.provideCompletionItems (file:///usr/lib/code/out/vs/workbench/api/node/extensionHostProcess.js:571:150417)
	at file:///usr/lib/code/out/vs/workbench/api/node/extensionHostProcess.js:571:178919
	at i._withAdapter (file:///usr/lib/code/out/vs/workbench/api/node/extensionHostProcess.js:571:167841)
	at i.$provideCompletionItems (file:///usr/lib/code/out/vs/workbench/api/node/extensionHostProcess.js:571:178896)
	at i._doInvokeHandler (file:///usr/lib/code/out/vs/workbench/api/node/extensionHostProcess.js:435:111586)
	at i._invokeHandler (file:///usr/lib/code/out/vs/workbench/api/node/extensionHostProcess.js:435:111334)
	at i._receiveRequest (file:///usr/lib/code/out/vs/workbench/api/node/extensionHostProcess.js:435:110023)
	at i._receiveOneMessage (file:///usr/lib/code/out/vs/workbench/api/node/extensionHostProcess.js:435:108912)
	at Op.value (file:///usr/lib/code/out/vs/workbench/api/node/extensionHostProcess.js:435:106987)
	at T._deliver (file:///usr/lib/code/out/vs/workbench/api/node/extensionHostProcess.js:431:3617)
	at T.fire (file:///usr/lib/code/out/vs/workbench/api/node/extensionHostProcess.js:431:3935)
	at ys.fire (file:///usr/lib/code/out/vs/workbench/api/node/extensionHostProcess.js:433:8627)
	at Op.value (file:///usr/lib/code/out/vs/workbench/api/node/extensionHostProcess.js:853:10003)
	at T._deliver (file:///usr/lib/code/out/vs/workbench/api/node/extensionHostProcess.js:431:3617)
	at T.fire (file:///usr/lib/code/out/vs/workbench/api/node/extensionHostProcess.js:431:3935)
	at ys.fire (file:///usr/lib/code/out/vs/workbench/api/node/extensionHostProcess.js:433:8627)
	at MessagePortMain.<anonymous> (file:///usr/lib/code/out/vs/workbench/api/node/extensionHostProcess.js:853:8171)
	at MessagePortMain.emit (node:events:509:28)
	at Object.emit (node:electron/js2c/utility_init:2:2934)
2026-09-12 14:02:23.602 [error] [vscode.emmet] provider FAILED
2026-09-12 14:02:23.602 [error] TypeError: Cannot read properties of undefined (reading 'start')
	at Jn.provideCompletionItemsInternal (/usr/lib/code/extensions/emmet/dist/node/emmetNodeMain.js:25:8333)
	at Jn.provideCompletionItems (/usr/lib/code/extensions/emmet/dist/node/emmetNodeMain.js:25:6806)
	at i.provideCompletionItems (file:///usr/lib/code/out/vs/workbench/api/node/extensionHostProcess.js:571:150417)
	at file:///usr/lib/code/out/vs/workbench/api/node/extensionHostProcess.js:571:178919
	at i._withAdapter (file:///usr/lib/code/out/vs/workbench/api/node/extensionHostProcess.js:571:167841)
	at i.$provideCompletionItems (file:///usr/lib/code/out/vs/workbench/api/node/extensionHostProcess.js:571:178896)
	at i._doInvokeHandler (file:///usr/lib/code/out/vs/workbench/api/node/extensionHostProcess.js:435:111586)
	at i._invokeHandler (file:///usr/lib/code/out/vs/workbench/api/node/extensionHostProcess.js:435:111334)
	at i._receiveRequest (file:///usr/lib/code/out/vs/workbench/api/node/extensionHostProcess.js:435:110023)
	at i._receiveOneMessage (file:///usr/lib/code/out/vs/workbench/api/node/extensionHostProcess.js:435:108912)
	at Op.value (file:///usr/lib/code/out/vs/workbench/api/node/extensionHostProcess.js:435:106987)
	at T._deliver (file:///usr/lib/code/out/vs/workbench/api/node/extensionHostProcess.js:431:3617)
	at T.fire (file:///usr/lib/code/out/vs/workbench/api/node/extensionHostProcess.js:431:3935)
	at ys.fire (file:///usr/lib/code/out/vs/workbench/api/node/extensionHostProcess.js:433:8627)
	at Op.value (file:///usr/lib/code/out/vs/workbench/api/node/extensionHostProcess.js:853:10003)
	at T._deliver (file:///usr/lib/code/out/vs/workbench/api/node/extensionHostProcess.js:431:3617)
	at T.fire (file:///usr/lib/code/out/vs/workbench/api/node/extensionHostProcess.js:431:3935)
	at ys.fire (file:///usr/lib/code/out/vs/workbench/api/node/extensionHostProcess.js:433:8627)
	at MessagePortMain.<anonymous> (file:///usr/lib/code/out/vs/workbench/api/node/extensionHostProcess.js:853:8171)
	at MessagePortMain.emit (node:events:509:28)
	at Object.emit (node:electron/js2c/utility_init:2:2934)
2026-09-12 14:02:28.922 [error] [vscode.emmet] provider FAILED
2026-09-12 14:02:28.922 [error] TypeError: Cannot read properties of undefined (reading 'start')
	at Jn.provideCompletionItemsInternal (/usr/lib/code/extensions/emmet/dist/node/emmetNodeMain.js:25:8333)
	at Jn.provideCompletionItems (/usr/lib/code/extensions/emmet/dist/node/emmetNodeMain.js:25:6806)
	at i.provideCompletionItems (file:///usr/lib/code/out/vs/workbench/api/node/extensionHostProcess.js:571:150417)
	at file:///usr/lib/code/out/vs/workbench/api/node/extensionHostProcess.js:571:178919
	at i._withAdapter (file:///usr/lib/code/out/vs/workbench/api/node/extensionHostProcess.js:571:167841)
	at i.$provideCompletionItems (file:///usr/lib/code/out/vs/workbench/api/node/extensionHostProcess.js:571:178896)
	at i._doInvokeHandler (file:///usr/lib/code/out/vs/workbench/api/node/extensionHostProcess.js:435:111586)
	at i._invokeHandler (file:///usr/lib/code/out/vs/workbench/api/node/extensionHostProcess.js:435:111334)
	at i._receiveRequest (file:///usr/lib/code/out/vs/workbench/api/node/extensionHostProcess.js:435:110023)
	at i._receiveOneMessage (file:///usr/lib/code/out/vs/workbench/api/node/extensionHostProcess.js:435:108912)
	at Op.value (file:///usr/lib/code/out/vs/workbench/api/node/extensionHostProcess.js:435:106987)
	at T._deliver (file:///usr/lib/code/out/vs/workbench/api/node/extensionHostProcess.js:431:3617)
	at T.fire (file:///usr/lib/code/out/vs/workbench/api/node/extensionHostProcess.js:431:3935)
	at ys.fire (file:///usr/lib/code/out/vs/workbench/api/node/extensionHostProcess.js:433:8627)
	at Op.value (file:///usr/lib/code/out/vs/workbench/api/node/extensionHostProcess.js:853:10003)
	at T._deliver (file:///usr/lib/code/out/vs/workbench/api/node/extensionHostProcess.js:431:3617)
	at T.fire (file:///usr/lib/code/out/vs/workbench/api/node/extensionHostProcess.js:431:3935)
	at ys.fire (file:///usr/lib/code/out/vs/workbench/api/node/extensionHostProcess.js:433:8627)
	at MessagePortMain.<anonymous> (file:///usr/lib/code/out/vs/workbench/api/node/extensionHostProcess.js:853:8171)
	at MessagePortMain.emit (node:events:509:28)
	at Object.emit (node:electron/js2c/utility_init:2:2934)
2026-09-12 14:03:12.902 [error] [vscode.emmet] provider FAILED
2026-09-12 14:03:12.902 [error] TypeError: Cannot read properties of undefined (reading 'start')
	at Jn.provideCompletionItemsInternal (/usr/lib/code/extensions/emmet/dist/node/emmetNodeMain.js:25:8333)
	at Jn.provideCompletionItems (/usr/lib/code/extensions/emmet/dist/node/emmetNodeMain.js:25:6806)
	at i.provideCompletionItems (file:///usr/lib/code/out/vs/workbench/api/node/extensionHostProcess.js:571:150417)
	at file:///usr/lib/code/out/vs/workbench/api/node/extensionHostProcess.js:571:178919
	at i._withAdapter (file:///usr/lib/code/out/vs/workbench/api/node/extensionHostProcess.js:571:167841)
	at i.$provideCompletionItems (file:///usr/lib/code/out/vs/workbench/api/node/extensionHostProcess.js:571:178896)
	at i._doInvokeHandler (file:///usr/lib/code/out/vs/workbench/api/node/extensionHostProcess.js:435:111586)
	at i._invokeHandler (file:///usr/lib/code/out/vs/workbench/api/node/extensionHostProcess.js:435:111334)
	at i._receiveRequest (file:///usr/lib/code/out/vs/workbench/api/node/extensionHostProcess.js:435:110023)
	at i._receiveOneMessage (file:///usr/lib/code/out/vs/workbench/api/node/extensionHostProcess.js:435:108912)
	at Op.value (file:///usr/lib/code/out/vs/workbench/api/node/extensionHostProcess.js:435:106987)
	at T._deliver (file:///usr/lib/code/out/vs/workbench/api/node/extensionHostProcess.js:431:3617)
	at T.fire (file:///usr/lib/code/out/vs/workbench/api/node/extensionHostProcess.js:431:3935)
	at ys.fire (file:///usr/lib/code/out/vs/workbench/api/node/extensionHostProcess.js:433:8627)
	at Op.value (file:///usr/lib/code/out/vs/workbench/api/node/extensionHostProcess.js:853:10003)
	at T._deliver (file:///usr/lib/code/out/vs/workbench/api/node/extensionHostProcess.js:431:3617)
	at T.fire (file:///usr/lib/code/out/vs/workbench/api/node/extensionHostProcess.js:431:3935)
	at ys.fire (file:///usr/lib/code/out/vs/workbench/api/node/extensionHostProcess.js:433:8627)
	at MessagePortMain.<anonymous> (file:///usr/lib/code/out/vs/workbench/api/node/extensionHostProcess.js:853:8171)
	at MessagePortMain.emit (node:events:509:28)
	at Object.emit (node:electron/js2c/utility_init:2:2934)
2026-09-12 14:03:15.548 [error] [vscode.emmet] provider FAILED
2026-09-12 14:03:15.548 [error] TypeError: Cannot read properties of undefined (reading 'start')
	at Jn.provideCompletionItemsInternal (/usr/lib/code/extensions/emmet/dist/node/emmetNodeMain.js:25:8333)
	at Jn.provideCompletionItems (/usr/lib/code/extensions/emmet/dist/node/emmetNodeMain.js:25:6806)
	at i.provideCompletionItems (file:///usr/lib/code/out/vs/workbench/api/node/extensionHostProcess.js:571:150417)
	at file:///usr/lib/code/out/vs/workbench/api/node/extensionHostProcess.js:571:178919
	at i._withAdapter (file:///usr/lib/code/out/vs/workbench/api/node/extensionHostProcess.js:571:167841)
	at i.$provideCompletionItems (file:///usr/lib/code/out/vs/workbench/api/node/extensionHostProcess.js:571:178896)
	at i._doInvokeHandler (file:///usr/lib/code/out/vs/workbench/api/node/extensionHostProcess.js:435:111586)
	at i._invokeHandler (file:///usr/lib/code/out/vs/workbench/api/node/extensionHostProcess.js:435:111334)
	at i._receiveRequest (file:///usr/lib/code/out/vs/workbench/api/node/extensionHostProcess.js:435:110023)
	at i._receiveOneMessage (file:///usr/lib/code/out/vs/workbench/api/node/extensionHostProcess.js:435:108912)
	at Op.value (file:///usr/lib/code/out/vs/workbench/api/node/extensionHostProcess.js:435:106987)
	at T._deliver (file:///usr/lib/code/out/vs/workbench/api/node/extensionHostProcess.js:431:3617)
	at T.fire (file:///usr/lib/code/out/vs/workbench/api/node/extensionHostProcess.js:431:3935)
	at ys.fire (file:///usr/lib/code/out/vs/workbench/api/node/extensionHostProcess.js:433:8627)
	at Op.value (file:///usr/lib/code/out/vs/workbench/api/node/extensionHostProcess.js:853:10003)
	at T._deliver (file:///usr/lib/code/out/vs/workbench/api/node/extensionHostProcess.js:431:3617)
	at T.fire (file:///usr/lib/code/out/vs/workbench/api/node/extensionHostProcess.js:431:3935)
	at ys.fire (file:///usr/lib/code/out/vs/workbench/api/node/extensionHostProcess.js:433:8627)
	at MessagePortMain.<anonymous> (file:///usr/lib/code/out/vs/workbench/api/node/extensionHostProcess.js:853:8171)
	at MessagePortMain.emit (node:events:509:28)
	at Object.emit (node:electron/js2c/utility_init:2:2934)
2026-09-12 14:03:17.093 [error] [vscode.emmet] provider FAILED
2026-09-12 14:03:17.093 [error] TypeError: Cannot read properties of undefined (reading 'start')
	at Jn.provideCompletionItemsInternal (/usr/lib/code/extensions/emmet/dist/node/emmetNodeMain.js:25:8333)
	at Jn.provideCompletionItems (/usr/lib/code/extensions/emmet/dist/node/emmetNodeMain.js:25:6806)
	at i.provideCompletionItems (file:///usr/lib/code/out/vs/workbench/api/node/extensionHostProcess.js:571:150417)
	at file:///usr/lib/code/out/vs/workbench/api/node/extensionHostProcess.js:571:178919
	at i._withAdapter (file:///usr/lib/code/out/vs/workbench/api/node/extensionHostProcess.js:571:167841)
	at i.$provideCompletionItems (file:///usr/lib/code/out/vs/workbench/api/node/extensionHostProcess.js:571:178896)
	at i._doInvokeHandler (file:///usr/lib/code/out/vs/workbench/api/node/extensionHostProcess.js:435:111586)
	at i._invokeHandler (file:///usr/lib/code/out/vs/workbench/api/node/extensionHostProcess.js:435:111334)
	at i._receiveRequest (file:///usr/lib/code/out/vs/workbench/api/node/extensionHostProcess.js:435:110023)
	at i._receiveOneMessage (file:///usr/lib/code/out/vs/workbench/api/node/extensionHostProcess.js:435:108912)
	at Op.value (file:///usr/lib/code/out/vs/workbench/api/node/extensionHostProcess.js:435:106987)
	at T._deliver (file:///usr/lib/code/out/vs/workbench/api/node/extensionHostProcess.js:431:3617)
	at T.fire (file:///usr/lib/code/out/vs/workbench/api/node/extensionHostProcess.js:431:3935)
	at ys.fire (file:///usr/lib/code/out/vs/workbench/api/node/extensionHostProcess.js:433:8627)
	at Op.value (file:///usr/lib/code/out/vs/workbench/api/node/extensionHostProcess.js:853:10003)
	at T._deliver (file:///usr/lib/code/out/vs/workbench/api/node/extensionHostProcess.js:431:3617)
	at T.fire (file:///usr/lib/code/out/vs/workbench/api/node/extensionHostProcess.js:431:3935)
	at ys.fire (file:///usr/lib/code/out/vs/workbench/api/node/extensionHostProcess.js:433:8627)
	at MessagePortMain.<anonymous> (file:///usr/lib/code/out/vs/workbench/api/node/extensionHostProcess.js:853:8171)
	at MessagePortMain.emit (node:events:509:28)
	at Object.emit (node:electron/js2c/utility_init:2:2934)
2026-09-12 14:04:40.290 [error] [vscode.emmet] provider FAILED
2026-09-12 14:04:40.290 [error] TypeError: Cannot read properties of undefined (reading 'start')
	at Jn.provideCompletionItemsInternal (/usr/lib/code/extensions/emmet/dist/node/emmetNodeMain.js:25:8333)
	at Jn.provideCompletionItems (/usr/lib/code/extensions/emmet/dist/node/emmetNodeMain.js:25:6806)
	at i.provideCompletionItems (file:///usr/lib/code/out/vs/workbench/api/node/extensionHostProcess.js:571:150417)
	at file:///usr/lib/code/out/vs/workbench/api/node/extensionHostProcess.js:571:178919
	at i._withAdapter (file:///usr/lib/code/out/vs/workbench/api/node/extensionHostProcess.js:571:167841)
	at i.$provideCompletionItems (file:///usr/lib/code/out/vs/workbench/api/node/extensionHostProcess.js:571:178896)
	at i._doInvokeHandler (file:///usr/lib/code/out/vs/workbench/api/node/extensionHostProcess.js:435:111586)
	at i._invokeHandler (file:///usr/lib/code/out/vs/workbench/api/node/extensionHostProcess.js:435:111334)
	at i._receiveRequest (file:///usr/lib/code/out/vs/workbench/api/node/extensionHostProcess.js:435:110023)
	at i._receiveOneMessage (file:///usr/lib/code/out/vs/workbench/api/node/extensionHostProcess.js:435:108912)
	at Op.value (file:///usr/lib/code/out/vs/workbench/api/node/extensionHostProcess.js:435:106987)
	at T._deliver (file:///usr/lib/code/out/vs/workbench/api/node/extensionHostProcess.js:431:3617)
	at T.fire (file:///usr/lib/code/out/vs/workbench/api/node/extensionHostProcess.js:431:3935)
	at ys.fire (file:///usr/lib/code/out/vs/workbench/api/node/extensionHostProcess.js:433:8627)
	at Op.value (file:///usr/lib/code/out/vs/workbench/api/node/extensionHostProcess.js:853:10003)
	at T._deliver (file:///usr/lib/code/out/vs/workbench/api/node/extensionHostProcess.js:431:3617)
	at T.fire (file:///usr/lib/code/out/vs/workbench/api/node/extensionHostProcess.js:431:3935)
	at ys.fire (file:///usr/lib/code/out/vs/workbench/api/node/extensionHostProcess.js:433:8627)
	at MessagePortMain.<anonymous> (file:///usr/lib/code/out/vs/workbench/api/node/extensionHostProcess.js:853:8171)
	at MessagePortMain.emit (node:events:509:28)
	at Object.emit (node:electron/js2c/utility_init:2:2934)
2026-09-12 14:04:45.386 [error] [vscode.emmet] provider FAILED
2026-09-12 14:04:45.386 [error] TypeError: Cannot read properties of undefined (reading 'start')
	at Jn.provideCompletionItemsInternal (/usr/lib/code/extensions/emmet/dist/node/emmetNodeMain.js:25:8333)
	at Jn.provideCompletionItems (/usr/lib/code/extensions/emmet/dist/node/emmetNodeMain.js:25:6806)
	at i.provideCompletionItems (file:///usr/lib/code/out/vs/workbench/api/node/extensionHostProcess.js:571:150417)
	at file:///usr/lib/code/out/vs/workbench/api/node/extensionHostProcess.js:571:178919
	at i._withAdapter (file:///usr/lib/code/out/vs/workbench/api/node/extensionHostProcess.js:571:167841)
	at i.$provideCompletionItems (file:///usr/lib/code/out/vs/workbench/api/node/extensionHostProcess.js:571:178896)
	at i._doInvokeHandler (file:///usr/lib/code/out/vs/workbench/api/node/extensionHostProcess.js:435:111586)
	at i._invokeHandler (file:///usr/lib/code/out/vs/workbench/api/node/extensionHostProcess.js:435:111334)
	at i._receiveRequest (file:///usr/lib/code/out/vs/workbench/api/node/extensionHostProcess.js:435:110023)
	at i._receiveOneMessage (file:///usr/lib/code/out/vs/workbench/api/node/extensionHostProcess.js:435:108912)
	at Op.value (file:///usr/lib/code/out/vs/workbench/api/node/extensionHostProcess.js:435:106987)
	at T._deliver (file:///usr/lib/code/out/vs/workbench/api/node/extensionHostProcess.js:431:3617)
	at T.fire (file:///usr/lib/code/out/vs/workbench/api/node/extensionHostProcess.js:431:3935)
	at ys.fire (file:///usr/lib/code/out/vs/workbench/api/node/extensionHostProcess.js:433:8627)
	at Op.value (file:///usr/lib/code/out/vs/workbench/api/node/extensionHostProcess.js:853:10003)
	at T._deliver (file:///usr/lib/code/out/vs/workbench/api/node/extensionHostProcess.js:431:3617)
	at T.fire (file:///usr/lib/code/out/vs/workbench/api/node/extensionHostProcess.js:431:3935)
	at ys.fire (file:///usr/lib/code/out/vs/workbench/api/node/extensionHostProcess.js:433:8627)
	at MessagePortMain.<anonymous> (file:///usr/lib/code/out/vs/workbench/api/node/extensionHostProcess.js:853:8171)
	at MessagePortMain.emit (node:events:509:28)
	at Object.emit (node:electron/js2c/utility_init:2:2934)
2026-09-12 14:14:57.315 [error] [vscode.emmet] provider FAILED
2026-09-12 14:14:57.315 [error] TypeError: Cannot read properties of undefined (reading 'start')
	at Jn.provideCompletionItemsInternal (/usr/lib/code/extensions/emmet/dist/node/emmetNodeMain.js:25:8333)
	at Jn.provideCompletionItems (/usr/lib/code/extensions/emmet/dist/node/emmetNodeMain.js:25:6806)
	at i.provideCompletionItems (file:///usr/lib/code/out/vs/workbench/api/node/extensionHostProcess.js:571:150417)
	at file:///usr/lib/code/out/vs/workbench/api/node/extensionHostProcess.js:571:178919
	at i._withAdapter (file:///usr/lib/code/out/vs/workbench/api/node/extensionHostProcess.js:571:167841)
	at i.$provideCompletionItems (file:///usr/lib/code/out/vs/workbench/api/node/extensionHostProcess.js:571:178896)
	at i._doInvokeHandler (file:///usr/lib/code/out/vs/workbench/api/node/extensionHostProcess.js:435:111586)
	at i._invokeHandler (file:///usr/lib/code/out/vs/workbench/api/node/extensionHostProcess.js:435:111334)
	at i._receiveRequest (file:///usr/lib/code/out/vs/workbench/api/node/extensionHostProcess.js:435:110023)
	at i._receiveOneMessage (file:///usr/lib/code/out/vs/workbench/api/node/extensionHostProcess.js:435:108912)
	at Op.value (file:///usr/lib/code/out/vs/workbench/api/node/extensionHostProcess.js:435:106987)
	at T._deliver (file:///usr/lib/code/out/vs/workbench/api/node/extensionHostProcess.js:431:3617)
	at T.fire (file:///usr/lib/code/out/vs/workbench/api/node/extensionHostProcess.js:431:3935)
	at ys.fire (file:///usr/lib/code/out/vs/workbench/api/node/extensionHostProcess.js:433:8627)
	at Op.value (file:///usr/lib/code/out/vs/workbench/api/node/extensionHostProcess.js:853:10003)
	at T._deliver (file:///usr/lib/code/out/vs/workbench/api/node/extensionHostProcess.js:431:3617)
	at T.fire (file:///usr/lib/code/out/vs/workbench/api/node/extensionHostProcess.js:431:3935)
	at ys.fire (file:///usr/lib/code/out/vs/workbench/api/node/extensionHostProcess.js:433:8627)
	at MessagePortMain.<anonymous> (file:///usr/lib/code/out/vs/workbench/api/node/extensionHostProcess.js:853:8171)
	at MessagePortMain.emit (node:events:509:28)
	at Object.emit (node:electron/js2c/utility_init:2:2934)
2026-09-12 14:14:59.222 [error] [vscode.emmet] provider FAILED
2026-09-12 14:14:59.222 [error] TypeError: Cannot read properties of undefined (reading 'start')
	at Jn.provideCompletionItemsInternal (/usr/lib/code/extensions/emmet/dist/node/emmetNodeMain.js:25:8333)
	at Jn.provideCompletionItems (/usr/lib/code/extensions/emmet/dist/node/emmetNodeMain.js:25:6806)
	at i.provideCompletionItems (file:///usr/lib/code/out/vs/workbench/api/node/extensionHostProcess.js:571:150417)
	at file:///usr/lib/code/out/vs/workbench/api/node/extensionHostProcess.js:571:178919
	at i._withAdapter (file:///usr/lib/code/out/vs/workbench/api/node/extensionHostProcess.js:571:167841)
	at i.$provideCompletionItems (file:///usr/lib/code/out/vs/workbench/api/node/extensionHostProcess.js:571:178896)
	at i._doInvokeHandler (file:///usr/lib/code/out/vs/workbench/api/node/extensionHostProcess.js:435:111586)
	at i._invokeHandler (file:///usr/lib/code/out/vs/workbench/api/node/extensionHostProcess.js:435:111334)
	at i._receiveRequest (file:///usr/lib/code/out/vs/workbench/api/node/extensionHostProcess.js:435:110023)
	at i._receiveOneMessage (file:///usr/lib/code/out/vs/workbench/api/node/extensionHostProcess.js:435:108912)
	at Op.value (file:///usr/lib/code/out/vs/workbench/api/node/extensionHostProcess.js:435:106987)
	at T._deliver (file:///usr/lib/code/out/vs/workbench/api/node/extensionHostProcess.js:431:3617)
	at T.fire (file:///usr/lib/code/out/vs/workbench/api/node/extensionHostProcess.js:431:3935)
	at ys.fire (file:///usr/lib/code/out/vs/workbench/api/node/extensionHostProcess.js:433:8627)
	at Op.value (file:///usr/lib/code/out/vs/workbench/api/node/extensionHostProcess.js:853:10003)
	at T._deliver (file:///usr/lib/code/out/vs/workbench/api/node/extensionHostProcess.js:431:3617)
	at T.fire (file:///usr/lib/code/out/vs/workbench/api/node/extensionHostProcess.js:431:3935)
	at ys.fire (file:///usr/lib/code/out/vs/workbench/api/node/extensionHostProcess.js:433:8627)
	at MessagePortMain.<anonymous> (file:///usr/lib/code/out/vs/workbench/api/node/extensionHostProcess.js:853:8171)
	at MessagePortMain.emit (node:events:509:28)
	at Object.emit (node:electron/js2c/utility_init:2:2934)
2026-09-12 14:15:01.147 [error] [vscode.emmet] provider FAILED
2026-09-12 14:15:01.147 [error] TypeError: Cannot read properties of undefined (reading 'start')
	at Jn.provideCompletionItemsInternal (/usr/lib/code/extensions/emmet/dist/node/emmetNodeMain.js:25:8333)
	at Jn.provideCompletionItems (/usr/lib/code/extensions/emmet/dist/node/emmetNodeMain.js:25:6806)
	at i.provideCompletionItems (file:///usr/lib/code/out/vs/workbench/api/node/extensionHostProcess.js:571:150417)
	at file:///usr/lib/code/out/vs/workbench/api/node/extensionHostProcess.js:571:178919
	at i._withAdapter (file:///usr/lib/code/out/vs/workbench/api/node/extensionHostProcess.js:571:167841)
	at i.$provideCompletionItems (file:///usr/lib/code/out/vs/workbench/api/node/extensionHostProcess.js:571:178896)
	at i._doInvokeHandler (file:///usr/lib/code/out/vs/workbench/api/node/extensionHostProcess.js:435:111586)
	at i._invokeHandler (file:///usr/lib/code/out/vs/workbench/api/node/extensionHostProcess.js:435:111334)
	at i._receiveRequest (file:///usr/lib/code/out/vs/workbench/api/node/extensionHostProcess.js:435:110023)
	at i._receiveOneMessage (file:///usr/lib/code/out/vs/workbench/api/node/extensionHostProcess.js:435:108912)
	at Op.value (file:///usr/lib/code/out/vs/workbench/api/node/extensionHostProcess.js:435:106987)
	at T._deliver (file:///usr/lib/code/out/vs/workbench/api/node/extensionHostProcess.js:431:3617)
	at T.fire (file:///usr/lib/code/out/vs/workbench/api/node/extensionHostProcess.js:431:3935)
	at ys.fire (file:///usr/lib/code/out/vs/workbench/api/node/extensionHostProcess.js:433:8627)
	at Op.value (file:///usr/lib/code/out/vs/workbench/api/node/extensionHostProcess.js:853:10003)
	at T._deliver (file:///usr/lib/code/out/vs/workbench/api/node/extensionHostProcess.js:431:3617)
	at T.fire (file:///usr/lib/code/out/vs/workbench/api/node/extensionHostProcess.js:431:3935)
	at ys.fire (file:///usr/lib/code/out/vs/workbench/api/node/extensionHostProcess.js:433:8627)
	at MessagePortMain.<anonymous> (file:///usr/lib/code/out/vs/workbench/api/node/extensionHostProcess.js:853:8171)
	at MessagePortMain.emit (node:events:509:28)
	at Object.emit (node:electron/js2c/utility_init:2:2934)
2026-09-12 14:15:02.341 [error] [vscode.emmet] provider FAILED
2026-09-12 14:15:02.341 [error] TypeError: Cannot read properties of undefined (reading 'start')
	at Jn.provideCompletionItemsInternal (/usr/lib/code/extensions/emmet/dist/node/emmetNodeMain.js:25:8333)
	at Jn.provideCompletionItems (/usr/lib/code/extensions/emmet/dist/node/emmetNodeMain.js:25:6806)
	at i.provideCompletionItems (file:///usr/lib/code/out/vs/workbench/api/node/extensionHostProcess.js:571:150417)
	at file:///usr/lib/code/out/vs/workbench/api/node/extensionHostProcess.js:571:178919
	at i._withAdapter (file:///usr/lib/code/out/vs/workbench/api/node/extensionHostProcess.js:571:167841)
	at i.$provideCompletionItems (file:///usr/lib/code/out/vs/workbench/api/node/extensionHostProcess.js:571:178896)
	at i._doInvokeHandler (file:///usr/lib/code/out/vs/workbench/api/node/extensionHostProcess.js:435:111586)
	at i._invokeHandler (file:///usr/lib/code/out/vs/workbench/api/node/extensionHostProcess.js:435:111334)
	at i._receiveRequest (file:///usr/lib/code/out/vs/workbench/api/node/extensionHostProcess.js:435:110023)
	at i._receiveOneMessage (file:///usr/lib/code/out/vs/workbench/api/node/extensionHostProcess.js:435:108912)
	at Op.value (file:///usr/lib/code/out/vs/workbench/api/node/extensionHostProcess.js:435:106987)
	at T._deliver (file:///usr/lib/code/out/vs/workbench/api/node/extensionHostProcess.js:431:3617)
	at T.fire (file:///usr/lib/code/out/vs/workbench/api/node/extensionHostProcess.js:431:3935)
	at ys.fire (file:///usr/lib/code/out/vs/workbench/api/node/extensionHostProcess.js:433:8627)
	at Op.value (file:///usr/lib/code/out/vs/workbench/api/node/extensionHostProcess.js:853:10003)
	at T._deliver (file:///usr/lib/code/out/vs/workbench/api/node/extensionHostProcess.js:431:3617)
	at T.fire (file:///usr/lib/code/out/vs/workbench/api/node/extensionHostProcess.js:431:3935)
	at ys.fire (file:///usr/lib/code/out/vs/workbench/api/node/extensionHostProcess.js:433:8627)
	at MessagePortMain.<anonymous> (file:///usr/lib/code/out/vs/workbench/api/node/extensionHostProcess.js:853:8171)
	at MessagePortMain.emit (node:events:509:28)
	at Object.emit (node:electron/js2c/utility_init:2:2934)
2026-09-12 14:15:03.033 [error] [vscode.emmet] provider FAILED
2026-09-12 14:15:03.033 [error] TypeError: Cannot read properties of undefined (reading 'start')
	at Jn.provideCompletionItemsInternal (/usr/lib/code/extensions/emmet/dist/node/emmetNodeMain.js:25:8333)
	at Jn.provideCompletionItems (/usr/lib/code/extensions/emmet/dist/node/emmetNodeMain.js:25:6806)
	at i.provideCompletionItems (file:///usr/lib/code/out/vs/workbench/api/node/extensionHostProcess.js:571:150417)
	at file:///usr/lib/code/out/vs/workbench/api/node/extensionHostProcess.js:571:178919
	at i._withAdapter (file:///usr/lib/code/out/vs/workbench/api/node/extensionHostProcess.js:571:167841)
	at i.$provideCompletionItems (file:///usr/lib/code/out/vs/workbench/api/node/extensionHostProcess.js:571:178896)
	at i._doInvokeHandler (file:///usr/lib/code/out/vs/workbench/api/node/extensionHostProcess.js:435:111586)
	at i._invokeHandler (file:///usr/lib/code/out/vs/workbench/api/node/extensionHostProcess.js:435:111334)
	at i._receiveRequest (file:///usr/lib/code/out/vs/workbench/api/node/extensionHostProcess.js:435:110023)
	at i._receiveOneMessage (file:///usr/lib/code/out/vs/workbench/api/node/extensionHostProcess.js:435:108912)
	at Op.value (file:///usr/lib/code/out/vs/workbench/api/node/extensionHostProcess.js:435:106987)
	at T._deliver (file:///usr/lib/code/out/vs/workbench/api/node/extensionHostProcess.js:431:3617)
	at T.fire (file:///usr/lib/code/out/vs/workbench/api/node/extensionHostProcess.js:431:3935)
	at ys.fire (file:///usr/lib/code/out/vs/workbench/api/node/extensionHostProcess.js:433:8627)
	at Op.value (file:///usr/lib/code/out/vs/workbench/api/node/extensionHostProcess.js:853:10003)
	at T._deliver (file:///usr/lib/code/out/vs/workbench/api/node/extensionHostProcess.js:431:3617)
	at T.fire (file:///usr/lib/code/out/vs/workbench/api/node/extensionHostProcess.js:431:3935)
	at ys.fire (file:///usr/lib/code/out/vs/workbench/api/node/extensionHostProcess.js:433:8627)
	at MessagePortMain.<anonymous> (file:///usr/lib/code/out/vs/workbench/api/node/extensionHostProcess.js:853:8171)
	at MessagePortMain.emit (node:events:509:28)
	at Object.emit (node:electron/js2c/utility_init:2:2934)
2026-09-12 14:15:03.391 [error] [vscode.emmet] provider FAILED
2026-09-12 14:15:03.391 [error] TypeError: Cannot read properties of undefined (reading 'start')
	at Jn.provideCompletionItemsInternal (/usr/lib/code/extensions/emmet/dist/node/emmetNodeMain.js:25:8333)
	at Jn.provideCompletionItems (/usr/lib/code/extensions/emmet/dist/node/emmetNodeMain.js:25:6806)
	at i.provideCompletionItems (file:///usr/lib/code/out/vs/workbench/api/node/extensionHostProcess.js:571:150417)
	at file:///usr/lib/code/out/vs/workbench/api/node/extensionHostProcess.js:571:178919
	at i._withAdapter (file:///usr/lib/code/out/vs/workbench/api/node/extensionHostProcess.js:571:167841)
	at i.$provideCompletionItems (file:///usr/lib/code/out/vs/workbench/api/node/extensionHostProcess.js:571:178896)
	at i._doInvokeHandler (file:///usr/lib/code/out/vs/workbench/api/node/extensionHostProcess.js:435:111586)
	at i._invokeHandler (file:///usr/lib/code/out/vs/workbench/api/node/extensionHostProcess.js:435:111334)
	at i._receiveRequest (file:///usr/lib/code/out/vs/workbench/api/node/extensionHostProcess.js:435:110023)
	at i._receiveOneMessage (file:///usr/lib/code/out/vs/workbench/api/node/extensionHostProcess.js:435:108912)
	at Op.value (file:///usr/lib/code/out/vs/workbench/api/node/extensionHostProcess.js:435:106987)
	at T._deliver (file:///usr/lib/code/out/vs/workbench/api/node/extensionHostProcess.js:431:3617)
	at T.fire (file:///usr/lib/code/out/vs/workbench/api/node/extensionHostProcess.js:431:3935)
	at ys.fire (file:///usr/lib/code/out/vs/workbench/api/node/extensionHostProcess.js:433:8627)
	at Op.value (file:///usr/lib/code/out/vs/workbench/api/node/extensionHostProcess.js:853:10003)
	at T._deliver (file:///usr/lib/code/out/vs/workbench/api/node/extensionHostProcess.js:431:3617)
	at T.fire (file:///usr/lib/code/out/vs/workbench/api/node/extensionHostProcess.js:431:3935)
	at ys.fire (file:///usr/lib/code/out/vs/workbench/api/node/extensionHostProcess.js:433:8627)
	at MessagePortMain.<anonymous> (file:///usr/lib/code/out/vs/workbench/api/node/extensionHostProcess.js:853:8171)
	at MessagePortMain.emit (node:events:509:28)
	at Object.emit (node:electron/js2c/utility_init:2:2934)
2026-09-12 14:15:03.821 [error] [vscode.emmet] provider FAILED
2026-09-12 14:15:03.822 [error] TypeError: Cannot read properties of undefined (reading 'start')
	at Jn.provideCompletionItemsInternal (/usr/lib/code/extensions/emmet/dist/node/emmetNodeMain.js:25:8333)
	at Jn.provideCompletionItems (/usr/lib/code/extensions/emmet/dist/node/emmetNodeMain.js:25:6806)
	at i.provideCompletionItems (file:///usr/lib/code/out/vs/workbench/api/node/extensionHostProcess.js:571:150417)
	at file:///usr/lib/code/out/vs/workbench/api/node/extensionHostProcess.js:571:178919
	at i._withAdapter (file:///usr/lib/code/out/vs/workbench/api/node/extensionHostProcess.js:571:167841)
	at i.$provideCompletionItems (file:///usr/lib/code/out/vs/workbench/api/node/extensionHostProcess.js:571:178896)
	at i._doInvokeHandler (file:///usr/lib/code/out/vs/workbench/api/node/extensionHostProcess.js:435:111586)
	at i._invokeHandler (file:///usr/lib/code/out/vs/workbench/api/node/extensionHostProcess.js:435:111334)
	at i._receiveRequest (file:///usr/lib/code/out/vs/workbench/api/node/extensionHostProcess.js:435:110023)
	at i._receiveOneMessage (file:///usr/lib/code/out/vs/workbench/api/node/extensionHostProcess.js:435:108912)
	at Op.value (file:///usr/lib/code/out/vs/workbench/api/node/extensionHostProcess.js:435:106987)
	at T._deliver (file:///usr/lib/code/out/vs/workbench/api/node/extensionHostProcess.js:431:3617)
	at T.fire (file:///usr/lib/code/out/vs/workbench/api/node/extensionHostProcess.js:431:3935)
	at ys.fire (file:///usr/lib/code/out/vs/workbench/api/node/extensionHostProcess.js:433:8627)
	at Op.value (file:///usr/lib/code/out/vs/workbench/api/node/extensionHostProcess.js:853:10003)
	at T._deliver (file:///usr/lib/code/out/vs/workbench/api/node/extensionHostProcess.js:431:3617)
	at T.fire (file:///usr/lib/code/out/vs/workbench/api/node/extensionHostProcess.js:431:3935)
	at ys.fire (file:///usr/lib/code/out/vs/workbench/api/node/extensionHostProcess.js:433:8627)
	at MessagePortMain.<anonymous> (file:///usr/lib/code/out/vs/workbench/api/node/extensionHostProcess.js:853:8171)
	at MessagePortMain.emit (node:events:509:28)
	at Object.emit (node:electron/js2c/utility_init:2:2934)
2026-09-12 14:15:04.012 [error] [vscode.emmet] provider FAILED
2026-09-12 14:15:04.012 [error] TypeError: Cannot read properties of undefined (reading 'start')
	at Jn.provideCompletionItemsInternal (/usr/lib/code/extensions/emmet/dist/node/emmetNodeMain.js:25:8333)
	at Jn.provideCompletionItems (/usr/lib/code/extensions/emmet/dist/node/emmetNodeMain.js:25:6806)
	at i.provideCompletionItems (file:///usr/lib/code/out/vs/workbench/api/node/extensionHostProcess.js:571:150417)
	at file:///usr/lib/code/out/vs/workbench/api/node/extensionHostProcess.js:571:178919
	at i._withAdapter (file:///usr/lib/code/out/vs/workbench/api/node/extensionHostProcess.js:571:167841)
	at i.$provideCompletionItems (file:///usr/lib/code/out/vs/workbench/api/node/extensionHostProcess.js:571:178896)
	at i._doInvokeHandler (file:///usr/lib/code/out/vs/workbench/api/node/extensionHostProcess.js:435:111586)
	at i._invokeHandler (file:///usr/lib/code/out/vs/workbench/api/node/extensionHostProcess.js:435:111334)
	at i._receiveRequest (file:///usr/lib/code/out/vs/workbench/api/node/extensionHostProcess.js:435:110023)
	at i._receiveOneMessage (file:///usr/lib/code/out/vs/workbench/api/node/extensionHostProcess.js:435:108912)
	at Op.value (file:///usr/lib/code/out/vs/workbench/api/node/extensionHostProcess.js:435:106987)
	at T._deliver (file:///usr/lib/code/out/vs/workbench/api/node/extensionHostProcess.js:431:3617)
	at T.fire (file:///usr/lib/code/out/vs/workbench/api/node/extensionHostProcess.js:431:3935)
	at ys.fire (file:///usr/lib/code/out/vs/workbench/api/node/extensionHostProcess.js:433:8627)
	at Op.value (file:///usr/lib/code/out/vs/workbench/api/node/extensionHostProcess.js:853:10003)
	at T._deliver (file:///usr/lib/code/out/vs/workbench/api/node/extensionHostProcess.js:431:3617)
	at T.fire (file:///usr/lib/code/out/vs/workbench/api/node/extensionHostProcess.js:431:3935)
	at ys.fire (file:///usr/lib/code/out/vs/workbench/api/node/extensionHostProcess.js:433:8627)
	at MessagePortMain.<anonymous> (file:///usr/lib/code/out/vs/workbench/api/node/extensionHostProcess.js:853:8171)
	at MessagePortMain.emit (node:events:509:28)
	at Object.emit (node:electron/js2c/utility_init:2:2934)
2026-09-12 14:15:04.307 [error] [vscode.emmet] provider FAILED
2026-09-12 14:15:04.307 [error] TypeError: Cannot read properties of undefined (reading 'start')
	at Jn.provideCompletionItemsInternal (/usr/lib/code/extensions/emmet/dist/node/emmetNodeMain.js:25:8333)
	at Jn.provideCompletionItems (/usr/lib/code/extensions/emmet/dist/node/emmetNodeMain.js:25:6806)
	at i.provideCompletionItems (file:///usr/lib/code/out/vs/workbench/api/node/extensionHostProcess.js:571:150417)
	at file:///usr/lib/code/out/vs/workbench/api/node/extensionHostProcess.js:571:178919
	at i._withAdapter (file:///usr/lib/code/out/vs/workbench/api/node/extensionHostProcess.js:571:167841)
	at i.$provideCompletionItems (file:///usr/lib/code/out/vs/workbench/api/node/extensionHostProcess.js:571:178896)
	at i._doInvokeHandler (file:///usr/lib/code/out/vs/workbench/api/node/extensionHostProcess.js:435:111586)
	at i._invokeHandler (file:///usr/lib/code/out/vs/workbench/api/node/extensionHostProcess.js:435:111334)
	at i._receiveRequest (file:///usr/lib/code/out/vs/workbench/api/node/extensionHostProcess.js:435:110023)
	at i._receiveOneMessage (file:///usr/lib/code/out/vs/workbench/api/node/extensionHostProcess.js:435:108912)
	at Op.value (file:///usr/lib/code/out/vs/workbench/api/node/extensionHostProcess.js:435:106987)
	at T._deliver (file:///usr/lib/code/out/vs/workbench/api/node/extensionHostProcess.js:431:3617)
	at T.fire (file:///usr/lib/code/out/vs/workbench/api/node/extensionHostProcess.js:431:3935)
	at ys.fire (file:///usr/lib/code/out/vs/workbench/api/node/extensionHostProcess.js:433:8627)
	at Op.value (file:///usr/lib/code/out/vs/workbench/api/node/extensionHostProcess.js:853:10003)
	at T._deliver (file:///usr/lib/code/out/vs/workbench/api/node/extensionHostProcess.js:431:3617)
	at T.fire (file:///usr/lib/code/out/vs/workbench/api/node/extensionHostProcess.js:431:3935)
	at ys.fire (file:///usr/lib/code/out/vs/workbench/api/node/extensionHostProcess.js:433:8627)
	at MessagePortMain.<anonymous> (file:///usr/lib/code/out/vs/workbench/api/node/extensionHostProcess.js:853:8171)
	at MessagePortMain.emit (node:events:509:28)
	at Object.emit (node:electron/js2c/utility_init:2:2934)
2026-09-12 14:18:33.404 [info] ExtensionService#_doActivateExtension vscode.configuration-editing, startup: false, activationEvent: 'onLanguage:jsonc'
2026-09-12 14:18:33.421 [info] ExtensionService#_doActivateExtension vscode.json-language-features, startup: false, activationEvent: 'onLanguage:jsonc'
2026-09-12 14:18:33.555 [info] ExtensionService#_doActivateExtension vscode.typescript-language-features, startup: false, activationEvent: 'onLanguage:jsonc'
2026-09-12 14:31:07.250 [info] ExtensionService#_doActivateExtension vscode.css-language-features, startup: false, activationEvent: 'onLanguage:css'
2026-09-12 15:31:05.862 [error] [vscode.emmet] provider FAILED
2026-09-12 15:31:05.862 [error] TypeError: Cannot read properties of undefined (reading 'start')
	at Jn.provideCompletionItemsInternal (/usr/lib/code/extensions/emmet/dist/node/emmetNodeMain.js:25:8333)
	at Jn.provideCompletionItems (/usr/lib/code/extensions/emmet/dist/node/emmetNodeMain.js:25:6806)
	at i.provideCompletionItems (file:///usr/lib/code/out/vs/workbench/api/node/extensionHostProcess.js:571:150417)
	at file:///usr/lib/code/out/vs/workbench/api/node/extensionHostProcess.js:571:178919
	at i._withAdapter (file:///usr/lib/code/out/vs/workbench/api/node/extensionHostProcess.js:571:167841)
	at i.$provideCompletionItems (file:///usr/lib/code/out/vs/workbench/api/node/extensionHostProcess.js:571:178896)
	at i._doInvokeHandler (file:///usr/lib/code/out/vs/workbench/api/node/extensionHostProcess.js:435:111586)
	at i._invokeHandler (file:///usr/lib/code/out/vs/workbench/api/node/extensionHostProcess.js:435:111334)
	at i._receiveRequest (file:///usr/lib/code/out/vs/workbench/api/node/extensionHostProcess.js:435:110023)
	at i._receiveOneMessage (file:///usr/lib/code/out/vs/workbench/api/node/extensionHostProcess.js:435:108912)
	at Op.value (file:///usr/lib/code/out/vs/workbench/api/node/extensionHostProcess.js:435:106987)
	at T._deliver (file:///usr/lib/code/out/vs/workbench/api/node/extensionHostProcess.js:431:3617)
	at T.fire (file:///usr/lib/code/out/vs/workbench/api/node/extensionHostProcess.js:431:3935)
	at ys.fire (file:///usr/lib/code/out/vs/workbench/api/node/extensionHostProcess.js:433:8627)
	at Op.value (file:///usr/lib/code/out/vs/workbench/api/node/extensionHostProcess.js:853:10003)
	at T._deliver (file:///usr/lib/code/out/vs/workbench/api/node/extensionHostProcess.js:431:3617)
	at T.fire (file:///usr/lib/code/out/vs/workbench/api/node/extensionHostProcess.js:431:3935)
	at ys.fire (file:///usr/lib/code/out/vs/workbench/api/node/extensionHostProcess.js:433:8627)
	at MessagePortMain.<anonymous> (file:///usr/lib/code/out/vs/workbench/api/node/extensionHostProcess.js:853:8171)
	at MessagePortMain.emit (node:events:509:28)
	at Object.emit (node:electron/js2c/utility_init:2:2934)
2026-09-12 15:31:09.087 [error] [vscode.emmet] provider FAILED
2026-09-12 15:31:09.088 [error] TypeError: Cannot read properties of undefined (reading 'start')
	at Jn.provideCompletionItemsInternal (/usr/lib/code/extensions/emmet/dist/node/emmetNodeMain.js:25:8333)
	at Jn.provideCompletionItems (/usr/lib/code/extensions/emmet/dist/node/emmetNodeMain.js:25:6806)
	at i.provideCompletionItems (file:///usr/lib/code/out/vs/workbench/api/node/extensionHostProcess.js:571:150417)
	at file:///usr/lib/code/out/vs/workbench/api/node/extensionHostProcess.js:571:178919
	at i._withAdapter (file:///usr/lib/code/out/vs/workbench/api/node/extensionHostProcess.js:571:167841)
	at i.$provideCompletionItems (file:///usr/lib/code/out/vs/workbench/api/node/extensionHostProcess.js:571:178896)
	at i._doInvokeHandler (file:///usr/lib/code/out/vs/workbench/api/node/extensionHostProcess.js:435:111586)
	at i._invokeHandler (file:///usr/lib/code/out/vs/workbench/api/node/extensionHostProcess.js:435:111334)
	at i._receiveRequest (file:///usr/lib/code/out/vs/workbench/api/node/extensionHostProcess.js:435:110023)
	at i._receiveOneMessage (file:///usr/lib/code/out/vs/workbench/api/node/extensionHostProcess.js:435:108912)
	at Op.value (file:///usr/lib/code/out/vs/workbench/api/node/extensionHostProcess.js:435:106987)
	at T._deliver (file:///usr/lib/code/out/vs/workbench/api/node/extensionHostProcess.js:431:3617)
	at T.fire (file:///usr/lib/code/out/vs/workbench/api/node/extensionHostProcess.js:431:3935)
	at ys.fire (file:///usr/lib/code/out/vs/workbench/api/node/extensionHostProcess.js:433:8627)
	at Op.value (file:///usr/lib/code/out/vs/workbench/api/node/extensionHostProcess.js:853:10003)
	at T._deliver (file:///usr/lib/code/out/vs/workbench/api/node/extensionHostProcess.js:431:3617)
	at T.fire (file:///usr/lib/code/out/vs/workbench/api/node/extensionHostProcess.js:431:3935)
	at ys.fire (file:///usr/lib/code/out/vs/workbench/api/node/extensionHostProcess.js:433:8627)
	at MessagePortMain.<anonymous> (file:///usr/lib/code/out/vs/workbench/api/node/extensionHostProcess.js:853:8171)
	at MessagePortMain.emit (node:events:509:28)
	at Object.emit (node:electron/js2c/utility_init:2:2934)
2026-09-12 15:31:09.204 [error] [vscode.emmet] provider FAILED
2026-09-12 15:31:09.204 [error] TypeError: Cannot read properties of undefined (reading 'start')
	at Jn.provideCompletionItemsInternal (/usr/lib/code/extensions/emmet/dist/node/emmetNodeMain.js:25:8333)
	at Jn.provideCompletionItems (/usr/lib/code/extensions/emmet/dist/node/emmetNodeMain.js:25:6806)
	at i.provideCompletionItems (file:///usr/lib/code/out/vs/workbench/api/node/extensionHostProcess.js:571:150417)
	at file:///usr/lib/code/out/vs/workbench/api/node/extensionHostProcess.js:571:178919
	at i._withAdapter (file:///usr/lib/code/out/vs/workbench/api/node/extensionHostProcess.js:571:167841)
	at i.$provideCompletionItems (file:///usr/lib/code/out/vs/workbench/api/node/extensionHostProcess.js:571:178896)
	at i._doInvokeHandler (file:///usr/lib/code/out/vs/workbench/api/node/extensionHostProcess.js:435:111586)
	at i._invokeHandler (file:///usr/lib/code/out/vs/workbench/api/node/extensionHostProcess.js:435:111334)
	at i._receiveRequest (file:///usr/lib/code/out/vs/workbench/api/node/extensionHostProcess.js:435:110023)
	at i._receiveOneMessage (file:///usr/lib/code/out/vs/workbench/api/node/extensionHostProcess.js:435:108912)
	at Op.value (file:///usr/lib/code/out/vs/workbench/api/node/extensionHostProcess.js:435:106987)
	at T._deliver (file:///usr/lib/code/out/vs/workbench/api/node/extensionHostProcess.js:431:3617)
	at T.fire (file:///usr/lib/code/out/vs/workbench/api/node/extensionHostProcess.js:431:3935)
	at ys.fire (file:///usr/lib/code/out/vs/workbench/api/node/extensionHostProcess.js:433:8627)
	at Op.value (file:///usr/lib/code/out/vs/workbench/api/node/extensionHostProcess.js:853:10003)
	at T._deliver (file:///usr/lib/code/out/vs/workbench/api/node/extensionHostProcess.js:431:3617)
	at T.fire (file:///usr/lib/code/out/vs/workbench/api/node/extensionHostProcess.js:431:3935)
	at ys.fire (file:///usr/lib/code/out/vs/workbench/api/node/extensionHostProcess.js:433:8627)
	at MessagePortMain.<anonymous> (file:///usr/lib/code/out/vs/workbench/api/node/extensionHostProcess.js:853:8171)
	at MessagePortMain.emit (node:events:509:28)
	at Object.emit (node:electron/js2c/utility_init:2:2934)
2026-09-12 15:31:09.443 [error] [vscode.emmet] provider FAILED
2026-09-12 15:31:09.449 [error] TypeError: Cannot read properties of undefined (reading 'start')
	at Jn.provideCompletionItemsInternal (/usr/lib/code/extensions/emmet/dist/node/emmetNodeMain.js:25:8333)
	at Jn.provideCompletionItems (/usr/lib/code/extensions/emmet/dist/node/emmetNodeMain.js:25:6806)
	at i.provideCompletionItems (file:///usr/lib/code/out/vs/workbench/api/node/extensionHostProcess.js:571:150417)
	at file:///usr/lib/code/out/vs/workbench/api/node/extensionHostProcess.js:571:178919
	at i._withAdapter (file:///usr/lib/code/out/vs/workbench/api/node/extensionHostProcess.js:571:167841)
	at i.$provideCompletionItems (file:///usr/lib/code/out/vs/workbench/api/node/extensionHostProcess.js:571:178896)
	at i._doInvokeHandler (file:///usr/lib/code/out/vs/workbench/api/node/extensionHostProcess.js:435:111586)
	at i._invokeHandler (file:///usr/lib/code/out/vs/workbench/api/node/extensionHostProcess.js:435:111334)
	at i._receiveRequest (file:///usr/lib/code/out/vs/workbench/api/node/extensionHostProcess.js:435:110023)
	at i._receiveOneMessage (file:///usr/lib/code/out/vs/workbench/api/node/extensionHostProcess.js:435:108912)
	at Op.value (file:///usr/lib/code/out/vs/workbench/api/node/extensionHostProcess.js:435:106987)
	at T._deliver (file:///usr/lib/code/out/vs/workbench/api/node/extensionHostProcess.js:431:3617)
	at T.fire (file:///usr/lib/code/out/vs/workbench/api/node/extensionHostProcess.js:431:3935)
	at ys.fire (file:///usr/lib/code/out/vs/workbench/api/node/extensionHostProcess.js:433:8627)
	at Op.value (file:///usr/lib/code/out/vs/workbench/api/node/extensionHostProcess.js:853:10003)
	at T._deliver (file:///usr/lib/code/out/vs/workbench/api/node/extensionHostProcess.js:431:3617)
	at T.fire (file:///usr/lib/code/out/vs/workbench/api/node/extensionHostProcess.js:431:3935)
	at ys.fire (file:///usr/lib/code/out/vs/workbench/api/node/extensionHostProcess.js:433:8627)
	at MessagePortMain.<anonymous> (file:///usr/lib/code/out/vs/workbench/api/node/extensionHostProcess.js:853:8171)
	at MessagePortMain.emit (node:events:509:28)
	at Object.emit (node:electron/js2c/utility_init:2:2934)
2026-09-12 15:31:14.539 [error] [vscode.emmet] provider FAILED
2026-09-12 15:31:14.539 [error] TypeError: Cannot read properties of undefined (reading 'start')
	at Jn.provideCompletionItemsInternal (/usr/lib/code/extensions/emmet/dist/node/emmetNodeMain.js:25:8333)
	at Jn.provideCompletionItems (/usr/lib/code/extensions/emmet/dist/node/emmetNodeMain.js:25:6806)
	at i.provideCompletionItems (file:///usr/lib/code/out/vs/workbench/api/node/extensionHostProcess.js:571:150417)
	at file:///usr/lib/code/out/vs/workbench/api/node/extensionHostProcess.js:571:178919
	at i._withAdapter (file:///usr/lib/code/out/vs/workbench/api/node/extensionHostProcess.js:571:167841)
	at i.$provideCompletionItems (file:///usr/lib/code/out/vs/workbench/api/node/extensionHostProcess.js:571:178896)
	at i._doInvokeHandler (file:///usr/lib/code/out/vs/workbench/api/node/extensionHostProcess.js:435:111586)
	at i._invokeHandler (file:///usr/lib/code/out/vs/workbench/api/node/extensionHostProcess.js:435:111334)
	at i._receiveRequest (file:///usr/lib/code/out/vs/workbench/api/node/extensionHostProcess.js:435:110023)
	at i._receiveOneMessage (file:///usr/lib/code/out/vs/workbench/api/node/extensionHostProcess.js:435:108912)
	at Op.value (file:///usr/lib/code/out/vs/workbench/api/node/extensionHostProcess.js:435:106987)
	at T._deliver (file:///usr/lib/code/out/vs/workbench/api/node/extensionHostProcess.js:431:3617)
	at T.fire (file:///usr/lib/code/out/vs/workbench/api/node/extensionHostProcess.js:431:3935)
	at ys.fire (file:///usr/lib/code/out/vs/workbench/api/node/extensionHostProcess.js:433:8627)
	at Op.value (file:///usr/lib/code/out/vs/workbench/api/node/extensionHostProcess.js:853:10003)
	at T._deliver (file:///usr/lib/code/out/vs/workbench/api/node/extensionHostProcess.js:431:3617)
	at T.fire (file:///usr/lib/code/out/vs/workbench/api/node/extensionHostProcess.js:431:3935)
	at ys.fire (file:///usr/lib/code/out/vs/workbench/api/node/extensionHostProcess.js:433:8627)
	at MessagePortMain.<anonymous> (file:///usr/lib/code/out/vs/workbench/api/node/extensionHostProcess.js:853:8171)
	at MessagePortMain.emit (node:events:509:28)
	at Object.emit (node:electron/js2c/utility_init:2:2934)
2026-09-12 15:31:46.378 [error] [vscode.emmet] provider FAILED
2026-09-12 15:31:46.378 [error] TypeError: Cannot read properties of undefined (reading 'start')
	at Jn.provideCompletionItemsInternal (/usr/lib/code/extensions/emmet/dist/node/emmetNodeMain.js:25:8333)
	at Jn.provideCompletionItems (/usr/lib/code/extensions/emmet/dist/node/emmetNodeMain.js:25:6806)
	at i.provideCompletionItems (file:///usr/lib/code/out/vs/workbench/api/node/extensionHostProcess.js:571:150417)
	at file:///usr/lib/code/out/vs/workbench/api/node/extensionHostProcess.js:571:178919
	at i._withAdapter (file:///usr/lib/code/out/vs/workbench/api/node/extensionHostProcess.js:571:167841)
	at i.$provideCompletionItems (file:///usr/lib/code/out/vs/workbench/api/node/extensionHostProcess.js:571:178896)
	at i._doInvokeHandler (file:///usr/lib/code/out/vs/workbench/api/node/extensionHostProcess.js:435:111586)
	at i._invokeHandler (file:///usr/lib/code/out/vs/workbench/api/node/extensionHostProcess.js:435:111334)
	at i._receiveRequest (file:///usr/lib/code/out/vs/workbench/api/node/extensionHostProcess.js:435:110023)
	at i._receiveOneMessage (file:///usr/lib/code/out/vs/workbench/api/node/extensionHostProcess.js:435:108912)
	at Op.value (file:///usr/lib/code/out/vs/workbench/api/node/extensionHostProcess.js:435:106987)
	at T._deliver (file:///usr/lib/code/out/vs/workbench/api/node/extensionHostProcess.js:431:3617)
	at T.fire (file:///usr/lib/code/out/vs/workbench/api/node/extensionHostProcess.js:431:3935)
	at ys.fire (file:///usr/lib/code/out/vs/workbench/api/node/extensionHostProcess.js:433:8627)
	at Op.value (file:///usr/lib/code/out/vs/workbench/api/node/extensionHostProcess.js:853:10003)
	at T._deliver (file:///usr/lib/code/out/vs/workbench/api/node/extensionHostProcess.js:431:3617)
	at T.fire (file:///usr/lib/code/out/vs/workbench/api/node/extensionHostProcess.js:431:3935)
	at ys.fire (file:///usr/lib/code/out/vs/workbench/api/node/extensionHostProcess.js:433:8627)
	at MessagePortMain.<anonymous> (file:///usr/lib/code/out/vs/workbench/api/node/extensionHostProcess.js:853:8171)
	at MessagePortMain.emit (node:events:509:28)
	at Object.emit (node:electron/js2c/utility_init:2:2934)
2026-09-12 15:31:46.663 [error] [vscode.emmet] provider FAILED
2026-09-12 15:31:46.664 [error] TypeError: Cannot read properties of undefined (reading 'start')
	at Jn.provideCompletionItemsInternal (/usr/lib/code/extensions/emmet/dist/node/emmetNodeMain.js:25:8333)
	at Jn.provideCompletionItems (/usr/lib/code/extensions/emmet/dist/node/emmetNodeMain.js:25:6806)
	at i.provideCompletionItems (file:///usr/lib/code/out/vs/workbench/api/node/extensionHostProcess.js:571:150417)
	at file:///usr/lib/code/out/vs/workbench/api/node/extensionHostProcess.js:571:178919
	at i._withAdapter (file:///usr/lib/code/out/vs/workbench/api/node/extensionHostProcess.js:571:167841)
	at i.$provideCompletionItems (file:///usr/lib/code/out/vs/workbench/api/node/extensionHostProcess.js:571:178896)
	at i._doInvokeHandler (file:///usr/lib/code/out/vs/workbench/api/node/extensionHostProcess.js:435:111586)
	at i._invokeHandler (file:///usr/lib/code/out/vs/workbench/api/node/extensionHostProcess.js:435:111334)
	at i._receiveRequest (file:///usr/lib/code/out/vs/workbench/api/node/extensionHostProcess.js:435:110023)
	at i._receiveOneMessage (file:///usr/lib/code/out/vs/workbench/api/node/extensionHostProcess.js:435:108912)
	at Op.value (file:///usr/lib/code/out/vs/workbench/api/node/extensionHostProcess.js:435:106987)
	at T._deliver (file:///usr/lib/code/out/vs/workbench/api/node/extensionHostProcess.js:431:3617)
	at T.fire (file:///usr/lib/code/out/vs/workbench/api/node/extensionHostProcess.js:431:3935)
	at ys.fire (file:///usr/lib/code/out/vs/workbench/api/node/extensionHostProcess.js:433:8627)
	at Op.value (file:///usr/lib/code/out/vs/workbench/api/node/extensionHostProcess.js:853:10003)
	at T._deliver (file:///usr/lib/code/out/vs/workbench/api/node/extensionHostProcess.js:431:3617)
	at T.fire (file:///usr/lib/code/out/vs/workbench/api/node/extensionHostProcess.js:431:3935)
	at ys.fire (file:///usr/lib/code/out/vs/workbench/api/node/extensionHostProcess.js:433:8627)
	at MessagePortMain.<anonymous> (file:///usr/lib/code/out/vs/workbench/api/node/extensionHostProcess.js:853:8171)
	at MessagePortMain.emit (node:events:509:28)
	at Object.emit (node:electron/js2c/utility_init:2:2934)
2026-09-12 15:31:47.721 [error] [vscode.emmet] provider FAILED
2026-09-12 15:31:47.721 [error] TypeError: Cannot read properties of undefined (reading 'start')
	at Jn.provideCompletionItemsInternal (/usr/lib/code/extensions/emmet/dist/node/emmetNodeMain.js:25:8333)
	at Jn.provideCompletionItems (/usr/lib/code/extensions/emmet/dist/node/emmetNodeMain.js:25:6806)
	at i.provideCompletionItems (file:///usr/lib/code/out/vs/workbench/api/node/extensionHostProcess.js:571:150417)
	at file:///usr/lib/code/out/vs/workbench/api/node/extensionHostProcess.js:571:178919
	at i._withAdapter (file:///usr/lib/code/out/vs/workbench/api/node/extensionHostProcess.js:571:167841)
	at i.$provideCompletionItems (file:///usr/lib/code/out/vs/workbench/api/node/extensionHostProcess.js:571:178896)
	at i._doInvokeHandler (file:///usr/lib/code/out/vs/workbench/api/node/extensionHostProcess.js:435:111586)
	at i._invokeHandler (file:///usr/lib/code/out/vs/workbench/api/node/extensionHostProcess.js:435:111334)
	at i._receiveRequest (file:///usr/lib/code/out/vs/workbench/api/node/extensionHostProcess.js:435:110023)
	at i._receiveOneMessage (file:///usr/lib/code/out/vs/workbench/api/node/extensionHostProcess.js:435:108912)
	at Op.value (file:///usr/lib/code/out/vs/workbench/api/node/extensionHostProcess.js:435:106987)
	at T._deliver (file:///usr/lib/code/out/vs/workbench/api/node/extensionHostProcess.js:431:3617)
	at T.fire (file:///usr/lib/code/out/vs/workbench/api/node/extensionHostProcess.js:431:3935)
	at ys.fire (file:///usr/lib/code/out/vs/workbench/api/node/extensionHostProcess.js:433:8627)
	at Op.value (file:///usr/lib/code/out/vs/workbench/api/node/extensionHostProcess.js:853:10003)
	at T._deliver (file:///usr/lib/code/out/vs/workbench/api/node/extensionHostProcess.js:431:3617)
	at T.fire (file:///usr/lib/code/out/vs/workbench/api/node/extensionHostProcess.js:431:3935)
	at ys.fire (file:///usr/lib/code/out/vs/workbench/api/node/extensionHostProcess.js:433:8627)
	at MessagePortMain.<anonymous> (file:///usr/lib/code/out/vs/workbench/api/node/extensionHostProcess.js:853:8171)
	at MessagePortMain.emit (node:events:509:28)
	at Object.emit (node:electron/js2c/utility_init:2:2934)
2026-09-12 15:31:48.342 [error] [vscode.emmet] provider FAILED
2026-09-12 15:31:48.342 [error] TypeError: Cannot read properties of undefined (reading 'start')
	at Jn.provideCompletionItemsInternal (/usr/lib/code/extensions/emmet/dist/node/emmetNodeMain.js:25:8333)
	at Jn.provideCompletionItems (/usr/lib/code/extensions/emmet/dist/node/emmetNodeMain.js:25:6806)
	at i.provideCompletionItems (file:///usr/lib/code/out/vs/workbench/api/node/extensionHostProcess.js:571:150417)
	at file:///usr/lib/code/out/vs/workbench/api/node/extensionHostProcess.js:571:178919
	at i._withAdapter (file:///usr/lib/code/out/vs/workbench/api/node/extensionHostProcess.js:571:167841)
	at i.$provideCompletionItems (file:///usr/lib/code/out/vs/workbench/api/node/extensionHostProcess.js:571:178896)
	at i._doInvokeHandler (file:///usr/lib/code/out/vs/workbench/api/node/extensionHostProcess.js:435:111586)
	at i._invokeHandler (file:///usr/lib/code/out/vs/workbench/api/node/extensionHostProcess.js:435:111334)
	at i._receiveRequest (file:///usr/lib/code/out/vs/workbench/api/node/extensionHostProcess.js:435:110023)
	at i._receiveOneMessage (file:///usr/lib/code/out/vs/workbench/api/node/extensionHostProcess.js:435:108912)
	at Op.value (file:///usr/lib/code/out/vs/workbench/api/node/extensionHostProcess.js:435:106987)
	at T._deliver (file:///usr/lib/code/out/vs/workbench/api/node/extensionHostProcess.js:431:3617)
	at T.fire (file:///usr/lib/code/out/vs/workbench/api/node/extensionHostProcess.js:431:3935)
	at ys.fire (file:///usr/lib/code/out/vs/workbench/api/node/extensionHostProcess.js:433:8627)
	at Op.value (file:///usr/lib/code/out/vs/workbench/api/node/extensionHostProcess.js:853:10003)
	at T._deliver (file:///usr/lib/code/out/vs/workbench/api/node/extensionHostProcess.js:431:3617)
	at T.fire (file:///usr/lib/code/out/vs/workbench/api/node/extensionHostProcess.js:431:3935)
	at ys.fire (file:///usr/lib/code/out/vs/workbench/api/node/extensionHostProcess.js:433:8627)
	at MessagePortMain.<anonymous> (file:///usr/lib/code/out/vs/workbench/api/node/extensionHostProcess.js:853:8171)
	at MessagePortMain.emit (node:events:509:28)
	at Object.emit (node:electron/js2c/utility_init:2:2934)
2026-09-12 15:31:48.650 [error] [vscode.emmet] provider FAILED
2026-09-12 15:31:48.651 [error] TypeError: Cannot read properties of undefined (reading 'start')
	at Jn.provideCompletionItemsInternal (/usr/lib/code/extensions/emmet/dist/node/emmetNodeMain.js:25:8333)
	at Jn.provideCompletionItems (/usr/lib/code/extensions/emmet/dist/node/emmetNodeMain.js:25:6806)
	at i.provideCompletionItems (file:///usr/lib/code/out/vs/workbench/api/node/extensionHostProcess.js:571:150417)
	at file:///usr/lib/code/out/vs/workbench/api/node/extensionHostProcess.js:571:178919
	at i._withAdapter (file:///usr/lib/code/out/vs/workbench/api/node/extensionHostProcess.js:571:167841)
	at i.$provideCompletionItems (file:///usr/lib/code/out/vs/workbench/api/node/extensionHostProcess.js:571:178896)
	at i._doInvokeHandler (file:///usr/lib/code/out/vs/workbench/api/node/extensionHostProcess.js:435:111586)
	at i._invokeHandler (file:///usr/lib/code/out/vs/workbench/api/node/extensionHostProcess.js:435:111334)
	at i._receiveRequest (file:///usr/lib/code/out/vs/workbench/api/node/extensionHostProcess.js:435:110023)
	at i._receiveOneMessage (file:///usr/lib/code/out/vs/workbench/api/node/extensionHostProcess.js:435:108912)
	at Op.value (file:///usr/lib/code/out/vs/workbench/api/node/extensionHostProcess.js:435:106987)
	at T._deliver (file:///usr/lib/code/out/vs/workbench/api/node/extensionHostProcess.js:431:3617)
	at T.fire (file:///usr/lib/code/out/vs/workbench/api/node/extensionHostProcess.js:431:3935)
	at ys.fire (file:///usr/lib/code/out/vs/workbench/api/node/extensionHostProcess.js:433:8627)
	at Op.value (file:///usr/lib/code/out/vs/workbench/api/node/extensionHostProcess.js:853:10003)
	at T._deliver (file:///usr/lib/code/out/vs/workbench/api/node/extensionHostProcess.js:431:3617)
	at T.fire (file:///usr/lib/code/out/vs/workbench/api/node/extensionHostProcess.js:431:3935)
	at ys.fire (file:///usr/lib/code/out/vs/workbench/api/node/extensionHostProcess.js:433:8627)
	at MessagePortMain.<anonymous> (file:///usr/lib/code/out/vs/workbench/api/node/extensionHostProcess.js:853:8171)
	at MessagePortMain.emit (node:events:509:28)
	at Object.emit (node:electron/js2c/utility_init:2:2934)
2026-09-12 15:31:48.820 [error] [vscode.emmet] provider FAILED
2026-09-12 15:31:48.820 [error] TypeError: Cannot read properties of undefined (reading 'start')
	at Jn.provideCompletionItemsInternal (/usr/lib/code/extensions/emmet/dist/node/emmetNodeMain.js:25:8333)
	at Jn.provideCompletionItems (/usr/lib/code/extensions/emmet/dist/node/emmetNodeMain.js:25:6806)
	at i.provideCompletionItems (file:///usr/lib/code/out/vs/workbench/api/node/extensionHostProcess.js:571:150417)
	at file:///usr/lib/code/out/vs/workbench/api/node/extensionHostProcess.js:571:178919
	at i._withAdapter (file:///usr/lib/code/out/vs/workbench/api/node/extensionHostProcess.js:571:167841)
	at i.$provideCompletionItems (file:///usr/lib/code/out/vs/workbench/api/node/extensionHostProcess.js:571:178896)
	at i._doInvokeHandler (file:///usr/lib/code/out/vs/workbench/api/node/extensionHostProcess.js:435:111586)
	at i._invokeHandler (file:///usr/lib/code/out/vs/workbench/api/node/extensionHostProcess.js:435:111334)
	at i._receiveRequest (file:///usr/lib/code/out/vs/workbench/api/node/extensionHostProcess.js:435:110023)
	at i._receiveOneMessage (file:///usr/lib/code/out/vs/workbench/api/node/extensionHostProcess.js:435:108912)
	at Op.value (file:///usr/lib/code/out/vs/workbench/api/node/extensionHostProcess.js:435:106987)
	at T._deliver (file:///usr/lib/code/out/vs/workbench/api/node/extensionHostProcess.js:431:3617)
	at T.fire (file:///usr/lib/code/out/vs/workbench/api/node/extensionHostProcess.js:431:3935)
	at ys.fire (file:///usr/lib/code/out/vs/workbench/api/node/extensionHostProcess.js:433:8627)
	at Op.value (file:///usr/lib/code/out/vs/workbench/api/node/extensionHostProcess.js:853:10003)
	at T._deliver (file:///usr/lib/code/out/vs/workbench/api/node/extensionHostProcess.js:431:3617)
	at T.fire (file:///usr/lib/code/out/vs/workbench/api/node/extensionHostProcess.js:431:3935)
	at ys.fire (file:///usr/lib/code/out/vs/workbench/api/node/extensionHostProcess.js:433:8627)
	at MessagePortMain.<anonymous> (file:///usr/lib/code/out/vs/workbench/api/node/extensionHostProcess.js:853:8171)
	at MessagePortMain.emit (node:events:509:28)
	at Object.emit (node:electron/js2c/utility_init:2:2934)
2026-09-12 15:31:48.939 [error] [vscode.emmet] provider FAILED
2026-09-12 15:31:48.939 [error] TypeError: Cannot read properties of undefined (reading 'start')
	at Jn.provideCompletionItemsInternal (/usr/lib/code/extensions/emmet/dist/node/emmetNodeMain.js:25:8333)
	at Jn.provideCompletionItems (/usr/lib/code/extensions/emmet/dist/node/emmetNodeMain.js:25:6806)
	at i.provideCompletionItems (file:///usr/lib/code/out/vs/workbench/api/node/extensionHostProcess.js:571:150417)
	at file:///usr/lib/code/out/vs/workbench/api/node/extensionHostProcess.js:571:178919
	at i._withAdapter (file:///usr/lib/code/out/vs/workbench/api/node/extensionHostProcess.js:571:167841)
	at i.$provideCompletionItems (file:///usr/lib/code/out/vs/workbench/api/node/extensionHostProcess.js:571:178896)
	at i._doInvokeHandler (file:///usr/lib/code/out/vs/workbench/api/node/extensionHostProcess.js:435:111586)
	at i._invokeHandler (file:///usr/lib/code/out/vs/workbench/api/node/extensionHostProcess.js:435:111334)
	at i._receiveRequest (file:///usr/lib/code/out/vs/workbench/api/node/extensionHostProcess.js:435:110023)
	at i._receiveOneMessage (file:///usr/lib/code/out/vs/workbench/api/node/extensionHostProcess.js:435:108912)
	at Op.value (file:///usr/lib/code/out/vs/workbench/api/node/extensionHostProcess.js:435:106987)
	at T._deliver (file:///usr/lib/code/out/vs/workbench/api/node/extensionHostProcess.js:431:3617)
	at T.fire (file:///usr/lib/code/out/vs/workbench/api/node/extensionHostProcess.js:431:3935)
	at ys.fire (file:///usr/lib/code/out/vs/workbench/api/node/extensionHostProcess.js:433:8627)
	at Op.value (file:///usr/lib/code/out/vs/workbench/api/node/extensionHostProcess.js:853:10003)
	at T._deliver (file:///usr/lib/code/out/vs/workbench/api/node/extensionHostProcess.js:431:3617)
	at T.fire (file:///usr/lib/code/out/vs/workbench/api/node/extensionHostProcess.js:431:3935)
	at ys.fire (file:///usr/lib/code/out/vs/workbench/api/node/extensionHostProcess.js:433:8627)
	at MessagePortMain.<anonymous> (file:///usr/lib/code/out/vs/workbench/api/node/extensionHostProcess.js:853:8171)
	at MessagePortMain.emit (node:events:509:28)
	at Object.emit (node:electron/js2c/utility_init:2:2934)
2026-09-12 15:31:49.716 [error] [vscode.emmet] provider FAILED
2026-09-12 15:31:49.716 [error] TypeError: Cannot read properties of undefined (reading 'start')
	at Jn.provideCompletionItemsInternal (/usr/lib/code/extensions/emmet/dist/node/emmetNodeMain.js:25:8333)
	at Jn.provideCompletionItems (/usr/lib/code/extensions/emmet/dist/node/emmetNodeMain.js:25:6806)
	at i.provideCompletionItems (file:///usr/lib/code/out/vs/workbench/api/node/extensionHostProcess.js:571:150417)
	at file:///usr/lib/code/out/vs/workbench/api/node/extensionHostProcess.js:571:178919
	at i._withAdapter (file:///usr/lib/code/out/vs/workbench/api/node/extensionHostProcess.js:571:167841)
	at i.$provideCompletionItems (file:///usr/lib/code/out/vs/workbench/api/node/extensionHostProcess.js:571:178896)
	at i._doInvokeHandler (file:///usr/lib/code/out/vs/workbench/api/node/extensionHostProcess.js:435:111586)
	at i._invokeHandler (file:///usr/lib/code/out/vs/workbench/api/node/extensionHostProcess.js:435:111334)
	at i._receiveRequest (file:///usr/lib/code/out/vs/workbench/api/node/extensionHostProcess.js:435:110023)
	at i._receiveOneMessage (file:///usr/lib/code/out/vs/workbench/api/node/extensionHostProcess.js:435:108912)
	at Op.value (file:///usr/lib/code/out/vs/workbench/api/node/extensionHostProcess.js:435:106987)
	at T._deliver (file:///usr/lib/code/out/vs/workbench/api/node/extensionHostProcess.js:431:3617)
	at T.fire (file:///usr/lib/code/out/vs/workbench/api/node/extensionHostProcess.js:431:3935)
	at ys.fire (file:///usr/lib/code/out/vs/workbench/api/node/extensionHostProcess.js:433:8627)
	at Op.value (file:///usr/lib/code/out/vs/workbench/api/node/extensionHostProcess.js:853:10003)
	at T._deliver (file:///usr/lib/code/out/vs/workbench/api/node/extensionHostProcess.js:431:3617)
	at T.fire (file:///usr/lib/code/out/vs/workbench/api/node/extensionHostProcess.js:431:3935)
	at ys.fire (file:///usr/lib/code/out/vs/workbench/api/node/extensionHostProcess.js:433:8627)
	at MessagePortMain.<anonymous> (file:///usr/lib/code/out/vs/workbench/api/node/extensionHostProcess.js:853:8171)
	at MessagePortMain.emit (node:events:509:28)
	at Object.emit (node:electron/js2c/utility_init:2:2934)
2026-09-12 15:31:50.319 [error] [vscode.emmet] provider FAILED
2026-09-12 15:31:50.319 [error] TypeError: Cannot read properties of undefined (reading 'start')
	at Jn.provideCompletionItemsInternal (/usr/lib/code/extensions/emmet/dist/node/emmetNodeMain.js:25:8333)
	at Jn.provideCompletionItems (/usr/lib/code/extensions/emmet/dist/node/emmetNodeMain.js:25:6806)
	at i.provideCompletionItems (file:///usr/lib/code/out/vs/workbench/api/node/extensionHostProcess.js:571:150417)
	at file:///usr/lib/code/out/vs/workbench/api/node/extensionHostProcess.js:571:178919
	at i._withAdapter (file:///usr/lib/code/out/vs/workbench/api/node/extensionHostProcess.js:571:167841)
	at i.$provideCompletionItems (file:///usr/lib/code/out/vs/workbench/api/node/extensionHostProcess.js:571:178896)
	at i._doInvokeHandler (file:///usr/lib/code/out/vs/workbench/api/node/extensionHostProcess.js:435:111586)
	at i._invokeHandler (file:///usr/lib/code/out/vs/workbench/api/node/extensionHostProcess.js:435:111334)
	at i._receiveRequest (file:///usr/lib/code/out/vs/workbench/api/node/extensionHostProcess.js:435:110023)
	at i._receiveOneMessage (file:///usr/lib/code/out/vs/workbench/api/node/extensionHostProcess.js:435:108912)
	at Op.value (file:///usr/lib/code/out/vs/workbench/api/node/extensionHostProcess.js:435:106987)
	at T._deliver (file:///usr/lib/code/out/vs/workbench/api/node/extensionHostProcess.js:431:3617)
	at T.fire (file:///usr/lib/code/out/vs/workbench/api/node/extensionHostProcess.js:431:3935)
	at ys.fire (file:///usr/lib/code/out/vs/workbench/api/node/extensionHostProcess.js:433:8627)
	at Op.value (file:///usr/lib/code/out/vs/workbench/api/node/extensionHostProcess.js:853:10003)
	at T._deliver (file:///usr/lib/code/out/vs/workbench/api/node/extensionHostProcess.js:431:3617)
	at T.fire (file:///usr/lib/code/out/vs/workbench/api/node/extensionHostProcess.js:431:3935)
	at ys.fire (file:///usr/lib/code/out/vs/workbench/api/node/extensionHostProcess.js:433:8627)
	at MessagePortMain.<anonymous> (file:///usr/lib/code/out/vs/workbench/api/node/extensionHostProcess.js:853:8171)
	at MessagePortMain.emit (node:events:509:28)
	at Object.emit (node:electron/js2c/utility_init:2:2934)
2026-09-12 15:31:50.751 [error] [vscode.emmet] provider FAILED
2026-09-12 15:31:50.751 [error] TypeError: Cannot read properties of undefined (reading 'start')
	at Jn.provideCompletionItemsInternal (/usr/lib/code/extensions/emmet/dist/node/emmetNodeMain.js:25:8333)
	at Jn.provideCompletionItems (/usr/lib/code/extensions/emmet/dist/node/emmetNodeMain.js:25:6806)
	at i.provideCompletionItems (file:///usr/lib/code/out/vs/workbench/api/node/extensionHostProcess.js:571:150417)
	at file:///usr/lib/code/out/vs/workbench/api/node/extensionHostProcess.js:571:178919
	at i._withAdapter (file:///usr/lib/code/out/vs/workbench/api/node/extensionHostProcess.js:571:167841)
	at i.$provideCompletionItems (file:///usr/lib/code/out/vs/workbench/api/node/extensionHostProcess.js:571:178896)
	at i._doInvokeHandler (file:///usr/lib/code/out/vs/workbench/api/node/extensionHostProcess.js:435:111586)
	at i._invokeHandler (file:///usr/lib/code/out/vs/workbench/api/node/extensionHostProcess.js:435:111334)
	at i._receiveRequest (file:///usr/lib/code/out/vs/workbench/api/node/extensionHostProcess.js:435:110023)
	at i._receiveOneMessage (file:///usr/lib/code/out/vs/workbench/api/node/extensionHostProcess.js:435:108912)
	at Op.value (file:///usr/lib/code/out/vs/workbench/api/node/extensionHostProcess.js:435:106987)
	at T._deliver (file:///usr/lib/code/out/vs/workbench/api/node/extensionHostProcess.js:431:3617)
	at T.fire (file:///usr/lib/code/out/vs/workbench/api/node/extensionHostProcess.js:431:3935)
	at ys.fire (file:///usr/lib/code/out/vs/workbench/api/node/extensionHostProcess.js:433:8627)
	at Op.value (file:///usr/lib/code/out/vs/workbench/api/node/extensionHostProcess.js:853:10003)
	at T._deliver (file:///usr/lib/code/out/vs/workbench/api/node/extensionHostProcess.js:431:3617)
	at T.fire (file:///usr/lib/code/out/vs/workbench/api/node/extensionHostProcess.js:431:3935)
	at ys.fire (file:///usr/lib/code/out/vs/workbench/api/node/extensionHostProcess.js:433:8627)
	at MessagePortMain.<anonymous> (file:///usr/lib/code/out/vs/workbench/api/node/extensionHostProcess.js:853:8171)
	at MessagePortMain.emit (node:events:509:28)
	at Object.emit (node:electron/js2c/utility_init:2:2934)
2026-09-12 15:31:57.260 [error] [vscode.emmet] provider FAILED
2026-09-12 15:31:57.260 [error] TypeError: Cannot read properties of undefined (reading 'start')
	at Jn.provideCompletionItemsInternal (/usr/lib/code/extensions/emmet/dist/node/emmetNodeMain.js:25:8333)
	at Jn.provideCompletionItems (/usr/lib/code/extensions/emmet/dist/node/emmetNodeMain.js:25:6806)
	at i.provideCompletionItems (file:///usr/lib/code/out/vs/workbench/api/node/extensionHostProcess.js:571:150417)
	at file:///usr/lib/code/out/vs/workbench/api/node/extensionHostProcess.js:571:178919
	at i._withAdapter (file:///usr/lib/code/out/vs/workbench/api/node/extensionHostProcess.js:571:167841)
	at i.$provideCompletionItems (file:///usr/lib/code/out/vs/workbench/api/node/extensionHostProcess.js:571:178896)
	at i._doInvokeHandler (file:///usr/lib/code/out/vs/workbench/api/node/extensionHostProcess.js:435:111586)
	at i._invokeHandler (file:///usr/lib/code/out/vs/workbench/api/node/extensionHostProcess.js:435:111334)
	at i._receiveRequest (file:///usr/lib/code/out/vs/workbench/api/node/extensionHostProcess.js:435:110023)
	at i._receiveOneMessage (file:///usr/lib/code/out/vs/workbench/api/node/extensionHostProcess.js:435:108912)
	at Op.value (file:///usr/lib/code/out/vs/workbench/api/node/extensionHostProcess.js:435:106987)
	at T._deliver (file:///usr/lib/code/out/vs/workbench/api/node/extensionHostProcess.js:431:3617)
	at T.fire (file:///usr/lib/code/out/vs/workbench/api/node/extensionHostProcess.js:431:3935)
	at ys.fire (file:///usr/lib/code/out/vs/workbench/api/node/extensionHostProcess.js:433:8627)
	at Op.value (file:///usr/lib/code/out/vs/workbench/api/node/extensionHostProcess.js:853:10003)
	at T._deliver (file:///usr/lib/code/out/vs/workbench/api/node/extensionHostProcess.js:431:3617)
	at T.fire (file:///usr/lib/code/out/vs/workbench/api/node/extensionHostProcess.js:431:3935)
	at ys.fire (file:///usr/lib/code/out/vs/workbench/api/node/extensionHostProcess.js:433:8627)
	at MessagePortMain.<anonymous> (file:///usr/lib/code/out/vs/workbench/api/node/extensionHostProcess.js:853:8171)
	at MessagePortMain.emit (node:events:509:28)
	at Object.emit (node:electron/js2c/utility_init:2:2934)
2026-09-12 15:31:57.547 [error] [vscode.emmet] provider FAILED
2026-09-12 15:31:57.548 [error] TypeError: Cannot read properties of undefined (reading 'start')
	at Jn.provideCompletionItemsInternal (/usr/lib/code/extensions/emmet/dist/node/emmetNodeMain.js:25:8333)
	at Jn.provideCompletionItems (/usr/lib/code/extensions/emmet/dist/node/emmetNodeMain.js:25:6806)
	at i.provideCompletionItems (file:///usr/lib/code/out/vs/workbench/api/node/extensionHostProcess.js:571:150417)
	at file:///usr/lib/code/out/vs/workbench/api/node/extensionHostProcess.js:571:178919
	at i._withAdapter (file:///usr/lib/code/out/vs/workbench/api/node/extensionHostProcess.js:571:167841)
	at i.$provideCompletionItems (file:///usr/lib/code/out/vs/workbench/api/node/extensionHostProcess.js:571:178896)
	at i._doInvokeHandler (file:///usr/lib/code/out/vs/workbench/api/node/extensionHostProcess.js:435:111586)
	at i._invokeHandler (file:///usr/lib/code/out/vs/workbench/api/node/extensionHostProcess.js:435:111334)
	at i._receiveRequest (file:///usr/lib/code/out/vs/workbench/api/node/extensionHostProcess.js:435:110023)
	at i._receiveOneMessage (file:///usr/lib/code/out/vs/workbench/api/node/extensionHostProcess.js:435:108912)
	at Op.value (file:///usr/lib/code/out/vs/workbench/api/node/extensionHostProcess.js:435:106987)
	at T._deliver (file:///usr/lib/code/out/vs/workbench/api/node/extensionHostProcess.js:431:3617)
	at T.fire (file:///usr/lib/code/out/vs/workbench/api/node/extensionHostProcess.js:431:3935)
	at ys.fire (file:///usr/lib/code/out/vs/workbench/api/node/extensionHostProcess.js:433:8627)
	at Op.value (file:///usr/lib/code/out/vs/workbench/api/node/extensionHostProcess.js:853:10003)
	at T._deliver (file:///usr/lib/code/out/vs/workbench/api/node/extensionHostProcess.js:431:3617)
	at T.fire (file:///usr/lib/code/out/vs/workbench/api/node/extensionHostProcess.js:431:3935)
	at ys.fire (file:///usr/lib/code/out/vs/workbench/api/node/extensionHostProcess.js:433:8627)
	at MessagePortMain.<anonymous> (file:///usr/lib/code/out/vs/workbench/api/node/extensionHostProcess.js:853:8171)
	at MessagePortMain.emit (node:events:509:28)
	at Object.emit (node:electron/js2c/utility_init:2:2934)
2026-09-12 15:31:57.768 [error] [vscode.emmet] provider FAILED
2026-09-12 15:31:57.768 [error] TypeError: Cannot read properties of undefined (reading 'start')
	at Jn.provideCompletionItemsInternal (/usr/lib/code/extensions/emmet/dist/node/emmetNodeMain.js:25:8333)
	at Jn.provideCompletionItems (/usr/lib/code/extensions/emmet/dist/node/emmetNodeMain.js:25:6806)
	at i.provideCompletionItems (file:///usr/lib/code/out/vs/workbench/api/node/extensionHostProcess.js:571:150417)
	at file:///usr/lib/code/out/vs/workbench/api/node/extensionHostProcess.js:571:178919
	at i._withAdapter (file:///usr/lib/code/out/vs/workbench/api/node/extensionHostProcess.js:571:167841)
	at i.$provideCompletionItems (file:///usr/lib/code/out/vs/workbench/api/node/extensionHostProcess.js:571:178896)
	at i._doInvokeHandler (file:///usr/lib/code/out/vs/workbench/api/node/extensionHostProcess.js:435:111586)
	at i._invokeHandler (file:///usr/lib/code/out/vs/workbench/api/node/extensionHostProcess.js:435:111334)
	at i._receiveRequest (file:///usr/lib/code/out/vs/workbench/api/node/extensionHostProcess.js:435:110023)
	at i._receiveOneMessage (file:///usr/lib/code/out/vs/workbench/api/node/extensionHostProcess.js:435:108912)
	at Op.value (file:///usr/lib/code/out/vs/workbench/api/node/extensionHostProcess.js:435:106987)
	at T._deliver (file:///usr/lib/code/out/vs/workbench/api/node/extensionHostProcess.js:431:3617)
	at T.fire (file:///usr/lib/code/out/vs/workbench/api/node/extensionHostProcess.js:431:3935)
	at ys.fire (file:///usr/lib/code/out/vs/workbench/api/node/extensionHostProcess.js:433:8627)
	at Op.value (file:///usr/lib/code/out/vs/workbench/api/node/extensionHostProcess.js:853:10003)
	at T._deliver (file:///usr/lib/code/out/vs/workbench/api/node/extensionHostProcess.js:431:3617)
	at T.fire (file:///usr/lib/code/out/vs/workbench/api/node/extensionHostProcess.js:431:3935)
	at ys.fire (file:///usr/lib/code/out/vs/workbench/api/node/extensionHostProcess.js:433:8627)
	at MessagePortMain.<anonymous> (file:///usr/lib/code/out/vs/workbench/api/node/extensionHostProcess.js:853:8171)
	at MessagePortMain.emit (node:events:509:28)
	at Object.emit (node:electron/js2c/utility_init:2:2934)
2026-09-12 15:31:58.273 [error] [vscode.emmet] provider FAILED
2026-09-12 15:31:58.273 [error] TypeError: Cannot read properties of undefined (reading 'start')
	at Jn.provideCompletionItemsInternal (/usr/lib/code/extensions/emmet/dist/node/emmetNodeMain.js:25:8333)
	at Jn.provideCompletionItems (/usr/lib/code/extensions/emmet/dist/node/emmetNodeMain.js:25:6806)
	at i.provideCompletionItems (file:///usr/lib/code/out/vs/workbench/api/node/extensionHostProcess.js:571:150417)
	at file:///usr/lib/code/out/vs/workbench/api/node/extensionHostProcess.js:571:178919
	at i._withAdapter (file:///usr/lib/code/out/vs/workbench/api/node/extensionHostProcess.js:571:167841)
	at i.$provideCompletionItems (file:///usr/lib/code/out/vs/workbench/api/node/extensionHostProcess.js:571:178896)
	at i._doInvokeHandler (file:///usr/lib/code/out/vs/workbench/api/node/extensionHostProcess.js:435:111586)
	at i._invokeHandler (file:///usr/lib/code/out/vs/workbench/api/node/extensionHostProcess.js:435:111334)
	at i._receiveRequest (file:///usr/lib/code/out/vs/workbench/api/node/extensionHostProcess.js:435:110023)
	at i._receiveOneMessage (file:///usr/lib/code/out/vs/workbench/api/node/extensionHostProcess.js:435:108912)
	at Op.value (file:///usr/lib/code/out/vs/workbench/api/node/extensionHostProcess.js:435:106987)
	at T._deliver (file:///usr/lib/code/out/vs/workbench/api/node/extensionHostProcess.js:431:3617)
	at T.fire (file:///usr/lib/code/out/vs/workbench/api/node/extensionHostProcess.js:431:3935)
	at ys.fire (file:///usr/lib/code/out/vs/workbench/api/node/extensionHostProcess.js:433:8627)
	at Op.value (file:///usr/lib/code/out/vs/workbench/api/node/extensionHostProcess.js:853:10003)
	at T._deliver (file:///usr/lib/code/out/vs/workbench/api/node/extensionHostProcess.js:431:3617)
	at T.fire (file:///usr/lib/code/out/vs/workbench/api/node/extensionHostProcess.js:431:3935)
	at ys.fire (file:///usr/lib/code/out/vs/workbench/api/node/extensionHostProcess.js:433:8627)
	at MessagePortMain.<anonymous> (file:///usr/lib/code/out/vs/workbench/api/node/extensionHostProcess.js:853:8171)
	at MessagePortMain.emit (node:events:509:28)
	at Object.emit (node:electron/js2c/utility_init:2:2934)
2026-09-12 15:31:58.806 [error] [vscode.emmet] provider FAILED
2026-09-12 15:31:58.806 [error] TypeError: Cannot read properties of undefined (reading 'start')
	at Jn.provideCompletionItemsInternal (/usr/lib/code/extensions/emmet/dist/node/emmetNodeMain.js:25:8333)
	at Jn.provideCompletionItems (/usr/lib/code/extensions/emmet/dist/node/emmetNodeMain.js:25:6806)
	at i.provideCompletionItems (file:///usr/lib/code/out/vs/workbench/api/node/extensionHostProcess.js:571:150417)
	at file:///usr/lib/code/out/vs/workbench/api/node/extensionHostProcess.js:571:178919
	at i._withAdapter (file:///usr/lib/code/out/vs/workbench/api/node/extensionHostProcess.js:571:167841)
	at i.$provideCompletionItems (file:///usr/lib/code/out/vs/workbench/api/node/extensionHostProcess.js:571:178896)
	at i._doInvokeHandler (file:///usr/lib/code/out/vs/workbench/api/node/extensionHostProcess.js:435:111586)
	at i._invokeHandler (file:///usr/lib/code/out/vs/workbench/api/node/extensionHostProcess.js:435:111334)
	at i._receiveRequest (file:///usr/lib/code/out/vs/workbench/api/node/extensionHostProcess.js:435:110023)
	at i._receiveOneMessage (file:///usr/lib/code/out/vs/workbench/api/node/extensionHostProcess.js:435:108912)
	at Op.value (file:///usr/lib/code/out/vs/workbench/api/node/extensionHostProcess.js:435:106987)
	at T._deliver (file:///usr/lib/code/out/vs/workbench/api/node/extensionHostProcess.js:431:3617)
	at T.fire (file:///usr/lib/code/out/vs/workbench/api/node/extensionHostProcess.js:431:3935)
	at ys.fire (file:///usr/lib/code/out/vs/workbench/api/node/extensionHostProcess.js:433:8627)
	at Op.value (file:///usr/lib/code/out/vs/workbench/api/node/extensionHostProcess.js:853:10003)
	at T._deliver (file:///usr/lib/code/out/vs/workbench/api/node/extensionHostProcess.js:431:3617)
	at T.fire (file:///usr/lib/code/out/vs/workbench/api/node/extensionHostProcess.js:431:3935)
	at ys.fire (file:///usr/lib/code/out/vs/workbench/api/node/extensionHostProcess.js:433:8627)
	at MessagePortMain.<anonymous> (file:///usr/lib/code/out/vs/workbench/api/node/extensionHostProcess.js:853:8171)
	at MessagePortMain.emit (node:events:509:28)
	at Object.emit (node:electron/js2c/utility_init:2:2934)
2026-09-12 15:31:59.087 [error] [vscode.emmet] provider FAILED
2026-09-12 15:31:59.087 [error] TypeError: Cannot read properties of undefined (reading 'start')
	at Jn.provideCompletionItemsInternal (/usr/lib/code/extensions/emmet/dist/node/emmetNodeMain.js:25:8333)
	at Jn.provideCompletionItems (/usr/lib/code/extensions/emmet/dist/node/emmetNodeMain.js:25:6806)
	at i.provideCompletionItems (file:///usr/lib/code/out/vs/workbench/api/node/extensionHostProcess.js:571:150417)
	at file:///usr/lib/code/out/vs/workbench/api/node/extensionHostProcess.js:571:178919
	at i._withAdapter (file:///usr/lib/code/out/vs/workbench/api/node/extensionHostProcess.js:571:167841)
	at i.$provideCompletionItems (file:///usr/lib/code/out/vs/workbench/api/node/extensionHostProcess.js:571:178896)
	at i._doInvokeHandler (file:///usr/lib/code/out/vs/workbench/api/node/extensionHostProcess.js:435:111586)
	at i._invokeHandler (file:///usr/lib/code/out/vs/workbench/api/node/extensionHostProcess.js:435:111334)
	at i._receiveRequest (file:///usr/lib/code/out/vs/workbench/api/node/extensionHostProcess.js:435:110023)
	at i._receiveOneMessage (file:///usr/lib/code/out/vs/workbench/api/node/extensionHostProcess.js:435:108912)
	at Op.value (file:///usr/lib/code/out/vs/workbench/api/node/extensionHostProcess.js:435:106987)
	at T._deliver (file:///usr/lib/code/out/vs/workbench/api/node/extensionHostProcess.js:431:3617)
	at T.fire (file:///usr/lib/code/out/vs/workbench/api/node/extensionHostProcess.js:431:3935)
	at ys.fire (file:///usr/lib/code/out/vs/workbench/api/node/extensionHostProcess.js:433:8627)
	at Op.value (file:///usr/lib/code/out/vs/workbench/api/node/extensionHostProcess.js:853:10003)
	at T._deliver (file:///usr/lib/code/out/vs/workbench/api/node/extensionHostProcess.js:431:3617)
	at T.fire (file:///usr/lib/code/out/vs/workbench/api/node/extensionHostProcess.js:431:3935)
	at ys.fire (file:///usr/lib/code/out/vs/workbench/api/node/extensionHostProcess.js:433:8627)
	at MessagePortMain.<anonymous> (file:///usr/lib/code/out/vs/workbench/api/node/extensionHostProcess.js:853:8171)
	at MessagePortMain.emit (node:events:509:28)
	at Object.emit (node:electron/js2c/utility_init:2:2934)
2026-09-12 15:31:59.425 [error] [vscode.emmet] provider FAILED
2026-09-12 15:31:59.426 [error] TypeError: Cannot read properties of undefined (reading 'start')
	at Jn.provideCompletionItemsInternal (/usr/lib/code/extensions/emmet/dist/node/emmetNodeMain.js:25:8333)
	at Jn.provideCompletionItems (/usr/lib/code/extensions/emmet/dist/node/emmetNodeMain.js:25:6806)
	at i.provideCompletionItems (file:///usr/lib/code/out/vs/workbench/api/node/extensionHostProcess.js:571:150417)
	at file:///usr/lib/code/out/vs/workbench/api/node/extensionHostProcess.js:571:178919
	at i._withAdapter (file:///usr/lib/code/out/vs/workbench/api/node/extensionHostProcess.js:571:167841)
	at i.$provideCompletionItems (file:///usr/lib/code/out/vs/workbench/api/node/extensionHostProcess.js:571:178896)
	at i._doInvokeHandler (file:///usr/lib/code/out/vs/workbench/api/node/extensionHostProcess.js:435:111586)
	at i._invokeHandler (file:///usr/lib/code/out/vs/workbench/api/node/extensionHostProcess.js:435:111334)
	at i._receiveRequest (file:///usr/lib/code/out/vs/workbench/api/node/extensionHostProcess.js:435:110023)
	at i._receiveOneMessage (file:///usr/lib/code/out/vs/workbench/api/node/extensionHostProcess.js:435:108912)
	at Op.value (file:///usr/lib/code/out/vs/workbench/api/node/extensionHostProcess.js:435:106987)
	at T._deliver (file:///usr/lib/code/out/vs/workbench/api/node/extensionHostProcess.js:431:3617)
	at T.fire (file:///usr/lib/code/out/vs/workbench/api/node/extensionHostProcess.js:431:3935)
	at ys.fire (file:///usr/lib/code/out/vs/workbench/api/node/extensionHostProcess.js:433:8627)
	at Op.value (file:///usr/lib/code/out/vs/workbench/api/node/extensionHostProcess.js:853:10003)
	at T._deliver (file:///usr/lib/code/out/vs/workbench/api/node/extensionHostProcess.js:431:3617)
	at T.fire (file:///usr/lib/code/out/vs/workbench/api/node/extensionHostProcess.js:431:3935)
	at ys.fire (file:///usr/lib/code/out/vs/workbench/api/node/extensionHostProcess.js:433:8627)
	at MessagePortMain.<anonymous> (file:///usr/lib/code/out/vs/workbench/api/node/extensionHostProcess.js:853:8171)
	at MessagePortMain.emit (node:events:509:28)
	at Object.emit (node:electron/js2c/utility_init:2:2934)
2026-09-12 15:31:59.671 [error] [vscode.emmet] provider FAILED
2026-09-12 15:31:59.671 [error] TypeError: Cannot read properties of undefined (reading 'start')
	at Jn.provideCompletionItemsInternal (/usr/lib/code/extensions/emmet/dist/node/emmetNodeMain.js:25:8333)
	at Jn.provideCompletionItems (/usr/lib/code/extensions/emmet/dist/node/emmetNodeMain.js:25:6806)
	at i.provideCompletionItems (file:///usr/lib/code/out/vs/workbench/api/node/extensionHostProcess.js:571:150417)
	at file:///usr/lib/code/out/vs/workbench/api/node/extensionHostProcess.js:571:178919
	at i._withAdapter (file:///usr/lib/code/out/vs/workbench/api/node/extensionHostProcess.js:571:167841)
	at i.$provideCompletionItems (file:///usr/lib/code/out/vs/workbench/api/node/extensionHostProcess.js:571:178896)
	at i._doInvokeHandler (file:///usr/lib/code/out/vs/workbench/api/node/extensionHostProcess.js:435:111586)
	at i._invokeHandler (file:///usr/lib/code/out/vs/workbench/api/node/extensionHostProcess.js:435:111334)
	at i._receiveRequest (file:///usr/lib/code/out/vs/workbench/api/node/extensionHostProcess.js:435:110023)
	at i._receiveOneMessage (file:///usr/lib/code/out/vs/workbench/api/node/extensionHostProcess.js:435:108912)
	at Op.value (file:///usr/lib/code/out/vs/workbench/api/node/extensionHostProcess.js:435:106987)
	at T._deliver (file:///usr/lib/code/out/vs/workbench/api/node/extensionHostProcess.js:431:3617)
	at T.fire (file:///usr/lib/code/out/vs/workbench/api/node/extensionHostProcess.js:431:3935)
	at ys.fire (file:///usr/lib/code/out/vs/workbench/api/node/extensionHostProcess.js:433:8627)
	at Op.value (file:///usr/lib/code/out/vs/workbench/api/node/extensionHostProcess.js:853:10003)
	at T._deliver (file:///usr/lib/code/out/vs/workbench/api/node/extensionHostProcess.js:431:3617)
	at T.fire (file:///usr/lib/code/out/vs/workbench/api/node/extensionHostProcess.js:431:3935)
	at ys.fire (file:///usr/lib/code/out/vs/workbench/api/node/extensionHostProcess.js:433:8627)
	at MessagePortMain.<anonymous> (file:///usr/lib/code/out/vs/workbench/api/node/extensionHostProcess.js:853:8171)
	at MessagePortMain.emit (node:events:509:28)
	at Object.emit (node:electron/js2c/utility_init:2:2934)
2026-09-12 15:31:59.923 [error] [vscode.emmet] provider FAILED
2026-09-12 15:31:59.923 [error] TypeError: Cannot read properties of undefined (reading 'start')
	at Jn.provideCompletionItemsInternal (/usr/lib/code/extensions/emmet/dist/node/emmetNodeMain.js:25:8333)
	at Jn.provideCompletionItems (/usr/lib/code/extensions/emmet/dist/node/emmetNodeMain.js:25:6806)
	at i.provideCompletionItems (file:///usr/lib/code/out/vs/workbench/api/node/extensionHostProcess.js:571:150417)
	at file:///usr/lib/code/out/vs/workbench/api/node/extensionHostProcess.js:571:178919
	at i._withAdapter (file:///usr/lib/code/out/vs/workbench/api/node/extensionHostProcess.js:571:167841)
	at i.$provideCompletionItems (file:///usr/lib/code/out/vs/workbench/api/node/extensionHostProcess.js:571:178896)
	at i._doInvokeHandler (file:///usr/lib/code/out/vs/workbench/api/node/extensionHostProcess.js:435:111586)
	at i._invokeHandler (file:///usr/lib/code/out/vs/workbench/api/node/extensionHostProcess.js:435:111334)
	at i._receiveRequest (file:///usr/lib/code/out/vs/workbench/api/node/extensionHostProcess.js:435:110023)
	at i._receiveOneMessage (file:///usr/lib/code/out/vs/workbench/api/node/extensionHostProcess.js:435:108912)
	at Op.value (file:///usr/lib/code/out/vs/workbench/api/node/extensionHostProcess.js:435:106987)
	at T._deliver (file:///usr/lib/code/out/vs/workbench/api/node/extensionHostProcess.js:431:3617)
	at T.fire (file:///usr/lib/code/out/vs/workbench/api/node/extensionHostProcess.js:431:3935)
	at ys.fire (file:///usr/lib/code/out/vs/workbench/api/node/extensionHostProcess.js:433:8627)
	at Op.value (file:///usr/lib/code/out/vs/workbench/api/node/extensionHostProcess.js:853:10003)
	at T._deliver (file:///usr/lib/code/out/vs/workbench/api/node/extensionHostProcess.js:431:3617)
	at T.fire (file:///usr/lib/code/out/vs/workbench/api/node/extensionHostProcess.js:431:3935)
	at ys.fire (file:///usr/lib/code/out/vs/workbench/api/node/extensionHostProcess.js:433:8627)
	at MessagePortMain.<anonymous> (file:///usr/lib/code/out/vs/workbench/api/node/extensionHostProcess.js:853:8171)
	at MessagePortMain.emit (node:events:509:28)
	at Object.emit (node:electron/js2c/utility_init:2:2934)
2026-09-12 15:32:00.091 [error] [vscode.emmet] provider FAILED
2026-09-12 15:32:00.091 [error] TypeError: Cannot read properties of undefined (reading 'start')
	at Jn.provideCompletionItemsInternal (/usr/lib/code/extensions/emmet/dist/node/emmetNodeMain.js:25:8333)
	at Jn.provideCompletionItems (/usr/lib/code/extensions/emmet/dist/node/emmetNodeMain.js:25:6806)
	at i.provideCompletionItems (file:///usr/lib/code/out/vs/workbench/api/node/extensionHostProcess.js:571:150417)
	at file:///usr/lib/code/out/vs/workbench/api/node/extensionHostProcess.js:571:178919
	at i._withAdapter (file:///usr/lib/code/out/vs/workbench/api/node/extensionHostProcess.js:571:167841)
	at i.$provideCompletionItems (file:///usr/lib/code/out/vs/workbench/api/node/extensionHostProcess.js:571:178896)
	at i._doInvokeHandler (file:///usr/lib/code/out/vs/workbench/api/node/extensionHostProcess.js:435:111586)
	at i._invokeHandler (file:///usr/lib/code/out/vs/workbench/api/node/extensionHostProcess.js:435:111334)
	at i._receiveRequest (file:///usr/lib/code/out/vs/workbench/api/node/extensionHostProcess.js:435:110023)
	at i._receiveOneMessage (file:///usr/lib/code/out/vs/workbench/api/node/extensionHostProcess.js:435:108912)
	at Op.value (file:///usr/lib/code/out/vs/workbench/api/node/extensionHostProcess.js:435:106987)
	at T._deliver (file:///usr/lib/code/out/vs/workbench/api/node/extensionHostProcess.js:431:3617)
	at T.fire (file:///usr/lib/code/out/vs/workbench/api/node/extensionHostProcess.js:431:3935)
	at ys.fire (file:///usr/lib/code/out/vs/workbench/api/node/extensionHostProcess.js:433:8627)
	at Op.value (file:///usr/lib/code/out/vs/workbench/api/node/extensionHostProcess.js:853:10003)
	at T._deliver (file:///usr/lib/code/out/vs/workbench/api/node/extensionHostProcess.js:431:3617)
	at T.fire (file:///usr/lib/code/out/vs/workbench/api/node/extensionHostProcess.js:431:3935)
	at ys.fire (file:///usr/lib/code/out/vs/workbench/api/node/extensionHostProcess.js:433:8627)
	at MessagePortMain.<anonymous> (file:///usr/lib/code/out/vs/workbench/api/node/extensionHostProcess.js:853:8171)
	at MessagePortMain.emit (node:events:509:28)
	at Object.emit (node:electron/js2c/utility_init:2:2934)
2026-09-12 17:38:24.942 [error] [ms-python.python] provider FAILED
2026-09-12 17:38:24.942 [error] Error: KeyError: 'done'
	at ae (/home/sadnane/.vscode-oss/extensions/ms-python.python-2026.4.0-universal/out/client/extension.js:2:2045190)
	at oe (/home/sadnane/.vscode-oss/extensions/ms-python.python-2026.4.0-universal/out/client/extension.js:2:2043156)
	at Immediate.<anonymous> (/home/sadnane/.vscode-oss/extensions/ms-python.python-2026.4.0-universal/out/client/extension.js:2:2039455)
	at process.processImmediate (node:internal/timers:504:21)
2026-09-12 17:45:00.487 [error] [ms-python.python] provider FAILED
2026-09-12 17:45:00.487 [error] Error: KeyError: 'done'
	at ae (/home/sadnane/.vscode-oss/extensions/ms-python.python-2026.4.0-universal/out/client/extension.js:2:2045190)
	at oe (/home/sadnane/.vscode-oss/extensions/ms-python.python-2026.4.0-universal/out/client/extension.js:2:2043156)
	at Immediate.<anonymous> (/home/sadnane/.vscode-oss/extensions/ms-python.python-2026.4.0-universal/out/client/extension.js:2:2039455)
	at process.processImmediate (node:internal/timers:504:21)
2026-09-12 17:58:25.927 [info] Extension host terminating: received terminate message from renderer
2026-09-12 17:58:25.951 [error] TypeError: Cannot read properties of undefined (reading 'subscriptions')
	at Object.re [as deactivate] (/home/sadnane/.vscode-oss/extensions/ms-python.vscode-python-envs-1.36.0-universal/dist/extension.js:2:770294)
	at D_._deactivate (file:///usr/lib/code/out/vs/workbench/api/node/extensionHostProcess.js:548:14930)
	at file:///usr/lib/code/out/vs/workbench/api/node/extensionHostProcess.js:548:12457
	at Array.map (<anonymous>)
	at D_._deactivateAll (file:///usr/lib/code/out/vs/workbench/api/node/extensionHostProcess.js:548:12445)
	at D_.terminate (file:///usr/lib/code/out/vs/workbench/api/node/extensionHostProcess.js:548:12796)
	at i.terminate (file:///usr/lib/code/out/vs/workbench/api/node/extensionHostProcess.js:550:1072)
	at pa (file:///usr/lib/code/out/vs/workbench/api/node/extensionHostProcess.js:853:11797)
	at Op.value (file:///usr/lib/code/out/vs/workbench/api/node/extensionHostProcess.js:853:9939)
	at T._deliver (file:///usr/lib/code/out/vs/workbench/api/node/extensionHostProcess.js:431:3617)
	at T.fire (file:///usr/lib/code/out/vs/workbench/api/node/extensionHostProcess.js:431:3935)
	at ys.fire (file:///usr/lib/code/out/vs/workbench/api/node/extensionHostProcess.js:433:8627)
	at MessagePortMain.<anonymous> (file:///usr/lib/code/out/vs/workbench/api/node/extensionHostProcess.js:853:8171)
	at MessagePortMain.emit (node:events:509:28)
	at Object.emit (node:electron/js2c/utility_init:2:2934)
2026-09-12 17:58:25.969 [info] Extension host with pid 1942 exiting with code 0
