2026-09-13 11:32:38.061 [info] [main] Log level: Info
2026-09-13 11:32:38.061 [info] [main] Validating found git in: "git"
2026-09-13 11:32:38.061 [info] [main] Using git "2.55.0" from "git"
2026-09-13 11:32:38.061 [info] [Model][doInitialScan] Initial repository scan started
2026-09-13 11:32:38.061 [info] > git rev-parse --show-toplevel [5ms]
2026-09-13 11:32:38.061 [info] > git rev-parse --git-dir --git-common-dir --show-superproject-working-tree [7ms]
2026-09-13 11:32:38.333 [info] [Model][openRepository] Opened repository (path): /home/sadnane/Saad-Programming
2026-09-13 11:32:38.333 [info] [Model][openRepository] Opened repository (real path): /home/sadnane/Saad-Programming
2026-09-13 11:32:38.333 [info] [Model][openRepository] Opened repository (kind): repository
2026-09-13 11:32:38.364 [info] > git config --get commit.template [13ms]
2026-09-13 11:32:38.365 [info] > git config --get --local core.virtualfilesystem [22ms]
2026-09-13 11:32:38.365 [warning] [Git][config] git config failed: Failed to execute git
2026-09-13 11:32:38.368 [info] > git rev-parse --show-toplevel [14ms]
2026-09-13 11:32:38.397 [info] > git for-each-ref --format=%(refname)%00%(upstream:short)%00%(objectname)%00%(upstream:track)%00%(upstream:remotename)%00%(upstream:remoteref) refs/heads/main refs/remotes/main [20ms]
2026-09-13 11:32:38.398 [info] > git rev-parse --show-toplevel [5ms]
2026-09-13 11:32:38.475 [info] > git rev-parse --show-toplevel [68ms]
2026-09-13 11:32:38.482 [info] > git for-each-ref --sort -committerdate --format %(refname)%00%(objectname)%00%(*objectname) [11ms]
2026-09-13 11:32:38.488 [info] > git rev-parse --show-toplevel [5ms]
2026-09-13 11:32:38.498 [info] > git rev-parse --show-toplevel [4ms]
2026-09-13 11:32:38.530 [info] > git rev-parse --show-toplevel [18ms]
2026-09-13 11:32:38.555 [info] > git rev-parse --show-toplevel [6ms]
2026-09-13 11:32:38.572 [info] > git rev-parse --show-toplevel [4ms]
2026-09-13 11:32:38.583 [info] > git rev-parse --show-toplevel [3ms]
2026-09-13 11:32:38.598 [info] > git rev-parse --show-toplevel [3ms]
2026-09-13 11:32:38.631 [info] > git rev-parse --git-dir --git-common-dir --show-superproject-working-tree [8ms]
2026-09-13 11:32:38.639 [info] > git status -z -uall [200ms]
2026-09-13 11:32:38.691 [info] > git for-each-ref --format=%(refname)%00%(upstream:short)%00%(objectname)%00%(upstream:track)%00%(upstream:remotename)%00%(upstream:remoteref) refs/heads/main refs/remotes/main [10ms]
2026-09-13 11:32:38.721 [info] > git config --get commit.template [30ms]
2026-09-13 11:32:38.726 [info] > git config --get --local branch.main.vscode-merge-base [8ms]
2026-09-13 11:32:40.761 [info] > git for-each-ref --format=%(refname)%00%(upstream:short)%00%(objectname)%00%(upstream:track)%00%(upstream:remotename)%00%(upstream:remoteref) refs/heads/main refs/remotes/main [2035ms]
2026-09-13 11:32:40.836 [info] [Model][openRepository] Opened repository (path): /home/sadnane/Saad-Programming/ble.sh
2026-09-13 11:32:40.836 [info] [Model][openRepository] Opened repository (real path): /home/sadnane/Saad-Programming/ble.sh
2026-09-13 11:32:40.836 [info] [Model][openRepository] Opened repository (kind): submodule
2026-09-13 11:32:41.221 [info] > git config --get --local core.virtualfilesystem [367ms]
2026-09-13 11:32:41.221 [warning] [Git][config] git config failed: Failed to execute git
2026-09-13 11:32:41.222 [info] > git for-each-ref --format=%(refname)%00%(upstream:short)%00%(objectname)%00%(upstream:track)%00%(upstream:remotename)%00%(upstream:remoteref) refs/heads/origin/main refs/remotes/origin/main [2488ms]
2026-09-13 11:32:41.377 [info] > git config --get commit.template [209ms]
2026-09-13 11:32:41.407 [info] > git check-ignore -v -z --stdin [34ms]
2026-09-13 11:32:41.408 [info] > git check-ignore -v -z --stdin [23ms]
2026-09-13 11:32:41.409 [info] > git merge-base refs/heads/main refs/remotes/origin/main [173ms]
2026-09-13 11:32:41.420 [info] > git rev-parse --show-toplevel [245ms]
2026-09-13 11:32:41.420 [info] [Model][doInitialScan] Initial repository scan completed - repositories (2), closed repositories (0), parent repositories (0), unsafe repositories (0)
2026-09-13 11:32:42.219 [info] > git status -z -uall [23ms]
2026-09-13 11:32:42.220 [info] > git diff --raw --numstat --diff-filter=ADMR -z --find-renames=50% b5fe8c5cac4c8927894bc2d9795512a91ca0da35...refs/remotes/origin/main -- [801ms]
2026-09-13 11:32:42.320 [info] > git show --textconv :Python/django/SOA/OrientationApp/templates/Orientation.html [85ms]
2026-09-13 11:32:42.371 [info] > git ls-files --stage -- Python/django/SOA/OrientationApp/templates/Orientation.html [117ms]
2026-09-13 11:32:42.379 [info] > git for-each-ref --format=%(refname)%00%(upstream:short)%00%(objectname)%00%(upstream:track)%00%(upstream:remotename)%00%(upstream:remoteref) refs/heads/master refs/remotes/master [162ms]
2026-09-13 11:32:42.379 [info] > git for-each-ref --sort -committerdate --format %(refname)%00%(objectname)%00%(*objectname) [174ms]
2026-09-13 11:32:42.402 [warning] [Git][revParse] Unable to read file: ENOENT: no such file or directory, open '/home/sadnane/Saad-Programming/ble.sh/.git/refs/remotes/origin/master'
2026-09-13 11:32:42.599 [info] > git cat-file -s 13af512edcfe005a9cf1a537e2d521be3548f5fe [221ms]
2026-09-13 11:32:42.680 [info] > git rev-parse refs/remotes/origin/master [278ms]
2026-09-13 11:32:42.720 [info] > git status -z -uall [31ms]
2026-09-13 11:32:42.727 [info] > git for-each-ref --sort -committerdate --format %(refname)%00%(objectname)%00%(*objectname) [31ms]
2026-09-13 11:32:42.841 [info] > git config --get commit.template [48ms]
2026-09-13 11:32:42.841 [info] > git for-each-ref --format=%(refname)%00%(upstream:short)%00%(objectname)%00%(upstream:track)%00%(upstream:remotename)%00%(upstream:remoteref) refs/heads/master refs/remotes/master [93ms]
2026-09-13 11:32:42.870 [info] > git config --get --local branch.master.vscode-merge-base [15ms]
2026-09-13 11:32:42.876 [info] > git for-each-ref --format=%(refname)%00%(upstream:short)%00%(objectname)%00%(upstream:track)%00%(upstream:remotename)%00%(upstream:remoteref) refs/heads/master refs/remotes/master [7ms]
2026-09-13 11:32:42.883 [warning] [Git][revParse] Unable to read file: ENOENT: no such file or directory, open '/home/sadnane/Saad-Programming/ble.sh/.git/refs/remotes/origin/master'
2026-09-13 11:32:42.886 [info] > git for-each-ref --format=%(refname)%00%(upstream:short)%00%(objectname)%00%(upstream:track)%00%(upstream:remotename)%00%(upstream:remoteref) refs/heads/origin/master refs/remotes/origin/master [11ms]
2026-09-13 11:32:42.892 [info] > git rev-parse refs/remotes/origin/master [9ms]
2026-09-13 11:32:42.913 [info] > git for-each-ref --sort -committerdate --format %(refname)%00%(objectname)%00%(*objectname) [2ms]
2026-09-13 11:32:42.915 [info] > git merge-base refs/heads/master refs/remotes/origin/master [24ms]
2026-09-13 11:32:42.975 [info] > git status -z -uall [73ms]
2026-09-13 11:32:42.975 [info] > git diff --raw --numstat --diff-filter=ADMR -z --find-renames=50% 95ae551dd687a0c61227839dda43f52ac7ea6631...refs/remotes/origin/master -- [26ms]
2026-09-13 11:32:43.001 [info] > git check-ignore -v -z --stdin [10ms]
2026-09-13 11:32:43.073 [info] > git blame --root --incremental b5fe8c5cac4c8927894bc2d9795512a91ca0da35 -- Python/django/SOA/OrientationApp/templates/Orientation.html [49ms]
2026-09-13 11:32:43.365 [info] > git check-ignore -v -z --stdin [73ms]
2026-09-13 11:32:43.505 [info] > git rev-parse --show-toplevel [3ms]
2026-09-13 11:32:43.523 [info] > git rev-parse --git-dir --git-common-dir --show-superproject-working-tree [11ms]
2026-09-13 11:32:43.576 [info] [Model][openRepository] Opened repository (path): /home/sadnane/Saad-Programming/ble.sh/contrib
2026-09-13 11:32:43.576 [info] [Model][openRepository] Opened repository (real path): /home/sadnane/Saad-Programming/ble.sh/contrib
2026-09-13 11:32:43.576 [info] [Model][openRepository] Opened repository (kind): submodule
2026-09-13 11:32:43.607 [info] > git config --get commit.template [6ms]
2026-09-13 11:32:43.607 [info] > git config --get --local core.virtualfilesystem [12ms]
2026-09-13 11:32:43.607 [warning] [Git][config] git config failed: Failed to execute git
2026-09-13 11:32:43.629 [info] > git for-each-ref --format %(refname)%00%(objectname)%00%(*objectname) refs/tags [10ms]
2026-09-13 11:32:43.663 [info] > git status -z -uall [17ms]
2026-09-13 11:32:43.665 [info] > git for-each-ref --sort -committerdate --format %(refname)%00%(objectname)%00%(*objectname) [8ms]
2026-09-13 11:32:43.705 [info] > git config --get commit.template [9ms]
2026-09-13 11:32:43.730 [info] > git for-each-ref --format %(refname)%00%(objectname)%00%(*objectname) refs/tags [15ms]
2026-09-13 11:32:43.817 [info] > git status -z -uall [77ms]
2026-09-13 11:32:43.821 [info] > git for-each-ref --sort -committerdate --format %(refname)%00%(objectname)%00%(*objectname) [69ms]
2026-09-13 11:32:43.917 [info] > git check-ignore -v -z --stdin [15ms]
2026-09-13 11:32:44.206 [info] > git check-ignore -v -z --stdin [18ms]
2026-09-13 11:32:44.898 [info] > git config --get commit.template [15ms]
2026-09-13 11:32:44.907 [info] > git for-each-ref --format=%(refname)%00%(upstream:short)%00%(objectname)%00%(upstream:track)%00%(upstream:remotename)%00%(upstream:remoteref) refs/heads/main refs/remotes/main [9ms]
2026-09-13 11:32:44.964 [info] > git status -z -uall [42ms]
2026-09-13 11:32:44.966 [info] > git for-each-ref --sort -committerdate --format %(refname)%00%(objectname)%00%(*objectname) [34ms]
2026-09-13 11:32:45.284 [info] > git check-ignore -v -z --stdin [2ms]
2026-09-13 11:33:10.863 [info] > git check-ignore -v -z --stdin [1ms]
2026-09-13 11:33:11.471 [info] > git check-ignore -v -z --stdin [2ms]
2026-09-13 11:33:11.807 [info] > git check-ignore -v -z --stdin [2ms]
2026-09-13 11:33:12.288 [info] > git check-ignore -v -z --stdin [2ms]
2026-09-13 11:33:12.743 [info] > git check-ignore -v -z --stdin [1ms]
2026-09-13 11:33:13.832 [info] > git check-ignore -v -z --stdin [2ms]
2026-09-13 11:33:14.654 [info] > git config --get commit.template [2ms]
2026-09-13 11:33:14.666 [info] > git for-each-ref --format=%(refname)%00%(upstream:short)%00%(objectname)%00%(upstream:track)%00%(upstream:remotename)%00%(upstream:remoteref) refs/heads/main refs/remotes/main [3ms]
2026-09-13 11:33:14.686 [info] > git for-each-ref --sort -committerdate --format %(refname)%00%(objectname)%00%(*objectname) [2ms]
2026-09-13 11:33:14.690 [info] > git status -z -uall [14ms]
2026-09-13 11:33:15.008 [info] > git check-ignore -v -z --stdin [2ms]
2026-09-13 11:33:18.271 [info] > git check-ignore -v -z --stdin [2ms]
2026-09-13 11:33:18.683 [info] > git check-ignore -v -z --stdin [2ms]
2026-09-13 11:33:19.168 [info] > git check-ignore -v -z --stdin [2ms]
2026-09-13 11:33:19.714 [info] > git config --get commit.template [6ms]
2026-09-13 11:33:19.715 [info] > git for-each-ref --format=%(refname)%00%(upstream:short)%00%(objectname)%00%(upstream:track)%00%(upstream:remotename)%00%(upstream:remoteref) refs/heads/main refs/remotes/main [2ms]
2026-09-13 11:33:19.725 [info] > git for-each-ref --sort -committerdate --format %(refname)%00%(objectname)%00%(*objectname) [1ms]
2026-09-13 11:33:19.730 [info] > git status -z -uall [11ms]
2026-09-13 11:33:19.836 [info] > git check-ignore -v -z --stdin [2ms]
2026-09-13 11:33:20.049 [info] > git check-ignore -v -z --stdin [1ms]
2026-09-13 11:33:24.755 [info] > git config --get commit.template [9ms]
2026-09-13 11:33:24.756 [info] > git for-each-ref --format=%(refname)%00%(upstream:short)%00%(objectname)%00%(upstream:track)%00%(upstream:remotename)%00%(upstream:remoteref) refs/heads/main refs/remotes/main [3ms]
2026-09-13 11:33:24.786 [info] > git status -z -uall [18ms]
2026-09-13 11:33:24.788 [info] > git for-each-ref --sort -committerdate --format %(refname)%00%(objectname)%00%(*objectname) [6ms]
2026-09-13 11:33:25.108 [info] > git check-ignore -v -z --stdin [2ms]
2026-09-13 11:33:38.816 [info] > git check-ignore -v -z --stdin [14ms]
2026-09-13 11:33:38.870 [info] > git show --textconv :Python/django/SOA/OrientationApp/views.py [10ms]
2026-09-13 11:33:38.873 [info] > git ls-files --stage -- Python/django/SOA/OrientationApp/views.py [5ms]
2026-09-13 11:33:38.883 [info] > git cat-file -s a409af7d5fe6ef2a9c6148795980612bca67ea42 [3ms]
2026-09-13 11:33:39.033 [info] > git blame --root --incremental b5fe8c5cac4c8927894bc2d9795512a91ca0da35 -- Python/django/SOA/OrientationApp/views.py [9ms]
2026-09-13 11:35:59.214 [info] > git check-ignore -v -z --stdin [1ms]
2026-09-13 11:35:59.571 [info] > git check-ignore -v -z --stdin [1ms]
2026-09-13 11:36:01.506 [info] > git config --get commit.template [22ms]
2026-09-13 11:36:01.511 [info] > git for-each-ref --format=%(refname)%00%(upstream:short)%00%(objectname)%00%(upstream:track)%00%(upstream:remotename)%00%(upstream:remoteref) refs/heads/main refs/remotes/main [8ms]
2026-09-13 11:36:01.551 [info] > git for-each-ref --sort -committerdate --format %(refname)%00%(objectname)%00%(*objectname) [6ms]
2026-09-13 11:36:01.560 [info] > git status -z -uall [30ms]
2026-09-13 11:36:01.894 [info] > git check-ignore -v -z --stdin [7ms]
2026-09-13 11:36:02.787 [info] > git check-ignore -v -z --stdin [2ms]
2026-09-13 11:36:03.601 [info] > git check-ignore -v -z --stdin [3ms]
2026-09-13 11:36:04.711 [info] > git check-ignore -v -z --stdin [3ms]
2026-09-13 11:36:06.048 [info] > git check-ignore -v -z --stdin [6ms]
2026-09-13 11:36:06.594 [info] > git config --get commit.template [12ms]
2026-09-13 11:36:06.595 [info] > git for-each-ref --format=%(refname)%00%(upstream:short)%00%(objectname)%00%(upstream:track)%00%(upstream:remotename)%00%(upstream:remoteref) refs/heads/main refs/remotes/main [3ms]
2026-09-13 11:36:06.625 [info] > git status -z -uall [19ms]
2026-09-13 11:36:06.628 [info] > git for-each-ref --sort -committerdate --format %(refname)%00%(objectname)%00%(*objectname) [3ms]
2026-09-13 11:36:06.968 [info] > git check-ignore -v -z --stdin [9ms]
2026-09-13 11:36:11.654 [info] > git config --get commit.template [7ms]
2026-09-13 11:36:11.655 [info] > git for-each-ref --format=%(refname)%00%(upstream:short)%00%(objectname)%00%(upstream:track)%00%(upstream:remotename)%00%(upstream:remoteref) refs/heads/main refs/remotes/main [1ms]
2026-09-13 11:36:11.666 [info] > git for-each-ref --sort -committerdate --format %(refname)%00%(objectname)%00%(*objectname) [2ms]
2026-09-13 11:36:11.670 [info] > git status -z -uall [10ms]
2026-09-13 11:36:11.996 [info] > git check-ignore -v -z --stdin [1ms]
2026-09-13 11:37:18.006 [info] > git check-ignore -v -z --stdin [2ms]
2026-09-13 11:37:18.027 [info] > git show --textconv :Python/django/SOA/OrientationApp/templates/Orientation.html [3ms]
2026-09-13 11:37:18.042 [info] > git ls-files --stage -- Python/django/SOA/OrientationApp/templates/Orientation.html [2ms]
2026-09-13 11:37:18.051 [info] > git cat-file -s 13af512edcfe005a9cf1a537e2d521be3548f5fe [1ms]
2026-09-13 11:38:09.056 [info] > git check-ignore -v -z --stdin [1ms]
2026-09-13 11:38:09.214 [info] > git show --textconv :Python/django/SOA/OrientationApp/views.py [20ms]
2026-09-13 11:38:09.216 [info] > git ls-files --stage -- Python/django/SOA/OrientationApp/views.py [12ms]
2026-09-13 11:38:09.233 [info] > git cat-file -s a409af7d5fe6ef2a9c6148795980612bca67ea42 [5ms]
2026-09-13 11:39:20.704 [info] > git check-ignore -v -z --stdin [3ms]
2026-09-13 11:39:20.761 [info] > git show --textconv :Python/django/SOA/OrientationApp/templates/Orientation.html [19ms]
2026-09-13 11:39:20.763 [info] > git ls-files --stage -- Python/django/SOA/OrientationApp/templates/Orientation.html [5ms]
2026-09-13 11:39:20.787 [info] > git cat-file -s 13af512edcfe005a9cf1a537e2d521be3548f5fe [10ms]
2026-09-13 11:40:55.083 [info] > git check-ignore -v -z --stdin [3ms]
2026-09-13 11:40:56.983 [info] > git config --get commit.template [4ms]
2026-09-13 11:40:56.984 [info] > git for-each-ref --format=%(refname)%00%(upstream:short)%00%(objectname)%00%(upstream:track)%00%(upstream:remotename)%00%(upstream:remoteref) refs/heads/main refs/remotes/main [1ms]
2026-09-13 11:40:56.996 [info] > git for-each-ref --sort -committerdate --format %(refname)%00%(objectname)%00%(*objectname) [2ms]
2026-09-13 11:40:56.999 [info] > git status -z -uall [10ms]
2026-09-13 11:40:57.034 [info] > git check-ignore -v -z --stdin [2ms]
2026-09-13 11:40:57.314 [info] > git check-ignore -v -z --stdin [1ms]
2026-09-13 11:40:58.949 [info] > git check-ignore -v -z --stdin [2ms]
2026-09-13 11:41:01.321 [info] > git check-ignore -v -z --stdin [2ms]
2026-09-13 11:41:02.015 [info] > git config --get commit.template [5ms]
2026-09-13 11:41:02.016 [info] > git for-each-ref --format=%(refname)%00%(upstream:short)%00%(objectname)%00%(upstream:track)%00%(upstream:remotename)%00%(upstream:remoteref) refs/heads/main refs/remotes/main [2ms]
2026-09-13 11:41:02.027 [info] > git for-each-ref --sort -committerdate --format %(refname)%00%(objectname)%00%(*objectname) [2ms]
2026-09-13 11:41:02.030 [info] > git status -z -uall [9ms]
2026-09-13 11:41:02.346 [info] > git check-ignore -v -z --stdin [3ms]
2026-09-13 11:41:03.495 [info] > git check-ignore -v -z --stdin [2ms]
2026-09-13 11:41:07.051 [info] > git config --get commit.template [5ms]
2026-09-13 11:41:07.052 [info] > git for-each-ref --format=%(refname)%00%(upstream:short)%00%(objectname)%00%(upstream:track)%00%(upstream:remotename)%00%(upstream:remoteref) refs/heads/main refs/remotes/main [1ms]
2026-09-13 11:41:07.062 [info] > git for-each-ref --sort -committerdate --format %(refname)%00%(objectname)%00%(*objectname) [2ms]
2026-09-13 11:41:07.065 [info] > git status -z -uall [9ms]
2026-09-13 11:41:07.392 [info] > git check-ignore -v -z --stdin [5ms]
2026-09-13 11:41:34.036 [info] > git check-ignore -v -z --stdin [2ms]
2026-09-13 11:41:35.932 [info] > git config --get commit.template [2ms]
2026-09-13 11:41:35.937 [info] > git for-each-ref --format=%(refname)%00%(upstream:short)%00%(objectname)%00%(upstream:track)%00%(upstream:remotename)%00%(upstream:remoteref) refs/heads/main refs/remotes/main [1ms]
2026-09-13 11:41:35.949 [info] > git for-each-ref --sort -committerdate --format %(refname)%00%(objectname)%00%(*objectname) [2ms]
2026-09-13 11:41:35.951 [info] > git status -z -uall [9ms]
2026-09-13 11:41:36.269 [info] > git check-ignore -v -z --stdin [2ms]
2026-09-13 11:41:45.239 [info] > git check-ignore -v -z --stdin [2ms]
2026-09-13 11:41:45.878 [info] > git check-ignore -v -z --stdin [2ms]
2026-09-13 11:41:50.596 [info] > git config --get commit.template [18ms]
2026-09-13 11:41:50.599 [info] > git for-each-ref --format=%(refname)%00%(upstream:short)%00%(objectname)%00%(upstream:track)%00%(upstream:remotename)%00%(upstream:remoteref) refs/heads/main refs/remotes/main [3ms]
2026-09-13 11:41:50.632 [info] > git for-each-ref --sort -committerdate --format %(refname)%00%(objectname)%00%(*objectname) [3ms]
2026-09-13 11:41:50.633 [info] > git status -z -uall [16ms]
2026-09-13 11:41:50.954 [info] > git check-ignore -v -z --stdin [2ms]
2026-09-13 11:44:08.114 [info] > git check-ignore -v -z --stdin [2ms]
2026-09-13 11:44:08.155 [info] > git show --textconv :Python/django/SOA/OrientationApp/views.py [13ms]
2026-09-13 11:44:08.174 [info] > git ls-files --stage -- Python/django/SOA/OrientationApp/views.py [18ms]
2026-09-13 11:44:08.194 [info] > git cat-file -s a409af7d5fe6ef2a9c6148795980612bca67ea42 [6ms]
2026-09-13 11:44:28.254 [info] > git check-ignore -v -z --stdin [7ms]
2026-09-13 11:44:28.382 [info] > git show --textconv :Python/django/SOA/OrientationApp/templates/Orientation.html [18ms]
2026-09-13 11:44:28.383 [info] > git ls-files --stage -- Python/django/SOA/OrientationApp/templates/Orientation.html [2ms]
2026-09-13 11:44:28.403 [info] > git cat-file -s 13af512edcfe005a9cf1a537e2d521be3548f5fe [9ms]
2026-09-13 11:44:52.567 [info] > git check-ignore -v -z --stdin [2ms]
2026-09-13 11:44:54.247 [info] > git check-ignore -v -z --stdin [2ms]
2026-09-13 11:44:54.478 [info] > git config --get commit.template [6ms]
2026-09-13 11:44:54.479 [info] > git for-each-ref --format=%(refname)%00%(upstream:short)%00%(objectname)%00%(upstream:track)%00%(upstream:remotename)%00%(upstream:remoteref) refs/heads/main refs/remotes/main [2ms]
2026-09-13 11:44:54.491 [info] > git for-each-ref --sort -committerdate --format %(refname)%00%(objectname)%00%(*objectname) [2ms]
2026-09-13 11:44:54.493 [info] > git status -z -uall [8ms]
2026-09-13 11:44:54.834 [info] > git check-ignore -v -z --stdin [1ms]
2026-09-13 11:44:55.443 [info] > git check-ignore -v -z --stdin [2ms]
2026-09-13 11:44:55.880 [info] > git check-ignore -v -z --stdin [2ms]
2026-09-13 11:44:57.350 [info] > git check-ignore -v -z --stdin [1ms]
2026-09-13 11:44:57.935 [info] > git check-ignore -v -z --stdin [2ms]
2026-09-13 11:44:58.184 [info] > git check-ignore -v -z --stdin [2ms]
2026-09-13 11:44:58.777 [info] > git check-ignore -v -z --stdin [2ms]
2026-09-13 11:44:59.515 [info] > git config --get commit.template [5ms]
2026-09-13 11:44:59.517 [info] > git for-each-ref --format=%(refname)%00%(upstream:short)%00%(objectname)%00%(upstream:track)%00%(upstream:remotename)%00%(upstream:remoteref) refs/heads/main refs/remotes/main [2ms]
2026-09-13 11:44:59.528 [info] > git for-each-ref --sort -committerdate --format %(refname)%00%(objectname)%00%(*objectname) [1ms]
2026-09-13 11:44:59.532 [info] > git status -z -uall [11ms]
2026-09-13 11:44:59.846 [info] > git check-ignore -v -z --stdin [2ms]
2026-09-13 11:45:00.257 [info] > git check-ignore -v -z --stdin [1ms]
2026-09-13 11:45:00.925 [info] > git check-ignore -v -z --stdin [1ms]
2026-09-13 11:45:01.268 [info] > git check-ignore -v -z --stdin [2ms]
2026-09-13 11:45:02.112 [info] > git check-ignore -v -z --stdin [1ms]
2026-09-13 11:45:04.555 [info] > git config --get commit.template [7ms]
2026-09-13 11:45:04.556 [info] > git for-each-ref --format=%(refname)%00%(upstream:short)%00%(objectname)%00%(upstream:track)%00%(upstream:remotename)%00%(upstream:remoteref) refs/heads/main refs/remotes/main [2ms]
2026-09-13 11:45:04.568 [info] > git for-each-ref --sort -committerdate --format %(refname)%00%(objectname)%00%(*objectname) [1ms]
2026-09-13 11:45:04.571 [info] > git status -z -uall [9ms]
2026-09-13 11:45:04.886 [info] > git check-ignore -v -z --stdin [1ms]
2026-09-13 11:45:05.857 [info] > git check-ignore -v -z --stdin [2ms]
2026-09-13 11:45:06.597 [info] > git check-ignore -v -z --stdin [1ms]
2026-09-13 11:45:07.754 [info] > git check-ignore -v -z --stdin [2ms]
2026-09-13 11:45:09.596 [info] > git config --get commit.template [11ms]
2026-09-13 11:45:09.598 [info] > git for-each-ref --format=%(refname)%00%(upstream:short)%00%(objectname)%00%(upstream:track)%00%(upstream:remotename)%00%(upstream:remoteref) refs/heads/main refs/remotes/main [4ms]
2026-09-13 11:45:09.645 [info] > git status -z -uall [37ms]
2026-09-13 11:45:09.646 [info] > git for-each-ref --sort -committerdate --format %(refname)%00%(objectname)%00%(*objectname) [27ms]
2026-09-13 11:45:10.016 [info] > git check-ignore -v -z --stdin [28ms]
2026-09-13 11:45:10.821 [info] > git check-ignore -v -z --stdin [10ms]
2026-09-13 11:45:10.848 [info] > git show --textconv :Python/django/SOA/OrientationApp/views.py [10ms]
2026-09-13 11:45:10.848 [info] > git ls-files --stage -- Python/django/SOA/OrientationApp/views.py [3ms]
2026-09-13 11:45:10.869 [info] > git cat-file -s a409af7d5fe6ef2a9c6148795980612bca67ea42 [3ms]
2026-09-13 11:45:14.670 [info] > git config --get commit.template [7ms]
2026-09-13 11:45:14.671 [info] > git for-each-ref --format=%(refname)%00%(upstream:short)%00%(objectname)%00%(upstream:track)%00%(upstream:remotename)%00%(upstream:remoteref) refs/heads/main refs/remotes/main [2ms]
2026-09-13 11:45:14.683 [info] > git for-each-ref --sort -committerdate --format %(refname)%00%(objectname)%00%(*objectname) [1ms]
2026-09-13 11:45:14.686 [info] > git status -z -uall [10ms]
2026-09-13 11:45:15.001 [info] > git check-ignore -v -z --stdin [1ms]
2026-09-13 11:45:21.442 [info] > git check-ignore -v -z --stdin [14ms]
2026-09-13 11:45:21.509 [info] > git show --textconv :Python/django/SOA/OrientationApp/templates/Orientation.html [29ms]
2026-09-13 11:45:21.517 [info] > git ls-files --stage -- Python/django/SOA/OrientationApp/templates/Orientation.html [10ms]
2026-09-13 11:45:21.540 [info] > git cat-file -s 13af512edcfe005a9cf1a537e2d521be3548f5fe [6ms]
2026-09-13 11:45:23.117 [info] > git check-ignore -v -z --stdin [1ms]
2026-09-13 11:45:23.379 [info] > git check-ignore -v -z --stdin [2ms]
2026-09-13 11:45:23.698 [info] > git check-ignore -v -z --stdin [2ms]
2026-09-13 11:45:24.113 [info] > git check-ignore -v -z --stdin [2ms]
2026-09-13 11:45:26.019 [info] > git config --get commit.template [18ms]
2026-09-13 11:45:26.024 [info] > git for-each-ref --format=%(refname)%00%(upstream:short)%00%(objectname)%00%(upstream:track)%00%(upstream:remotename)%00%(upstream:remoteref) refs/heads/main refs/remotes/main [6ms]
2026-09-13 11:45:26.064 [info] > git status -z -uall [22ms]
2026-09-13 11:45:26.066 [info] > git for-each-ref --sort -committerdate --format %(refname)%00%(objectname)%00%(*objectname) [3ms]
2026-09-13 11:45:26.089 [info] > git check-ignore -v -z --stdin [4ms]
2026-09-13 11:45:26.157 [info] > git show --textconv :Python/django/SOA/OrientationApp/views.py [19ms]
2026-09-13 11:45:26.158 [info] > git ls-files --stage -- Python/django/SOA/OrientationApp/views.py [5ms]
2026-09-13 11:45:26.165 [info] > git cat-file -s a409af7d5fe6ef2a9c6148795980612bca67ea42 [2ms]
2026-09-13 11:45:26.425 [info] > git check-ignore -v -z --stdin [13ms]
2026-09-13 11:45:33.431 [info] > git check-ignore -v -z --stdin [5ms]
2026-09-13 11:45:33.472 [info] > git show --textconv :Python/django/SOA/OrientationApp/templates/Orientation.html [10ms]
2026-09-13 11:45:33.474 [info] > git ls-files --stage -- Python/django/SOA/OrientationApp/templates/Orientation.html [4ms]
2026-09-13 11:45:33.490 [info] > git cat-file -s 13af512edcfe005a9cf1a537e2d521be3548f5fe [4ms]
2026-09-13 11:45:35.326 [info] > git check-ignore -v -z --stdin [2ms]
2026-09-13 11:45:35.761 [info] > git check-ignore -v -z --stdin [3ms]
2026-09-13 11:45:36.208 [info] > git check-ignore -v -z --stdin [3ms]
2026-09-13 11:45:36.535 [info] > git check-ignore -v -z --stdin [1ms]
2026-09-13 11:45:36.768 [info] > git check-ignore -v -z --stdin [2ms]
2026-09-13 11:45:37.386 [info] > git check-ignore -v -z --stdin [2ms]
2026-09-13 11:45:37.658 [info] > git check-ignore -v -z --stdin [1ms]
2026-09-13 11:45:38.015 [info] > git check-ignore -v -z --stdin [1ms]
2026-09-13 11:45:38.259 [info] > git check-ignore -v -z --stdin [2ms]
2026-09-13 11:45:38.827 [info] > git check-ignore -v -z --stdin [2ms]
2026-09-13 11:45:39.188 [info] > git check-ignore -v -z --stdin [3ms]
2026-09-13 11:45:40.999 [info] > git check-ignore -v -z --stdin [4ms]
2026-09-13 11:45:41.051 [info] > git show --textconv :Python/django/SOA/OrientationApp/views.py [14ms]
2026-09-13 11:45:41.053 [info] > git ls-files --stage -- Python/django/SOA/OrientationApp/views.py [3ms]
2026-09-13 11:45:41.064 [info] > git cat-file -s a409af7d5fe6ef2a9c6148795980612bca67ea42 [3ms]
2026-09-13 11:45:41.108 [info] > git config --get commit.template [5ms]
2026-09-13 11:45:41.124 [info] > git for-each-ref --format=%(refname)%00%(upstream:short)%00%(objectname)%00%(upstream:track)%00%(upstream:remotename)%00%(upstream:remoteref) refs/heads/main refs/remotes/main [1ms]
2026-09-13 11:45:41.150 [info] > git for-each-ref --sort -committerdate --format %(refname)%00%(objectname)%00%(*objectname) [4ms]
2026-09-13 11:45:41.151 [info] > git status -z -uall [19ms]
2026-09-13 11:45:41.546 [info] > git check-ignore -v -z --stdin [2ms]
2026-09-13 11:45:44.968 [info] > git check-ignore -v -z --stdin [5ms]
2026-09-13 11:45:45.005 [info] > git show --textconv :Python/django/SOA/OrientationApp/templates/Orientation.html [18ms]
2026-09-13 11:45:45.008 [info] > git ls-files --stage -- Python/django/SOA/OrientationApp/templates/Orientation.html [3ms]
2026-09-13 11:45:45.021 [info] > git cat-file -s 13af512edcfe005a9cf1a537e2d521be3548f5fe [3ms]
2026-09-13 11:45:47.685 [info] > git check-ignore -v -z --stdin [2ms]
2026-09-13 11:45:48.118 [info] > git check-ignore -v -z --stdin [4ms]
2026-09-13 11:45:50.014 [info] > git config --get commit.template [6ms]
2026-09-13 11:45:50.016 [info] > git for-each-ref --format=%(refname)%00%(upstream:short)%00%(objectname)%00%(upstream:track)%00%(upstream:remotename)%00%(upstream:remoteref) refs/heads/main refs/remotes/main [3ms]
2026-09-13 11:45:50.027 [info] > git for-each-ref --sort -committerdate --format %(refname)%00%(objectname)%00%(*objectname) [2ms]
2026-09-13 11:45:50.029 [info] > git status -z -uall [9ms]
2026-09-13 11:45:50.350 [info] > git check-ignore -v -z --stdin [2ms]
2026-09-13 11:45:50.993 [info] > git check-ignore -v -z --stdin [1ms]
2026-09-13 11:45:51.882 [info] > git check-ignore -v -z --stdin [1ms]
2026-09-13 11:45:52.471 [info] > git check-ignore -v -z --stdin [2ms]
2026-09-13 11:45:53.884 [info] > git check-ignore -v -z --stdin [2ms]
2026-09-13 11:45:55.055 [info] > git config --get commit.template [6ms]
2026-09-13 11:45:55.056 [info] > git for-each-ref --format=%(refname)%00%(upstream:short)%00%(objectname)%00%(upstream:track)%00%(upstream:remotename)%00%(upstream:remoteref) refs/heads/main refs/remotes/main [1ms]
2026-09-13 11:45:55.070 [info] > git for-each-ref --sort -committerdate --format %(refname)%00%(objectname)%00%(*objectname) [1ms]
2026-09-13 11:45:55.073 [info] > git status -z -uall [10ms]
2026-09-13 11:45:55.143 [info] > git check-ignore -v -z --stdin [3ms]
2026-09-13 11:45:55.632 [info] > git check-ignore -v -z --stdin [2ms]
2026-09-13 11:45:55.891 [info] > git check-ignore -v -z --stdin [3ms]
2026-09-13 11:45:56.226 [info] > git check-ignore -v -z --stdin [2ms]
2026-09-13 11:45:56.851 [info] > git check-ignore -v -z --stdin [2ms]
2026-09-13 11:45:57.567 [info] > git check-ignore -v -z --stdin [7ms]
2026-09-13 11:46:00.089 [info] > git config --get commit.template [5ms]
2026-09-13 11:46:00.092 [info] > git for-each-ref --format=%(refname)%00%(upstream:short)%00%(objectname)%00%(upstream:track)%00%(upstream:remotename)%00%(upstream:remoteref) refs/heads/main refs/remotes/main [4ms]
2026-09-13 11:46:00.102 [info] > git for-each-ref --sort -committerdate --format %(refname)%00%(objectname)%00%(*objectname) [2ms]
2026-09-13 11:46:00.105 [info] > git status -z -uall [8ms]
2026-09-13 11:46:00.423 [info] > git check-ignore -v -z --stdin [3ms]
2026-09-13 11:46:01.277 [info] > git check-ignore -v -z --stdin [12ms]
2026-09-13 11:46:02.962 [info] > git check-ignore -v -z --stdin [1ms]
2026-09-13 11:46:03.992 [info] > git check-ignore -v -z --stdin [1ms]
2026-09-13 11:46:04.193 [info] > git check-ignore -v -z --stdin [9ms]
2026-09-13 11:46:08.665 [info] > git config --get commit.template [6ms]
2026-09-13 11:46:08.666 [info] > git for-each-ref --format=%(refname)%00%(upstream:short)%00%(objectname)%00%(upstream:track)%00%(upstream:remotename)%00%(upstream:remoteref) refs/heads/main refs/remotes/main [2ms]
2026-09-13 11:46:08.677 [info] > git for-each-ref --sort -committerdate --format %(refname)%00%(objectname)%00%(*objectname) [1ms]
2026-09-13 11:46:08.679 [info] > git status -z -uall [8ms]
2026-09-13 11:46:09.004 [info] > git check-ignore -v -z --stdin [2ms]
2026-09-13 11:46:43.725 [info] > git check-ignore -v -z --stdin [2ms]
2026-09-13 11:46:45.623 [info] > git config --get commit.template [2ms]
2026-09-13 11:46:45.632 [info] > git for-each-ref --format=%(refname)%00%(upstream:short)%00%(objectname)%00%(upstream:track)%00%(upstream:remotename)%00%(upstream:remoteref) refs/heads/main refs/remotes/main [3ms]
2026-09-13 11:46:45.647 [info] > git for-each-ref --sort -committerdate --format %(refname)%00%(objectname)%00%(*objectname) [1ms]
2026-09-13 11:46:45.651 [info] > git status -z -uall [11ms]
2026-09-13 11:46:45.965 [info] > git check-ignore -v -z --stdin [2ms]
2026-09-13 11:46:50.672 [info] > git config --get commit.template [7ms]
2026-09-13 11:46:50.673 [info] > git for-each-ref --format=%(refname)%00%(upstream:short)%00%(objectname)%00%(upstream:track)%00%(upstream:remotename)%00%(upstream:remoteref) refs/heads/main refs/remotes/main [2ms]
2026-09-13 11:46:50.686 [info] > git for-each-ref --sort -committerdate --format %(refname)%00%(objectname)%00%(*objectname) [2ms]
2026-09-13 11:46:50.689 [info] > git status -z -uall [11ms]
2026-09-13 11:46:51.003 [info] > git check-ignore -v -z --stdin [2ms]
2026-09-13 11:49:38.404 [info] > git config --get commit.template [2ms]
2026-09-13 11:49:38.414 [info] > git for-each-ref --format=%(refname)%00%(upstream:short)%00%(objectname)%00%(upstream:track)%00%(upstream:remotename)%00%(upstream:remoteref) refs/heads/main refs/remotes/main [3ms]
2026-09-13 11:49:38.430 [info] > git for-each-ref --sort -committerdate --format %(refname)%00%(objectname)%00%(*objectname) [2ms]
2026-09-13 11:49:38.432 [info] > git status -z -uall [10ms]
2026-09-13 11:49:38.765 [info] > git check-ignore -v -z --stdin [2ms]
2026-09-13 12:09:04.581 [info] > git config --get commit.template [8ms]
2026-09-13 12:09:04.584 [info] > git for-each-ref --format=%(refname)%00%(upstream:short)%00%(objectname)%00%(upstream:track)%00%(upstream:remotename)%00%(upstream:remoteref) refs/heads/main refs/remotes/main [4ms]
2026-09-13 12:09:04.600 [info] > git for-each-ref --sort -committerdate --format %(refname)%00%(objectname)%00%(*objectname) [1ms]
2026-09-13 12:09:04.605 [info] > git status -z -uall [13ms]
2026-09-13 12:09:04.923 [info] > git check-ignore -v -z --stdin [2ms]
2026-09-13 12:09:09.646 [info] > git config --get commit.template [11ms]
2026-09-13 12:09:09.647 [info] > git for-each-ref --format=%(refname)%00%(upstream:short)%00%(objectname)%00%(upstream:track)%00%(upstream:remotename)%00%(upstream:remoteref) refs/heads/main refs/remotes/main [3ms]
2026-09-13 12:09:09.681 [info] > git status -z -uall [20ms]
2026-09-13 12:09:09.683 [info] > git for-each-ref --sort -committerdate --format %(refname)%00%(objectname)%00%(*objectname) [3ms]
2026-09-13 12:09:10.007 [info] > git check-ignore -v -z --stdin [2ms]
2026-09-13 12:10:06.224 [info] > git check-ignore -v -z --stdin [1ms]
2026-09-13 12:10:07.995 [info] > git check-ignore -v -z --stdin [2ms]
2026-09-13 12:10:08.121 [info] > git config --get commit.template [5ms]
2026-09-13 12:10:08.123 [info] > git for-each-ref --format=%(refname)%00%(upstream:short)%00%(objectname)%00%(upstream:track)%00%(upstream:remotename)%00%(upstream:remoteref) refs/heads/main refs/remotes/main [1ms]
2026-09-13 12:10:08.135 [info] > git for-each-ref --sort -committerdate --format %(refname)%00%(objectname)%00%(*objectname) [0ms]
2026-09-13 12:10:08.139 [info] > git status -z -uall [11ms]
2026-09-13 12:10:08.459 [info] > git check-ignore -v -z --stdin [4ms]
2026-09-13 12:10:08.665 [info] > git check-ignore -v -z --stdin [2ms]
2026-09-13 12:10:08.891 [info] > git check-ignore -v -z --stdin [2ms]
2026-09-13 12:10:13.190 [info] > git config --get commit.template [5ms]
2026-09-13 12:10:13.241 [info] > git for-each-ref --format=%(refname)%00%(upstream:short)%00%(objectname)%00%(upstream:track)%00%(upstream:remotename)%00%(upstream:remoteref) refs/heads/main refs/remotes/main [9ms]
2026-09-13 12:10:13.309 [info] > git status -z -uall [39ms]
2026-09-13 12:10:13.325 [info] > git for-each-ref --sort -committerdate --format %(refname)%00%(objectname)%00%(*objectname) [17ms]
2026-09-13 12:10:13.652 [info] > git check-ignore -v -z --stdin [2ms]
2026-09-13 12:10:18.353 [info] > git config --get commit.template [5ms]
2026-09-13 12:10:18.362 [info] > git for-each-ref --format=%(refname)%00%(upstream:short)%00%(objectname)%00%(upstream:track)%00%(upstream:remotename)%00%(upstream:remoteref) refs/heads/main refs/remotes/main [2ms]
2026-09-13 12:10:18.394 [info] > git for-each-ref --sort -committerdate --format %(refname)%00%(objectname)%00%(*objectname) [5ms]
2026-09-13 12:10:18.400 [info] > git status -z -uall [23ms]
2026-09-13 12:10:18.729 [info] > git check-ignore -v -z --stdin [3ms]
2026-09-13 12:10:23.283 [info] > git check-ignore -v -z --stdin [1ms]
2026-09-13 12:10:25.179 [info] > git config --get commit.template [5ms]
2026-09-13 12:10:25.181 [info] > git for-each-ref --format=%(refname)%00%(upstream:short)%00%(objectname)%00%(upstream:track)%00%(upstream:remotename)%00%(upstream:remoteref) refs/heads/main refs/remotes/main [2ms]
2026-09-13 12:10:25.190 [info] > git for-each-ref --sort -committerdate --format %(refname)%00%(objectname)%00%(*objectname) [1ms]
2026-09-13 12:10:25.195 [info] > git status -z -uall [10ms]
2026-09-13 12:10:25.510 [info] > git check-ignore -v -z --stdin [1ms]
2026-09-13 12:10:28.868 [info] > git check-ignore -v -z --stdin [2ms]
2026-09-13 12:10:29.590 [info] > git check-ignore -v -z --stdin [2ms]
2026-09-13 12:10:30.297 [info] > git check-ignore -v -z --stdin [1ms]
2026-09-13 12:10:31.048 [info] > git check-ignore -v -z --stdin [2ms]
2026-09-13 12:10:31.738 [info] > git check-ignore -v -z --stdin [1ms]
2026-09-13 12:10:31.978 [info] > git check-ignore -v -z --stdin [1ms]
2026-09-13 12:10:33.870 [info] > git config --get commit.template [5ms]
2026-09-13 12:10:33.871 [info] > git for-each-ref --format=%(refname)%00%(upstream:short)%00%(objectname)%00%(upstream:track)%00%(upstream:remotename)%00%(upstream:remoteref) refs/heads/main refs/remotes/main [2ms]
2026-09-13 12:10:33.886 [info] > git for-each-ref --sort -committerdate --format %(refname)%00%(objectname)%00%(*objectname) [1ms]
2026-09-13 12:10:33.889 [info] > git status -z -uall [10ms]
2026-09-13 12:10:34.204 [info] > git check-ignore -v -z --stdin [2ms]
2026-09-13 12:10:36.055 [info] > git check-ignore -v -z --stdin [5ms]
2026-09-13 12:10:36.260 [info] > git check-ignore -v -z --stdin [2ms]
2026-09-13 12:10:37.439 [info] > git check-ignore -v -z --stdin [2ms]
2026-09-13 12:10:37.682 [info] > git check-ignore -v -z --stdin [2ms]
2026-09-13 12:10:38.755 [info] > git check-ignore -v -z --stdin [1ms]
2026-09-13 12:10:38.903 [info] > git config --get commit.template [2ms]
2026-09-13 12:10:38.909 [info] > git for-each-ref --format=%(refname)%00%(upstream:short)%00%(objectname)%00%(upstream:track)%00%(upstream:remotename)%00%(upstream:remoteref) refs/heads/main refs/remotes/main [2ms]
2026-09-13 12:10:38.928 [info] > git for-each-ref --sort -committerdate --format %(refname)%00%(objectname)%00%(*objectname) [1ms]
2026-09-13 12:10:38.931 [info] > git status -z -uall [15ms]
2026-09-13 12:10:39.245 [info] > git check-ignore -v -z --stdin [2ms]
2026-09-13 12:10:40.387 [info] > git check-ignore -v -z --stdin [2ms]
2026-09-13 12:10:40.638 [info] > git check-ignore -v -z --stdin [1ms]
2026-09-13 12:10:43.950 [info] > git config --get commit.template [6ms]
2026-09-13 12:10:43.951 [info] > git for-each-ref --format=%(refname)%00%(upstream:short)%00%(objectname)%00%(upstream:track)%00%(upstream:remotename)%00%(upstream:remoteref) refs/heads/main refs/remotes/main [1ms]
2026-09-13 12:10:43.964 [info] > git for-each-ref --sort -committerdate --format %(refname)%00%(objectname)%00%(*objectname) [3ms]
2026-09-13 12:10:43.965 [info] > git status -z -uall [10ms]
2026-09-13 12:10:44.289 [info] > git check-ignore -v -z --stdin [2ms]
2026-09-13 12:10:49.017 [info] > git config --get commit.template [8ms]
2026-09-13 12:10:49.018 [info] > git for-each-ref --format=%(refname)%00%(upstream:short)%00%(objectname)%00%(upstream:track)%00%(upstream:remotename)%00%(upstream:remoteref) refs/heads/main refs/remotes/main [2ms]
2026-09-13 12:10:49.032 [info] > git for-each-ref --sort -committerdate --format %(refname)%00%(objectname)%00%(*objectname) [0ms]
2026-09-13 12:10:49.034 [info] > git status -z -uall [9ms]
2026-09-13 12:10:49.347 [info] > git check-ignore -v -z --stdin [1ms]
2026-09-13 12:10:54.054 [info] > git config --get commit.template [6ms]
2026-09-13 12:10:54.055 [info] > git for-each-ref --format=%(refname)%00%(upstream:short)%00%(objectname)%00%(upstream:track)%00%(upstream:remotename)%00%(upstream:remoteref) refs/heads/main refs/remotes/main [1ms]
2026-09-13 12:10:54.067 [info] > git for-each-ref --sort -committerdate --format %(refname)%00%(objectname)%00%(*objectname) [2ms]
2026-09-13 12:10:54.070 [info] > git status -z -uall [10ms]
2026-09-13 12:10:54.387 [info] > git check-ignore -v -z --stdin [2ms]
2026-09-13 12:12:48.548 [info] > git check-ignore -v -z --stdin [2ms]
2026-09-13 12:12:50.140 [info] > git check-ignore -v -z --stdin [2ms]
2026-09-13 12:12:50.679 [info] > git check-ignore -v -z --stdin [7ms]
2026-09-13 12:12:51.639 [info] > git check-ignore -v -z --stdin [1ms]
2026-09-13 12:12:52.249 [info] > git check-ignore -v -z --stdin [1ms]
2026-09-13 12:12:56.963 [info] > git check-ignore -v -z --stdin [2ms]
2026-09-13 12:12:57.437 [info] > git check-ignore -v -z --stdin [2ms]
2026-09-13 12:12:57.683 [info] > git check-ignore -v -z --stdin [1ms]
2026-09-13 12:12:57.987 [info] > git check-ignore -v -z --stdin [1ms]
2026-09-13 12:12:58.460 [info] > git check-ignore -v -z --stdin [3ms]
2026-09-13 12:12:59.223 [info] > git check-ignore -v -z --stdin [2ms]
2026-09-13 12:12:59.963 [info] > git check-ignore -v -z --stdin [2ms]
2026-09-13 12:13:00.479 [info] > git check-ignore -v -z --stdin [1ms]
2026-09-13 12:13:00.898 [info] > git check-ignore -v -z --stdin [2ms]
2026-09-13 12:13:02.017 [info] > git check-ignore -v -z --stdin [1ms]
2026-09-13 12:13:02.984 [info] > git check-ignore -v -z --stdin [1ms]
2026-09-13 12:13:13.032 [info] > git check-ignore -v -z --stdin [2ms]
2026-09-13 12:13:13.265 [info] > git check-ignore -v -z --stdin [1ms]
2026-09-13 12:13:14.301 [info] > git check-ignore -v -z --stdin [2ms]
2026-09-13 12:13:14.965 [info] > git check-ignore -v -z --stdin [2ms]
2026-09-13 12:13:16.392 [info] > git check-ignore -v -z --stdin [1ms]
2026-09-13 12:13:17.118 [info] > git check-ignore -v -z --stdin [2ms]
2026-09-13 12:13:19.553 [info] > git check-ignore -v -z --stdin [1ms]
2026-09-13 12:13:19.789 [info] > git check-ignore -v -z --stdin [1ms]
2026-09-13 12:13:21.186 [info] > git check-ignore -v -z --stdin [1ms]
2026-09-13 12:13:23.897 [info] > git check-ignore -v -z --stdin [2ms]
2026-09-13 12:13:24.638 [info] > git check-ignore -v -z --stdin [2ms]
2026-09-13 12:13:25.237 [info] > git check-ignore -v -z --stdin [4ms]
2026-09-13 12:13:25.586 [info] > git check-ignore -v -z --stdin [1ms]
2026-09-13 12:13:26.581 [info] > git check-ignore -v -z --stdin [2ms]
2026-09-13 12:13:26.798 [info] > git check-ignore -v -z --stdin [1ms]
2026-09-13 12:13:31.410 [info] > git check-ignore -v -z --stdin [2ms]
2026-09-13 12:13:31.786 [info] > git check-ignore -v -z --stdin [3ms]
2026-09-13 12:13:32.645 [info] > git check-ignore -v -z --stdin [1ms]
2026-09-13 12:13:32.999 [info] > git check-ignore -v -z --stdin [2ms]
2026-09-13 12:13:35.472 [info] > git check-ignore -v -z --stdin [2ms]
2026-09-13 12:13:36.101 [info] > git check-ignore -v -z --stdin [1ms]
2026-09-13 12:13:37.508 [info] > git check-ignore -v -z --stdin [2ms]
2026-09-13 12:13:40.633 [info] > git check-ignore -v -z --stdin [2ms]
2026-09-13 12:13:41.168 [info] > git check-ignore -v -z --stdin [1ms]
2026-09-13 12:13:41.969 [info] > git check-ignore -v -z --stdin [1ms]
2026-09-13 12:13:42.543 [info] > git check-ignore -v -z --stdin [3ms]
2026-09-13 12:13:48.287 [info] > git check-ignore -v -z --stdin [2ms]
2026-09-13 12:13:48.550 [info] > git check-ignore -v -z --stdin [1ms]
2026-09-13 12:13:49.411 [info] > git check-ignore -v -z --stdin [1ms]
2026-09-13 12:13:49.687 [info] > git check-ignore -v -z --stdin [2ms]
2026-09-13 12:13:49.976 [info] > git check-ignore -v -z --stdin [1ms]
2026-09-13 12:13:50.197 [info] > git check-ignore -v -z --stdin [2ms]
2026-09-13 12:13:51.226 [info] > git check-ignore -v -z --stdin [1ms]
2026-09-13 12:16:07.404 [info] > git config --get commit.template [14ms]
2026-09-13 12:16:07.405 [info] > git for-each-ref --format=%(refname)%00%(upstream:short)%00%(objectname)%00%(upstream:track)%00%(upstream:remotename)%00%(upstream:remoteref) refs/heads/main refs/remotes/main [2ms]
2026-09-13 12:16:07.431 [info] > git status -z -uall [17ms]
2026-09-13 12:16:07.437 [info] > git for-each-ref --sort -committerdate --format %(refname)%00%(objectname)%00%(*objectname) [8ms]
2026-09-13 12:16:07.775 [info] > git check-ignore -v -z --stdin [5ms]
2026-09-13 12:17:16.534 [info] > git config --get commit.template [19ms]
2026-09-13 12:17:16.537 [info] > git for-each-ref --format=%(refname)%00%(upstream:short)%00%(objectname)%00%(upstream:track)%00%(upstream:remotename)%00%(upstream:remoteref) refs/heads/main refs/remotes/main [11ms]
2026-09-13 12:17:16.571 [info] > git status -z -uall [15ms]
2026-09-13 12:17:16.580 [info] > git for-each-ref --sort -committerdate --format %(refname)%00%(objectname)%00%(*objectname) [10ms]
2026-09-13 12:17:16.931 [info] > git check-ignore -v -z --stdin [2ms]
2026-09-13 12:17:29.793 [info] > git check-ignore -v -z --stdin [2ms]
2026-09-13 12:17:30.559 [info] > git check-ignore -v -z --stdin [2ms]
2026-09-13 12:17:31.180 [info] > git check-ignore -v -z --stdin [2ms]
2026-09-13 12:17:31.519 [info] > git check-ignore -v -z --stdin [2ms]
2026-09-13 12:17:31.996 [info] > git check-ignore -v -z --stdin [2ms]
2026-09-13 12:17:33.889 [info] > git config --get commit.template [1ms]
2026-09-13 12:17:33.894 [info] > git for-each-ref --format=%(refname)%00%(upstream:short)%00%(objectname)%00%(upstream:track)%00%(upstream:remotename)%00%(upstream:remoteref) refs/heads/main refs/remotes/main [1ms]
2026-09-13 12:17:33.905 [info] > git for-each-ref --sort -committerdate --format %(refname)%00%(objectname)%00%(*objectname) [1ms]
2026-09-13 12:17:33.908 [info] > git status -z -uall [9ms]
2026-09-13 12:17:34.224 [info] > git check-ignore -v -z --stdin [2ms]
2026-09-13 12:18:42.394 [info] > git check-ignore -v -z --stdin [2ms]
2026-09-13 12:20:44.820 [info] > git check-ignore -v -z --stdin [2ms]
2026-09-13 12:20:46.719 [info] > git config --get commit.template [10ms]
2026-09-13 12:20:46.722 [info] > git for-each-ref --format=%(refname)%00%(upstream:short)%00%(objectname)%00%(upstream:track)%00%(upstream:remotename)%00%(upstream:remoteref) refs/heads/main refs/remotes/main [5ms]
2026-09-13 12:20:46.743 [info] > git status -z -uall [10ms]
2026-09-13 12:20:46.746 [info] > git for-each-ref --sort -committerdate --format %(refname)%00%(objectname)%00%(*objectname) [4ms]
2026-09-13 12:20:47.062 [info] > git check-ignore -v -z --stdin [2ms]
2026-09-13 12:20:52.777 [info] > git check-ignore -v -z --stdin [2ms]
2026-09-13 12:20:53.294 [info] > git check-ignore -v -z --stdin [2ms]
2026-09-13 12:20:55.198 [info] > git config --get commit.template [9ms]
2026-09-13 12:20:55.200 [info] > git for-each-ref --format=%(refname)%00%(upstream:short)%00%(objectname)%00%(upstream:track)%00%(upstream:remotename)%00%(upstream:remoteref) refs/heads/main refs/remotes/main [1ms]
2026-09-13 12:20:55.219 [info] > git for-each-ref --sort -committerdate --format %(refname)%00%(objectname)%00%(*objectname) [2ms]
2026-09-13 12:20:55.223 [info] > git status -z -uall [14ms]
2026-09-13 12:20:55.538 [info] > git check-ignore -v -z --stdin [2ms]
2026-09-13 12:21:09.645 [info] > git check-ignore -v -z --stdin [2ms]
2026-09-13 12:21:10.670 [info] > git check-ignore -v -z --stdin [2ms]
2026-09-13 12:21:11.547 [info] > git config --get commit.template [2ms]
2026-09-13 12:21:11.554 [info] > git for-each-ref --format=%(refname)%00%(upstream:short)%00%(objectname)%00%(upstream:track)%00%(upstream:remotename)%00%(upstream:remoteref) refs/heads/main refs/remotes/main [2ms]
2026-09-13 12:21:11.565 [info] > git for-each-ref --sort -committerdate --format %(refname)%00%(objectname)%00%(*objectname) [1ms]
2026-09-13 12:21:11.568 [info] > git status -z -uall [8ms]
2026-09-13 12:21:11.895 [info] > git check-ignore -v -z --stdin [2ms]
2026-09-13 12:21:12.115 [info] > git check-ignore -v -z --stdin [1ms]
2026-09-13 12:21:12.349 [info] > git check-ignore -v -z --stdin [2ms]
2026-09-13 12:21:14.113 [info] > git check-ignore -v -z --stdin [2ms]
2026-09-13 12:21:14.763 [info] > git check-ignore -v -z --stdin [2ms]
2026-09-13 12:21:15.893 [info] > git check-ignore -v -z --stdin [1ms]
2026-09-13 12:21:16.391 [info] > git check-ignore -v -z --stdin [2ms]
2026-09-13 12:21:16.598 [info] > git config --get commit.template [8ms]
2026-09-13 12:21:16.601 [info] > git for-each-ref --format=%(refname)%00%(upstream:short)%00%(objectname)%00%(upstream:track)%00%(upstream:remotename)%00%(upstream:remoteref) refs/heads/main refs/remotes/main [3ms]
2026-09-13 12:21:16.614 [info] > git for-each-ref --sort -committerdate --format %(refname)%00%(objectname)%00%(*objectname) [1ms]
2026-09-13 12:21:16.617 [info] > git status -z -uall [9ms]
2026-09-13 12:21:16.727 [info] > git check-ignore -v -z --stdin [1ms]
2026-09-13 12:21:16.948 [info] > git check-ignore -v -z --stdin [1ms]
2026-09-13 12:21:17.425 [info] > git check-ignore -v -z --stdin [1ms]
2026-09-13 12:21:17.833 [info] > git check-ignore -v -z --stdin [2ms]
2026-09-13 12:21:18.229 [info] > git check-ignore -v -z --stdin [1ms]
2026-09-13 12:21:18.645 [info] > git check-ignore -v -z --stdin [2ms]
2026-09-13 12:21:19.188 [info] > git check-ignore -v -z --stdin [2ms]
2026-09-13 12:21:20.900 [info] > git check-ignore -v -z --stdin [3ms]
2026-09-13 12:21:21.119 [info] > git check-ignore -v -z --stdin [2ms]
2026-09-13 12:21:21.628 [info] > git config --get commit.template [2ms]
2026-09-13 12:21:21.644 [info] > git for-each-ref --format=%(refname)%00%(upstream:short)%00%(objectname)%00%(upstream:track)%00%(upstream:remotename)%00%(upstream:remoteref) refs/heads/main refs/remotes/main [1ms]
2026-09-13 12:21:21.662 [info] > git for-each-ref --sort -committerdate --format %(refname)%00%(objectname)%00%(*objectname) [2ms]
2026-09-13 12:21:21.664 [info] > git status -z -uall [9ms]
2026-09-13 12:21:21.712 [info] > git check-ignore -v -z --stdin [3ms]
2026-09-13 12:21:22.084 [info] > git check-ignore -v -z --stdin [1ms]
2026-09-13 12:21:22.314 [info] > git check-ignore -v -z --stdin [2ms]
2026-09-13 12:21:23.737 [info] > git check-ignore -v -z --stdin [1ms]
2026-09-13 12:21:24.405 [info] > git check-ignore -v -z --stdin [6ms]
2026-09-13 12:21:24.605 [info] > git check-ignore -v -z --stdin [2ms]
2026-09-13 12:21:24.841 [info] > git check-ignore -v -z --stdin [2ms]
2026-09-13 12:21:25.292 [info] > git check-ignore -v -z --stdin [1ms]
2026-09-13 12:21:26.686 [info] > git config --get commit.template [8ms]
2026-09-13 12:21:26.688 [info] > git for-each-ref --format=%(refname)%00%(upstream:short)%00%(objectname)%00%(upstream:track)%00%(upstream:remotename)%00%(upstream:remoteref) refs/heads/main refs/remotes/main [4ms]
2026-09-13 12:21:26.706 [info] > git for-each-ref --sort -committerdate --format %(refname)%00%(objectname)%00%(*objectname) [3ms]
2026-09-13 12:21:26.709 [info] > git status -z -uall [14ms]
2026-09-13 12:21:27.027 [info] > git check-ignore -v -z --stdin [2ms]
2026-09-13 12:21:31.742 [info] > git config --get commit.template [12ms]
2026-09-13 12:21:31.744 [info] > git for-each-ref --format=%(refname)%00%(upstream:short)%00%(objectname)%00%(upstream:track)%00%(upstream:remotename)%00%(upstream:remoteref) refs/heads/main refs/remotes/main [3ms]
2026-09-13 12:21:31.769 [info] > git for-each-ref --sort -committerdate --format %(refname)%00%(objectname)%00%(*objectname) [3ms]
2026-09-13 12:21:31.772 [info] > git status -z -uall [17ms]
2026-09-13 12:21:32.091 [info] > git check-ignore -v -z --stdin [1ms]
2026-09-13 12:21:35.870 [info] > git check-ignore -v -z --stdin [2ms]
2026-09-13 12:21:37.758 [info] > git config --get commit.template [6ms]
2026-09-13 12:21:37.759 [info] > git for-each-ref --format=%(refname)%00%(upstream:short)%00%(objectname)%00%(upstream:track)%00%(upstream:remotename)%00%(upstream:remoteref) refs/heads/main refs/remotes/main [2ms]
2026-09-13 12:21:37.773 [info] > git for-each-ref --sort -committerdate --format %(refname)%00%(objectname)%00%(*objectname) [1ms]
2026-09-13 12:21:37.775 [info] > git status -z -uall [9ms]
2026-09-13 12:21:38.094 [info] > git check-ignore -v -z --stdin [1ms]
2026-09-13 12:21:42.794 [info] > git config --get commit.template [6ms]
2026-09-13 12:21:42.796 [info] > git for-each-ref --format=%(refname)%00%(upstream:short)%00%(objectname)%00%(upstream:track)%00%(upstream:remotename)%00%(upstream:remoteref) refs/heads/main refs/remotes/main [2ms]
2026-09-13 12:21:42.825 [info] > git for-each-ref --sort -committerdate --format %(refname)%00%(objectname)%00%(*objectname) [1ms]
2026-09-13 12:21:42.828 [info] > git status -z -uall [14ms]
2026-09-13 12:21:43.146 [info] > git check-ignore -v -z --stdin [2ms]
2026-09-13 12:21:52.343 [info] > git check-ignore -v -z --stdin [2ms]
2026-09-13 12:21:52.924 [info] > git check-ignore -v -z --stdin [1ms]
2026-09-13 12:21:53.320 [info] > git check-ignore -v -z --stdin [2ms]
2026-09-13 12:21:54.402 [info] > git check-ignore -v -z --stdin [2ms]
2026-09-13 12:21:54.583 [info] > git check-ignore -v -z --stdin [2ms]
2026-09-13 12:21:55.445 [info] > git check-ignore -v -z --stdin [2ms]
2026-09-13 12:21:55.766 [info] > git check-ignore -v -z --stdin [4ms]
2026-09-13 12:21:57.649 [info] > git config --get commit.template [2ms]
2026-09-13 12:21:57.656 [info] > git for-each-ref --format=%(refname)%00%(upstream:short)%00%(objectname)%00%(upstream:track)%00%(upstream:remotename)%00%(upstream:remoteref) refs/heads/main refs/remotes/main [2ms]
2026-09-13 12:21:57.672 [info] > git for-each-ref --sort -committerdate --format %(refname)%00%(objectname)%00%(*objectname) [2ms]
2026-09-13 12:21:57.676 [info] > git status -z -uall [11ms]
2026-09-13 12:21:57.996 [info] > git check-ignore -v -z --stdin [1ms]
2026-09-13 12:22:06.324 [info] > git check-ignore -v -z --stdin [2ms]
2026-09-13 12:22:06.611 [info] > git check-ignore -v -z --stdin [2ms]
2026-09-13 12:22:07.239 [info] > git check-ignore -v -z --stdin [1ms]
2026-09-13 12:22:07.930 [info] > git check-ignore -v -z --stdin [2ms]
2026-09-13 12:22:08.455 [info] > git check-ignore -v -z --stdin [1ms]
2026-09-13 12:22:09.195 [info] > git check-ignore -v -z --stdin [1ms]
2026-09-13 12:22:11.097 [info] > git config --get commit.template [6ms]
2026-09-13 12:22:11.100 [info] > git for-each-ref --format=%(refname)%00%(upstream:short)%00%(objectname)%00%(upstream:track)%00%(upstream:remotename)%00%(upstream:remoteref) refs/heads/main refs/remotes/main [4ms]
2026-09-13 12:22:11.122 [info] > git status -z -uall [10ms]
2026-09-13 12:22:11.122 [info] > git for-each-ref --sort -committerdate --format %(refname)%00%(objectname)%00%(*objectname) [4ms]
2026-09-13 12:22:11.451 [info] > git check-ignore -v -z --stdin [3ms]
2026-09-13 12:22:30.878 [info] > git check-ignore -v -z --stdin [3ms]
2026-09-13 12:22:32.761 [info] > git config --get commit.template [6ms]
2026-09-13 12:22:32.762 [info] > git for-each-ref --format=%(refname)%00%(upstream:short)%00%(objectname)%00%(upstream:track)%00%(upstream:remotename)%00%(upstream:remoteref) refs/heads/main refs/remotes/main [2ms]
2026-09-13 12:22:32.774 [info] > git for-each-ref --sort -committerdate --format %(refname)%00%(objectname)%00%(*objectname) [2ms]
2026-09-13 12:22:32.777 [info] > git status -z -uall [11ms]
2026-09-13 12:22:33.095 [info] > git check-ignore -v -z --stdin [2ms]
2026-09-13 12:22:36.288 [info] > git check-ignore -v -z --stdin [2ms]
2026-09-13 12:22:36.979 [info] > git check-ignore -v -z --stdin [11ms]
2026-09-13 12:22:38.869 [info] > git config --get commit.template [7ms]
2026-09-13 12:22:38.870 [info] > git for-each-ref --format=%(refname)%00%(upstream:short)%00%(objectname)%00%(upstream:track)%00%(upstream:remotename)%00%(upstream:remoteref) refs/heads/main refs/remotes/main [1ms]
2026-09-13 12:22:38.886 [info] > git for-each-ref --sort -committerdate --format %(refname)%00%(objectname)%00%(*objectname) [2ms]
2026-09-13 12:22:38.890 [info] > git status -z -uall [12ms]
2026-09-13 12:22:39.202 [info] > git check-ignore -v -z --stdin [1ms]
2026-09-13 12:22:39.484 [info] > git check-ignore -v -z --stdin [1ms]
2026-09-13 12:22:42.192 [info] > git check-ignore -v -z --stdin [2ms]
2026-09-13 12:22:43.908 [info] > git config --get commit.template [5ms]
2026-09-13 12:22:43.909 [info] > git for-each-ref --format=%(refname)%00%(upstream:short)%00%(objectname)%00%(upstream:track)%00%(upstream:remotename)%00%(upstream:remoteref) refs/heads/main refs/remotes/main [2ms]
2026-09-13 12:22:43.919 [info] > git for-each-ref --sort -committerdate --format %(refname)%00%(objectname)%00%(*objectname) [1ms]
2026-09-13 12:22:43.922 [info] > git status -z -uall [8ms]
2026-09-13 12:22:43.988 [info] > git check-ignore -v -z --stdin [3ms]
2026-09-13 12:22:44.242 [info] > git check-ignore -v -z --stdin [1ms]
2026-09-13 12:22:48.940 [info] > git config --get commit.template [7ms]
2026-09-13 12:22:48.941 [info] > git for-each-ref --format=%(refname)%00%(upstream:short)%00%(objectname)%00%(upstream:track)%00%(upstream:remotename)%00%(upstream:remoteref) refs/heads/main refs/remotes/main [2ms]
2026-09-13 12:22:48.958 [info] > git for-each-ref --sort -committerdate --format %(refname)%00%(objectname)%00%(*objectname) [2ms]
2026-09-13 12:22:48.960 [info] > git status -z -uall [10ms]
2026-09-13 12:22:49.321 [info] > git check-ignore -v -z --stdin [2ms]
2026-09-13 12:22:59.987 [info] > git check-ignore -v -z --stdin [2ms]
2026-09-13 12:23:01.883 [info] > git config --get commit.template [3ms]
2026-09-13 12:23:01.893 [info] > git for-each-ref --format=%(refname)%00%(upstream:short)%00%(objectname)%00%(upstream:track)%00%(upstream:remotename)%00%(upstream:remoteref) refs/heads/main refs/remotes/main [1ms]
2026-09-13 12:23:01.923 [info] > git status -z -uall [19ms]
2026-09-13 12:23:01.925 [info] > git for-each-ref --sort -committerdate --format %(refname)%00%(objectname)%00%(*objectname) [3ms]
2026-09-13 12:23:02.253 [info] > git check-ignore -v -z --stdin [6ms]
2026-09-13 12:23:06.943 [info] > git config --get commit.template [6ms]
2026-09-13 12:23:06.945 [info] > git for-each-ref --format=%(refname)%00%(upstream:short)%00%(objectname)%00%(upstream:track)%00%(upstream:remotename)%00%(upstream:remoteref) refs/heads/main refs/remotes/main [2ms]
2026-09-13 12:23:06.960 [info] > git for-each-ref --sort -committerdate --format %(refname)%00%(objectname)%00%(*objectname) [2ms]
2026-09-13 12:23:06.962 [info] > git status -z -uall [11ms]
2026-09-13 12:23:07.281 [info] > git check-ignore -v -z --stdin [1ms]
2026-09-13 12:23:10.707 [info] > git check-ignore -v -z --stdin [2ms]
2026-09-13 12:23:10.932 [info] > git check-ignore -v -z --stdin [2ms]
2026-09-13 12:23:11.694 [info] > git check-ignore -v -z --stdin [2ms]
2026-09-13 12:23:12.180 [info] > git check-ignore -v -z --stdin [2ms]
2026-09-13 12:23:12.530 [info] > git check-ignore -v -z --stdin [2ms]
2026-09-13 12:23:13.322 [info] > git check-ignore -v -z --stdin [2ms]
2026-09-13 12:23:13.688 [info] > git check-ignore -v -z --stdin [2ms]
2026-09-13 12:23:14.014 [info] > git check-ignore -v -z --stdin [1ms]
2026-09-13 12:23:14.562 [info] > git check-ignore -v -z --stdin [1ms]
2026-09-13 12:23:15.374 [info] > git check-ignore -v -z --stdin [2ms]
2026-09-13 12:23:15.646 [info] > git check-ignore -v -z --stdin [1ms]
2026-09-13 12:23:16.001 [info] > git check-ignore -v -z --stdin [3ms]
2026-09-13 12:23:16.286 [info] > git check-ignore -v -z --stdin [2ms]
2026-09-13 12:23:16.605 [info] > git check-ignore -v -z --stdin [1ms]
2026-09-13 12:23:17.454 [info] > git check-ignore -v -z --stdin [2ms]
2026-09-13 12:23:18.015 [info] > git check-ignore -v -z --stdin [1ms]
2026-09-13 12:23:19.908 [info] > git config --get commit.template [5ms]
2026-09-13 12:23:19.910 [info] > git for-each-ref --format=%(refname)%00%(upstream:short)%00%(objectname)%00%(upstream:track)%00%(upstream:remotename)%00%(upstream:remoteref) refs/heads/main refs/remotes/main [2ms]
2026-09-13 12:23:19.922 [info] > git for-each-ref --sort -committerdate --format %(refname)%00%(objectname)%00%(*objectname) [2ms]
2026-09-13 12:23:19.924 [info] > git status -z -uall [9ms]
2026-09-13 12:23:20.249 [info] > git check-ignore -v -z --stdin [2ms]
2026-09-13 12:23:24.692 [info] > git check-ignore -v -z --stdin [1ms]
2026-09-13 12:23:25.398 [info] > git check-ignore -v -z --stdin [2ms]
2026-09-13 12:23:26.231 [info] > git check-ignore -v -z --stdin [2ms]
2026-09-13 12:23:26.772 [info] > git check-ignore -v -z --stdin [4ms]
2026-09-13 12:23:27.006 [info] > git check-ignore -v -z --stdin [5ms]
2026-09-13 12:23:27.473 [info] > git check-ignore -v -z --stdin [1ms]
2026-09-13 12:23:27.866 [info] > git check-ignore -v -z --stdin [1ms]
2026-09-13 12:23:28.744 [info] > git check-ignore -v -z --stdin [2ms]
2026-09-13 12:23:30.659 [info] > git config --get commit.template [6ms]
2026-09-13 12:23:30.676 [info] > git for-each-ref --format=%(refname)%00%(upstream:short)%00%(objectname)%00%(upstream:track)%00%(upstream:remotename)%00%(upstream:remoteref) refs/heads/main refs/remotes/main [3ms]
2026-09-13 12:23:30.712 [info] > git for-each-ref --sort -committerdate --format %(refname)%00%(objectname)%00%(*objectname) [7ms]
2026-09-13 12:23:30.714 [info] > git status -z -uall [28ms]
2026-09-13 12:23:31.033 [info] > git check-ignore -v -z --stdin [2ms]
2026-09-13 12:23:31.752 [info] > git check-ignore -v -z --stdin [2ms]
2026-09-13 12:23:32.180 [info] > git check-ignore -v -z --stdin [4ms]
2026-09-13 12:23:32.458 [info] > git check-ignore -v -z --stdin [4ms]
2026-09-13 12:23:33.126 [info] > git check-ignore -v -z --stdin [2ms]
2026-09-13 12:23:33.463 [info] > git check-ignore -v -z --stdin [1ms]
2026-09-13 12:23:33.846 [info] > git check-ignore -v -z --stdin [2ms]
2026-09-13 12:23:35.749 [info] > git config --get commit.template [17ms]
2026-09-13 12:23:35.749 [info] > git for-each-ref --format=%(refname)%00%(upstream:short)%00%(objectname)%00%(upstream:track)%00%(upstream:remotename)%00%(upstream:remoteref) refs/heads/main refs/remotes/main [4ms]
2026-09-13 12:23:35.775 [info] > git for-each-ref --sort -committerdate --format %(refname)%00%(objectname)%00%(*objectname) [3ms]
2026-09-13 12:23:35.777 [info] > git status -z -uall [14ms]
2026-09-13 12:23:36.102 [info] > git check-ignore -v -z --stdin [2ms]
2026-09-13 12:23:37.046 [info] > git check-ignore -v -z --stdin [2ms]
2026-09-13 12:23:39.277 [info] > git check-ignore -v -z --stdin [1ms]
2026-09-13 12:23:41.184 [info] > git config --get commit.template [11ms]
2026-09-13 12:23:41.186 [info] > git for-each-ref --format=%(refname)%00%(upstream:short)%00%(objectname)%00%(upstream:track)%00%(upstream:remotename)%00%(upstream:remoteref) refs/heads/main refs/remotes/main [3ms]
2026-09-13 12:23:41.213 [info] > git status -z -uall [15ms]
2026-09-13 12:23:41.214 [info] > git for-each-ref --sort -committerdate --format %(refname)%00%(objectname)%00%(*objectname) [2ms]
2026-09-13 12:23:41.530 [info] > git check-ignore -v -z --stdin [2ms]
2026-09-13 12:23:45.834 [info] > git check-ignore -v -z --stdin [3ms]
2026-09-13 12:23:46.244 [info] > git check-ignore -v -z --stdin [2ms]
2026-09-13 12:23:46.791 [info] > git check-ignore -v -z --stdin [2ms]
2026-09-13 12:23:47.382 [info] > git check-ignore -v -z --stdin [2ms]
2026-09-13 12:23:49.266 [info] > git config --get commit.template [3ms]
2026-09-13 12:23:49.286 [info] > git for-each-ref --format=%(refname)%00%(upstream:short)%00%(objectname)%00%(upstream:track)%00%(upstream:remotename)%00%(upstream:remoteref) refs/heads/main refs/remotes/main [2ms]
2026-09-13 12:23:49.326 [info] > git status -z -uall [21ms]
2026-09-13 12:23:49.328 [info] > git for-each-ref --sort -committerdate --format %(refname)%00%(objectname)%00%(*objectname) [3ms]
2026-09-13 12:23:49.646 [info] > git check-ignore -v -z --stdin [1ms]
2026-09-13 12:23:49.975 [info] > git check-ignore -v -z --stdin [2ms]
2026-09-13 12:23:54.343 [info] > git config --get commit.template [8ms]
2026-09-13 12:23:54.344 [info] > git for-each-ref --format=%(refname)%00%(upstream:short)%00%(objectname)%00%(upstream:track)%00%(upstream:remotename)%00%(upstream:remoteref) refs/heads/main refs/remotes/main [2ms]
2026-09-13 12:23:54.362 [info] > git for-each-ref --sort -committerdate --format %(refname)%00%(objectname)%00%(*objectname) [4ms]
2026-09-13 12:23:54.364 [info] > git status -z -uall [14ms]
2026-09-13 12:23:54.700 [info] > git check-ignore -v -z --stdin [2ms]
2026-09-13 12:25:56.589 [info] > git check-ignore -v -z --stdin [2ms]
2026-09-13 12:25:57.115 [info] > git check-ignore -v -z --stdin [2ms]
2026-09-13 12:25:57.607 [info] > git check-ignore -v -z --stdin [3ms]
2026-09-13 12:25:58.025 [info] > git check-ignore -v -z --stdin [1ms]
2026-09-13 12:25:58.274 [info] > git check-ignore -v -z --stdin [1ms]
2026-09-13 12:25:58.493 [info] > git check-ignore -v -z --stdin [2ms]
2026-09-13 12:25:59.243 [info] > git check-ignore -v -z --stdin [1ms]
2026-09-13 12:25:59.529 [info] > git check-ignore -v -z --stdin [2ms]
2026-09-13 12:25:59.960 [info] > git check-ignore -v -z --stdin [2ms]
2026-09-13 12:26:00.181 [info] > git check-ignore -v -z --stdin [3ms]
2026-09-13 12:26:00.573 [info] > git check-ignore -v -z --stdin [1ms]
2026-09-13 12:26:02.458 [info] > git config --get commit.template [5ms]
2026-09-13 12:26:02.459 [info] > git for-each-ref --format=%(refname)%00%(upstream:short)%00%(objectname)%00%(upstream:track)%00%(upstream:remotename)%00%(upstream:remoteref) refs/heads/main refs/remotes/main [2ms]
2026-09-13 12:26:02.469 [info] > git for-each-ref --sort -committerdate --format %(refname)%00%(objectname)%00%(*objectname) [1ms]
2026-09-13 12:26:02.472 [info] > git status -z -uall [9ms]
2026-09-13 12:26:02.788 [info] > git check-ignore -v -z --stdin [2ms]
2026-09-13 12:26:03.087 [info] > git check-ignore -v -z --stdin [2ms]
2026-09-13 12:27:17.027 [info] > git config --get commit.template [4ms]
2026-09-13 12:27:17.036 [info] > git for-each-ref --format=%(refname)%00%(upstream:short)%00%(objectname)%00%(upstream:track)%00%(upstream:remotename)%00%(upstream:remoteref) refs/heads/main refs/remotes/main [1ms]
2026-09-13 12:27:17.071 [info] > git status -z -uall [28ms]
2026-09-13 12:27:17.074 [info] > git for-each-ref --sort -committerdate --format %(refname)%00%(objectname)%00%(*objectname) [4ms]
2026-09-13 12:27:17.411 [info] > git check-ignore -v -z --stdin [2ms]
2026-09-13 12:28:44.851 [info] > git check-ignore -v -z --stdin [2ms]
2026-09-13 12:28:46.634 [info] > git check-ignore -v -z --stdin [1ms]
2026-09-13 12:28:46.764 [info] > git config --get commit.template [6ms]
2026-09-13 12:28:46.765 [info] > git for-each-ref --format=%(refname)%00%(upstream:short)%00%(objectname)%00%(upstream:track)%00%(upstream:remotename)%00%(upstream:remoteref) refs/heads/main refs/remotes/main [2ms]
2026-09-13 12:28:46.776 [info] > git for-each-ref --sort -committerdate --format %(refname)%00%(objectname)%00%(*objectname) [1ms]
2026-09-13 12:28:46.781 [info] > git status -z -uall [10ms]
2026-09-13 12:28:47.095 [info] > git check-ignore -v -z --stdin [2ms]
2026-09-13 12:28:49.970 [info] > git check-ignore -v -z --stdin [1ms]
2026-09-13 12:28:50.823 [info] > git check-ignore -v -z --stdin [2ms]
2026-09-13 12:28:51.798 [info] > git config --get commit.template [7ms]
2026-09-13 12:28:51.799 [info] > git for-each-ref --format=%(refname)%00%(upstream:short)%00%(objectname)%00%(upstream:track)%00%(upstream:remotename)%00%(upstream:remoteref) refs/heads/main refs/remotes/main [1ms]
2026-09-13 12:28:51.811 [info] > git for-each-ref --sort -committerdate --format %(refname)%00%(objectname)%00%(*objectname) [2ms]
2026-09-13 12:28:51.814 [info] > git status -z -uall [10ms]
2026-09-13 12:28:52.136 [info] > git check-ignore -v -z --stdin [2ms]
2026-09-13 12:28:52.533 [info] > git check-ignore -v -z --stdin [2ms]
2026-09-13 12:28:54.624 [info] > git check-ignore -v -z --stdin [2ms]
2026-09-13 12:28:54.907 [info] > git check-ignore -v -z --stdin [1ms]
2026-09-13 12:28:55.515 [info] > git check-ignore -v -z --stdin [1ms]
2026-09-13 12:28:55.832 [info] > git check-ignore -v -z --stdin [2ms]
2026-09-13 12:28:56.421 [info] > git check-ignore -v -z --stdin [1ms]
2026-09-13 12:28:56.831 [info] > git config --get commit.template [0ms]
2026-09-13 12:28:56.840 [info] > git for-each-ref --format=%(refname)%00%(upstream:short)%00%(objectname)%00%(upstream:track)%00%(upstream:remotename)%00%(upstream:remoteref) refs/heads/main refs/remotes/main [1ms]
2026-09-13 12:28:56.850 [info] > git for-each-ref --sort -committerdate --format %(refname)%00%(objectname)%00%(*objectname) [1ms]
2026-09-13 12:28:56.853 [info] > git status -z -uall [8ms]
2026-09-13 12:28:57.170 [info] > git check-ignore -v -z --stdin [1ms]
2026-09-13 12:28:59.800 [info] > git check-ignore -v -z --stdin [2ms]
2026-09-13 12:29:00.493 [info] > git check-ignore -v -z --stdin [1ms]
2026-09-13 12:29:01.206 [info] > git check-ignore -v -z --stdin [1ms]
2026-09-13 12:29:01.762 [info] > git check-ignore -v -z --stdin [2ms]
2026-09-13 12:29:01.881 [info] > git config --get commit.template [17ms]
2026-09-13 12:29:01.884 [info] > git for-each-ref --format=%(refname)%00%(upstream:short)%00%(objectname)%00%(upstream:track)%00%(upstream:remotename)%00%(upstream:remoteref) refs/heads/main refs/remotes/main [4ms]
2026-09-13 12:29:01.902 [info] > git for-each-ref --sort -committerdate --format %(refname)%00%(objectname)%00%(*objectname) [2ms]
2026-09-13 12:29:01.905 [info] > git status -z -uall [12ms]
2026-09-13 12:29:02.221 [info] > git check-ignore -v -z --stdin [1ms]
2026-09-13 12:29:02.528 [info] > git check-ignore -v -z --stdin [2ms]
2026-09-13 12:29:02.880 [info] > git check-ignore -v -z --stdin [1ms]
2026-09-13 12:29:03.560 [info] > git check-ignore -v -z --stdin [2ms]
2026-09-13 12:29:03.970 [info] > git check-ignore -v -z --stdin [11ms]
2026-09-13 12:29:04.291 [info] > git check-ignore -v -z --stdin [1ms]
2026-09-13 12:29:05.115 [info] > git check-ignore -v -z --stdin [2ms]
2026-09-13 12:29:05.950 [info] > git check-ignore -v -z --stdin [1ms]
2026-09-13 12:29:06.308 [info] > git check-ignore -v -z --stdin [1ms]
2026-09-13 12:29:06.555 [info] > git check-ignore -v -z --stdin [2ms]
2026-09-13 12:29:06.943 [info] > git check-ignore -v -z --stdin [1ms]
2026-09-13 12:29:07.171 [info] > git check-ignore -v -z --stdin [2ms]
2026-09-13 12:29:07.636 [info] > git check-ignore -v -z --stdin [2ms]
2026-09-13 12:29:09.400 [info] > git check-ignore -v -z --stdin [2ms]
2026-09-13 12:29:09.525 [info] > git config --get commit.template [6ms]
2026-09-13 12:29:09.528 [info] > git for-each-ref --format=%(refname)%00%(upstream:short)%00%(objectname)%00%(upstream:track)%00%(upstream:remotename)%00%(upstream:remoteref) refs/heads/main refs/remotes/main [3ms]
2026-09-13 12:29:09.552 [info] > git for-each-ref --sort -committerdate --format %(refname)%00%(objectname)%00%(*objectname) [7ms]
2026-09-13 12:29:09.557 [info] > git status -z -uall [19ms]
2026-09-13 12:29:09.874 [info] > git check-ignore -v -z --stdin [1ms]
2026-09-13 12:29:11.730 [info] > git check-ignore -v -z --stdin [2ms]
2026-09-13 12:29:13.417 [info] > git check-ignore -v -z --stdin [2ms]
2026-09-13 12:29:14.578 [info] > git config --get commit.template [8ms]
2026-09-13 12:29:14.578 [info] > git for-each-ref --format=%(refname)%00%(upstream:short)%00%(objectname)%00%(upstream:track)%00%(upstream:remotename)%00%(upstream:remoteref) refs/heads/main refs/remotes/main [2ms]
2026-09-13 12:29:14.590 [info] > git for-each-ref --sort -committerdate --format %(refname)%00%(objectname)%00%(*objectname) [2ms]
2026-09-13 12:29:14.593 [info] > git status -z -uall [9ms]
2026-09-13 12:29:15.116 [info] > git check-ignore -v -z --stdin [1ms]
2026-09-13 12:29:15.826 [info] > git check-ignore -v -z --stdin [1ms]
2026-09-13 12:29:17.664 [info] > git check-ignore -v -z --stdin [2ms]
2026-09-13 12:29:18.935 [info] > git check-ignore -v -z --stdin [2ms]
2026-09-13 12:29:19.188 [info] > git check-ignore -v -z --stdin [2ms]
2026-09-13 12:29:19.609 [info] > git config --get commit.template [6ms]
2026-09-13 12:29:19.610 [info] > git for-each-ref --format=%(refname)%00%(upstream:short)%00%(objectname)%00%(upstream:track)%00%(upstream:remotename)%00%(upstream:remoteref) refs/heads/main refs/remotes/main [2ms]
2026-09-13 12:29:19.621 [info] > git for-each-ref --sort -committerdate --format %(refname)%00%(objectname)%00%(*objectname) [1ms]
2026-09-13 12:29:19.623 [info] > git status -z -uall [8ms]
2026-09-13 12:29:20.115 [info] > git check-ignore -v -z --stdin [3ms]
2026-09-13 12:29:20.443 [info] > git check-ignore -v -z --stdin [2ms]
2026-09-13 12:29:20.734 [info] > git check-ignore -v -z --stdin [1ms]
2026-09-13 12:29:20.947 [info] > git check-ignore -v -z --stdin [1ms]
2026-09-13 12:29:21.219 [info] > git check-ignore -v -z --stdin [2ms]
2026-09-13 12:29:22.016 [info] > git check-ignore -v -z --stdin [3ms]
2026-09-13 12:29:22.446 [info] > git check-ignore -v -z --stdin [1ms]
2026-09-13 12:29:23.103 [info] > git check-ignore -v -z --stdin [2ms]
2026-09-13 12:29:23.471 [info] > git check-ignore -v -z --stdin [2ms]
2026-09-13 12:29:23.834 [info] > git check-ignore -v -z --stdin [1ms]
2026-09-13 12:29:24.673 [info] > git check-ignore -v -z --stdin [1ms]
2026-09-13 12:29:25.720 [info] > git check-ignore -v -z --stdin [2ms]
2026-09-13 12:29:25.994 [info] > git check-ignore -v -z --stdin [2ms]
2026-09-13 12:29:26.566 [info] > git config --get commit.template [5ms]
2026-09-13 12:29:26.567 [info] > git for-each-ref --format=%(refname)%00%(upstream:short)%00%(objectname)%00%(upstream:track)%00%(upstream:remotename)%00%(upstream:remoteref) refs/heads/main refs/remotes/main [1ms]
2026-09-13 12:29:26.578 [info] > git for-each-ref --sort -committerdate --format %(refname)%00%(objectname)%00%(*objectname) [1ms]
2026-09-13 12:29:26.580 [info] > git status -z -uall [9ms]
2026-09-13 12:29:27.053 [info] > git check-ignore -v -z --stdin [1ms]
2026-09-13 12:29:28.583 [info] > git check-ignore -v -z --stdin [2ms]
2026-09-13 12:29:29.305 [info] > git check-ignore -v -z --stdin [2ms]
2026-09-13 12:29:29.989 [info] > git check-ignore -v -z --stdin [1ms]
2026-09-13 12:29:30.229 [info] > git check-ignore -v -z --stdin [2ms]
2026-09-13 12:29:31.598 [info] > git config --get commit.template [5ms]
2026-09-13 12:29:31.598 [info] > git for-each-ref --format=%(refname)%00%(upstream:short)%00%(objectname)%00%(upstream:track)%00%(upstream:remotename)%00%(upstream:remoteref) refs/heads/main refs/remotes/main [1ms]
2026-09-13 12:29:31.609 [info] > git for-each-ref --sort -committerdate --format %(refname)%00%(objectname)%00%(*objectname) [2ms]
2026-09-13 12:29:31.613 [info] > git status -z -uall [10ms]
2026-09-13 12:29:31.926 [info] > git check-ignore -v -z --stdin [2ms]
2026-09-13 12:29:32.657 [info] > git check-ignore -v -z --stdin [2ms]
2026-09-13 12:29:34.310 [info] > git check-ignore -v -z --stdin [2ms]
2026-09-13 12:29:36.406 [info] > git check-ignore -v -z --stdin [2ms]
2026-09-13 12:29:36.636 [info] > git config --get commit.template [10ms]
2026-09-13 12:29:36.639 [info] > git for-each-ref --format=%(refname)%00%(upstream:short)%00%(objectname)%00%(upstream:track)%00%(upstream:remotename)%00%(upstream:remoteref) refs/heads/main refs/remotes/main [4ms]
2026-09-13 12:29:36.663 [info] > git for-each-ref --sort -committerdate --format %(refname)%00%(objectname)%00%(*objectname) [4ms]
2026-09-13 12:29:36.666 [info] > git status -z -uall [14ms]
2026-09-13 12:29:36.985 [info] > git check-ignore -v -z --stdin [3ms]
2026-09-13 12:29:37.719 [info] > git check-ignore -v -z --stdin [2ms]
2026-09-13 12:29:40.572 [info] > git check-ignore -v -z --stdin [2ms]
2026-09-13 12:29:41.696 [info] > git config --get commit.template [11ms]
2026-09-13 12:29:41.698 [info] > git for-each-ref --format=%(refname)%00%(upstream:short)%00%(objectname)%00%(upstream:track)%00%(upstream:remotename)%00%(upstream:remoteref) refs/heads/main refs/remotes/main [3ms]
2026-09-13 12:29:41.718 [info] > git for-each-ref --sort -committerdate --format %(refname)%00%(objectname)%00%(*objectname) [5ms]
2026-09-13 12:29:41.727 [info] > git status -z -uall [21ms]
2026-09-13 12:29:42.056 [info] > git check-ignore -v -z --stdin [1ms]
2026-09-13 12:29:42.925 [info] > git check-ignore -v -z --stdin [2ms]
2026-09-13 12:29:43.302 [info] > git check-ignore -v -z --stdin [1ms]
2026-09-13 12:29:46.749 [info] > git config --get commit.template [9ms]
2026-09-13 12:29:46.750 [info] > git for-each-ref --format=%(refname)%00%(upstream:short)%00%(objectname)%00%(upstream:track)%00%(upstream:remotename)%00%(upstream:remoteref) refs/heads/main refs/remotes/main [3ms]
2026-09-13 12:29:46.768 [info] > git for-each-ref --sort -committerdate --format %(refname)%00%(objectname)%00%(*objectname) [2ms]
2026-09-13 12:29:46.769 [info] > git status -z -uall [11ms]
2026-09-13 12:29:47.085 [info] > git check-ignore -v -z --stdin [2ms]
2026-09-13 12:29:59.218 [info] > git check-ignore -v -z --stdin [1ms]
2026-09-13 12:29:59.751 [info] > git check-ignore -v -z --stdin [1ms]
2026-09-13 12:30:01.635 [info] > git config --get commit.template [1ms]
2026-09-13 12:30:01.654 [info] > git for-each-ref --format=%(refname)%00%(upstream:short)%00%(objectname)%00%(upstream:track)%00%(upstream:remotename)%00%(upstream:remoteref) refs/heads/main refs/remotes/main [5ms]
2026-09-13 12:30:01.684 [info] > git for-each-ref --sort -committerdate --format %(refname)%00%(objectname)%00%(*objectname) [3ms]
2026-09-13 12:30:01.688 [info] > git status -z -uall [15ms]
2026-09-13 12:30:02.004 [info] > git check-ignore -v -z --stdin [2ms]
2026-09-13 12:31:04.445 [info] > git check-ignore -v -z --stdin [2ms]
2026-09-13 12:31:05.833 [info] > git check-ignore -v -z --stdin [3ms]
2026-09-13 12:31:06.337 [info] > git config --get commit.template [1ms]
2026-09-13 12:31:06.345 [info] > git for-each-ref --format=%(refname)%00%(upstream:short)%00%(objectname)%00%(upstream:track)%00%(upstream:remotename)%00%(upstream:remoteref) refs/heads/main refs/remotes/main [2ms]
2026-09-13 12:31:06.368 [info] > git for-each-ref --sort -committerdate --format %(refname)%00%(objectname)%00%(*objectname) [8ms]
2026-09-13 12:31:06.370 [info] > git status -z -uall [17ms]
2026-09-13 12:31:06.684 [info] > git check-ignore -v -z --stdin [1ms]
2026-09-13 12:31:08.043 [info] > git check-ignore -v -z --stdin [2ms]
2026-09-13 12:31:08.297 [info] > git check-ignore -v -z --stdin [1ms]
2026-09-13 12:31:08.806 [info] > git check-ignore -v -z --stdin [1ms]
2026-09-13 12:31:09.059 [info] > git check-ignore -v -z --stdin [1ms]
2026-09-13 12:31:09.829 [info] > git check-ignore -v -z --stdin [1ms]
2026-09-13 12:31:10.101 [info] > git check-ignore -v -z --stdin [1ms]
2026-09-13 12:31:11.045 [info] > git check-ignore -v -z --stdin [2ms]
2026-09-13 12:31:11.387 [info] > git config --get commit.template [5ms]
2026-09-13 12:31:11.388 [info] > git for-each-ref --format=%(refname)%00%(upstream:short)%00%(objectname)%00%(upstream:track)%00%(upstream:remotename)%00%(upstream:remoteref) refs/heads/main refs/remotes/main [2ms]
2026-09-13 12:31:11.398 [info] > git for-each-ref --sort -committerdate --format %(refname)%00%(objectname)%00%(*objectname) [2ms]
2026-09-13 12:31:11.401 [info] > git status -z -uall [9ms]
2026-09-13 12:31:11.792 [info] > git check-ignore -v -z --stdin [1ms]
2026-09-13 12:31:12.065 [info] > git check-ignore -v -z --stdin [1ms]
2026-09-13 12:31:12.405 [info] > git check-ignore -v -z --stdin [1ms]
2026-09-13 12:31:12.758 [info] > git check-ignore -v -z --stdin [2ms]
2026-09-13 12:31:13.160 [info] > git check-ignore -v -z --stdin [3ms]
2026-09-13 12:31:13.475 [info] > git check-ignore -v -z --stdin [2ms]
2026-09-13 12:31:14.139 [info] > git check-ignore -v -z --stdin [1ms]
2026-09-13 12:31:14.809 [info] > git check-ignore -v -z --stdin [1ms]
2026-09-13 12:31:15.037 [info] > git check-ignore -v -z --stdin [1ms]
2026-09-13 12:31:15.383 [info] > git check-ignore -v -z --stdin [2ms]
2026-09-13 12:31:16.220 [info] > git check-ignore -v -z --stdin [2ms]
2026-09-13 12:31:16.859 [info] > git check-ignore -v -z --stdin [3ms]
2026-09-13 12:31:17.154 [info] > git check-ignore -v -z --stdin [2ms]
2026-09-13 12:31:18.337 [info] > git check-ignore -v -z --stdin [2ms]
2026-09-13 12:31:19.059 [info] > git config --get commit.template [6ms]
2026-09-13 12:31:19.060 [info] > git for-each-ref --format=%(refname)%00%(upstream:short)%00%(objectname)%00%(upstream:track)%00%(upstream:remotename)%00%(upstream:remoteref) refs/heads/main refs/remotes/main [2ms]
2026-09-13 12:31:19.070 [info] > git for-each-ref --sort -committerdate --format %(refname)%00%(objectname)%00%(*objectname) [2ms]
2026-09-13 12:31:19.073 [info] > git status -z -uall [9ms]
2026-09-13 12:31:19.090 [info] > git check-ignore -v -z --stdin [1ms]
2026-09-13 12:31:19.388 [info] > git check-ignore -v -z --stdin [1ms]
2026-09-13 12:31:20.953 [info] > git check-ignore -v -z --stdin [1ms]
2026-09-13 12:31:21.839 [info] > git check-ignore -v -z --stdin [1ms]
2026-09-13 12:31:24.096 [info] > git config --get commit.template [11ms]
2026-09-13 12:31:24.099 [info] > git for-each-ref --format=%(refname)%00%(upstream:short)%00%(objectname)%00%(upstream:track)%00%(upstream:remotename)%00%(upstream:remoteref) refs/heads/main refs/remotes/main [2ms]
2026-09-13 12:31:24.112 [info] > git for-each-ref --sort -committerdate --format %(refname)%00%(objectname)%00%(*objectname) [1ms]
2026-09-13 12:31:24.116 [info] > git status -z -uall [11ms]
2026-09-13 12:31:24.430 [info] > git check-ignore -v -z --stdin [1ms]
2026-09-13 12:31:25.716 [info] > git check-ignore -v -z --stdin [1ms]
2026-09-13 12:31:26.729 [info] > git check-ignore -v -z --stdin [1ms]
2026-09-13 12:31:27.337 [info] > git check-ignore -v -z --stdin [1ms]
2026-09-13 12:31:27.932 [info] > git check-ignore -v -z --stdin [2ms]
2026-09-13 12:31:28.351 [info] > git check-ignore -v -z --stdin [2ms]
2026-09-13 12:31:28.941 [info] > git check-ignore -v -z --stdin [2ms]
2026-09-13 12:31:29.126 [info] > git config --get commit.template [1ms]
2026-09-13 12:31:29.132 [info] > git for-each-ref --format=%(refname)%00%(upstream:short)%00%(objectname)%00%(upstream:track)%00%(upstream:remotename)%00%(upstream:remoteref) refs/heads/main refs/remotes/main [2ms]
2026-09-13 12:31:29.142 [info] > git for-each-ref --sort -committerdate --format %(refname)%00%(objectname)%00%(*objectname) [0ms]
2026-09-13 12:31:29.146 [info] > git status -z -uall [9ms]
2026-09-13 12:31:29.170 [info] > git check-ignore -v -z --stdin [1ms]
2026-09-13 12:31:29.459 [info] > git check-ignore -v -z --stdin [2ms]
2026-09-13 12:31:30.107 [info] > git check-ignore -v -z --stdin [2ms]
2026-09-13 12:31:31.230 [info] > git check-ignore -v -z --stdin [2ms]
2026-09-13 12:31:34.166 [info] > git config --get commit.template [1ms]
2026-09-13 12:31:34.181 [info] > git for-each-ref --format=%(refname)%00%(upstream:short)%00%(objectname)%00%(upstream:track)%00%(upstream:remotename)%00%(upstream:remoteref) refs/heads/main refs/remotes/main [3ms]
2026-09-13 12:31:34.215 [info] > git status -z -uall [17ms]
2026-09-13 12:31:34.216 [info] > git for-each-ref --sort -committerdate --format %(refname)%00%(objectname)%00%(*objectname) [5ms]
2026-09-13 12:31:34.539 [info] > git check-ignore -v -z --stdin [2ms]
2026-09-13 12:33:09.568 [info] > git config --get commit.template [8ms]
2026-09-13 12:33:09.571 [info] > git for-each-ref --format=%(refname)%00%(upstream:short)%00%(objectname)%00%(upstream:track)%00%(upstream:remotename)%00%(upstream:remoteref) refs/heads/main refs/remotes/main [3ms]
2026-09-13 12:33:09.586 [info] > git for-each-ref --sort -committerdate --format %(refname)%00%(objectname)%00%(*objectname) [2ms]
2026-09-13 12:33:09.590 [info] > git status -z -uall [12ms]
2026-09-13 12:33:09.906 [info] > git check-ignore -v -z --stdin [2ms]
2026-09-13 12:33:18.967 [info] > git config --get commit.template [14ms]
2026-09-13 12:33:18.968 [info] > git for-each-ref --format=%(refname)%00%(upstream:short)%00%(objectname)%00%(upstream:track)%00%(upstream:remotename)%00%(upstream:remoteref) refs/heads/main refs/remotes/main [3ms]
2026-09-13 12:33:18.982 [info] > git for-each-ref --sort -committerdate --format %(refname)%00%(objectname)%00%(*objectname) [2ms]
2026-09-13 12:33:18.986 [info] > git status -z -uall [10ms]
2026-09-13 12:33:19.308 [info] > git check-ignore -v -z --stdin [2ms]
2026-09-13 12:33:42.086 [info] > git show -s --decorate=full --shortstat --format=%H%n%aN%n%aE%n%at%n%ct%n%P%n%D%n%B -z b5fe8c5cac4c8927894bc2d9795512a91ca0da35 -- [45ms]
2026-09-13 12:33:42.917 [info] > git show -s --decorate=full --shortstat --format=%H%n%aN%n%aE%n%at%n%ct%n%P%n%D%n%B -z b5fe8c5cac4c8927894bc2d9795512a91ca0da35 -- [4ms]
2026-09-13 12:33:42.926 [info] > git diff --raw --numstat --diff-filter=ADMR -z --find-renames=50% f3e648550a992a38d714b413c506383ea94df3d8...b5fe8c5cac4c8927894bc2d9795512a91ca0da35 -- [3ms]
2026-09-13 12:33:43.203 [info] > git show --textconv f3e648550a992a38d714b413c506383ea94df3d8:Python/django/SOA/OrientationApp/__pycache__/logic.cpython-314.pyc [230ms]
2026-09-13 12:33:43.203 [info] > git show --textconv b5fe8c5cac4c8927894bc2d9795512a91ca0da35:Python/django/SOA/OrientationApp/__pycache__/logic.cpython-314.pyc [224ms]
2026-09-13 12:33:43.203 [info] > git show --textconv f3e648550a992a38d714b413c506383ea94df3d8:Python/django/SOA/OrientationApp/__pycache__/views.cpython-314.pyc [218ms]
2026-09-13 12:33:43.203 [info] > git show --textconv b5fe8c5cac4c8927894bc2d9795512a91ca0da35:Python/django/SOA/OrientationApp/__pycache__/views.cpython-314.pyc [196ms]
2026-09-13 12:33:43.203 [info] > git show --textconv f3e648550a992a38d714b413c506383ea94df3d8:Python/django/SOA/OrientationApp/logic.py [185ms]
2026-09-13 12:33:43.203 [info] > git show --textconv b5fe8c5cac4c8927894bc2d9795512a91ca0da35:Python/django/SOA/OrientationApp/logic.py [171ms]
2026-09-13 12:33:43.203 [info] > git show --textconv f3e648550a992a38d714b413c506383ea94df3d8:Python/django/SOA/OrientationApp/templates/Orientation.html [159ms]
2026-09-13 12:33:43.203 [info] > git show --textconv b5fe8c5cac4c8927894bc2d9795512a91ca0da35:Python/django/SOA/OrientationApp/templates/Orientation.html [152ms]
2026-09-13 12:33:43.203 [info] > git show --textconv f3e648550a992a38d714b413c506383ea94df3d8:Python/django/SOA/OrientationApp/views.py [147ms]
2026-09-13 12:33:43.203 [info] > git show --textconv b5fe8c5cac4c8927894bc2d9795512a91ca0da35:Python/django/SOA/OrientationApp/views.py [134ms]
2026-09-13 12:33:43.203 [info] > git show --textconv f3e648550a992a38d714b413c506383ea94df3d8:Python/django/SOA/manage.py [114ms]
2026-09-13 12:33:43.203 [info] > git show --textconv b5fe8c5cac4c8927894bc2d9795512a91ca0da35:Python/django/SOA/manage.py [89ms]
2026-09-13 12:33:43.205 [info] > git ls-tree -l f3e648550a992a38d714b413c506383ea94df3d8 -- Python/django/SOA/manage.py [7ms]
2026-09-13 12:33:43.206 [info] > git ls-tree -l b5fe8c5cac4c8927894bc2d9795512a91ca0da35 -- Python/django/SOA/OrientationApp/views.py [12ms]
2026-09-13 12:33:43.206 [info] > git ls-tree -l f3e648550a992a38d714b413c506383ea94df3d8 -- Python/django/SOA/OrientationApp/views.py [16ms]
2026-09-13 12:33:43.207 [info] > git ls-tree -l b5fe8c5cac4c8927894bc2d9795512a91ca0da35 -- Python/django/SOA/OrientationApp/templates/Orientation.html [22ms]
2026-09-13 12:33:43.207 [info] > git ls-tree -l f3e648550a992a38d714b413c506383ea94df3d8 -- Python/django/SOA/OrientationApp/templates/Orientation.html [26ms]
2026-09-13 12:33:43.207 [info] > git ls-tree -l b5fe8c5cac4c8927894bc2d9795512a91ca0da35 -- Python/django/SOA/OrientationApp/logic.py [35ms]
2026-09-13 12:33:43.207 [info] > git ls-tree -l f3e648550a992a38d714b413c506383ea94df3d8 -- Python/django/SOA/OrientationApp/logic.py [39ms]
2026-09-13 12:33:43.207 [info] > git ls-tree -l b5fe8c5cac4c8927894bc2d9795512a91ca0da35 -- Python/django/SOA/OrientationApp/__pycache__/views.cpython-314.pyc [47ms]
2026-09-13 12:33:43.208 [info] > git ls-tree -l f3e648550a992a38d714b413c506383ea94df3d8 -- Python/django/SOA/OrientationApp/__pycache__/views.cpython-314.pyc [62ms]
2026-09-13 12:33:43.208 [info] > git ls-tree -l b5fe8c5cac4c8927894bc2d9795512a91ca0da35 -- Python/django/SOA/OrientationApp/__pycache__/logic.cpython-314.pyc [68ms]
2026-09-13 12:33:43.208 [info] > git ls-tree -l f3e648550a992a38d714b413c506383ea94df3d8 -- Python/django/SOA/OrientationApp/__pycache__/logic.cpython-314.pyc [74ms]
2026-09-13 12:33:43.210 [info] > git ls-tree -l b5fe8c5cac4c8927894bc2d9795512a91ca0da35 -- Python/django/SOA/manage.py [8ms]
2026-09-13 12:33:43.721 [info] > git check-ignore -v -z --stdin [1ms]
2026-09-13 12:33:47.236 [info] > git check-ignore -v -z --stdin [2ms]
2026-09-13 12:33:47.294 [info] > git show --textconv :Python/django/SOA/OrientationApp/templates/Orientation.html [24ms]
2026-09-13 12:33:47.296 [info] > git ls-files --stage -- Python/django/SOA/OrientationApp/templates/Orientation.html [2ms]
2026-09-13 12:33:47.308 [info] > git cat-file -s 13af512edcfe005a9cf1a537e2d521be3548f5fe [2ms]
2026-09-13 12:34:50.604 [info] > git config --get commit.template [6ms]
2026-09-13 12:34:50.605 [info] > git for-each-ref --format=%(refname)%00%(upstream:short)%00%(objectname)%00%(upstream:track)%00%(upstream:remotename)%00%(upstream:remoteref) refs/heads/main refs/remotes/main [2ms]
2026-09-13 12:34:50.619 [info] > git status -z -uall [8ms]
2026-09-13 12:34:50.620 [info] > git for-each-ref --sort -committerdate --format %(refname)%00%(objectname)%00%(*objectname) [2ms]
2026-09-13 12:34:50.949 [info] > git check-ignore -v -z --stdin [5ms]
2026-09-13 12:34:55.646 [info] > git config --get commit.template [8ms]
2026-09-13 12:34:55.648 [info] > git for-each-ref --format=%(refname)%00%(upstream:short)%00%(objectname)%00%(upstream:track)%00%(upstream:remotename)%00%(upstream:remoteref) refs/heads/main refs/remotes/main [2ms]
2026-09-13 12:34:55.662 [info] > git for-each-ref --sort -committerdate --format %(refname)%00%(objectname)%00%(*objectname) [2ms]
2026-09-13 12:34:55.665 [info] > git status -z -uall [11ms]
2026-09-13 12:34:55.982 [info] > git check-ignore -v -z --stdin [2ms]
2026-09-13 12:36:41.988 [info] > git check-ignore -v -z --stdin [1ms]
2026-09-13 12:36:43.886 [info] > git config --get commit.template [6ms]
2026-09-13 12:36:43.887 [info] > git for-each-ref --format=%(refname)%00%(upstream:short)%00%(objectname)%00%(upstream:track)%00%(upstream:remotename)%00%(upstream:remoteref) refs/heads/main refs/remotes/main [1ms]
2026-09-13 12:36:43.900 [info] > git for-each-ref --sort -committerdate --format %(refname)%00%(objectname)%00%(*objectname) [1ms]
2026-09-13 12:36:43.901 [info] > git status -z -uall [7ms]
2026-09-13 12:36:44.215 [info] > git check-ignore -v -z --stdin [1ms]
2026-09-13 12:36:50.465 [info] > git check-ignore -v -z --stdin [2ms]
2026-09-13 12:36:50.774 [info] > git check-ignore -v -z --stdin [1ms]
2026-09-13 12:36:52.666 [info] > git config --get commit.template [8ms]
2026-09-13 12:36:52.667 [info] > git for-each-ref --format=%(refname)%00%(upstream:short)%00%(objectname)%00%(upstream:track)%00%(upstream:remotename)%00%(upstream:remoteref) refs/heads/main refs/remotes/main [2ms]
2026-09-13 12:36:52.684 [info] > git for-each-ref --sort -committerdate --format %(refname)%00%(objectname)%00%(*objectname) [1ms]
2026-09-13 12:36:52.688 [info] > git status -z -uall [13ms]
2026-09-13 12:36:53.003 [info] > git check-ignore -v -z --stdin [2ms]
2026-09-13 12:36:53.739 [info] > git check-ignore -v -z --stdin [1ms]
2026-09-13 12:36:54.042 [info] > git check-ignore -v -z --stdin [2ms]
2026-09-13 12:36:57.724 [info] > git config --get commit.template [22ms]
2026-09-13 12:36:57.728 [info] > git for-each-ref --format=%(refname)%00%(upstream:short)%00%(objectname)%00%(upstream:track)%00%(upstream:remotename)%00%(upstream:remoteref) refs/heads/main refs/remotes/main [9ms]
2026-09-13 12:36:57.769 [info] > git for-each-ref --sort -committerdate --format %(refname)%00%(objectname)%00%(*objectname) [2ms]
2026-09-13 12:36:57.770 [info] > git status -z -uall [23ms]
2026-09-13 12:36:58.091 [info] > git check-ignore -v -z --stdin [1ms]
2026-09-13 12:37:02.813 [info] > git config --get commit.template [5ms]
2026-09-13 12:37:02.849 [info] > git for-each-ref --format=%(refname)%00%(upstream:short)%00%(objectname)%00%(upstream:track)%00%(upstream:remotename)%00%(upstream:remoteref) refs/heads/main refs/remotes/main [3ms]
2026-09-13 12:37:02.889 [info] > git status -z -uall [17ms]
2026-09-13 12:37:02.889 [info] > git for-each-ref --sort -committerdate --format %(refname)%00%(objectname)%00%(*objectname) [5ms]
2026-09-13 12:37:03.209 [info] > git check-ignore -v -z --stdin [2ms]
2026-09-13 12:37:07.912 [info] > git config --get commit.template [9ms]
2026-09-13 12:37:07.914 [info] > git for-each-ref --format=%(refname)%00%(upstream:short)%00%(objectname)%00%(upstream:track)%00%(upstream:remotename)%00%(upstream:remoteref) refs/heads/main refs/remotes/main [3ms]
2026-09-13 12:37:07.942 [info] > git for-each-ref --sort -committerdate --format %(refname)%00%(objectname)%00%(*objectname) [2ms]
2026-09-13 12:37:07.943 [info] > git status -z -uall [14ms]
2026-09-13 12:37:08.261 [info] > git check-ignore -v -z --stdin [2ms]
2026-09-13 12:37:12.966 [info] > git config --get commit.template [8ms]
2026-09-13 12:37:12.968 [info] > git for-each-ref --format=%(refname)%00%(upstream:short)%00%(objectname)%00%(upstream:track)%00%(upstream:remotename)%00%(upstream:remoteref) refs/heads/main refs/remotes/main [3ms]
2026-09-13 12:37:12.984 [info] > git for-each-ref --sort -committerdate --format %(refname)%00%(objectname)%00%(*objectname) [2ms]
2026-09-13 12:37:12.986 [info] > git status -z -uall [11ms]
2026-09-13 12:37:13.324 [info] > git check-ignore -v -z --stdin [2ms]
2026-09-13 12:37:26.667 [info] > git config --get commit.template [14ms]
2026-09-13 12:37:26.669 [info] > git for-each-ref --format=%(refname)%00%(upstream:short)%00%(objectname)%00%(upstream:track)%00%(upstream:remotename)%00%(upstream:remoteref) refs/heads/main refs/remotes/main [3ms]
2026-09-13 12:37:26.707 [info] > git status -z -uall [21ms]
2026-09-13 12:37:26.709 [info] > git for-each-ref --sort -committerdate --format %(refname)%00%(objectname)%00%(*objectname) [3ms]
2026-09-13 12:37:27.031 [info] > git check-ignore -v -z --stdin [2ms]
2026-09-13 12:37:35.963 [info] > git config --get commit.template [9ms]
2026-09-13 12:37:35.965 [info] > git for-each-ref --format=%(refname)%00%(upstream:short)%00%(objectname)%00%(upstream:track)%00%(upstream:remotename)%00%(upstream:remoteref) refs/heads/main refs/remotes/main [2ms]
2026-09-13 12:37:35.979 [info] > git for-each-ref --sort -committerdate --format %(refname)%00%(objectname)%00%(*objectname) [2ms]
2026-09-13 12:37:35.981 [info] > git status -z -uall [10ms]
2026-09-13 12:37:36.296 [info] > git check-ignore -v -z --stdin [1ms]
2026-09-13 12:39:40.809 [info] > git check-ignore -v -z --stdin [3ms]
2026-09-13 12:39:41.366 [info] > git check-ignore -v -z --stdin [2ms]
2026-09-13 12:39:41.623 [info] > git check-ignore -v -z --stdin [2ms]
2026-09-13 12:39:42.054 [info] > git check-ignore -v -z --stdin [2ms]
2026-09-13 12:39:42.324 [info] > git check-ignore -v -z --stdin [1ms]
2026-09-13 12:39:42.748 [info] > git check-ignore -v -z --stdin [1ms]
2026-09-13 12:39:44.497 [info] > git check-ignore -v -z --stdin [5ms]
2026-09-13 12:39:44.635 [info] > git config --get commit.template [2ms]
2026-09-13 12:39:44.661 [info] > git for-each-ref --format=%(refname)%00%(upstream:short)%00%(objectname)%00%(upstream:track)%00%(upstream:remotename)%00%(upstream:remoteref) refs/heads/main refs/remotes/main [16ms]
2026-09-13 12:39:44.670 [info] > git check-ignore -v -z --stdin [9ms]
2026-09-13 12:39:44.700 [info] > git status -z -uall [19ms]
2026-09-13 12:39:44.700 [info] > git for-each-ref --sort -committerdate --format %(refname)%00%(objectname)%00%(*objectname) [4ms]
2026-09-13 12:39:45.022 [info] > git check-ignore -v -z --stdin [2ms]
2026-09-13 12:39:46.269 [info] > git check-ignore -v -z --stdin [2ms]
2026-09-13 12:39:47.024 [info] > git check-ignore -v -z --stdin [1ms]
2026-09-13 12:39:48.152 [info] > git check-ignore -v -z --stdin [7ms]
2026-09-13 12:39:48.598 [info] > git check-ignore -v -z --stdin [3ms]
2026-09-13 12:39:48.881 [info] > git check-ignore -v -z --stdin [1ms]
2026-09-13 12:39:49.717 [info] > git config --get commit.template [5ms]
2026-09-13 12:39:49.719 [info] > git for-each-ref --format=%(refname)%00%(upstream:short)%00%(objectname)%00%(upstream:track)%00%(upstream:remotename)%00%(upstream:remoteref) refs/heads/main refs/remotes/main [2ms]
2026-09-13 12:39:49.730 [info] > git for-each-ref --sort -committerdate --format %(refname)%00%(objectname)%00%(*objectname) [1ms]
2026-09-13 12:39:49.732 [info] > git status -z -uall [8ms]
2026-09-13 12:39:50.048 [info] > git check-ignore -v -z --stdin [1ms]
2026-09-13 12:39:51.808 [info] > git check-ignore -v -z --stdin [4ms]
2026-09-13 12:39:54.750 [info] > git config --get commit.template [8ms]
2026-09-13 12:39:54.751 [info] > git for-each-ref --format=%(refname)%00%(upstream:short)%00%(objectname)%00%(upstream:track)%00%(upstream:remotename)%00%(upstream:remoteref) refs/heads/main refs/remotes/main [2ms]
2026-09-13 12:39:54.765 [info] > git for-each-ref --sort -committerdate --format %(refname)%00%(objectname)%00%(*objectname) [2ms]
2026-09-13 12:39:54.768 [info] > git status -z -uall [11ms]
2026-09-13 12:39:55.081 [info] > git check-ignore -v -z --stdin [1ms]
2026-09-13 12:39:55.386 [info] > git check-ignore -v -z --stdin [3ms]
2026-09-13 12:39:55.919 [info] > git check-ignore -v -z --stdin [1ms]
2026-09-13 12:39:58.418 [info] > git check-ignore -v -z --stdin [1ms]
2026-09-13 12:39:59.443 [info] > git check-ignore -v -z --stdin [2ms]
2026-09-13 12:39:59.787 [info] > git config --get commit.template [6ms]
2026-09-13 12:39:59.789 [info] > git for-each-ref --format=%(refname)%00%(upstream:short)%00%(objectname)%00%(upstream:track)%00%(upstream:remotename)%00%(upstream:remoteref) refs/heads/main refs/remotes/main [3ms]
2026-09-13 12:39:59.805 [info] > git for-each-ref --sort -committerdate --format %(refname)%00%(objectname)%00%(*objectname) [2ms]
2026-09-13 12:39:59.812 [info] > git status -z -uall [16ms]
2026-09-13 12:40:00.128 [info] > git check-ignore -v -z --stdin [1ms]
2026-09-13 12:40:00.939 [info] > git check-ignore -v -z --stdin [1ms]
2026-09-13 12:40:01.323 [info] > git check-ignore -v -z --stdin [1ms]
2026-09-13 12:40:01.774 [info] > git check-ignore -v -z --stdin [2ms]
2026-09-13 12:40:02.397 [info] > git check-ignore -v -z --stdin [2ms]
2026-09-13 12:40:02.975 [info] > git check-ignore -v -z --stdin [1ms]
2026-09-13 12:40:03.597 [info] > git check-ignore -v -z --stdin [2ms]
2026-09-13 12:40:04.159 [info] > git check-ignore -v -z --stdin [2ms]
2026-09-13 12:40:04.606 [info] > git check-ignore -v -z --stdin [4ms]
2026-09-13 12:40:04.836 [info] > git config --get commit.template [14ms]
2026-09-13 12:40:04.839 [info] > git for-each-ref --format=%(refname)%00%(upstream:short)%00%(objectname)%00%(upstream:track)%00%(upstream:remotename)%00%(upstream:remoteref) refs/heads/main refs/remotes/main [4ms]
2026-09-13 12:40:04.858 [info] > git for-each-ref --sort -committerdate --format %(refname)%00%(objectname)%00%(*objectname) [3ms]
2026-09-13 12:40:04.862 [info] > git status -z -uall [14ms]
2026-09-13 12:40:04.966 [info] > git check-ignore -v -z --stdin [3ms]
2026-09-13 12:40:05.177 [info] > git check-ignore -v -z --stdin [1ms]
2026-09-13 12:40:06.508 [info] > git check-ignore -v -z --stdin [1ms]
2026-09-13 12:40:07.446 [info] > git check-ignore -v -z --stdin [1ms]
2026-09-13 12:40:09.425 [info] > git check-ignore -v -z --stdin [2ms]
2026-09-13 12:40:09.883 [info] > git config --get commit.template [9ms]
2026-09-13 12:40:09.884 [info] > git for-each-ref --format=%(refname)%00%(upstream:short)%00%(objectname)%00%(upstream:track)%00%(upstream:remotename)%00%(upstream:remoteref) refs/heads/main refs/remotes/main [2ms]
2026-09-13 12:40:09.904 [info] > git for-each-ref --sort -committerdate --format %(refname)%00%(objectname)%00%(*objectname) [4ms]
2026-09-13 12:40:09.905 [info] > git status -z -uall [14ms]
2026-09-13 12:40:10.387 [info] > git check-ignore -v -z --stdin [2ms]
2026-09-13 12:40:11.344 [info] > git check-ignore -v -z --stdin [2ms]
2026-09-13 12:40:11.591 [info] > git check-ignore -v -z --stdin [3ms]
2026-09-13 12:40:11.799 [info] > git check-ignore -v -z --stdin [2ms]
2026-09-13 12:40:12.159 [info] > git check-ignore -v -z --stdin [2ms]
2026-09-13 12:40:13.201 [info] > git check-ignore -v -z --stdin [5ms]
2026-09-13 12:40:14.388 [info] > git check-ignore -v -z --stdin [2ms]
2026-09-13 12:40:14.895 [info] > git check-ignore -v -z --stdin [2ms]
2026-09-13 12:40:14.923 [info] > git config --get commit.template [7ms]
2026-09-13 12:40:14.924 [info] > git for-each-ref --format=%(refname)%00%(upstream:short)%00%(objectname)%00%(upstream:track)%00%(upstream:remotename)%00%(upstream:remoteref) refs/heads/main refs/remotes/main [2ms]
2026-09-13 12:40:14.940 [info] > git status -z -uall [11ms]
2026-09-13 12:40:14.940 [info] > git for-each-ref --sort -committerdate --format %(refname)%00%(objectname)%00%(*objectname) [6ms]
2026-09-13 12:40:15.260 [info] > git check-ignore -v -z --stdin [2ms]
2026-09-13 12:40:18.127 [info] > git check-ignore -v -z --stdin [1ms]
2026-09-13 12:40:19.957 [info] > git config --get commit.template [5ms]
2026-09-13 12:40:19.958 [info] > git for-each-ref --format=%(refname)%00%(upstream:short)%00%(objectname)%00%(upstream:track)%00%(upstream:remotename)%00%(upstream:remoteref) refs/heads/main refs/remotes/main [2ms]
2026-09-13 12:40:19.968 [info] > git for-each-ref --sort -committerdate --format %(refname)%00%(objectname)%00%(*objectname) [1ms]
2026-09-13 12:40:19.971 [info] > git status -z -uall [8ms]
2026-09-13 12:40:20.288 [info] > git check-ignore -v -z --stdin [2ms]
2026-09-13 12:40:23.471 [info] > git check-ignore -v -z --stdin [2ms]
2026-09-13 12:40:24.937 [info] > git check-ignore -v -z --stdin [2ms]
2026-09-13 12:40:24.987 [info] > git config --get commit.template [2ms]
2026-09-13 12:40:24.998 [info] > git for-each-ref --format=%(refname)%00%(upstream:short)%00%(objectname)%00%(upstream:track)%00%(upstream:remotename)%00%(upstream:remoteref) refs/heads/main refs/remotes/main [3ms]
2026-09-13 12:40:25.027 [info] > git for-each-ref --sort -committerdate --format %(refname)%00%(objectname)%00%(*objectname) [7ms]
2026-09-13 12:40:25.030 [info] > git status -z -uall [19ms]
2026-09-13 12:40:25.555 [info] > git check-ignore -v -z --stdin [1ms]
2026-09-13 12:40:25.736 [info] > git check-ignore -v -z --stdin [2ms]
2026-09-13 12:40:27.107 [info] > git check-ignore -v -z --stdin [2ms]
2026-09-13 12:40:30.050 [info] > git config --get commit.template [6ms]
2026-09-13 12:40:30.051 [info] > git for-each-ref --format=%(refname)%00%(upstream:short)%00%(objectname)%00%(upstream:track)%00%(upstream:remotename)%00%(upstream:remoteref) refs/heads/main refs/remotes/main [1ms]
2026-09-13 12:40:30.064 [info] > git for-each-ref --sort -committerdate --format %(refname)%00%(objectname)%00%(*objectname) [2ms]
2026-09-13 12:40:30.068 [info] > git status -z -uall [11ms]
2026-09-13 12:40:30.396 [info] > git check-ignore -v -z --stdin [4ms]
2026-09-13 12:40:59.415 [info] > git check-ignore -v -z --stdin [2ms]
2026-09-13 12:41:00.240 [info] > git check-ignore -v -z --stdin [2ms]
2026-09-13 12:41:00.613 [info] > git check-ignore -v -z --stdin [3ms]
2026-09-13 12:41:02.502 [info] > git config --get commit.template [7ms]
2026-09-13 12:41:02.503 [info] > git for-each-ref --format=%(refname)%00%(upstream:short)%00%(objectname)%00%(upstream:track)%00%(upstream:remotename)%00%(upstream:remoteref) refs/heads/main refs/remotes/main [2ms]
2026-09-13 12:41:02.514 [info] > git for-each-ref --sort -committerdate --format %(refname)%00%(objectname)%00%(*objectname) [2ms]
2026-09-13 12:41:02.516 [info] > git status -z -uall [8ms]
2026-09-13 12:41:02.831 [info] > git check-ignore -v -z --stdin [1ms]
2026-09-13 12:41:04.425 [info] > git check-ignore -v -z --stdin [1ms]
2026-09-13 12:41:05.499 [info] > git check-ignore -v -z --stdin [2ms]
2026-09-13 12:41:05.906 [info] > git check-ignore -v -z --stdin [1ms]
2026-09-13 12:41:07.532 [info] > git config --get commit.template [5ms]
2026-09-13 12:41:07.533 [info] > git for-each-ref --format=%(refname)%00%(upstream:short)%00%(objectname)%00%(upstream:track)%00%(upstream:remotename)%00%(upstream:remoteref) refs/heads/main refs/remotes/main [2ms]
2026-09-13 12:41:07.543 [info] > git for-each-ref --sort -committerdate --format %(refname)%00%(objectname)%00%(*objectname) [1ms]
2026-09-13 12:41:07.545 [info] > git status -z -uall [7ms]
2026-09-13 12:41:08.332 [info] > git check-ignore -v -z --stdin [2ms]
2026-09-13 12:41:12.574 [info] > git config --get commit.template [15ms]
2026-09-13 12:41:12.577 [info] > git for-each-ref --format=%(refname)%00%(upstream:short)%00%(objectname)%00%(upstream:track)%00%(upstream:remotename)%00%(upstream:remoteref) refs/heads/main refs/remotes/main [3ms]
2026-09-13 12:41:12.606 [info] > git status -z -uall [12ms]
2026-09-13 12:41:12.606 [info] > git for-each-ref --sort -committerdate --format %(refname)%00%(objectname)%00%(*objectname) [3ms]
2026-09-13 12:41:12.953 [info] > git check-ignore -v -z --stdin [1ms]
2026-09-13 12:46:17.787 [info] > git check-ignore -v -z --stdin [1ms]
2026-09-13 12:46:19.210 [info] > git check-ignore -v -z --stdin [2ms]
2026-09-13 12:46:19.424 [info] > git check-ignore -v -z --stdin [2ms]
2026-09-13 12:46:19.707 [info] > git config --get commit.template [7ms]
2026-09-13 12:46:19.708 [info] > git for-each-ref --format=%(refname)%00%(upstream:short)%00%(objectname)%00%(upstream:track)%00%(upstream:remotename)%00%(upstream:remoteref) refs/heads/main refs/remotes/main [2ms]
2026-09-13 12:46:19.721 [info] > git for-each-ref --sort -committerdate --format %(refname)%00%(objectname)%00%(*objectname) [2ms]
2026-09-13 12:46:19.724 [info] > git status -z -uall [11ms]
2026-09-13 12:46:20.040 [info] > git check-ignore -v -z --stdin [3ms]
2026-09-13 12:46:20.739 [info] > git check-ignore -v -z --stdin [3ms]
2026-09-13 12:46:22.423 [info] > git check-ignore -v -z --stdin [1ms]
2026-09-13 12:46:23.615 [info] > git check-ignore -v -z --stdin [1ms]
2026-09-13 12:46:24.259 [info] > git check-ignore -v -z --stdin [1ms]
2026-09-13 12:46:24.487 [info] > git check-ignore -v -z --stdin [3ms]
2026-09-13 12:46:24.754 [info] > git config --get commit.template [18ms]
2026-09-13 12:46:24.756 [info] > git for-each-ref --format=%(refname)%00%(upstream:short)%00%(objectname)%00%(upstream:track)%00%(upstream:remotename)%00%(upstream:remoteref) refs/heads/main refs/remotes/main [4ms]
2026-09-13 12:46:24.784 [info] > git status -z -uall [16ms]
2026-09-13 12:46:24.787 [info] > git for-each-ref --sort -committerdate --format %(refname)%00%(objectname)%00%(*objectname) [5ms]
2026-09-13 12:46:25.103 [info] > git check-ignore -v -z --stdin [1ms]
2026-09-13 12:46:25.632 [info] > git check-ignore -v -z --stdin [2ms]
2026-09-13 12:46:26.495 [info] > git check-ignore -v -z --stdin [2ms]
2026-09-13 12:46:26.782 [info] > git check-ignore -v -z --stdin [2ms]
2026-09-13 12:46:28.781 [info] > git check-ignore -v -z --stdin [2ms]
2026-09-13 12:46:28.844 [info] > git show --textconv :Python/django/SOA/OrientationApp/views.py [13ms]
2026-09-13 12:46:28.847 [info] > git ls-files --stage -- Python/django/SOA/OrientationApp/views.py [5ms]
2026-09-13 12:46:28.872 [info] > git cat-file -s a409af7d5fe6ef2a9c6148795980612bca67ea42 [9ms]
2026-09-13 12:46:29.809 [info] > git config --get commit.template [2ms]
2026-09-13 12:46:29.820 [info] > git for-each-ref --format=%(refname)%00%(upstream:short)%00%(objectname)%00%(upstream:track)%00%(upstream:remotename)%00%(upstream:remoteref) refs/heads/main refs/remotes/main [2ms]
2026-09-13 12:46:29.841 [info] > git for-each-ref --sort -committerdate --format %(refname)%00%(objectname)%00%(*objectname) [3ms]
2026-09-13 12:46:29.845 [info] > git status -z -uall [15ms]
2026-09-13 12:46:30.164 [info] > git check-ignore -v -z --stdin [1ms]
2026-09-13 12:46:41.891 [info] > git check-ignore -v -z --stdin [3ms]
2026-09-13 12:46:42.522 [info] > git check-ignore -v -z --stdin [5ms]
2026-09-13 12:46:43.296 [info] > git check-ignore -v -z --stdin [2ms]
2026-09-13 12:46:43.822 [info] > git check-ignore -v -z --stdin [2ms]
2026-09-13 12:46:44.211 [info] > git check-ignore -v -z --stdin [4ms]
2026-09-13 12:46:45.574 [info] > git check-ignore -v -z --stdin [1ms]
2026-09-13 12:46:45.971 [info] > git check-ignore -v -z --stdin [2ms]
2026-09-13 12:46:46.617 [info] > git config --get commit.template [7ms]
2026-09-13 12:46:46.619 [info] > git for-each-ref --format=%(refname)%00%(upstream:short)%00%(objectname)%00%(upstream:track)%00%(upstream:remotename)%00%(upstream:remoteref) refs/heads/main refs/remotes/main [2ms]
2026-09-13 12:46:46.635 [info] > git for-each-ref --sort -committerdate --format %(refname)%00%(objectname)%00%(*objectname) [2ms]
2026-09-13 12:46:46.637 [info] > git status -z -uall [12ms]
2026-09-13 12:46:46.972 [info] > git check-ignore -v -z --stdin [1ms]
2026-09-13 12:46:47.243 [info] > git check-ignore -v -z --stdin [3ms]
2026-09-13 12:46:48.363 [info] > git check-ignore -v -z --stdin [2ms]
2026-09-13 12:46:51.664 [info] > git config --get commit.template [9ms]
2026-09-13 12:46:51.666 [info] > git for-each-ref --format=%(refname)%00%(upstream:short)%00%(objectname)%00%(upstream:track)%00%(upstream:remotename)%00%(upstream:remoteref) refs/heads/main refs/remotes/main [4ms]
2026-09-13 12:46:51.680 [info] > git for-each-ref --sort -committerdate --format %(refname)%00%(objectname)%00%(*objectname) [2ms]
2026-09-13 12:46:51.683 [info] > git status -z -uall [10ms]
2026-09-13 12:46:52.007 [info] > git check-ignore -v -z --stdin [3ms]
2026-09-13 12:46:56.725 [info] > git config --get commit.template [18ms]
2026-09-13 12:46:56.725 [info] > git for-each-ref --format=%(refname)%00%(upstream:short)%00%(objectname)%00%(upstream:track)%00%(upstream:remotename)%00%(upstream:remoteref) refs/heads/main refs/remotes/main [1ms]
2026-09-13 12:46:56.751 [info] > git for-each-ref --sort -committerdate --format %(refname)%00%(objectname)%00%(*objectname) [1ms]
2026-09-13 12:46:56.762 [info] > git status -z -uall [24ms]
2026-09-13 12:46:56.845 [info] > git check-ignore -v -z --stdin [7ms]
2026-09-13 12:46:56.872 [info] > git show --textconv :Python/django/SOA/OrientationApp/templates/Orientation.html [1ms]
2026-09-13 12:46:56.889 [info] > git ls-files --stage -- Python/django/SOA/OrientationApp/templates/Orientation.html [6ms]
2026-09-13 12:46:56.913 [info] > git cat-file -s 13af512edcfe005a9cf1a537e2d521be3548f5fe [6ms]
2026-09-13 12:46:57.122 [info] > git check-ignore -v -z --stdin [2ms]
2026-09-13 12:47:00.816 [info] > git check-ignore -v -z --stdin [1ms]
2026-09-13 12:47:01.206 [info] > git check-ignore -v -z --stdin [2ms]
2026-09-13 12:47:01.757 [info] > git check-ignore -v -z --stdin [2ms]
2026-09-13 12:47:02.481 [info] > git check-ignore -v -z --stdin [2ms]
2026-09-13 12:47:03.448 [info] > git check-ignore -v -z --stdin [1ms]
2026-09-13 12:47:03.739 [info] > git check-ignore -v -z --stdin [1ms]
2026-09-13 12:47:04.239 [info] > git check-ignore -v -z --stdin [2ms]
2026-09-13 12:47:06.172 [info] > git config --get commit.template [10ms]
2026-09-13 12:47:06.192 [info] > git for-each-ref --format=%(refname)%00%(upstream:short)%00%(objectname)%00%(upstream:track)%00%(upstream:remotename)%00%(upstream:remoteref) refs/heads/main refs/remotes/main [8ms]
2026-09-13 12:47:06.225 [info] > git for-each-ref --sort -committerdate --format %(refname)%00%(objectname)%00%(*objectname) [9ms]
2026-09-13 12:47:06.226 [info] > git status -z -uall [23ms]
2026-09-13 12:47:06.883 [info] > git check-ignore -v -z --stdin [2ms]
2026-09-13 12:47:06.937 [info] > git show --textconv :Python/django/SOA/OrientationApp/views.py [16ms]
2026-09-13 12:47:06.959 [info] > git ls-files --stage -- Python/django/SOA/OrientationApp/views.py [23ms]
2026-09-13 12:47:06.966 [info] > git cat-file -s a409af7d5fe6ef2a9c6148795980612bca67ea42 [1ms]
2026-09-13 12:47:13.022 [info] > git check-ignore -v -z --stdin [2ms]
2026-09-13 12:47:13.069 [info] > git show --textconv :Python/django/SOA/OrientationApp/templates/Orientation.html [13ms]
2026-09-13 12:47:13.073 [info] > git ls-files --stage -- Python/django/SOA/OrientationApp/templates/Orientation.html [4ms]
2026-09-13 12:47:13.081 [info] > git cat-file -s 13af512edcfe005a9cf1a537e2d521be3548f5fe [1ms]
2026-09-13 12:47:16.882 [info] > git check-ignore -v -z --stdin [1ms]
2026-09-13 12:47:18.186 [info] > git check-ignore -v -z --stdin [2ms]
2026-09-13 12:47:18.608 [info] > git check-ignore -v -z --stdin [1ms]
2026-09-13 12:47:18.796 [info] > git config --get commit.template [16ms]
2026-09-13 12:47:18.797 [info] > git for-each-ref --format=%(refname)%00%(upstream:short)%00%(objectname)%00%(upstream:track)%00%(upstream:remotename)%00%(upstream:remoteref) refs/heads/main refs/remotes/main [5ms]
2026-09-13 12:47:18.814 [info] > git for-each-ref --sort -committerdate --format %(refname)%00%(objectname)%00%(*objectname) [2ms]
2026-09-13 12:47:18.817 [info] > git status -z -uall [11ms]
2026-09-13 12:47:19.292 [info] > git check-ignore -v -z --stdin [3ms]
2026-09-13 12:47:20.070 [info] > git check-ignore -v -z --stdin [2ms]
2026-09-13 12:47:20.603 [info] > git check-ignore -v -z --stdin [1ms]
2026-09-13 12:47:23.844 [info] > git config --get commit.template [10ms]
2026-09-13 12:47:23.845 [info] > git for-each-ref --format=%(refname)%00%(upstream:short)%00%(objectname)%00%(upstream:track)%00%(upstream:remotename)%00%(upstream:remoteref) refs/heads/main refs/remotes/main [2ms]
2026-09-13 12:47:23.860 [info] > git for-each-ref --sort -committerdate --format %(refname)%00%(objectname)%00%(*objectname) [1ms]
2026-09-13 12:47:23.862 [info] > git status -z -uall [10ms]
2026-09-13 12:47:24.177 [info] > git check-ignore -v -z --stdin [2ms]
2026-09-13 12:47:44.081 [info] > git check-ignore -v -z --stdin [2ms]
2026-09-13 12:47:44.745 [info] > git check-ignore -v -z --stdin [1ms]
2026-09-13 12:47:46.341 [info] > git config --get commit.template [7ms]
2026-09-13 12:47:46.342 [info] > git for-each-ref --format=%(refname)%00%(upstream:short)%00%(objectname)%00%(upstream:track)%00%(upstream:remotename)%00%(upstream:remoteref) refs/heads/main refs/remotes/main [3ms]
2026-09-13 12:47:46.354 [info] > git for-each-ref --sort -committerdate --format %(refname)%00%(objectname)%00%(*objectname) [0ms]
2026-09-13 12:47:46.359 [info] > git status -z -uall [12ms]
2026-09-13 12:47:46.675 [info] > git check-ignore -v -z --stdin [2ms]
2026-09-13 12:48:17.729 [info] > git check-ignore -v -z --stdin [3ms]
2026-09-13 12:48:17.783 [info] > git show --textconv :Python/django/SOA/OrientationApp/views.py [22ms]
2026-09-13 12:48:17.784 [info] > git ls-files --stage -- Python/django/SOA/OrientationApp/views.py [6ms]
2026-09-13 12:48:17.816 [info] > git cat-file -s a409af7d5fe6ef2a9c6148795980612bca67ea42 [3ms]
2026-09-13 12:48:23.410 [info] > git check-ignore -v -z --stdin [13ms]
2026-09-13 12:48:23.453 [info] > git show --textconv :Python/django/SOA/OrientationApp/templates/Orientation.html [17ms]
2026-09-13 12:48:23.455 [info] > git ls-files --stage -- Python/django/SOA/OrientationApp/templates/Orientation.html [3ms]
2026-09-13 12:48:23.475 [info] > git cat-file -s 13af512edcfe005a9cf1a537e2d521be3548f5fe [3ms]
2026-09-13 12:48:38.366 [info] > git check-ignore -v -z --stdin [3ms]
2026-09-13 12:48:38.469 [info] > git show --textconv :Python/django/SOA/OrientationApp/views.py [33ms]
2026-09-13 12:48:38.484 [info] > git ls-files --stage -- Python/django/SOA/OrientationApp/views.py [19ms]
2026-09-13 12:48:38.499 [info] > git cat-file -s a409af7d5fe6ef2a9c6148795980612bca67ea42 [9ms]
2026-09-13 12:48:46.478 [info] > git check-ignore -v -z --stdin [2ms]
2026-09-13 12:48:49.123 [info] > git config --get commit.template [2ms]
2026-09-13 12:48:49.132 [info] > git for-each-ref --format=%(refname)%00%(upstream:short)%00%(objectname)%00%(upstream:track)%00%(upstream:remotename)%00%(upstream:remoteref) refs/heads/main refs/remotes/main [2ms]
2026-09-13 12:48:49.147 [info] > git for-each-ref --sort -committerdate --format %(refname)%00%(objectname)%00%(*objectname) [1ms]
2026-09-13 12:48:49.149 [info] > git status -z -uall [8ms]
2026-09-13 12:48:49.466 [info] > git check-ignore -v -z --stdin [2ms]
2026-09-13 12:49:37.568 [info] > git check-ignore -v -z --stdin [2ms]
2026-09-13 12:49:37.924 [info] > git check-ignore -v -z --stdin [1ms]
2026-09-13 12:49:39.442 [info] > git check-ignore -v -z --stdin [2ms]
2026-09-13 12:49:42.226 [info] > git config --get commit.template [7ms]
2026-09-13 12:49:42.227 [info] > git for-each-ref --format=%(refname)%00%(upstream:short)%00%(objectname)%00%(upstream:track)%00%(upstream:remotename)%00%(upstream:remoteref) refs/heads/main refs/remotes/main [2ms]
2026-09-13 12:49:42.238 [info] > git for-each-ref --sort -committerdate --format %(refname)%00%(objectname)%00%(*objectname) [2ms]
2026-09-13 12:49:42.240 [info] > git status -z -uall [8ms]
2026-09-13 12:49:42.557 [info] > git check-ignore -v -z --stdin [2ms]
2026-09-13 12:49:43.834 [info] > git ls-tree -l b5fe8c5cac4c8927894bc2d9795512a91ca0da35 -- Python/django/SOA/OrientationApp/templates/Orientation.html [8ms]
2026-09-13 12:49:43.834 [info] > git ls-tree -l f3e648550a992a38d714b413c506383ea94df3d8 -- Python/django/SOA/OrientationApp/templates/Orientation.html [19ms]
2026-09-13 12:49:43.835 [info] > git ls-tree -l b5fe8c5cac4c8927894bc2d9795512a91ca0da35 -- Python/django/SOA/OrientationApp/logic.py [34ms]
2026-09-13 12:49:43.835 [info] > git ls-tree -l f3e648550a992a38d714b413c506383ea94df3d8 -- Python/django/SOA/OrientationApp/logic.py [49ms]
2026-09-13 12:49:44.969 [info] > git ls-tree -l f3e648550a992a38d714b413c506383ea94df3d8 -- Python/django/SOA/OrientationApp/templates/Orientation.html [18ms]
2026-09-13 12:49:44.970 [info] > git ls-tree -l b5fe8c5cac4c8927894bc2d9795512a91ca0da35 -- Python/django/SOA/OrientationApp/logic.py [30ms]
2026-09-13 12:49:44.970 [info] > git ls-tree -l f3e648550a992a38d714b413c506383ea94df3d8 -- Python/django/SOA/OrientationApp/logic.py [41ms]
2026-09-13 12:49:44.970 [info] > git ls-tree -l b5fe8c5cac4c8927894bc2d9795512a91ca0da35 -- Python/django/SOA/OrientationApp/templates/Orientation.html [4ms]
2026-09-13 12:49:47.085 [info] > git check-ignore -v -z --stdin [2ms]
2026-09-13 12:49:47.143 [info] > git show --textconv :Python/django/SOA/OrientationApp/templates/Orientation.html [19ms]
2026-09-13 12:49:47.157 [info] > git ls-files --stage -- Python/django/SOA/OrientationApp/templates/Orientation.html [14ms]
2026-09-13 12:49:47.168 [info] > git cat-file -s 13af512edcfe005a9cf1a537e2d521be3548f5fe [2ms]
2026-09-13 12:49:54.614 [info] > git check-ignore -v -z --stdin [2ms]
2026-09-13 12:49:55.126 [info] > git check-ignore -v -z --stdin [2ms]
2026-09-13 12:49:57.016 [info] > git config --get commit.template [6ms]
2026-09-13 12:49:57.017 [info] > git for-each-ref --format=%(refname)%00%(upstream:short)%00%(objectname)%00%(upstream:track)%00%(upstream:remotename)%00%(upstream:remoteref) refs/heads/main refs/remotes/main [2ms]
2026-09-13 12:49:57.029 [info] > git for-each-ref --sort -committerdate --format %(refname)%00%(objectname)%00%(*objectname) [2ms]
2026-09-13 12:49:57.032 [info] > git status -z -uall [9ms]
2026-09-13 12:49:57.345 [info] > git check-ignore -v -z --stdin [2ms]
2026-09-13 12:49:58.976 [info] > git ls-tree -l f3e648550a992a38d714b413c506383ea94df3d8 -- Python/django/SOA/OrientationApp/templates/Orientation.html [12ms]
2026-09-13 12:49:58.976 [info] > git ls-tree -l b5fe8c5cac4c8927894bc2d9795512a91ca0da35 -- Python/django/SOA/OrientationApp/logic.py [44ms]
2026-09-13 12:49:58.976 [info] > git ls-tree -l f3e648550a992a38d714b413c506383ea94df3d8 -- Python/django/SOA/OrientationApp/logic.py [50ms]
2026-09-13 12:49:58.977 [info] > git ls-tree -l b5fe8c5cac4c8927894bc2d9795512a91ca0da35 -- Python/django/SOA/OrientationApp/templates/Orientation.html [3ms]
2026-09-13 12:50:09.753 [info] > git check-ignore -v -z --stdin [2ms]
2026-09-13 12:50:09.793 [info] > git show --textconv :Python/django/SOA/OrientationApp/views.py [20ms]
2026-09-13 12:50:09.794 [info] > git ls-files --stage -- Python/django/SOA/OrientationApp/views.py [2ms]
2026-09-13 12:50:09.811 [info] > git cat-file -s a409af7d5fe6ef2a9c6148795980612bca67ea42 [3ms]
2026-09-13 12:50:11.461 [info] > git check-ignore -v -z --stdin [2ms]
2026-09-13 12:50:11.815 [info] > git check-ignore -v -z --stdin [1ms]
2026-09-13 12:50:12.175 [info] > git check-ignore -v -z --stdin [1ms]
2026-09-13 12:50:12.568 [info] > git check-ignore -v -z --stdin [2ms]
2026-09-13 12:50:12.892 [info] > git check-ignore -v -z --stdin [2ms]
2026-09-13 12:50:13.356 [info] > git check-ignore -v -z --stdin [1ms]
2026-09-13 12:50:13.562 [info] > git check-ignore -v -z --stdin [3ms]
2026-09-13 12:50:14.016 [info] > git check-ignore -v -z --stdin [2ms]
2026-09-13 12:50:14.724 [info] > git check-ignore -v -z --stdin [2ms]
2026-09-13 12:50:15.306 [info] > git check-ignore -v -z --stdin [1ms]
2026-09-13 12:50:17.202 [info] > git config --get commit.template [7ms]
2026-09-13 12:50:17.202 [info] > git for-each-ref --format=%(refname)%00%(upstream:short)%00%(objectname)%00%(upstream:track)%00%(upstream:remotename)%00%(upstream:remoteref) refs/heads/main refs/remotes/main [1ms]
2026-09-13 12:50:17.214 [info] > git for-each-ref --sort -committerdate --format %(refname)%00%(objectname)%00%(*objectname) [1ms]
2026-09-13 12:50:17.218 [info] > git status -z -uall [10ms]
2026-09-13 12:50:17.890 [info] > git check-ignore -v -z --stdin [1ms]
2026-09-13 12:50:20.491 [info] > git check-ignore -v -z --stdin [1ms]
2026-09-13 12:50:20.829 [info] > git check-ignore -v -z --stdin [2ms]
2026-09-13 12:50:21.202 [info] > git check-ignore -v -z --stdin [1ms]
2026-09-13 12:50:21.492 [info] > git check-ignore -v -z --stdin [2ms]
2026-09-13 12:50:21.803 [info] > git check-ignore -v -z --stdin [2ms]
2026-09-13 12:50:22.164 [info] > git check-ignore -v -z --stdin [1ms]
2026-09-13 12:50:22.219 [info] > git config --get commit.template [8ms]
2026-09-13 12:50:22.229 [info] > git for-each-ref --format=%(refname)%00%(upstream:short)%00%(objectname)%00%(upstream:track)%00%(upstream:remotename)%00%(upstream:remoteref) refs/heads/main refs/remotes/main [3ms]
2026-09-13 12:50:22.245 [info] > git for-each-ref --sort -committerdate --format %(refname)%00%(objectname)%00%(*objectname) [3ms]
2026-09-13 12:50:22.247 [info] > git status -z -uall [9ms]
2026-09-13 12:50:22.606 [info] > git check-ignore -v -z --stdin [2ms]
2026-09-13 12:50:22.934 [info] > git check-ignore -v -z --stdin [1ms]
2026-09-13 12:50:23.382 [info] > git check-ignore -v -z --stdin [2ms]
2026-09-13 12:50:23.753 [info] > git check-ignore -v -z --stdin [1ms]
2026-09-13 12:50:24.499 [info] > git check-ignore -v -z --stdin [1ms]
2026-09-13 12:50:25.026 [info] > git check-ignore -v -z --stdin [1ms]
2026-09-13 12:50:25.630 [info] > git check-ignore -v -z --stdin [1ms]
2026-09-13 12:50:28.412 [info] > git config --get commit.template [6ms]
2026-09-13 12:50:28.413 [info] > git for-each-ref --format=%(refname)%00%(upstream:short)%00%(objectname)%00%(upstream:track)%00%(upstream:remotename)%00%(upstream:remoteref) refs/heads/main refs/remotes/main [2ms]
2026-09-13 12:50:28.429 [info] > git for-each-ref --sort -committerdate --format %(refname)%00%(objectname)%00%(*objectname) [3ms]
2026-09-13 12:50:28.431 [info] > git status -z -uall [10ms]
2026-09-13 12:50:28.746 [info] > git check-ignore -v -z --stdin [1ms]
2026-09-13 12:51:19.430 [info] > git config --get commit.template [2ms]
2026-09-13 12:51:19.444 [info] > git for-each-ref --format=%(refname)%00%(upstream:short)%00%(objectname)%00%(upstream:track)%00%(upstream:remotename)%00%(upstream:remoteref) refs/heads/main refs/remotes/main [3ms]
2026-09-13 12:51:19.459 [info] > git for-each-ref --sort -committerdate --format %(refname)%00%(objectname)%00%(*objectname) [2ms]
2026-09-13 12:51:19.462 [info] > git status -z -uall [12ms]
2026-09-13 12:51:19.812 [info] > git check-ignore -v -z --stdin [7ms]
2026-09-13 12:52:23.038 [info] > git config --get commit.template [39ms]
2026-09-13 12:52:23.039 [info] > git ls-tree -l f3e648550a992a38d714b413c506383ea94df3d8 -- Python/django/SOA/OrientationApp/templates/Orientation.html [11ms]
2026-09-13 12:52:23.039 [info] > git ls-tree -l b5fe8c5cac4c8927894bc2d9795512a91ca0da35 -- Python/django/SOA/OrientationApp/logic.py [20ms]
2026-09-13 12:52:23.040 [info] > git ls-tree -l f3e648550a992a38d714b413c506383ea94df3d8 -- Python/django/SOA/OrientationApp/logic.py [33ms]
2026-09-13 12:52:23.050 [info] > git ls-tree -l b5fe8c5cac4c8927894bc2d9795512a91ca0da35 -- Python/django/SOA/OrientationApp/templates/Orientation.html [13ms]
2026-09-13 12:52:23.052 [info] > git for-each-ref --format=%(refname)%00%(upstream:short)%00%(objectname)%00%(upstream:track)%00%(upstream:remotename)%00%(upstream:remoteref) refs/heads/main refs/remotes/main [4ms]
2026-09-13 12:52:23.095 [info] > git status -z -uall [15ms]
2026-09-13 12:52:23.095 [info] > git for-each-ref --sort -committerdate --format %(refname)%00%(objectname)%00%(*objectname) [4ms]
2026-09-13 12:52:23.519 [info] > git check-ignore -v -z --stdin [1ms]
2026-09-13 12:52:28.118 [info] > git config --get commit.template [7ms]
2026-09-13 12:52:28.120 [info] > git for-each-ref --format=%(refname)%00%(upstream:short)%00%(objectname)%00%(upstream:track)%00%(upstream:remotename)%00%(upstream:remoteref) refs/heads/main refs/remotes/main [3ms]
2026-09-13 12:52:28.133 [info] > git for-each-ref --sort -committerdate --format %(refname)%00%(objectname)%00%(*objectname) [2ms]
2026-09-13 12:52:28.136 [info] > git status -z -uall [10ms]
2026-09-13 12:52:28.452 [info] > git check-ignore -v -z --stdin [1ms]
2026-09-13 12:52:38.032 [info] > git check-ignore -v -z --stdin [1ms]
2026-09-13 12:52:38.053 [info] > git show --textconv :Python/django/SOA/OrientationApp/templates/Orientation.html [11ms]
2026-09-13 12:52:38.054 [info] > git ls-files --stage -- Python/django/SOA/OrientationApp/templates/Orientation.html [2ms]
2026-09-13 12:52:38.064 [info] > git cat-file -s 13af512edcfe005a9cf1a537e2d521be3548f5fe [3ms]
2026-09-13 12:52:58.875 [info] > git check-ignore -v -z --stdin [8ms]
2026-09-13 12:52:59.004 [info] > git show --textconv :Python/django/SOA/OrientationApp/views.py [17ms]
2026-09-13 12:52:59.005 [info] > git ls-files --stage -- Python/django/SOA/OrientationApp/views.py [1ms]
2026-09-13 12:52:59.020 [info] > git cat-file -s a409af7d5fe6ef2a9c6148795980612bca67ea42 [2ms]
2026-09-13 12:53:38.156 [info] > git check-ignore -v -z --stdin [4ms]
2026-09-13 12:53:38.197 [info] > git show --textconv :Python/django/SOA/OrientationApp/logic.py [7ms]
2026-09-13 12:53:38.203 [info] > git ls-files --stage -- Python/django/SOA/OrientationApp/logic.py [7ms]
2026-09-13 12:53:38.223 [info] > git cat-file -s f3261da2e9cf2646e3aca90bc184a376caa65bcc [1ms]
2026-09-13 12:53:38.310 [info] > git blame --root --incremental b5fe8c5cac4c8927894bc2d9795512a91ca0da35 -- Python/django/SOA/OrientationApp/logic.py [45ms]
2026-09-13 12:54:07.393 [info] > git ls-tree -l f3e648550a992a38d714b413c506383ea94df3d8 -- Python/django/SOA/OrientationApp/templates/Orientation.html [61ms]
2026-09-13 12:54:07.394 [info] > git ls-tree -l b5fe8c5cac4c8927894bc2d9795512a91ca0da35 -- Python/django/SOA/OrientationApp/logic.py [94ms]
2026-09-13 12:54:07.394 [info] > git ls-tree -l f3e648550a992a38d714b413c506383ea94df3d8 -- Python/django/SOA/OrientationApp/logic.py [113ms]
2026-09-13 12:54:07.394 [info] > git ls-tree -l b5fe8c5cac4c8927894bc2d9795512a91ca0da35 -- Python/django/SOA/OrientationApp/templates/Orientation.html [50ms]
2026-09-13 12:54:11.375 [info] > git check-ignore -v -z --stdin [1ms]
2026-09-13 12:54:11.456 [info] > git show --textconv :Python/django/SOA/OrientationApp/templates/Orientation.html [27ms]
2026-09-13 12:54:11.467 [info] > git ls-files --stage -- Python/django/SOA/OrientationApp/templates/Orientation.html [17ms]
2026-09-13 12:54:11.488 [info] > git cat-file -s 13af512edcfe005a9cf1a537e2d521be3548f5fe [4ms]
2026-09-13 12:54:29.284 [info] > git check-ignore -v -z --stdin [2ms]
2026-09-13 12:54:29.358 [info] > git show --textconv :Python/django/SOA/OrientationApp/views.py [31ms]
2026-09-13 12:54:29.359 [info] > git ls-files --stage -- Python/django/SOA/OrientationApp/views.py [2ms]
2026-09-13 12:54:29.403 [info] > git cat-file -s a409af7d5fe6ef2a9c6148795980612bca67ea42 [22ms]
2026-09-13 12:54:37.146 [info] > git check-ignore -v -z --stdin [1ms]
2026-09-13 12:54:37.259 [info] > git show --textconv :Python/django/SOA/OrientationApp/templates/Orientation.html [21ms]
2026-09-13 12:54:37.264 [info] > git ls-files --stage -- Python/django/SOA/OrientationApp/templates/Orientation.html [6ms]
2026-09-13 12:54:37.274 [info] > git cat-file -s 13af512edcfe005a9cf1a537e2d521be3548f5fe [2ms]
2026-09-13 12:54:46.582 [info] > git check-ignore -v -z --stdin [1ms]
2026-09-13 12:54:46.916 [info] > git check-ignore -v -z --stdin [2ms]
2026-09-13 12:54:47.260 [info] > git check-ignore -v -z --stdin [2ms]
2026-09-13 12:54:47.535 [info] > git check-ignore -v -z --stdin [2ms]
2026-09-13 12:54:51.167 [info] > git config --get commit.template [6ms]
2026-09-13 12:54:51.168 [info] > git for-each-ref --format=%(refname)%00%(upstream:short)%00%(objectname)%00%(upstream:track)%00%(upstream:remotename)%00%(upstream:remoteref) refs/heads/main refs/remotes/main [2ms]
2026-09-13 12:54:51.181 [info] > git for-each-ref --sort -committerdate --format %(refname)%00%(objectname)%00%(*objectname) [3ms]
2026-09-13 12:54:51.184 [info] > git status -z -uall [11ms]
2026-09-13 12:54:51.498 [info] > git check-ignore -v -z --stdin [1ms]
2026-09-13 12:55:13.678 [info] > git config --get commit.template [6ms]
2026-09-13 12:55:13.680 [info] > git for-each-ref --format=%(refname)%00%(upstream:short)%00%(objectname)%00%(upstream:track)%00%(upstream:remotename)%00%(upstream:remoteref) refs/heads/main refs/remotes/main [3ms]
2026-09-13 12:55:13.694 [info] > git for-each-ref --sort -committerdate --format %(refname)%00%(objectname)%00%(*objectname) [1ms]
2026-09-13 12:55:13.697 [info] > git status -z -uall [10ms]
2026-09-13 12:55:14.021 [info] > git check-ignore -v -z --stdin [3ms]
2026-09-13 12:55:18.714 [info] > git config --get commit.template [3ms]
2026-09-13 12:55:18.725 [info] > git for-each-ref --format=%(refname)%00%(upstream:short)%00%(objectname)%00%(upstream:track)%00%(upstream:remotename)%00%(upstream:remoteref) refs/heads/main refs/remotes/main [2ms]
2026-09-13 12:55:18.741 [info] > git for-each-ref --sort -committerdate --format %(refname)%00%(objectname)%00%(*objectname) [2ms]
2026-09-13 12:55:18.744 [info] > git status -z -uall [12ms]
2026-09-13 12:55:19.058 [info] > git check-ignore -v -z --stdin [2ms]
2026-09-13 12:56:10.498 [info] > git check-ignore -v -z --stdin [6ms]
2026-09-13 12:56:10.562 [info] > git show --textconv :Python/django/SOA/OrientationApp/views.py [28ms]
2026-09-13 12:56:10.564 [info] > git ls-files --stage -- Python/django/SOA/OrientationApp/views.py [7ms]
2026-09-13 12:56:10.589 [info] > git cat-file -s a409af7d5fe6ef2a9c6148795980612bca67ea42 [4ms]
2026-09-13 12:56:37.591 [info] > git ls-tree -l f3e648550a992a38d714b413c506383ea94df3d8 -- Python/django/SOA/OrientationApp/templates/Orientation.html [12ms]
2026-09-13 12:56:37.591 [info] > git ls-tree -l b5fe8c5cac4c8927894bc2d9795512a91ca0da35 -- Python/django/SOA/OrientationApp/logic.py [21ms]
2026-09-13 12:56:37.591 [info] > git ls-tree -l f3e648550a992a38d714b413c506383ea94df3d8 -- Python/django/SOA/OrientationApp/logic.py [27ms]
2026-09-13 12:56:37.595 [info] > git ls-tree -l b5fe8c5cac4c8927894bc2d9795512a91ca0da35 -- Python/django/SOA/OrientationApp/templates/Orientation.html [11ms]
2026-09-13 12:56:48.189 [info] > git check-ignore -v -z --stdin [12ms]
2026-09-13 12:56:48.190 [info] > git check-ignore -v -z --stdin [3ms]
2026-09-13 12:56:50.759 [info] > git check-ignore -v -z --stdin [2ms]
2026-09-13 12:57:10.691 [info] > git check-ignore -v -z --stdin [1ms]
2026-09-13 12:57:12.636 [info] > git config --get commit.template [28ms]
2026-09-13 12:57:12.639 [info] > git for-each-ref --format=%(refname)%00%(upstream:short)%00%(objectname)%00%(upstream:track)%00%(upstream:remotename)%00%(upstream:remoteref) refs/heads/main refs/remotes/main [4ms]
2026-09-13 12:57:12.665 [info] > git for-each-ref --sort -committerdate --format %(refname)%00%(objectname)%00%(*objectname) [7ms]
2026-09-13 12:57:12.667 [info] > git status -z -uall [17ms]
2026-09-13 12:57:13.314 [info] > git check-ignore -v -z --stdin [5ms]
2026-09-13 12:57:17.692 [info] > git config --get commit.template [6ms]
2026-09-13 12:57:17.693 [info] > git for-each-ref --format=%(refname)%00%(upstream:short)%00%(objectname)%00%(upstream:track)%00%(upstream:remotename)%00%(upstream:remoteref) refs/heads/main refs/remotes/main [2ms]
2026-09-13 12:57:17.711 [info] > git for-each-ref --sort -committerdate --format %(refname)%00%(objectname)%00%(*objectname) [3ms]
2026-09-13 12:57:17.713 [info] > git status -z -uall [13ms]
2026-09-13 12:57:18.035 [info] > git check-ignore -v -z --stdin [2ms]
2026-09-13 12:57:22.738 [info] > git config --get commit.template [9ms]
2026-09-13 12:57:22.740 [info] > git for-each-ref --format=%(refname)%00%(upstream:short)%00%(objectname)%00%(upstream:track)%00%(upstream:remotename)%00%(upstream:remoteref) refs/heads/main refs/remotes/main [2ms]
2026-09-13 12:57:22.754 [info] > git for-each-ref --sort -committerdate --format %(refname)%00%(objectname)%00%(*objectname) [2ms]
2026-09-13 12:57:22.757 [info] > git status -z -uall [11ms]
2026-09-13 12:57:23.077 [info] > git check-ignore -v -z --stdin [2ms]
2026-09-13 12:58:39.692 [info] > git config --get commit.template [8ms]
2026-09-13 12:58:39.739 [info] > git ls-tree -l f3e648550a992a38d714b413c506383ea94df3d8 -- Python/django/SOA/OrientationApp/templates/Orientation.html [26ms]
2026-09-13 12:58:39.739 [info] > git ls-tree -l b5fe8c5cac4c8927894bc2d9795512a91ca0da35 -- Python/django/SOA/OrientationApp/logic.py [38ms]
2026-09-13 12:58:39.739 [info] > git ls-tree -l f3e648550a992a38d714b413c506383ea94df3d8 -- Python/django/SOA/OrientationApp/logic.py [49ms]
2026-09-13 12:58:39.742 [info] > git ls-tree -l b5fe8c5cac4c8927894bc2d9795512a91ca0da35 -- Python/django/SOA/OrientationApp/templates/Orientation.html [21ms]
2026-09-13 12:58:39.742 [info] > git for-each-ref --format=%(refname)%00%(upstream:short)%00%(objectname)%00%(upstream:track)%00%(upstream:remotename)%00%(upstream:remoteref) refs/heads/main refs/remotes/main [8ms]
2026-09-13 12:58:39.761 [info] > git for-each-ref --sort -committerdate --format %(refname)%00%(objectname)%00%(*objectname) [3ms]
2026-09-13 12:58:39.776 [info] > git status -z -uall [24ms]
2026-09-13 12:58:40.108 [info] > git check-ignore -v -z --stdin [2ms]
2026-09-13 12:58:44.270 [info] > git check-ignore -v -z --stdin [2ms]
2026-09-13 12:58:44.867 [info] > git config --get commit.template [2ms]
2026-09-13 12:58:44.889 [info] > git check-ignore -v -z --stdin [8ms]
2026-09-13 12:58:44.889 [info] > git for-each-ref --format=%(refname)%00%(upstream:short)%00%(objectname)%00%(upstream:track)%00%(upstream:remotename)%00%(upstream:remoteref) refs/heads/main refs/remotes/main [2ms]
2026-09-13 12:58:44.912 [info] > git status -z -uall [12ms]
2026-09-13 12:58:44.913 [info] > git for-each-ref --sort -committerdate --format %(refname)%00%(objectname)%00%(*objectname) [5ms]
2026-09-13 12:58:45.246 [info] > git check-ignore -v -z --stdin [2ms]
2026-09-13 12:58:50.053 [info] > git config --get commit.template [83ms]
2026-09-13 12:58:50.063 [info] > git for-each-ref --format=%(refname)%00%(upstream:short)%00%(objectname)%00%(upstream:track)%00%(upstream:remotename)%00%(upstream:remoteref) refs/heads/main refs/remotes/main [25ms]
2026-09-13 12:58:50.138 [info] > git status -z -uall [37ms]
2026-09-13 12:58:50.149 [info] > git for-each-ref --sort -committerdate --format %(refname)%00%(objectname)%00%(*objectname) [14ms]
2026-09-13 12:58:50.472 [info] > git check-ignore -v -z --stdin [2ms]
2026-09-13 12:58:55.193 [info] > git config --get commit.template [7ms]
2026-09-13 12:58:55.195 [info] > git for-each-ref --format=%(refname)%00%(upstream:short)%00%(objectname)%00%(upstream:track)%00%(upstream:remotename)%00%(upstream:remoteref) refs/heads/main refs/remotes/main [2ms]
2026-09-13 12:58:55.216 [info] > git for-each-ref --sort -committerdate --format %(refname)%00%(objectname)%00%(*objectname) [3ms]
2026-09-13 12:58:55.217 [info] > git status -z -uall [12ms]
2026-09-13 12:58:55.534 [info] > git check-ignore -v -z --stdin [2ms]
2026-09-13 12:59:03.854 [info] > git config --get commit.template [2ms]
2026-09-13 12:59:03.863 [info] > git for-each-ref --format=%(refname)%00%(upstream:short)%00%(objectname)%00%(upstream:track)%00%(upstream:remotename)%00%(upstream:remoteref) refs/heads/main refs/remotes/main [2ms]
2026-09-13 12:59:03.878 [info] > git for-each-ref --sort -committerdate --format %(refname)%00%(objectname)%00%(*objectname) [3ms]
2026-09-13 12:59:03.882 [info] > git status -z -uall [14ms]
2026-09-13 12:59:04.206 [info] > git check-ignore -v -z --stdin [2ms]
2026-09-13 12:59:08.909 [info] > git config --get commit.template [8ms]
2026-09-13 12:59:08.910 [info] > git for-each-ref --format=%(refname)%00%(upstream:short)%00%(objectname)%00%(upstream:track)%00%(upstream:remotename)%00%(upstream:remoteref) refs/heads/main refs/remotes/main [2ms]
2026-09-13 12:59:08.933 [info] > git for-each-ref --sort -committerdate --format %(refname)%00%(objectname)%00%(*objectname) [0ms]
2026-09-13 12:59:08.946 [info] > git status -z -uall [24ms]
2026-09-13 12:59:09.275 [info] > git check-ignore -v -z --stdin [3ms]
2026-09-13 12:59:13.961 [info] > git config --get commit.template [6ms]
2026-09-13 12:59:13.962 [info] > git for-each-ref --format=%(refname)%00%(upstream:short)%00%(objectname)%00%(upstream:track)%00%(upstream:remotename)%00%(upstream:remoteref) refs/heads/main refs/remotes/main [1ms]
2026-09-13 12:59:13.974 [info] > git for-each-ref --sort -committerdate --format %(refname)%00%(objectname)%00%(*objectname) [2ms]
2026-09-13 12:59:13.976 [info] > git status -z -uall [9ms]
2026-09-13 12:59:14.335 [info] > git check-ignore -v -z --stdin [4ms]
