2026-09-19 16:59:23.733 [info] [main] Log level: Info
2026-09-19 16:59:23.733 [info] [main] Validating found git in: "git"
2026-09-19 16:59:23.734 [info] [main] Using git "2.55.0" from "git"
2026-09-19 16:59:23.734 [info] [Model][doInitialScan] Initial repository scan started
2026-09-19 16:59:23.734 [info] > git rev-parse --show-toplevel [40ms]
2026-09-19 16:59:23.765 [info] > git rev-parse --git-dir --git-common-dir --show-superproject-working-tree [40ms]
2026-09-19 16:59:24.162 [info] [Model][openRepository] Opened repository (path): /home/sadnane/Saad-Programming
2026-09-19 16:59:24.162 [info] [Model][openRepository] Opened repository (real path): /home/sadnane/Saad-Programming
2026-09-19 16:59:24.162 [info] [Model][openRepository] Opened repository (kind): repository
2026-09-19 16:59:24.207 [info] > git config --get --local core.virtualfilesystem [17ms]
2026-09-19 16:59:24.207 [warning] [Git][config] git config failed: Failed to execute git
2026-09-19 16:59:24.223 [info] > git config --get commit.template [22ms]
2026-09-19 16:59:24.241 [info] > git rev-parse --show-toplevel [21ms]
2026-09-19 16:59:24.271 [info] > git for-each-ref --format=%(refname)%00%(upstream:short)%00%(objectname)%00%(upstream:track)%00%(upstream:remotename)%00%(upstream:remoteref) refs/heads/main refs/remotes/main [31ms]
2026-09-19 16:59:24.290 [info] > git rev-parse --show-toplevel [26ms]
2026-09-19 16:59:24.342 [info] > git rev-parse --show-toplevel [11ms]
2026-09-19 16:59:24.342 [info] > git for-each-ref --sort -committerdate --format %(refname)%00%(objectname)%00%(*objectname) [25ms]
2026-09-19 16:59:24.363 [info] > git rev-parse --git-dir --git-common-dir --show-superproject-working-tree [10ms]
2026-09-19 16:59:24.455 [info] > git status -z -uall [149ms]
2026-09-19 16:59:24.548 [info] > git config --get commit.template [7ms]
2026-09-19 16:59:24.548 [info] > git for-each-ref --format=%(refname)%00%(upstream:short)%00%(objectname)%00%(upstream:track)%00%(upstream:remotename)%00%(upstream:remoteref) refs/heads/main refs/remotes/main [42ms]
2026-09-19 16:59:24.632 [info] [Model][openRepository] Opened repository (path): /home/sadnane/Saad-Programming/ble.sh
2026-09-19 16:59:24.632 [info] [Model][openRepository] Opened repository (real path): /home/sadnane/Saad-Programming/ble.sh
2026-09-19 16:59:24.632 [info] [Model][openRepository] Opened repository (kind): repository
2026-09-19 16:59:24.752 [info] > git config --get --local core.virtualfilesystem [82ms]
2026-09-19 16:59:24.752 [warning] [Git][config] git config failed: Failed to execute git
2026-09-19 16:59:24.956 [info] > git config --get commit.template [232ms]
2026-09-19 16:59:24.957 [info] > git config --get --local branch.main.vscode-merge-base [369ms]
2026-09-19 16:59:25.085 [info] > git rev-parse --show-toplevel [334ms]
2026-09-19 16:59:25.176 [info] > git for-each-ref --format=%(refname)%00%(upstream:short)%00%(objectname)%00%(upstream:track)%00%(upstream:remotename)%00%(upstream:remoteref) refs/heads/origin/main refs/remotes/origin/main [191ms]
2026-09-19 16:59:25.210 [info] > git for-each-ref --format=%(refname)%00%(upstream:short)%00%(objectname)%00%(upstream:track)%00%(upstream:remotename)%00%(upstream:remoteref) refs/heads/main refs/remotes/main [262ms]
2026-09-19 16:59:25.369 [info] > git merge-base refs/heads/main refs/remotes/origin/main [160ms]
2026-09-19 16:59:25.416 [info] > git rev-parse --show-toplevel [240ms]
2026-09-19 16:59:25.420 [info] [Model][doInitialScan] Initial repository scan completed - repositories (2), closed repositories (0), parent repositories (0), unsafe repositories (0)
2026-09-19 16:59:25.421 [info] > git for-each-ref --format=%(refname)%00%(upstream:short)%00%(objectname)%00%(upstream:track)%00%(upstream:remotename)%00%(upstream:remoteref) refs/heads/master refs/remotes/master [269ms]
2026-09-19 16:59:25.452 [warning] [Git][revParse] Unable to read file: ENOENT: no such file or directory, open '/home/sadnane/Saad-Programming/ble.sh/.git/refs/remotes/origin/master'
2026-09-19 16:59:25.453 [info] > git check-ignore -v -z --stdin [210ms]
2026-09-19 16:59:25.458 [info] > git check-ignore -v -z --stdin [193ms]
2026-09-19 16:59:25.461 [info] > git diff --raw --numstat --diff-filter=ADMR -z --find-renames=50% 90841d655b2c8e02c2bc01ace69fbba235d271b4...refs/remotes/origin/main -- [59ms]
2026-09-19 16:59:25.547 [info] > git rev-parse refs/remotes/origin/master [96ms]
2026-09-19 16:59:25.582 [info] > git for-each-ref --sort -committerdate --format %(refname)%00%(objectname)%00%(*objectname) [72ms]
2026-09-19 16:59:25.600 [info] > git status -z -uall [42ms]
2026-09-19 16:59:25.601 [info] > git for-each-ref --sort -committerdate --format %(refname)%00%(objectname)%00%(*objectname) [22ms]
2026-09-19 16:59:25.690 [info] > git status -z -uall [203ms]
2026-09-19 16:59:29.292 [info] > git config --get commit.template [3603ms]
2026-09-19 16:59:29.293 [info] > git for-each-ref --format=%(refname)%00%(upstream:short)%00%(objectname)%00%(upstream:track)%00%(upstream:remotename)%00%(upstream:remoteref) refs/heads/master refs/remotes/master [3677ms]
2026-09-19 16:59:30.272 [info] > git config --get --local branch.master.vscode-merge-base [957ms]
2026-09-19 16:59:31.972 [info] > git rev-parse --show-toplevel [2048ms]
2026-09-19 16:59:32.022 [info] > git for-each-ref --format=%(refname)%00%(upstream:short)%00%(objectname)%00%(upstream:track)%00%(upstream:remotename)%00%(upstream:remoteref) refs/heads/origin/master refs/remotes/origin/master [1725ms]
2026-09-19 16:59:32.063 [info] > git for-each-ref --format=%(refname)%00%(upstream:short)%00%(objectname)%00%(upstream:track)%00%(upstream:remotename)%00%(upstream:remoteref) refs/heads/master refs/remotes/master [1926ms]
2026-09-19 16:59:32.107 [warning] [Git][revParse] Unable to read file: ENOENT: no such file or directory, open '/home/sadnane/Saad-Programming/ble.sh/.git/refs/remotes/origin/master'
2026-09-19 16:59:32.168 [info] > git merge-base refs/heads/master refs/remotes/origin/master [105ms]
2026-09-19 16:59:32.183 [info] > git rev-parse --git-dir --git-common-dir --show-superproject-working-tree [164ms]
2026-09-19 16:59:32.243 [info] > git diff --raw --numstat --diff-filter=ADMR -z --find-renames=50% 95ae551dd687a0c61227839dda43f52ac7ea6631...refs/remotes/origin/master -- [61ms]
2026-09-19 16:59:32.244 [info] > git rev-parse refs/remotes/origin/master [138ms]
2026-09-19 16:59:32.810 [info] > git status -z -uall [532ms]
2026-09-19 16:59:32.840 [info] > git for-each-ref --sort -committerdate --format %(refname)%00%(objectname)%00%(*objectname) [501ms]
2026-09-19 16:59:32.932 [info] [Model][openRepository] Opened repository (path): /home/sadnane/Saad-Programming/ble.sh/contrib
2026-09-19 16:59:32.933 [info] [Model][openRepository] Opened repository (real path): /home/sadnane/Saad-Programming/ble.sh/contrib
2026-09-19 16:59:32.933 [info] [Model][openRepository] Opened repository (kind): submodule
2026-09-19 16:59:33.054 [info] > git config --get commit.template [34ms]
2026-09-19 16:59:33.054 [info] > git config --get --local core.virtualfilesystem [80ms]
2026-09-19 16:59:33.054 [warning] [Git][config] git config failed: Failed to execute git
2026-09-19 16:59:33.139 [info] > git for-each-ref --format %(refname)%00%(objectname)%00%(*objectname) refs/tags [5ms]
2026-09-19 16:59:33.348 [info] > git status -z -uall [187ms]
2026-09-19 16:59:33.357 [info] > git for-each-ref --sort -committerdate --format %(refname)%00%(objectname)%00%(*objectname) [171ms]
2026-09-19 16:59:33.474 [info] > git config --get commit.template [47ms]
2026-09-19 16:59:33.476 [info] > git for-each-ref --format %(refname)%00%(objectname)%00%(*objectname) refs/tags [5ms]
2026-09-19 16:59:33.561 [info] > git status -z -uall [61ms]
2026-09-19 16:59:33.581 [info] > git for-each-ref --sort -committerdate --format %(refname)%00%(objectname)%00%(*objectname) [61ms]
2026-09-19 16:59:34.012 [info] > git check-ignore -v -z --stdin [95ms]
2026-09-19 16:59:34.013 [info] > git check-ignore -v -z --stdin [38ms]
2026-09-19 16:59:35.504 [info] > git check-ignore -v -z --stdin [3ms]
2026-09-19 16:59:46.632 [info] > git check-ignore -v -z --stdin [2ms]
2026-09-19 16:59:46.870 [info] > git ls-files --stage -- .zip [11ms]
2026-09-19 16:59:46.898 [info] > git cat-file -s b7e272073e0d4e5187bc894c2555cba8ac2954ff [2ms]
2026-09-19 16:59:46.939 [info] > git show --textconv :.zip [118ms]
2026-09-19 16:59:53.501 [info] > git check-ignore -v -z --stdin [5ms]
2026-09-19 17:00:00.839 [info] > git check-ignore -v -z --stdin [54ms]
2026-09-19 17:00:01.488 [info] > git show --textconv :SOA/settings.py [38ms]
2026-09-19 17:00:01.499 [info] > git ls-files --stage -- SOA/settings.py [20ms]
2026-09-19 17:00:01.523 [info] > git cat-file -s 79a964b07cdab7dfa0e81ef31c03d4cd5c886e3b [11ms]
2026-09-19 17:00:08.074 [info] > git blame --root --incremental 90841d655b2c8e02c2bc01ace69fbba235d271b4 -- SOA/settings.py [30ms]
2026-09-19 17:00:12.375 [info] > git check-ignore -v -z --stdin [7ms]
2026-09-19 17:00:13.170 [info] > git check-ignore -v -z --stdin [24ms]
2026-09-19 17:00:15.075 [info] > git config --get commit.template [14ms]
2026-09-19 17:00:15.105 [info] > git for-each-ref --format=%(refname)%00%(upstream:short)%00%(objectname)%00%(upstream:track)%00%(upstream:remotename)%00%(upstream:remoteref) refs/heads/main refs/remotes/main [14ms]
2026-09-19 17:00:15.188 [info] > git for-each-ref --sort -committerdate --format %(refname)%00%(objectname)%00%(*objectname) [16ms]
2026-09-19 17:00:15.269 [info] > git status -z -uall [123ms]
2026-09-19 17:00:15.723 [info] > git check-ignore -v -z --stdin [7ms]
2026-09-19 17:00:20.359 [info] > git config --get commit.template [29ms]
2026-09-19 17:00:20.364 [info] > git for-each-ref --format=%(refname)%00%(upstream:short)%00%(objectname)%00%(upstream:track)%00%(upstream:remotename)%00%(upstream:remoteref) refs/heads/main refs/remotes/main [13ms]
2026-09-19 17:00:20.463 [info] > git for-each-ref --sort -committerdate --format %(refname)%00%(objectname)%00%(*objectname) [48ms]
2026-09-19 17:00:20.500 [info] > git status -z -uall [99ms]
2026-09-19 17:00:20.931 [info] > git check-ignore -v -z --stdin [2ms]
2026-09-19 17:00:23.363 [info] > git check-ignore -v -z --stdin [7ms]
2026-09-19 17:00:24.947 [info] > git check-ignore -v -z --stdin [19ms]
2026-09-19 17:00:25.542 [info] > git config --get commit.template [7ms]
2026-09-19 17:00:25.580 [info] > git for-each-ref --format=%(refname)%00%(upstream:short)%00%(objectname)%00%(upstream:track)%00%(upstream:remotename)%00%(upstream:remoteref) refs/heads/main refs/remotes/main [17ms]
2026-09-19 17:00:25.658 [info] > git for-each-ref --sort -committerdate --format %(refname)%00%(objectname)%00%(*objectname) [30ms]
2026-09-19 17:00:25.739 [info] > git status -z -uall [135ms]
2026-09-19 17:00:26.118 [info] > git check-ignore -v -z --stdin [5ms]
2026-09-19 17:00:26.873 [info] > git check-ignore -v -z --stdin [4ms]
2026-09-19 17:00:30.799 [info] > git config --get commit.template [4ms]
2026-09-19 17:00:30.832 [info] > git for-each-ref --format=%(refname)%00%(upstream:short)%00%(objectname)%00%(upstream:track)%00%(upstream:remotename)%00%(upstream:remoteref) refs/heads/main refs/remotes/main [17ms]
2026-09-19 17:00:30.894 [info] > git for-each-ref --sort -committerdate --format %(refname)%00%(objectname)%00%(*objectname) [6ms]
2026-09-19 17:00:30.956 [info] > git status -z -uall [93ms]
2026-09-19 17:00:31.295 [info] > git check-ignore -v -z --stdin [3ms]
2026-09-19 17:00:40.361 [info] > git check-ignore -v -z --stdin [6ms]
2026-09-19 17:00:40.703 [info] > git check-ignore -v -z --stdin [14ms]
2026-09-19 17:00:41.880 [info] > git check-ignore -v -z --stdin [11ms]
2026-09-19 17:00:42.625 [info] > git config --get commit.template [12ms]
2026-09-19 17:00:42.673 [info] > git for-each-ref --format=%(refname)%00%(upstream:short)%00%(objectname)%00%(upstream:track)%00%(upstream:remotename)%00%(upstream:remoteref) refs/heads/main refs/remotes/main [18ms]
2026-09-19 17:00:42.790 [info] > git for-each-ref --sort -committerdate --format %(refname)%00%(objectname)%00%(*objectname) [33ms]
2026-09-19 17:00:42.867 [info] > git status -z -uall [156ms]
2026-09-19 17:00:43.080 [info] > git check-ignore -v -z --stdin [17ms]
2026-09-19 17:00:43.384 [info] > git check-ignore -v -z --stdin [10ms]
2026-09-19 17:00:44.087 [info] > git check-ignore -v -z --stdin [17ms]
2026-09-19 17:00:44.926 [info] > git check-ignore -v -z --stdin [9ms]
2026-09-19 17:00:45.742 [info] > git check-ignore -v -z --stdin [25ms]
2026-09-19 17:00:47.963 [info] > git config --get commit.template [6ms]
2026-09-19 17:00:48.034 [info] > git check-ignore -v -z --stdin [4ms]
2026-09-19 17:00:48.037 [info] > git for-each-ref --format=%(refname)%00%(upstream:short)%00%(objectname)%00%(upstream:track)%00%(upstream:remotename)%00%(upstream:remoteref) refs/heads/main refs/remotes/main [49ms]
2026-09-19 17:00:48.091 [info] > git for-each-ref --sort -committerdate --format %(refname)%00%(objectname)%00%(*objectname) [2ms]
2026-09-19 17:00:48.151 [info] > git status -z -uall [76ms]
2026-09-19 17:00:48.595 [info] > git check-ignore -v -z --stdin [1ms]
2026-09-19 17:00:49.326 [info] > git check-ignore -v -z --stdin [14ms]
2026-09-19 17:00:49.674 [info] > git check-ignore -v -z --stdin [14ms]
2026-09-19 17:00:50.188 [info] > git check-ignore -v -z --stdin [5ms]
2026-09-19 17:00:50.639 [info] > git check-ignore -v -z --stdin [1ms]
2026-09-19 17:00:50.952 [info] > git check-ignore -v -z --stdin [15ms]
2026-09-19 17:00:51.568 [info] > git check-ignore -v -z --stdin [4ms]
2026-09-19 17:00:52.792 [info] > git check-ignore -v -z --stdin [2ms]
2026-09-19 17:00:54.052 [info] > git check-ignore -v -z --stdin [8ms]
2026-09-19 17:00:54.707 [info] > git config --get commit.template [3ms]
2026-09-19 17:00:54.723 [info] > git for-each-ref --format=%(refname)%00%(upstream:short)%00%(objectname)%00%(upstream:track)%00%(upstream:remotename)%00%(upstream:remoteref) refs/heads/main refs/remotes/main [9ms]
2026-09-19 17:00:54.825 [info] > git check-ignore -v -z --stdin [2ms]
2026-09-19 17:00:54.826 [info] > git for-each-ref --sort -committerdate --format %(refname)%00%(objectname)%00%(*objectname) [55ms]
2026-09-19 17:00:54.876 [info] > git status -z -uall [120ms]
2026-09-19 17:00:55.271 [info] > git check-ignore -v -z --stdin [3ms]
2026-09-19 17:00:55.621 [info] > git check-ignore -v -z --stdin [16ms]
2026-09-19 17:01:03.466 [info] > git config --get commit.template [8ms]
2026-09-19 17:01:03.496 [info] > git for-each-ref --format=%(refname)%00%(upstream:short)%00%(objectname)%00%(upstream:track)%00%(upstream:remotename)%00%(upstream:remoteref) refs/heads/main refs/remotes/main [9ms]
2026-09-19 17:01:03.584 [info] > git for-each-ref --sort -committerdate --format %(refname)%00%(objectname)%00%(*objectname) [35ms]
2026-09-19 17:01:03.636 [info] > git status -z -uall [117ms]
2026-09-19 17:01:04.012 [info] > git check-ignore -v -z --stdin [8ms]
2026-09-19 17:01:09.686 [info] > git check-ignore -v -z --stdin [2ms]
2026-09-19 17:01:10.107 [info] > git check-ignore -v -z --stdin [6ms]
2026-09-19 17:01:10.353 [info] > git check-ignore -v -z --stdin [13ms]
2026-09-19 17:01:11.098 [info] > git check-ignore -v -z --stdin [5ms]
2026-09-19 17:01:11.841 [info] > git check-ignore -v -z --stdin [4ms]
2026-09-19 17:01:12.891 [info] > git check-ignore -v -z --stdin [5ms]
2026-09-19 17:01:14.806 [info] > git config --get commit.template [4ms]
2026-09-19 17:01:14.846 [info] > git for-each-ref --format=%(refname)%00%(upstream:short)%00%(objectname)%00%(upstream:track)%00%(upstream:remotename)%00%(upstream:remoteref) refs/heads/main refs/remotes/main [5ms]
2026-09-19 17:01:14.915 [info] > git for-each-ref --sort -committerdate --format %(refname)%00%(objectname)%00%(*objectname) [3ms]
2026-09-19 17:01:14.992 [info] > git status -z -uall [103ms]
2026-09-19 17:01:15.386 [info] > git check-ignore -v -z --stdin [6ms]
2026-09-19 17:01:17.121 [info] > git check-ignore -v -z --stdin [7ms]
2026-09-19 17:01:17.961 [info] > git check-ignore -v -z --stdin [13ms]
2026-09-19 17:01:18.732 [info] > git check-ignore -v -z --stdin [12ms]
2026-09-19 17:01:19.311 [info] > git check-ignore -v -z --stdin [14ms]
2026-09-19 17:01:26.005 [info] > git config --get commit.template [41ms]
2026-09-19 17:01:26.010 [info] > git for-each-ref --format=%(refname)%00%(upstream:short)%00%(objectname)%00%(upstream:track)%00%(upstream:remotename)%00%(upstream:remoteref) refs/heads/main refs/remotes/main [9ms]
2026-09-19 17:01:26.084 [info] > git for-each-ref --sort -committerdate --format %(refname)%00%(objectname)%00%(*objectname) [7ms]
2026-09-19 17:01:26.138 [info] > git status -z -uall [99ms]
2026-09-19 17:01:26.547 [info] > git check-ignore -v -z --stdin [11ms]
2026-09-19 17:01:34.245 [info] > git check-ignore -v -z --stdin [14ms]
2026-09-19 17:01:34.669 [info] > git check-ignore -v -z --stdin [3ms]
2026-09-19 17:01:36.589 [info] > git config --get commit.template [4ms]
2026-09-19 17:01:36.622 [info] > git for-each-ref --format=%(refname)%00%(upstream:short)%00%(objectname)%00%(upstream:track)%00%(upstream:remotename)%00%(upstream:remoteref) refs/heads/main refs/remotes/main [2ms]
2026-09-19 17:01:36.675 [info] > git for-each-ref --sort -committerdate --format %(refname)%00%(objectname)%00%(*objectname) [2ms]
2026-09-19 17:01:36.752 [info] > git status -z -uall [102ms]
2026-09-19 17:01:37.115 [info] > git check-ignore -v -z --stdin [4ms]
2026-09-19 17:02:08.545 [info] > git config --get commit.template [26ms]
2026-09-19 17:02:08.546 [info] > git for-each-ref --format=%(refname)%00%(upstream:short)%00%(objectname)%00%(upstream:track)%00%(upstream:remotename)%00%(upstream:remoteref) refs/heads/main refs/remotes/main [7ms]
2026-09-19 17:02:08.620 [info] > git for-each-ref --sort -committerdate --format %(refname)%00%(objectname)%00%(*objectname) [1ms]
2026-09-19 17:02:08.718 [info] > git status -z -uall [155ms]
2026-09-19 17:02:09.220 [info] > git check-ignore -v -z --stdin [11ms]
2026-09-19 17:02:13.757 [info] > git config --get commit.template [4ms]
2026-09-19 17:02:13.791 [info] > git for-each-ref --format=%(refname)%00%(upstream:short)%00%(objectname)%00%(upstream:track)%00%(upstream:remotename)%00%(upstream:remoteref) refs/heads/main refs/remotes/main [14ms]
2026-09-19 17:02:13.860 [info] > git for-each-ref --sort -committerdate --format %(refname)%00%(objectname)%00%(*objectname) [5ms]
2026-09-19 17:02:13.911 [info] > git status -z -uall [92ms]
2026-09-19 17:02:14.288 [info] > git check-ignore -v -z --stdin [6ms]
2026-09-19 17:02:15.331 [info] > git check-ignore -v -z --stdin [7ms]
2026-09-19 17:02:18.949 [info] > git config --get commit.template [25ms]
2026-09-19 17:02:18.950 [info] > git for-each-ref --format=%(refname)%00%(upstream:short)%00%(objectname)%00%(upstream:track)%00%(upstream:remotename)%00%(upstream:remoteref) refs/heads/main refs/remotes/main [3ms]
2026-09-19 17:02:18.988 [info] > git for-each-ref --sort -committerdate --format %(refname)%00%(objectname)%00%(*objectname) [2ms]
2026-09-19 17:02:19.037 [info] > git status -z -uall [74ms]
2026-09-19 17:02:19.391 [info] > git check-ignore -v -z --stdin [11ms]
2026-09-19 17:02:33.271 [info] > git check-ignore -v -z --stdin [6ms]
2026-09-19 17:02:34.550 [info] > git check-ignore -v -z --stdin [4ms]
2026-09-19 17:02:35.200 [info] > git config --get commit.template [21ms]
2026-09-19 17:02:35.229 [info] > git for-each-ref --format=%(refname)%00%(upstream:short)%00%(objectname)%00%(upstream:track)%00%(upstream:remotename)%00%(upstream:remoteref) refs/heads/main refs/remotes/main [15ms]
2026-09-19 17:02:35.331 [info] > git check-ignore -v -z --stdin [12ms]
2026-09-19 17:02:35.332 [info] > git for-each-ref --sort -committerdate --format %(refname)%00%(objectname)%00%(*objectname) [52ms]
2026-09-19 17:02:35.385 [info] > git status -z -uall [130ms]
2026-09-19 17:02:35.857 [info] > git check-ignore -v -z --stdin [18ms]
2026-09-19 17:03:53.775 [info] > git config --get commit.template [44ms]
2026-09-19 17:03:53.778 [info] > git for-each-ref --format=%(refname)%00%(upstream:short)%00%(objectname)%00%(upstream:track)%00%(upstream:remotename)%00%(upstream:remoteref) refs/heads/main refs/remotes/main [5ms]
2026-09-19 17:03:53.826 [info] > git for-each-ref --sort -committerdate --format %(refname)%00%(objectname)%00%(*objectname) [2ms]
2026-09-19 17:03:53.917 [info] > git status -z -uall [114ms]
2026-09-19 17:03:54.339 [info] > git check-ignore -v -z --stdin [6ms]
2026-09-19 17:03:58.962 [info] > git config --get commit.template [13ms]
2026-09-19 17:03:58.962 [info] > git for-each-ref --format=%(refname)%00%(upstream:short)%00%(objectname)%00%(upstream:track)%00%(upstream:remotename)%00%(upstream:remoteref) refs/heads/main refs/remotes/main [2ms]
2026-09-19 17:03:59.007 [info] > git for-each-ref --sort -committerdate --format %(refname)%00%(objectname)%00%(*objectname) [3ms]
2026-09-19 17:03:59.083 [info] > git status -z -uall [95ms]
2026-09-19 17:03:59.425 [info] > git check-ignore -v -z --stdin [8ms]
2026-09-19 17:08:05.752 [info] > git config --get commit.template [35ms]
2026-09-19 17:08:05.753 [info] > git for-each-ref --format=%(refname)%00%(upstream:short)%00%(objectname)%00%(upstream:track)%00%(upstream:remotename)%00%(upstream:remoteref) refs/heads/main refs/remotes/main [6ms]
2026-09-19 17:08:05.798 [info] > git for-each-ref --sort -committerdate --format %(refname)%00%(objectname)%00%(*objectname) [7ms]
2026-09-19 17:08:05.878 [info] > git status -z -uall [98ms]
2026-09-19 17:08:06.457 [info] > git check-ignore -v -z --stdin [2ms]
2026-09-19 17:08:10.913 [info] > git config --get commit.template [2ms]
2026-09-19 17:08:10.933 [info] > git for-each-ref --format=%(refname)%00%(upstream:short)%00%(objectname)%00%(upstream:track)%00%(upstream:remotename)%00%(upstream:remoteref) refs/heads/main refs/remotes/main [4ms]
2026-09-19 17:08:10.981 [info] > git for-each-ref --sort -committerdate --format %(refname)%00%(objectname)%00%(*objectname) [10ms]
2026-09-19 17:08:11.060 [info] > git status -z -uall [118ms]
2026-09-19 17:08:11.528 [info] > git check-ignore -v -z --stdin [34ms]
2026-09-19 17:08:11.781 [info] > git check-ignore -v -z --stdin [6ms]
2026-09-19 17:08:14.646 [info] > git check-ignore -v -z --stdin [13ms]
2026-09-19 17:08:14.720 [info] > git show --textconv :OrientationApp/views.py [24ms]
2026-09-19 17:08:14.724 [info] > git ls-files --stage -- OrientationApp/views.py [6ms]
2026-09-19 17:08:14.762 [info] > git cat-file -s e6930d2b0751dcea56f287b58b13d3ad276e2842 [4ms]
2026-09-19 17:08:39.328 [info] > git blame --root --incremental 90841d655b2c8e02c2bc01ace69fbba235d271b4 -- OrientationApp/views.py [3ms]
2026-09-19 17:09:13.354 [info] > git check-ignore -v -z --stdin [6ms]
2026-09-19 17:09:15.713 [info] > git config --get commit.template [4ms]
2026-09-19 17:09:15.740 [info] > git for-each-ref --format=%(refname)%00%(upstream:short)%00%(objectname)%00%(upstream:track)%00%(upstream:remotename)%00%(upstream:remoteref) refs/heads/main refs/remotes/main [7ms]
2026-09-19 17:09:15.794 [info] > git for-each-ref --sort -committerdate --format %(refname)%00%(objectname)%00%(*objectname) [4ms]
2026-09-19 17:09:15.837 [info] > git status -z -uall [61ms]
2026-09-19 17:09:16.539 [info] > git check-ignore -v -z --stdin [14ms]
2026-09-19 17:09:20.807 [info] > git check-ignore -v -z --stdin [5ms]
2026-09-19 17:09:20.913 [info] > git config --get commit.template [39ms]
2026-09-19 17:09:20.913 [info] > git for-each-ref --format=%(refname)%00%(upstream:short)%00%(objectname)%00%(upstream:track)%00%(upstream:remotename)%00%(upstream:remoteref) refs/heads/main refs/remotes/main [8ms]
2026-09-19 17:09:20.943 [info] > git for-each-ref --sort -committerdate --format %(refname)%00%(objectname)%00%(*objectname) [5ms]
2026-09-19 17:09:21.001 [info] > git status -z -uall [74ms]
2026-09-19 17:09:21.558 [info] > git check-ignore -v -z --stdin [6ms]
2026-09-19 17:09:22.538 [info] > git check-ignore -v -z --stdin [3ms]
2026-09-19 17:09:23.482 [info] > git check-ignore -v -z --stdin [8ms]
2026-09-19 17:09:23.926 [info] > git check-ignore -v -z --stdin [5ms]
2026-09-19 17:09:24.547 [info] > git check-ignore -v -z --stdin [9ms]
2026-09-19 17:09:25.068 [info] > git check-ignore -v -z --stdin [3ms]
2026-09-19 17:09:25.316 [info] > git check-ignore -v -z --stdin [1ms]
2026-09-19 17:09:25.577 [info] > git check-ignore -v -z --stdin [5ms]
2026-09-19 17:09:25.935 [info] > git check-ignore -v -z --stdin [3ms]
2026-09-19 17:09:26.775 [info] > git check-ignore -v -z --stdin [4ms]
2026-09-19 17:09:28.716 [info] > git config --get commit.template [36ms]
2026-09-19 17:09:28.717 [info] > git for-each-ref --format=%(refname)%00%(upstream:short)%00%(objectname)%00%(upstream:track)%00%(upstream:remotename)%00%(upstream:remoteref) refs/heads/main refs/remotes/main [4ms]
2026-09-19 17:09:28.759 [info] > git for-each-ref --sort -committerdate --format %(refname)%00%(objectname)%00%(*objectname) [9ms]
2026-09-19 17:09:28.817 [info] > git status -z -uall [86ms]
2026-09-19 17:09:29.169 [info] > git check-ignore -v -z --stdin [8ms]
2026-09-19 17:13:43.496 [info] > git config --get commit.template [5ms]
2026-09-19 17:13:43.553 [info] > git for-each-ref --format=%(refname)%00%(upstream:short)%00%(objectname)%00%(upstream:track)%00%(upstream:remotename)%00%(upstream:remoteref) refs/heads/main refs/remotes/main [4ms]
2026-09-19 17:13:43.603 [info] > git for-each-ref --sort -committerdate --format %(refname)%00%(objectname)%00%(*objectname) [6ms]
2026-09-19 17:13:43.668 [info] > git status -z -uall [98ms]
2026-09-19 17:13:44.106 [info] > git check-ignore -v -z --stdin [3ms]
2026-09-19 17:13:47.036 [info] > git check-ignore -v -z --stdin [2ms]
2026-09-19 17:13:47.532 [info] > git check-ignore -v -z --stdin [13ms]
2026-09-19 17:13:48.006 [info] > git check-ignore -v -z --stdin [3ms]
2026-09-19 17:13:49.144 [info] > git check-ignore -v -z --stdin [8ms]
2026-09-19 17:13:49.350 [info] > git check-ignore -v -z --stdin [3ms]
2026-09-19 17:13:49.745 [info] > git check-ignore -v -z --stdin [57ms]
2026-09-19 17:13:49.978 [info] > git config --get commit.template [43ms]
2026-09-19 17:13:50.046 [info] > git for-each-ref --format=%(refname)%00%(upstream:short)%00%(objectname)%00%(upstream:track)%00%(upstream:remotename)%00%(upstream:remoteref) refs/heads/main refs/remotes/main [18ms]
2026-09-19 17:13:50.183 [info] > git for-each-ref --sort -committerdate --format %(refname)%00%(objectname)%00%(*objectname) [21ms]
2026-09-19 17:13:50.316 [info] > git status -z -uall [222ms]
2026-09-19 17:13:50.316 [info] > git check-ignore -v -z --stdin [12ms]
2026-09-19 17:13:50.734 [info] > git check-ignore -v -z --stdin [23ms]
2026-09-19 17:13:55.364 [info] > git config --get commit.template [4ms]
2026-09-19 17:13:55.373 [info] > git for-each-ref --format=%(refname)%00%(upstream:short)%00%(objectname)%00%(upstream:track)%00%(upstream:remotename)%00%(upstream:remoteref) refs/heads/main refs/remotes/main [3ms]
2026-09-19 17:13:55.409 [info] > git for-each-ref --sort -committerdate --format %(refname)%00%(objectname)%00%(*objectname) [3ms]
2026-09-19 17:13:55.471 [info] > git status -z -uall [83ms]
2026-09-19 17:13:55.873 [info] > git check-ignore -v -z --stdin [8ms]
2026-09-19 17:14:01.874 [info] > git check-ignore -v -z --stdin [4ms]
2026-09-19 17:14:03.157 [info] > git check-ignore -v -z --stdin [6ms]
2026-09-19 17:14:03.711 [info] > git check-ignore -v -z --stdin [26ms]
2026-09-19 17:14:03.713 [info] > git config --get commit.template [8ms]
2026-09-19 17:14:03.782 [info] > git for-each-ref --format=%(refname)%00%(upstream:short)%00%(objectname)%00%(upstream:track)%00%(upstream:remotename)%00%(upstream:remoteref) refs/heads/main refs/remotes/main [24ms]
2026-09-19 17:14:03.837 [info] > git for-each-ref --sort -committerdate --format %(refname)%00%(objectname)%00%(*objectname) [4ms]
2026-09-19 17:14:03.903 [info] > git status -z -uall [92ms]
2026-09-19 17:14:04.251 [info] > git check-ignore -v -z --stdin [1ms]
2026-09-19 17:14:05.765 [info] > git check-ignore -v -z --stdin [18ms]
2026-09-19 17:14:06.513 [info] > git check-ignore -v -z --stdin [4ms]
2026-09-19 17:14:07.043 [info] > git check-ignore -v -z --stdin [4ms]
2026-09-19 17:14:08.894 [info] > git check-ignore -v -z --stdin [8ms]
2026-09-19 17:14:08.942 [info] > git config --get commit.template [3ms]
2026-09-19 17:14:08.972 [info] > git for-each-ref --format=%(refname)%00%(upstream:short)%00%(objectname)%00%(upstream:track)%00%(upstream:remotename)%00%(upstream:remoteref) refs/heads/main refs/remotes/main [4ms]
2026-09-19 17:14:09.058 [info] > git for-each-ref --sort -committerdate --format %(refname)%00%(objectname)%00%(*objectname) [8ms]
2026-09-19 17:14:09.097 [info] > git status -z -uall [93ms]
2026-09-19 17:14:09.454 [info] > git check-ignore -v -z --stdin [2ms]
2026-09-19 17:14:09.777 [info] > git check-ignore -v -z --stdin [6ms]
2026-09-19 17:14:10.057 [info] > git check-ignore -v -z --stdin [9ms]
2026-09-19 17:14:11.160 [info] > git check-ignore -v -z --stdin [8ms]
2026-09-19 17:14:11.560 [info] > git check-ignore -v -z --stdin [23ms]
2026-09-19 17:14:13.036 [info] > git check-ignore -v -z --stdin [17ms]
2026-09-19 17:14:14.097 [info] > git config --get commit.template [11ms]
2026-09-19 17:14:14.135 [info] > git for-each-ref --format=%(refname)%00%(upstream:short)%00%(objectname)%00%(upstream:track)%00%(upstream:remotename)%00%(upstream:remoteref) refs/heads/main refs/remotes/main [14ms]
2026-09-19 17:14:14.191 [info] > git for-each-ref --sort -committerdate --format %(refname)%00%(objectname)%00%(*objectname) [7ms]
2026-09-19 17:14:14.248 [info] > git status -z -uall [93ms]
2026-09-19 17:14:14.881 [info] > git check-ignore -v -z --stdin [7ms]
2026-09-19 17:14:18.885 [info] > git check-ignore -v -z --stdin [10ms]
2026-09-19 17:14:19.336 [info] > git config --get commit.template [32ms]
2026-09-19 17:14:19.336 [info] > git for-each-ref --format=%(refname)%00%(upstream:short)%00%(objectname)%00%(upstream:track)%00%(upstream:remotename)%00%(upstream:remoteref) refs/heads/main refs/remotes/main [2ms]
2026-09-19 17:14:19.421 [info] > git for-each-ref --sort -committerdate --format %(refname)%00%(objectname)%00%(*objectname) [3ms]
2026-09-19 17:14:19.532 [info] > git status -z -uall [144ms]
2026-09-19 17:14:19.896 [info] > git check-ignore -v -z --stdin [6ms]
2026-09-19 17:14:21.507 [info] > git check-ignore -v -z --stdin [11ms]
2026-09-19 17:14:22.067 [info] > git check-ignore -v -z --stdin [31ms]
2026-09-19 17:14:22.991 [info] > git check-ignore -v -z --stdin [16ms]
2026-09-19 17:14:23.403 [info] > git check-ignore -v -z --stdin [11ms]
2026-09-19 17:14:24.603 [info] > git check-ignore -v -z --stdin [33ms]
2026-09-19 17:14:24.605 [info] > git config --get commit.template [4ms]
2026-09-19 17:14:24.634 [info] > git for-each-ref --format=%(refname)%00%(upstream:short)%00%(objectname)%00%(upstream:track)%00%(upstream:remotename)%00%(upstream:remoteref) refs/heads/main refs/remotes/main [15ms]
2026-09-19 17:14:24.699 [info] > git for-each-ref --sort -committerdate --format %(refname)%00%(objectname)%00%(*objectname) [5ms]
2026-09-19 17:14:24.735 [info] > git status -z -uall [86ms]
2026-09-19 17:14:25.155 [info] > git check-ignore -v -z --stdin [13ms]
2026-09-19 17:14:29.577 [info] > git check-ignore -v -z --stdin [2ms]
2026-09-19 17:14:29.770 [info] > git config --get commit.template [15ms]
2026-09-19 17:14:29.772 [info] > git for-each-ref --format=%(refname)%00%(upstream:short)%00%(objectname)%00%(upstream:track)%00%(upstream:remotename)%00%(upstream:remoteref) refs/heads/main refs/remotes/main [3ms]
2026-09-19 17:14:29.801 [info] > git for-each-ref --sort -committerdate --format %(refname)%00%(objectname)%00%(*objectname) [6ms]
2026-09-19 17:14:29.861 [info] > git status -z -uall [78ms]
2026-09-19 17:14:30.660 [info] > git check-ignore -v -z --stdin [5ms]
2026-09-19 17:14:31.066 [info] > git check-ignore -v -z --stdin [1ms]
2026-09-19 17:14:33.033 [info] > git check-ignore -v -z --stdin [6ms]
2026-09-19 17:14:33.619 [info] > git check-ignore -v -z --stdin [1ms]
2026-09-19 17:14:34.001 [info] > git check-ignore -v -z --stdin [2ms]
2026-09-19 17:14:34.908 [info] > git config --get commit.template [3ms]
2026-09-19 17:14:34.967 [info] > git for-each-ref --format=%(refname)%00%(upstream:short)%00%(objectname)%00%(upstream:track)%00%(upstream:remotename)%00%(upstream:remoteref) refs/heads/main refs/remotes/main [15ms]
2026-09-19 17:14:35.107 [info] > git status -z -uall [90ms]
2026-09-19 17:14:35.108 [info] > git for-each-ref --sort -committerdate --format %(refname)%00%(objectname)%00%(*objectname) [44ms]
2026-09-19 17:14:35.112 [info] > git check-ignore -v -z --stdin [12ms]
2026-09-19 17:14:35.630 [info] > git check-ignore -v -z --stdin [3ms]
2026-09-19 17:14:40.147 [info] > git config --get commit.template [10ms]
2026-09-19 17:14:40.150 [info] > git for-each-ref --format=%(refname)%00%(upstream:short)%00%(objectname)%00%(upstream:track)%00%(upstream:remotename)%00%(upstream:remoteref) refs/heads/main refs/remotes/main [3ms]
2026-09-19 17:14:40.177 [info] > git for-each-ref --sort -committerdate --format %(refname)%00%(objectname)%00%(*objectname) [10ms]
2026-09-19 17:14:40.232 [info] > git status -z -uall [71ms]
2026-09-19 17:14:40.567 [info] > git check-ignore -v -z --stdin [6ms]
2026-09-19 17:14:46.069 [info] > git check-ignore -v -z --stdin [2ms]
2026-09-19 17:14:47.273 [info] > git check-ignore -v -z --stdin [2ms]
2026-09-19 17:14:48.009 [info] > git config --get commit.template [6ms]
2026-09-19 17:14:48.028 [info] > git for-each-ref --format=%(refname)%00%(upstream:short)%00%(objectname)%00%(upstream:track)%00%(upstream:remotename)%00%(upstream:remoteref) refs/heads/main refs/remotes/main [4ms]
2026-09-19 17:14:48.083 [info] > git for-each-ref --sort -committerdate --format %(refname)%00%(objectname)%00%(*objectname) [7ms]
2026-09-19 17:14:48.157 [info] > git status -z -uall [102ms]
2026-09-19 17:14:48.499 [info] > git check-ignore -v -z --stdin [4ms]
2026-09-19 17:14:49.602 [info] > git check-ignore -v -z --stdin [4ms]
2026-09-19 17:14:49.954 [info] > git check-ignore -v -z --stdin [3ms]
2026-09-19 17:14:51.984 [info] > git check-ignore -v -z --stdin [3ms]
2026-09-19 17:14:53.199 [info] > git config --get commit.template [2ms]
2026-09-19 17:14:53.218 [info] > git for-each-ref --format=%(refname)%00%(upstream:short)%00%(objectname)%00%(upstream:track)%00%(upstream:remotename)%00%(upstream:remoteref) refs/heads/main refs/remotes/main [2ms]
2026-09-19 17:14:53.327 [info] > git status -z -uall [25ms]
2026-09-19 17:14:53.329 [info] > git for-each-ref --sort -committerdate --format %(refname)%00%(objectname)%00%(*objectname) [5ms]
2026-09-19 17:14:53.673 [info] > git check-ignore -v -z --stdin [7ms]
2026-09-19 17:14:58.382 [info] > git config --get commit.template [28ms]
2026-09-19 17:14:58.383 [info] > git for-each-ref --format=%(refname)%00%(upstream:short)%00%(objectname)%00%(upstream:track)%00%(upstream:remotename)%00%(upstream:remoteref) refs/heads/main refs/remotes/main [7ms]
2026-09-19 17:14:58.438 [info] > git for-each-ref --sort -committerdate --format %(refname)%00%(objectname)%00%(*objectname) [11ms]
2026-09-19 17:14:58.483 [info] > git status -z -uall [79ms]
2026-09-19 17:14:58.837 [info] > git check-ignore -v -z --stdin [5ms]
2026-09-19 17:15:00.309 [info] > git check-ignore -v -z --stdin [11ms]
2026-09-19 17:15:00.788 [info] > git check-ignore -v -z --stdin [3ms]
2026-09-19 17:15:01.328 [info] > git check-ignore -v -z --stdin [4ms]
2026-09-19 17:15:02.231 [info] > git check-ignore -v -z --stdin [8ms]
2026-09-19 17:15:03.348 [info] > git check-ignore -v -z --stdin [2ms]
2026-09-19 17:15:03.647 [info] > git check-ignore -v -z --stdin [2ms]
2026-09-19 17:15:05.620 [info] > git config --get commit.template [50ms]
2026-09-19 17:15:05.624 [info] > git for-each-ref --format=%(refname)%00%(upstream:short)%00%(objectname)%00%(upstream:track)%00%(upstream:remotename)%00%(upstream:remoteref) refs/heads/main refs/remotes/main [12ms]
2026-09-19 17:15:05.724 [info] > git for-each-ref --sort -committerdate --format %(refname)%00%(objectname)%00%(*objectname) [31ms]
2026-09-19 17:15:05.766 [info] > git status -z -uall [102ms]
2026-09-19 17:15:06.182 [info] > git check-ignore -v -z --stdin [22ms]
2026-09-19 17:15:06.365 [info] > git check-ignore -v -z --stdin [11ms]
2026-09-19 17:15:06.723 [info] > git check-ignore -v -z --stdin [19ms]
2026-09-19 17:15:07.209 [info] > git check-ignore -v -z --stdin [5ms]
2026-09-19 17:15:08.311 [info] > git check-ignore -v -z --stdin [5ms]
2026-09-19 17:15:08.767 [info] > git check-ignore -v -z --stdin [3ms]
2026-09-19 17:15:09.097 [info] > git check-ignore -v -z --stdin [2ms]
2026-09-19 17:15:10.810 [info] > git config --get commit.template [9ms]
2026-09-19 17:15:10.829 [info] > git for-each-ref --format=%(refname)%00%(upstream:short)%00%(objectname)%00%(upstream:track)%00%(upstream:remotename)%00%(upstream:remoteref) refs/heads/main refs/remotes/main [10ms]
2026-09-19 17:15:10.923 [info] > git for-each-ref --sort -committerdate --format %(refname)%00%(objectname)%00%(*objectname) [31ms]
2026-09-19 17:15:10.982 [info] > git status -z -uall [126ms]
2026-09-19 17:15:11.346 [info] > git check-ignore -v -z --stdin [3ms]
2026-09-19 17:15:16.015 [info] > git config --get commit.template [18ms]
2026-09-19 17:15:16.016 [info] > git for-each-ref --format=%(refname)%00%(upstream:short)%00%(objectname)%00%(upstream:track)%00%(upstream:remotename)%00%(upstream:remoteref) refs/heads/main refs/remotes/main [3ms]
2026-09-19 17:15:16.039 [info] > git for-each-ref --sort -committerdate --format %(refname)%00%(objectname)%00%(*objectname) [3ms]
2026-09-19 17:15:16.096 [info] > git status -z -uall [71ms]
2026-09-19 17:15:16.438 [info] > git check-ignore -v -z --stdin [3ms]
2026-09-19 17:15:33.396 [info] > git check-ignore -v -z --stdin [3ms]
2026-09-19 17:15:33.877 [info] > git check-ignore -v -z --stdin [5ms]
2026-09-19 17:15:34.659 [info] > git check-ignore -v -z --stdin [4ms]
2026-09-19 17:15:35.374 [info] > git check-ignore -v -z --stdin [4ms]
2026-09-19 17:15:35.805 [info] > git check-ignore -v -z --stdin [4ms]
2026-09-19 17:15:39.826 [info] > git config --get commit.template [5ms]
2026-09-19 17:15:39.857 [info] > git for-each-ref --format=%(refname)%00%(upstream:short)%00%(objectname)%00%(upstream:track)%00%(upstream:remotename)%00%(upstream:remoteref) refs/heads/main refs/remotes/main [5ms]
2026-09-19 17:15:39.943 [info] > git for-each-ref --sort -committerdate --format %(refname)%00%(objectname)%00%(*objectname) [29ms]
2026-09-19 17:15:39.996 [info] > git status -z -uall [121ms]
2026-09-19 17:15:40.407 [info] > git check-ignore -v -z --stdin [34ms]
2026-09-19 17:15:49.088 [info] > git check-ignore -v -z --stdin [3ms]
2026-09-19 17:15:49.269 [info] > git check-ignore -v -z --stdin [6ms]
2026-09-19 17:15:49.630 [info] > git check-ignore -v -z --stdin [2ms]
2026-09-19 17:15:50.812 [info] > git check-ignore -v -z --stdin [4ms]
2026-09-19 17:15:51.097 [info] > git check-ignore -v -z --stdin [3ms]
2026-09-19 17:15:51.708 [info] > git check-ignore -v -z --stdin [12ms]
2026-09-19 17:15:52.207 [info] > git check-ignore -v -z --stdin [6ms]
2026-09-19 17:15:52.424 [info] > git check-ignore -v -z --stdin [3ms]
2026-09-19 17:15:52.650 [info] > git check-ignore -v -z --stdin [3ms]
2026-09-19 17:15:54.581 [info] > git config --get commit.template [22ms]
2026-09-19 17:15:54.582 [info] > git for-each-ref --format=%(refname)%00%(upstream:short)%00%(objectname)%00%(upstream:track)%00%(upstream:remotename)%00%(upstream:remoteref) refs/heads/main refs/remotes/main [6ms]
2026-09-19 17:15:54.641 [info] > git for-each-ref --sort -committerdate --format %(refname)%00%(objectname)%00%(*objectname) [4ms]
2026-09-19 17:15:54.755 [info] > git status -z -uall [141ms]
2026-09-19 17:15:55.094 [info] > git check-ignore -v -z --stdin [3ms]
2026-09-19 17:15:56.384 [info] > git check-ignore -v -z --stdin [1ms]
2026-09-19 17:15:57.351 [info] > git check-ignore -v -z --stdin [11ms]
2026-09-19 17:15:59.781 [info] > git config --get commit.template [2ms]
2026-09-19 17:15:59.794 [info] > git for-each-ref --format=%(refname)%00%(upstream:short)%00%(objectname)%00%(upstream:track)%00%(upstream:remotename)%00%(upstream:remoteref) refs/heads/main refs/remotes/main [3ms]
2026-09-19 17:15:59.820 [info] > git for-each-ref --sort -committerdate --format %(refname)%00%(objectname)%00%(*objectname) [3ms]
2026-09-19 17:15:59.877 [info] > git status -z -uall [73ms]
2026-09-19 17:16:00.217 [info] > git check-ignore -v -z --stdin [14ms]
2026-09-19 17:16:02.761 [info] > git check-ignore -v -z --stdin [5ms]
2026-09-19 17:16:04.591 [info] > git check-ignore -v -z --stdin [3ms]
2026-09-19 17:16:04.920 [info] > git check-ignore -v -z --stdin [25ms]
2026-09-19 17:16:04.924 [info] > git config --get commit.template [4ms]
2026-09-19 17:16:04.954 [info] > git for-each-ref --format=%(refname)%00%(upstream:short)%00%(objectname)%00%(upstream:track)%00%(upstream:remotename)%00%(upstream:remoteref) refs/heads/main refs/remotes/main [3ms]
2026-09-19 17:16:05.014 [info] > git for-each-ref --sort -committerdate --format %(refname)%00%(objectname)%00%(*objectname) [7ms]
2026-09-19 17:16:05.072 [info] > git status -z -uall [89ms]
2026-09-19 17:16:05.413 [info] > git check-ignore -v -z --stdin [3ms]
2026-09-19 17:16:10.101 [info] > git config --get commit.template [7ms]
2026-09-19 17:16:10.121 [info] > git for-each-ref --format=%(refname)%00%(upstream:short)%00%(objectname)%00%(upstream:track)%00%(upstream:remotename)%00%(upstream:remoteref) refs/heads/main refs/remotes/main [7ms]
2026-09-19 17:16:10.175 [info] > git for-each-ref --sort -committerdate --format %(refname)%00%(objectname)%00%(*objectname) [2ms]
2026-09-19 17:16:10.232 [info] > git status -z -uall [84ms]
2026-09-19 17:16:10.563 [info] > git check-ignore -v -z --stdin [3ms]
2026-09-19 17:16:29.400 [info] > git check-ignore -v -z --stdin [2ms]
2026-09-19 17:16:30.013 [info] > git check-ignore -v -z --stdin [1ms]
2026-09-19 17:16:30.257 [info] > git check-ignore -v -z --stdin [3ms]
2026-09-19 17:16:31.937 [info] > git check-ignore -v -z --stdin [2ms]
2026-09-19 17:16:33.835 [info] > git config --get commit.template [10ms]
2026-09-19 17:16:33.852 [info] > git for-each-ref --format=%(refname)%00%(upstream:short)%00%(objectname)%00%(upstream:track)%00%(upstream:remotename)%00%(upstream:remoteref) refs/heads/main refs/remotes/main [2ms]
2026-09-19 17:16:33.897 [info] > git for-each-ref --sort -committerdate --format %(refname)%00%(objectname)%00%(*objectname) [4ms]
2026-09-19 17:16:33.946 [info] > git status -z -uall [76ms]
2026-09-19 17:16:34.292 [info] > git check-ignore -v -z --stdin [6ms]
2026-09-19 17:16:34.544 [info] > git check-ignore -v -z --stdin [5ms]
2026-09-19 17:16:35.448 [info] > git check-ignore -v -z --stdin [6ms]
2026-09-19 17:16:36.556 [info] > git check-ignore -v -z --stdin [4ms]
2026-09-19 17:16:36.817 [info] > git check-ignore -v -z --stdin [9ms]
2026-09-19 17:16:37.453 [info] > git check-ignore -v -z --stdin [1ms]
2026-09-19 17:16:38.066 [info] > git check-ignore -v -z --stdin [13ms]
2026-09-19 17:16:38.294 [info] > git check-ignore -v -z --stdin [5ms]
2026-09-19 17:16:38.955 [info] > git check-ignore -v -z --stdin [4ms]
2026-09-19 17:16:39.005 [info] > git config --get commit.template [27ms]
2026-09-19 17:16:39.011 [info] > git for-each-ref --format=%(refname)%00%(upstream:short)%00%(objectname)%00%(upstream:track)%00%(upstream:remotename)%00%(upstream:remoteref) refs/heads/main refs/remotes/main [8ms]
2026-09-19 17:16:39.074 [info] > git for-each-ref --sort -committerdate --format %(refname)%00%(objectname)%00%(*objectname) [12ms]
2026-09-19 17:16:39.132 [info] > git status -z -uall [97ms]
2026-09-19 17:16:39.473 [info] > git check-ignore -v -z --stdin [3ms]
2026-09-19 17:16:39.897 [info] > git check-ignore -v -z --stdin [2ms]
2026-09-19 17:16:41.106 [info] > git check-ignore -v -z --stdin [2ms]
2026-09-19 17:16:41.430 [info] > git check-ignore -v -z --stdin [3ms]
2026-09-19 17:16:41.717 [info] > git check-ignore -v -z --stdin [3ms]
2026-09-19 17:16:41.959 [info] > git check-ignore -v -z --stdin [4ms]
2026-09-19 17:16:42.793 [info] > git check-ignore -v -z --stdin [3ms]
2026-09-19 17:16:43.625 [info] > git check-ignore -v -z --stdin [3ms]
2026-09-19 17:16:44.496 [info] > git check-ignore -v -z --stdin [7ms]
2026-09-19 17:16:46.485 [info] > git config --get commit.template [6ms]
2026-09-19 17:16:46.538 [info] > git for-each-ref --format=%(refname)%00%(upstream:short)%00%(objectname)%00%(upstream:track)%00%(upstream:remotename)%00%(upstream:remoteref) refs/heads/main refs/remotes/main [21ms]
2026-09-19 17:16:46.615 [info] > git for-each-ref --sort -committerdate --format %(refname)%00%(objectname)%00%(*objectname) [20ms]
2026-09-19 17:16:46.715 [info] > git status -z -uall [139ms]
2026-09-19 17:16:47.107 [info] > git check-ignore -v -z --stdin [2ms]
2026-09-19 17:16:48.282 [info] > git check-ignore -v -z --stdin [7ms]
2026-09-19 17:16:48.678 [info] > git check-ignore -v -z --stdin [13ms]
2026-09-19 17:16:49.615 [info] > git check-ignore -v -z --stdin [3ms]
2026-09-19 17:16:50.437 [info] > git check-ignore -v -z --stdin [17ms]
2026-09-19 17:16:51.785 [info] > git config --get commit.template [6ms]
2026-09-19 17:16:51.820 [info] > git for-each-ref --format=%(refname)%00%(upstream:short)%00%(objectname)%00%(upstream:track)%00%(upstream:remotename)%00%(upstream:remoteref) refs/heads/main refs/remotes/main [8ms]
2026-09-19 17:16:51.908 [info] > git for-each-ref --sort -committerdate --format %(refname)%00%(objectname)%00%(*objectname) [5ms]
2026-09-19 17:16:51.984 [info] > git status -z -uall [130ms]
2026-09-19 17:16:52.421 [info] > git check-ignore -v -z --stdin [19ms]
2026-09-19 17:16:57.019 [info] > git config --get commit.template [1ms]
2026-09-19 17:16:57.034 [info] > git for-each-ref --format=%(refname)%00%(upstream:short)%00%(objectname)%00%(upstream:track)%00%(upstream:remotename)%00%(upstream:remoteref) refs/heads/main refs/remotes/main [3ms]
2026-09-19 17:16:57.062 [info] > git for-each-ref --sort -committerdate --format %(refname)%00%(objectname)%00%(*objectname) [10ms]
2026-09-19 17:16:57.116 [info] > git status -z -uall [72ms]
2026-09-19 17:16:57.428 [info] > git check-ignore -v -z --stdin [4ms]
2026-09-19 17:16:59.107 [info] > git check-ignore -v -z --stdin [18ms]
2026-09-19 17:17:03.045 [info] > git config --get commit.template [9ms]
2026-09-19 17:17:03.074 [info] > git for-each-ref --format=%(refname)%00%(upstream:short)%00%(objectname)%00%(upstream:track)%00%(upstream:remotename)%00%(upstream:remoteref) refs/heads/main refs/remotes/main [4ms]
2026-09-19 17:17:03.118 [info] > git for-each-ref --sort -committerdate --format %(refname)%00%(objectname)%00%(*objectname) [7ms]
2026-09-19 17:17:03.214 [info] > git status -z -uall [119ms]
2026-09-19 17:17:03.539 [info] > git check-ignore -v -z --stdin [2ms]
2026-09-19 17:17:08.240 [info] > git config --get commit.template [2ms]
2026-09-19 17:17:08.255 [info] > git for-each-ref --format=%(refname)%00%(upstream:short)%00%(objectname)%00%(upstream:track)%00%(upstream:remotename)%00%(upstream:remoteref) refs/heads/main refs/remotes/main [3ms]
2026-09-19 17:17:08.275 [info] > git for-each-ref --sort -committerdate --format %(refname)%00%(objectname)%00%(*objectname) [1ms]
2026-09-19 17:17:08.331 [info] > git status -z -uall [63ms]
2026-09-19 17:17:08.706 [info] > git check-ignore -v -z --stdin [2ms]
2026-09-19 17:17:22.673 [info] > git check-ignore -v -z --stdin [12ms]
2026-09-19 17:17:24.536 [info] > git config --get commit.template [10ms]
2026-09-19 17:17:24.558 [info] > git for-each-ref --format=%(refname)%00%(upstream:short)%00%(objectname)%00%(upstream:track)%00%(upstream:remotename)%00%(upstream:remoteref) refs/heads/main refs/remotes/main [7ms]
2026-09-19 17:17:24.630 [info] > git for-each-ref --sort -committerdate --format %(refname)%00%(objectname)%00%(*objectname) [17ms]
2026-09-19 17:17:24.689 [info] > git status -z -uall [104ms]
2026-09-19 17:17:25.158 [info] > git check-ignore -v -z --stdin [15ms]
2026-09-19 17:17:29.741 [info] > git config --get commit.template [29ms]
2026-09-19 17:17:29.742 [info] > git for-each-ref --format=%(refname)%00%(upstream:short)%00%(objectname)%00%(upstream:track)%00%(upstream:remotename)%00%(upstream:remoteref) refs/heads/main refs/remotes/main [4ms]
2026-09-19 17:17:29.785 [info] > git for-each-ref --sort -committerdate --format %(refname)%00%(objectname)%00%(*objectname) [4ms]
2026-09-19 17:17:29.844 [info] > git status -z -uall [78ms]
2026-09-19 17:17:30.206 [info] > git check-ignore -v -z --stdin [20ms]
2026-09-19 17:17:34.768 [info] > git check-ignore -v -z --stdin [7ms]
2026-09-19 17:17:36.618 [info] > git config --get commit.template [5ms]
2026-09-19 17:17:36.658 [info] > git for-each-ref --format=%(refname)%00%(upstream:short)%00%(objectname)%00%(upstream:track)%00%(upstream:remotename)%00%(upstream:remoteref) refs/heads/main refs/remotes/main [18ms]
2026-09-19 17:17:36.744 [info] > git for-each-ref --sort -committerdate --format %(refname)%00%(objectname)%00%(*objectname) [1ms]
2026-09-19 17:17:36.840 [info] > git status -z -uall [128ms]
2026-09-19 17:17:37.213 [info] > git check-ignore -v -z --stdin [3ms]
2026-09-19 17:17:41.749 [info] > git check-ignore -v -z --stdin [11ms]
2026-09-19 17:17:41.867 [info] > git config --get commit.template [4ms]
2026-09-19 17:17:41.880 [info] > git for-each-ref --format=%(refname)%00%(upstream:short)%00%(objectname)%00%(upstream:track)%00%(upstream:remotename)%00%(upstream:remoteref) refs/heads/main refs/remotes/main [2ms]
2026-09-19 17:17:41.917 [info] > git for-each-ref --sort -committerdate --format %(refname)%00%(objectname)%00%(*objectname) [16ms]
2026-09-19 17:17:41.986 [info] > git status -z -uall [98ms]
2026-09-19 17:17:42.138 [info] > git check-ignore -v -z --stdin [2ms]
2026-09-19 17:17:42.365 [info] > git check-ignore -v -z --stdin [7ms]
2026-09-19 17:17:43.184 [info] > git check-ignore -v -z --stdin [2ms]
2026-09-19 17:17:44.813 [info] > git check-ignore -v -z --stdin [5ms]
2026-09-19 17:17:45.796 [info] > git check-ignore -v -z --stdin [9ms]
2026-09-19 17:17:46.504 [info] > git check-ignore -v -z --stdin [9ms]
2026-09-19 17:17:46.818 [info] > git check-ignore -v -z --stdin [20ms]
2026-09-19 17:17:47.020 [info] > git config --get commit.template [12ms]
2026-09-19 17:17:47.021 [info] > git for-each-ref --format=%(refname)%00%(upstream:short)%00%(objectname)%00%(upstream:track)%00%(upstream:remotename)%00%(upstream:remoteref) refs/heads/main refs/remotes/main [2ms]
2026-09-19 17:17:47.064 [info] > git for-each-ref --sort -committerdate --format %(refname)%00%(objectname)%00%(*objectname) [9ms]
2026-09-19 17:17:47.133 [info] > git status -z -uall [91ms]
2026-09-19 17:17:47.812 [info] > git check-ignore -v -z --stdin [17ms]
2026-09-19 17:17:48.255 [info] > git check-ignore -v -z --stdin [2ms]
2026-09-19 17:17:49.197 [info] > git check-ignore -v -z --stdin [10ms]
2026-09-19 17:17:50.246 [info] > git check-ignore -v -z --stdin [27ms]
2026-09-19 17:17:51.237 [info] > git check-ignore -v -z --stdin [11ms]
2026-09-19 17:17:51.493 [info] > git check-ignore -v -z --stdin [17ms]
2026-09-19 17:17:51.838 [info] > git check-ignore -v -z --stdin [5ms]
2026-09-19 17:17:52.104 [info] > git check-ignore -v -z --stdin [1ms]
2026-09-19 17:17:52.172 [info] > git config --get commit.template [4ms]
2026-09-19 17:17:52.193 [info] > git for-each-ref --format=%(refname)%00%(upstream:short)%00%(objectname)%00%(upstream:track)%00%(upstream:remotename)%00%(upstream:remoteref) refs/heads/main refs/remotes/main [5ms]
2026-09-19 17:17:52.286 [info] > git for-each-ref --sort -committerdate --format %(refname)%00%(objectname)%00%(*objectname) [4ms]
2026-09-19 17:17:52.332 [info] > git status -z -uall [96ms]
2026-09-19 17:17:52.398 [info] > git check-ignore -v -z --stdin [2ms]
2026-09-19 17:17:53.034 [info] > git check-ignore -v -z --stdin [11ms]
2026-09-19 17:17:53.184 [info] > git check-ignore -v -z --stdin [6ms]
2026-09-19 17:17:53.766 [info] > git check-ignore -v -z --stdin [3ms]
2026-09-19 17:17:54.540 [info] > git check-ignore -v -z --stdin [3ms]
2026-09-19 17:17:58.266 [info] > git config --get commit.template [1ms]
2026-09-19 17:17:58.300 [info] > git for-each-ref --format=%(refname)%00%(upstream:short)%00%(objectname)%00%(upstream:track)%00%(upstream:remotename)%00%(upstream:remoteref) refs/heads/main refs/remotes/main [5ms]
2026-09-19 17:17:58.708 [info] > git status -z -uall [373ms]
2026-09-19 17:17:58.724 [info] > git for-each-ref --sort -committerdate --format %(refname)%00%(objectname)%00%(*objectname) [17ms]
2026-09-19 17:17:59.169 [info] > git check-ignore -v -z --stdin [7ms]
2026-09-19 17:18:05.510 [info] > git check-ignore -v -z --stdin [16ms]
2026-09-19 17:18:07.404 [info] > git config --get commit.template [16ms]
2026-09-19 17:18:07.406 [info] > git for-each-ref --format=%(refname)%00%(upstream:short)%00%(objectname)%00%(upstream:track)%00%(upstream:remotename)%00%(upstream:remoteref) refs/heads/main refs/remotes/main [2ms]
2026-09-19 17:18:07.446 [info] > git for-each-ref --sort -committerdate --format %(refname)%00%(objectname)%00%(*objectname) [8ms]
2026-09-19 17:18:07.492 [info] > git status -z -uall [71ms]
2026-09-19 17:18:07.830 [info] > git check-ignore -v -z --stdin [2ms]
2026-09-19 17:18:09.768 [info] > git check-ignore -v -z --stdin [4ms]
2026-09-19 17:18:10.760 [info] > git check-ignore -v -z --stdin [6ms]
2026-09-19 17:18:11.128 [info] > git check-ignore -v -z --stdin [2ms]
2026-09-19 17:18:12.589 [info] > git config --get commit.template [69ms]
2026-09-19 17:18:12.590 [info] > git for-each-ref --format=%(refname)%00%(upstream:short)%00%(objectname)%00%(upstream:track)%00%(upstream:remotename)%00%(upstream:remoteref) refs/heads/main refs/remotes/main [15ms]
2026-09-19 17:18:12.683 [info] > git for-each-ref --sort -committerdate --format %(refname)%00%(objectname)%00%(*objectname) [4ms]
2026-09-19 17:18:12.730 [info] > git check-ignore -v -z --stdin [7ms]
2026-09-19 17:18:12.784 [info] > git status -z -uall [143ms]
2026-09-19 17:18:13.300 [info] > git check-ignore -v -z --stdin [8ms]
2026-09-19 17:18:13.602 [info] > git check-ignore -v -z --stdin [18ms]
2026-09-19 17:18:14.120 [info] > git check-ignore -v -z --stdin [5ms]
2026-09-19 17:18:14.619 [info] > git check-ignore -v -z --stdin [3ms]
2026-09-19 17:18:15.809 [info] > git check-ignore -v -z --stdin [9ms]
2026-09-19 17:18:15.952 [info] > git check-ignore -v -z --stdin [4ms]
2026-09-19 17:18:16.233 [info] > git check-ignore -v -z --stdin [6ms]
2026-09-19 17:18:17.154 [info] > git check-ignore -v -z --stdin [6ms]
2026-09-19 17:18:17.336 [info] > git check-ignore -v -z --stdin [7ms]
2026-09-19 17:18:17.818 [info] > git config --get commit.template [8ms]
2026-09-19 17:18:17.830 [info] > git for-each-ref --format=%(refname)%00%(upstream:short)%00%(objectname)%00%(upstream:track)%00%(upstream:remotename)%00%(upstream:remoteref) refs/heads/main refs/remotes/main [3ms]
2026-09-19 17:18:17.851 [info] > git for-each-ref --sort -committerdate --format %(refname)%00%(objectname)%00%(*objectname) [2ms]
2026-09-19 17:18:17.914 [info] > git status -z -uall [74ms]
2026-09-19 17:18:18.250 [info] > git check-ignore -v -z --stdin [3ms]
2026-09-19 17:18:19.338 [info] > git check-ignore -v -z --stdin [1ms]
2026-09-19 17:18:19.689 [info] > git check-ignore -v -z --stdin [6ms]
2026-09-19 17:18:20.555 [info] > git check-ignore -v -z --stdin [4ms]
2026-09-19 17:18:22.948 [info] > git check-ignore -v -z --stdin [25ms]
2026-09-19 17:18:23.018 [info] > git config --get commit.template [70ms]
2026-09-19 17:18:23.041 [info] > git for-each-ref --format=%(refname)%00%(upstream:short)%00%(objectname)%00%(upstream:track)%00%(upstream:remotename)%00%(upstream:remoteref) refs/heads/main refs/remotes/main [23ms]
2026-09-19 17:18:23.145 [info] > git for-each-ref --sort -committerdate --format %(refname)%00%(objectname)%00%(*objectname) [11ms]
2026-09-19 17:18:23.178 [info] > git check-ignore -v -z --stdin [7ms]
2026-09-19 17:18:23.226 [info] > git status -z -uall [118ms]
2026-09-19 17:18:23.614 [info] > git check-ignore -v -z --stdin [10ms]
2026-09-19 17:18:24.126 [info] > git check-ignore -v -z --stdin [3ms]
2026-09-19 17:18:30.195 [info] > git config --get commit.template [9ms]
2026-09-19 17:18:30.219 [info] > git for-each-ref --format=%(refname)%00%(upstream:short)%00%(objectname)%00%(upstream:track)%00%(upstream:remotename)%00%(upstream:remoteref) refs/heads/main refs/remotes/main [5ms]
2026-09-19 17:18:30.280 [info] > git for-each-ref --sort -committerdate --format %(refname)%00%(objectname)%00%(*objectname) [3ms]
2026-09-19 17:18:30.361 [info] > git status -z -uall [118ms]
2026-09-19 17:18:30.807 [info] > git check-ignore -v -z --stdin [3ms]
2026-09-19 17:19:03.130 [info] > git check-ignore -v -z --stdin [4ms]
2026-09-19 17:19:03.993 [info] > git check-ignore -v -z --stdin [12ms]
2026-09-19 17:19:04.437 [info] > git check-ignore -v -z --stdin [1ms]
2026-09-19 17:19:06.335 [info] > git config --get commit.template [3ms]
2026-09-19 17:19:06.346 [info] > git for-each-ref --format=%(refname)%00%(upstream:short)%00%(objectname)%00%(upstream:track)%00%(upstream:remotename)%00%(upstream:remoteref) refs/heads/main refs/remotes/main [3ms]
2026-09-19 17:19:06.376 [info] > git for-each-ref --sort -committerdate --format %(refname)%00%(objectname)%00%(*objectname) [2ms]
2026-09-19 17:19:06.437 [info] > git status -z -uall [77ms]
2026-09-19 17:19:06.781 [info] > git check-ignore -v -z --stdin [19ms]
2026-09-19 17:19:11.466 [info] > git config --get commit.template [3ms]
2026-09-19 17:19:11.486 [info] > git for-each-ref --format=%(refname)%00%(upstream:short)%00%(objectname)%00%(upstream:track)%00%(upstream:remotename)%00%(upstream:remoteref) refs/heads/main refs/remotes/main [3ms]
2026-09-19 17:19:11.533 [info] > git for-each-ref --sort -committerdate --format %(refname)%00%(objectname)%00%(*objectname) [5ms]
2026-09-19 17:19:11.586 [info] > git status -z -uall [80ms]
2026-09-19 17:19:11.916 [info] > git check-ignore -v -z --stdin [4ms]
2026-09-19 17:20:52.962 [info] > git check-ignore -v -z --stdin [4ms]
2026-09-19 17:20:53.770 [info] > git check-ignore -v -z --stdin [1ms]
2026-09-19 17:20:55.681 [info] > git config --get commit.template [12ms]
2026-09-19 17:20:55.684 [info] > git for-each-ref --format=%(refname)%00%(upstream:short)%00%(objectname)%00%(upstream:track)%00%(upstream:remotename)%00%(upstream:remoteref) refs/heads/main refs/remotes/main [5ms]
2026-09-19 17:20:55.709 [info] > git for-each-ref --sort -committerdate --format %(refname)%00%(objectname)%00%(*objectname) [2ms]
2026-09-19 17:20:55.766 [info] > git status -z -uall [68ms]
2026-09-19 17:20:56.169 [info] > git check-ignore -v -z --stdin [2ms]
2026-09-19 17:21:00.804 [info] > git config --get commit.template [16ms]
2026-09-19 17:21:00.805 [info] > git for-each-ref --format=%(refname)%00%(upstream:short)%00%(objectname)%00%(upstream:track)%00%(upstream:remotename)%00%(upstream:remoteref) refs/heads/main refs/remotes/main [2ms]
2026-09-19 17:21:00.832 [info] > git for-each-ref --sort -committerdate --format %(refname)%00%(objectname)%00%(*objectname) [6ms]
2026-09-19 17:21:00.915 [info] > git status -z -uall [98ms]
2026-09-19 17:21:01.332 [info] > git check-ignore -v -z --stdin [6ms]
2026-09-19 17:23:28.727 [info] > git check-ignore -v -z --stdin [14ms]
2026-09-19 17:23:29.506 [info] > git check-ignore -v -z --stdin [13ms]
2026-09-19 17:23:30.993 [info] > git check-ignore -v -z --stdin [13ms]
2026-09-19 17:23:31.534 [info] > git config --get commit.template [12ms]
2026-09-19 17:23:31.575 [info] > git for-each-ref --format=%(refname)%00%(upstream:short)%00%(objectname)%00%(upstream:track)%00%(upstream:remotename)%00%(upstream:remoteref) refs/heads/main refs/remotes/main [3ms]
2026-09-19 17:23:31.645 [info] > git for-each-ref --sort -committerdate --format %(refname)%00%(objectname)%00%(*objectname) [1ms]
2026-09-19 17:23:31.748 [info] > git status -z -uall [144ms]
2026-09-19 17:23:32.160 [info] > git check-ignore -v -z --stdin [2ms]
2026-09-19 17:23:33.183 [info] > git check-ignore -v -z --stdin [5ms]
2026-09-19 17:23:34.078 [info] > git check-ignore -v -z --stdin [3ms]
2026-09-19 17:23:35.817 [info] > git check-ignore -v -z --stdin [5ms]
2026-09-19 17:23:36.786 [info] > git check-ignore -v -z --stdin [21ms]
2026-09-19 17:23:36.802 [info] > git config --get commit.template [17ms]
2026-09-19 17:23:36.806 [info] > git for-each-ref --format=%(refname)%00%(upstream:short)%00%(objectname)%00%(upstream:track)%00%(upstream:remotename)%00%(upstream:remoteref) refs/heads/main refs/remotes/main [5ms]
2026-09-19 17:23:36.847 [info] > git for-each-ref --sort -committerdate --format %(refname)%00%(objectname)%00%(*objectname) [5ms]
2026-09-19 17:23:36.914 [info] > git status -z -uall [89ms]
2026-09-19 17:23:37.248 [info] > git check-ignore -v -z --stdin [2ms]
2026-09-19 17:23:41.937 [info] > git config --get commit.template [4ms]
2026-09-19 17:23:41.954 [info] > git for-each-ref --format=%(refname)%00%(upstream:short)%00%(objectname)%00%(upstream:track)%00%(upstream:remotename)%00%(upstream:remoteref) refs/heads/main refs/remotes/main [3ms]
2026-09-19 17:23:41.979 [info] > git for-each-ref --sort -committerdate --format %(refname)%00%(objectname)%00%(*objectname) [2ms]
2026-09-19 17:23:42.033 [info] > git status -z -uall [70ms]
2026-09-19 17:23:42.358 [info] > git check-ignore -v -z --stdin [4ms]
2026-09-19 17:23:50.404 [info] > git check-ignore -v -z --stdin [4ms]
2026-09-19 17:23:51.101 [info] > git check-ignore -v -z --stdin [1ms]
2026-09-19 17:23:53.142 [info] > git config --get commit.template [47ms]
2026-09-19 17:23:53.148 [info] > git for-each-ref --format=%(refname)%00%(upstream:short)%00%(objectname)%00%(upstream:track)%00%(upstream:remotename)%00%(upstream:remoteref) refs/heads/main refs/remotes/main [6ms]
2026-09-19 17:23:53.178 [info] > git for-each-ref --sort -committerdate --format %(refname)%00%(objectname)%00%(*objectname) [4ms]
2026-09-19 17:23:53.243 [info] > git status -z -uall [82ms]
2026-09-19 17:23:53.578 [info] > git check-ignore -v -z --stdin [2ms]
2026-09-19 17:23:55.448 [info] > git check-ignore -v -z --stdin [5ms]
2026-09-19 17:23:56.131 [info] > git check-ignore -v -z --stdin [6ms]
2026-09-19 17:23:57.292 [info] > git check-ignore -v -z --stdin [11ms]
2026-09-19 17:23:58.292 [info] > git config --get commit.template [3ms]
2026-09-19 17:23:58.320 [info] > git for-each-ref --format=%(refname)%00%(upstream:short)%00%(objectname)%00%(upstream:track)%00%(upstream:remotename)%00%(upstream:remoteref) refs/heads/main refs/remotes/main [12ms]
2026-09-19 17:23:58.456 [info] > git status -z -uall [103ms]
2026-09-19 17:23:58.477 [info] > git for-each-ref --sort -committerdate --format %(refname)%00%(objectname)%00%(*objectname) [39ms]
2026-09-19 17:23:58.639 [info] > git check-ignore -v -z --stdin [6ms]
2026-09-19 17:23:58.906 [info] > git check-ignore -v -z --stdin [9ms]
2026-09-19 17:24:00.369 [info] > git check-ignore -v -z --stdin [6ms]
2026-09-19 17:24:03.540 [info] > git config --get commit.template [22ms]
2026-09-19 17:24:03.542 [info] > git for-each-ref --format=%(refname)%00%(upstream:short)%00%(objectname)%00%(upstream:track)%00%(upstream:remotename)%00%(upstream:remoteref) refs/heads/main refs/remotes/main [2ms]
2026-09-19 17:24:03.573 [info] > git for-each-ref --sort -committerdate --format %(refname)%00%(objectname)%00%(*objectname) [2ms]
2026-09-19 17:24:03.619 [info] > git status -z -uall [64ms]
2026-09-19 17:24:04.041 [info] > git check-ignore -v -z --stdin [2ms]
2026-09-19 17:24:41.151 [info] > git config --get commit.template [32ms]
2026-09-19 17:24:41.201 [info] > git for-each-ref --format=%(refname)%00%(upstream:short)%00%(objectname)%00%(upstream:track)%00%(upstream:remotename)%00%(upstream:remoteref) refs/heads/main refs/remotes/main [31ms]
2026-09-19 17:24:41.282 [info] > git for-each-ref --sort -committerdate --format %(refname)%00%(objectname)%00%(*objectname) [9ms]
2026-09-19 17:24:41.360 [info] > git status -z -uall [132ms]
2026-09-19 17:24:41.763 [info] > git check-ignore -v -z --stdin [2ms]
2026-09-19 17:24:46.426 [info] > git config --get commit.template [21ms]
2026-09-19 17:24:46.427 [info] > git for-each-ref --format=%(refname)%00%(upstream:short)%00%(objectname)%00%(upstream:track)%00%(upstream:remotename)%00%(upstream:remoteref) refs/heads/main refs/remotes/main [2ms]
2026-09-19 17:24:46.509 [info] > git for-each-ref --sort -committerdate --format %(refname)%00%(objectname)%00%(*objectname) [7ms]
2026-09-19 17:24:46.542 [info] > git status -z -uall [81ms]
2026-09-19 17:24:46.894 [info] > git check-ignore -v -z --stdin [2ms]
2026-09-19 17:24:47.842 [info] > git check-ignore -v -z --stdin [5ms]
2026-09-19 17:24:47.950 [info] > git show --textconv :SOA/settings.py [31ms]
2026-09-19 17:24:47.958 [info] > git ls-files --stage -- SOA/settings.py [10ms]
2026-09-19 17:24:48.009 [info] > git cat-file -s 79a964b07cdab7dfa0e81ef31c03d4cd5c886e3b [21ms]
2026-09-19 17:24:54.592 [info] > git check-ignore -v -z --stdin [3ms]
2026-09-19 17:24:54.814 [info] > git check-ignore -v -z --stdin [3ms]
2026-09-19 17:24:56.409 [info] > git config --get commit.template [3ms]
2026-09-19 17:24:56.427 [info] > git for-each-ref --format=%(refname)%00%(upstream:short)%00%(objectname)%00%(upstream:track)%00%(upstream:remotename)%00%(upstream:remoteref) refs/heads/main refs/remotes/main [3ms]
2026-09-19 17:24:56.460 [info] > git for-each-ref --sort -committerdate --format %(refname)%00%(objectname)%00%(*objectname) [2ms]
2026-09-19 17:24:56.519 [info] > git status -z -uall [75ms]
2026-09-19 17:24:56.857 [info] > git check-ignore -v -z --stdin [4ms]
2026-09-19 17:25:26.271 [info] > git config --get commit.template [26ms]
2026-09-19 17:25:26.296 [info] > git for-each-ref --format=%(refname)%00%(upstream:short)%00%(objectname)%00%(upstream:track)%00%(upstream:remotename)%00%(upstream:remoteref) refs/heads/main refs/remotes/main [4ms]
2026-09-19 17:25:26.379 [info] > git for-each-ref --sort -committerdate --format %(refname)%00%(objectname)%00%(*objectname) [28ms]
2026-09-19 17:25:26.417 [info] > git status -z -uall [87ms]
2026-09-19 17:25:26.842 [info] > git check-ignore -v -z --stdin [51ms]
2026-09-19 17:25:29.985 [info] > git check-ignore -v -z --stdin [9ms]
2026-09-19 17:25:30.095 [info] > git show --textconv :OrientationApp/views.py [43ms]
2026-09-19 17:25:30.107 [info] > git ls-files --stage -- OrientationApp/views.py [23ms]
2026-09-19 17:25:30.149 [info] > git cat-file -s e6930d2b0751dcea56f287b58b13d3ad276e2842 [17ms]
2026-09-19 17:25:45.557 [info] > git check-ignore -v -z --stdin [2ms]
2026-09-19 17:25:46.963 [info] > git check-ignore -v -z --stdin [5ms]
2026-09-19 17:25:47.856 [info] > git config --get commit.template [11ms]
2026-09-19 17:25:47.947 [info] > git for-each-ref --format=%(refname)%00%(upstream:short)%00%(objectname)%00%(upstream:track)%00%(upstream:remotename)%00%(upstream:remoteref) refs/heads/main refs/remotes/main [12ms]
2026-09-19 17:25:48.081 [info] > git for-each-ref --sort -committerdate --format %(refname)%00%(objectname)%00%(*objectname) [26ms]
2026-09-19 17:25:48.095 [info] > git status -z -uall [103ms]
2026-09-19 17:25:48.432 [info] > git check-ignore -v -z --stdin [3ms]
2026-09-19 17:25:49.437 [info] > git check-ignore -v -z --stdin [25ms]
2026-09-19 17:25:51.804 [info] > git check-ignore -v -z --stdin [4ms]
2026-09-19 17:25:53.279 [info] > git config --get commit.template [2ms]
2026-09-19 17:25:53.302 [info] > git for-each-ref --format=%(refname)%00%(upstream:short)%00%(objectname)%00%(upstream:track)%00%(upstream:remotename)%00%(upstream:remoteref) refs/heads/main refs/remotes/main [6ms]
2026-09-19 17:25:53.355 [info] > git for-each-ref --sort -committerdate --format %(refname)%00%(objectname)%00%(*objectname) [4ms]
2026-09-19 17:25:53.431 [info] > git status -z -uall [95ms]
2026-09-19 17:25:53.765 [info] > git check-ignore -v -z --stdin [3ms]
2026-09-19 17:25:55.008 [info] > git check-ignore -v -z --stdin [2ms]
2026-09-19 17:25:55.528 [info] > git check-ignore -v -z --stdin [3ms]
2026-09-19 17:25:58.481 [info] > git config --get commit.template [4ms]
2026-09-19 17:25:58.514 [info] > git for-each-ref --format=%(refname)%00%(upstream:short)%00%(objectname)%00%(upstream:track)%00%(upstream:remotename)%00%(upstream:remoteref) refs/heads/main refs/remotes/main [15ms]
2026-09-19 17:25:58.642 [info] > git for-each-ref --sort -committerdate --format %(refname)%00%(objectname)%00%(*objectname) [35ms]
2026-09-19 17:25:58.648 [info] > git status -z -uall [82ms]
2026-09-19 17:25:59.301 [info] > git check-ignore -v -z --stdin [12ms]
2026-09-19 17:26:18.511 [info] > git config --get commit.template [23ms]
2026-09-19 17:26:18.523 [info] > git for-each-ref --format=%(refname)%00%(upstream:short)%00%(objectname)%00%(upstream:track)%00%(upstream:remotename)%00%(upstream:remoteref) refs/heads/main refs/remotes/main [14ms]
2026-09-19 17:26:18.648 [info] > git for-each-ref --sort -committerdate --format %(refname)%00%(objectname)%00%(*objectname) [40ms]
2026-09-19 17:26:18.674 [info] > git status -z -uall [111ms]
2026-09-19 17:26:19.112 [info] > git check-ignore -v -z --stdin [5ms]
2026-09-19 17:26:26.237 [info] > git check-ignore -v -z --stdin [3ms]
2026-09-19 17:26:27.592 [info] > git check-ignore -v -z --stdin [40ms]
2026-09-19 17:26:28.288 [info] > git config --get commit.template [23ms]
2026-09-19 17:26:28.292 [info] > git for-each-ref --format=%(refname)%00%(upstream:short)%00%(objectname)%00%(upstream:track)%00%(upstream:remotename)%00%(upstream:remoteref) refs/heads/main refs/remotes/main [5ms]
2026-09-19 17:26:28.323 [info] > git for-each-ref --sort -committerdate --format %(refname)%00%(objectname)%00%(*objectname) [2ms]
2026-09-19 17:26:28.394 [info] > git status -z -uall [84ms]
2026-09-19 17:26:28.738 [info] > git check-ignore -v -z --stdin [2ms]
2026-09-19 17:26:29.368 [info] > git check-ignore -v -z --stdin [9ms]
2026-09-19 17:26:31.458 [info] > git check-ignore -v -z --stdin [14ms]
2026-09-19 17:26:31.669 [info] > git check-ignore -v -z --stdin [7ms]
2026-09-19 17:26:33.466 [info] > git config --get commit.template [37ms]
2026-09-19 17:26:33.468 [info] > git for-each-ref --format=%(refname)%00%(upstream:short)%00%(objectname)%00%(upstream:track)%00%(upstream:remotename)%00%(upstream:remoteref) refs/heads/main refs/remotes/main [13ms]
2026-09-19 17:26:33.562 [info] > git for-each-ref --sort -committerdate --format %(refname)%00%(objectname)%00%(*objectname) [12ms]
2026-09-19 17:26:33.619 [info] > git status -z -uall [108ms]
2026-09-19 17:26:33.976 [info] > git check-ignore -v -z --stdin [2ms]
2026-09-19 17:29:07.095 [info] > git config --get commit.template [6ms]
2026-09-19 17:29:07.135 [info] > git for-each-ref --format=%(refname)%00%(upstream:short)%00%(objectname)%00%(upstream:track)%00%(upstream:remotename)%00%(upstream:remoteref) refs/heads/main refs/remotes/main [15ms]
2026-09-19 17:29:07.274 [info] > git for-each-ref --sort -committerdate --format %(refname)%00%(objectname)%00%(*objectname) [6ms]
2026-09-19 17:29:07.361 [info] > git status -z -uall [181ms]
2026-09-19 17:29:07.822 [info] > git check-ignore -v -z --stdin [3ms]
2026-09-19 17:30:34.035 [info] > git config --get commit.template [4ms]
2026-09-19 17:30:34.066 [info] > git for-each-ref --format=%(refname)%00%(upstream:short)%00%(objectname)%00%(upstream:track)%00%(upstream:remotename)%00%(upstream:remoteref) refs/heads/main refs/remotes/main [11ms]
2026-09-19 17:30:34.157 [info] > git for-each-ref --sort -committerdate --format %(refname)%00%(objectname)%00%(*objectname) [7ms]
2026-09-19 17:30:34.273 [info] > git status -z -uall [158ms]
2026-09-19 17:30:34.720 [info] > git check-ignore -v -z --stdin [25ms]
2026-09-19 17:30:50.304 [info] > git check-ignore -v -z --stdin [2ms]
2026-09-19 17:31:27.240 [info] > git check-ignore -v -z --stdin [271ms]
2026-09-19 17:31:27.439 [info] > git show --textconv :OrientationApp/templates/Orientation.html [7ms]
2026-09-19 17:31:27.483 [info] > git ls-files --stage -- OrientationApp/templates/Orientation.html [7ms]
2026-09-19 17:31:27.537 [info] > git cat-file -s fa33b7b86b712c0b4e070d233ea2a8b01e8bc897 [3ms]
2026-09-19 17:31:41.936 [info] > git blame --root --incremental 90841d655b2c8e02c2bc01ace69fbba235d271b4 -- OrientationApp/templates/Orientation.html [4ms]
2026-09-19 17:31:43.308 [info] > git check-ignore -v -z --stdin [6ms]
2026-09-19 17:31:43.604 [info] > git check-ignore -v -z --stdin [7ms]
2026-09-19 17:31:44.414 [info] > git check-ignore -v -z --stdin [6ms]
2026-09-19 17:31:45.930 [info] > git check-ignore -v -z --stdin [2ms]
2026-09-19 17:31:46.302 [info] > git config --get commit.template [12ms]
2026-09-19 17:31:46.305 [info] > git for-each-ref --format=%(refname)%00%(upstream:short)%00%(objectname)%00%(upstream:track)%00%(upstream:remotename)%00%(upstream:remoteref) refs/heads/main refs/remotes/main [4ms]
2026-09-19 17:31:46.331 [info] > git for-each-ref --sort -committerdate --format %(refname)%00%(objectname)%00%(*objectname) [4ms]
2026-09-19 17:31:46.396 [info] > git status -z -uall [79ms]
2026-09-19 17:31:46.834 [info] > git check-ignore -v -z --stdin [3ms]
2026-09-19 17:31:48.660 [info] > git check-ignore -v -z --stdin [3ms]
2026-09-19 17:31:49.479 [info] > git check-ignore -v -z --stdin [6ms]
2026-09-19 17:31:51.211 [info] > git check-ignore -v -z --stdin [4ms]
2026-09-19 17:31:51.440 [info] > git config --get commit.template [22ms]
2026-09-19 17:31:51.444 [info] > git for-each-ref --format=%(refname)%00%(upstream:short)%00%(objectname)%00%(upstream:track)%00%(upstream:remotename)%00%(upstream:remoteref) refs/heads/main refs/remotes/main [4ms]
2026-09-19 17:31:51.488 [info] > git for-each-ref --sort -committerdate --format %(refname)%00%(objectname)%00%(*objectname) [6ms]
2026-09-19 17:31:51.540 [info] > git status -z -uall [75ms]
2026-09-19 17:31:52.097 [info] > git check-ignore -v -z --stdin [4ms]
2026-09-19 17:31:56.592 [info] > git config --get commit.template [15ms]
2026-09-19 17:31:56.596 [info] > git for-each-ref --format=%(refname)%00%(upstream:short)%00%(objectname)%00%(upstream:track)%00%(upstream:remotename)%00%(upstream:remoteref) refs/heads/main refs/remotes/main [9ms]
2026-09-19 17:31:56.624 [info] > git for-each-ref --sort -committerdate --format %(refname)%00%(objectname)%00%(*objectname) [6ms]
2026-09-19 17:31:56.681 [info] > git status -z -uall [69ms]
2026-09-19 17:31:57.016 [info] > git check-ignore -v -z --stdin [14ms]
2026-09-19 17:31:58.536 [info] > git check-ignore -v -z --stdin [2ms]
2026-09-19 17:31:59.765 [info] > git check-ignore -v -z --stdin [3ms]
2026-09-19 17:32:00.679 [info] > git check-ignore -v -z --stdin [11ms]
2026-09-19 17:32:01.825 [info] > git check-ignore -v -z --stdin [2ms]
2026-09-19 17:32:02.429 [info] > git check-ignore -v -z --stdin [4ms]
2026-09-19 17:32:02.583 [info] > git config --get commit.template [20ms]
2026-09-19 17:32:02.587 [info] > git for-each-ref --format=%(refname)%00%(upstream:short)%00%(objectname)%00%(upstream:track)%00%(upstream:remotename)%00%(upstream:remoteref) refs/heads/main refs/remotes/main [5ms]
2026-09-19 17:32:02.637 [info] > git for-each-ref --sort -committerdate --format %(refname)%00%(objectname)%00%(*objectname) [4ms]
2026-09-19 17:32:02.668 [info] > git check-ignore -v -z --stdin [3ms]
2026-09-19 17:32:02.697 [info] > git status -z -uall [86ms]
2026-09-19 17:32:03.036 [info] > git check-ignore -v -z --stdin [1ms]
2026-09-19 17:32:07.735 [info] > git config --get commit.template [13ms]
2026-09-19 17:32:07.736 [info] > git for-each-ref --format=%(refname)%00%(upstream:short)%00%(objectname)%00%(upstream:track)%00%(upstream:remotename)%00%(upstream:remoteref) refs/heads/main refs/remotes/main [2ms]
2026-09-19 17:32:07.761 [info] > git for-each-ref --sort -committerdate --format %(refname)%00%(objectname)%00%(*objectname) [2ms]
2026-09-19 17:32:07.814 [info] > git status -z -uall [66ms]
2026-09-19 17:32:08.140 [info] > git check-ignore -v -z --stdin [2ms]
2026-09-19 17:32:12.850 [info] > git config --get commit.template [13ms]
2026-09-19 17:32:12.854 [info] > git for-each-ref --format=%(refname)%00%(upstream:short)%00%(objectname)%00%(upstream:track)%00%(upstream:remotename)%00%(upstream:remoteref) refs/heads/main refs/remotes/main [5ms]
2026-09-19 17:32:12.883 [info] > git for-each-ref --sort -committerdate --format %(refname)%00%(objectname)%00%(*objectname) [4ms]
2026-09-19 17:32:12.943 [info] > git status -z -uall [77ms]
2026-09-19 17:32:13.515 [info] > git check-ignore -v -z --stdin [2ms]
2026-09-19 17:32:13.581 [info] > git show --textconv :OrientationApp/views.py [35ms]
2026-09-19 17:32:13.593 [info] > git ls-files --stage -- OrientationApp/views.py [14ms]
2026-09-19 17:32:13.619 [info] > git cat-file -s e6930d2b0751dcea56f287b58b13d3ad276e2842 [4ms]
2026-09-19 17:32:28.676 [info] > git check-ignore -v -z --stdin [1ms]
2026-09-19 17:32:30.006 [info] > git check-ignore -v -z --stdin [1ms]
2026-09-19 17:32:30.605 [info] > git config --get commit.template [17ms]
2026-09-19 17:32:30.607 [info] > git for-each-ref --format=%(refname)%00%(upstream:short)%00%(objectname)%00%(upstream:track)%00%(upstream:remotename)%00%(upstream:remoteref) refs/heads/main refs/remotes/main [3ms]
2026-09-19 17:32:30.640 [info] > git for-each-ref --sort -committerdate --format %(refname)%00%(objectname)%00%(*objectname) [5ms]
2026-09-19 17:32:30.691 [info] > git status -z -uall [75ms]
2026-09-19 17:32:31.324 [info] > git check-ignore -v -z --stdin [7ms]
2026-09-19 17:32:31.796 [info] > git check-ignore -v -z --stdin [6ms]
2026-09-19 17:32:35.719 [info] > git config --get commit.template [3ms]
2026-09-19 17:32:35.735 [info] > git for-each-ref --format=%(refname)%00%(upstream:short)%00%(objectname)%00%(upstream:track)%00%(upstream:remotename)%00%(upstream:remoteref) refs/heads/main refs/remotes/main [4ms]
2026-09-19 17:32:35.760 [info] > git for-each-ref --sort -committerdate --format %(refname)%00%(objectname)%00%(*objectname) [3ms]
2026-09-19 17:32:35.807 [info] > git status -z -uall [61ms]
2026-09-19 17:32:36.131 [info] > git check-ignore -v -z --stdin [2ms]
2026-09-19 17:32:42.608 [info] > git check-ignore -v -z --stdin [10ms]
2026-09-19 17:32:42.812 [info] > git check-ignore -v -z --stdin [3ms]
2026-09-19 17:32:43.033 [info] > git check-ignore -v -z --stdin [2ms]
2026-09-19 17:32:44.950 [info] > git check-ignore -v -z --stdin [29ms]
2026-09-19 17:32:44.951 [info] > git config --get commit.template [2ms]
2026-09-19 17:32:44.982 [info] > git for-each-ref --format=%(refname)%00%(upstream:short)%00%(objectname)%00%(upstream:track)%00%(upstream:remotename)%00%(upstream:remoteref) refs/heads/main refs/remotes/main [9ms]
2026-09-19 17:32:45.108 [info] > git for-each-ref --sort -committerdate --format %(refname)%00%(objectname)%00%(*objectname) [20ms]
2026-09-19 17:32:45.146 [info] > git status -z -uall [86ms]
2026-09-19 17:32:45.613 [info] > git check-ignore -v -z --stdin [7ms]
2026-09-19 17:32:46.571 [info] > git check-ignore -v -z --stdin [3ms]
2026-09-19 17:32:48.465 [info] > git check-ignore -v -z --stdin [4ms]
2026-09-19 17:32:49.506 [info] > git check-ignore -v -z --stdin [2ms]
2026-09-19 17:32:50.218 [info] > git config --get commit.template [25ms]
2026-09-19 17:32:50.219 [info] > git for-each-ref --format=%(refname)%00%(upstream:short)%00%(objectname)%00%(upstream:track)%00%(upstream:remotename)%00%(upstream:remoteref) refs/heads/main refs/remotes/main [5ms]
2026-09-19 17:32:50.248 [info] > git for-each-ref --sort -committerdate --format %(refname)%00%(objectname)%00%(*objectname) [6ms]
2026-09-19 17:32:50.263 [info] > git check-ignore -v -z --stdin [3ms]
2026-09-19 17:32:50.302 [info] > git status -z -uall [69ms]
2026-09-19 17:32:50.629 [info] > git check-ignore -v -z --stdin [2ms]
2026-09-19 17:32:51.059 [info] > git check-ignore -v -z --stdin [3ms]
2026-09-19 17:32:51.609 [info] > git check-ignore -v -z --stdin [3ms]
2026-09-19 17:32:51.888 [info] > git check-ignore -v -z --stdin [2ms]
2026-09-19 17:32:52.282 [info] > git check-ignore -v -z --stdin [3ms]
2026-09-19 17:32:53.113 [info] > git check-ignore -v -z --stdin [5ms]
2026-09-19 17:32:53.367 [info] > git check-ignore -v -z --stdin [10ms]
2026-09-19 17:32:53.711 [info] > git check-ignore -v -z --stdin [2ms]
2026-09-19 17:32:54.366 [info] > git check-ignore -v -z --stdin [2ms]
2026-09-19 17:32:54.582 [info] > git check-ignore -v -z --stdin [2ms]
2026-09-19 17:32:55.362 [info] > git config --get commit.template [26ms]
2026-09-19 17:32:55.381 [info] > git for-each-ref --format=%(refname)%00%(upstream:short)%00%(objectname)%00%(upstream:track)%00%(upstream:remotename)%00%(upstream:remoteref) refs/heads/main refs/remotes/main [27ms]
2026-09-19 17:32:55.382 [info] > git check-ignore -v -z --stdin [1ms]
2026-09-19 17:32:55.419 [info] > git for-each-ref --sort -committerdate --format %(refname)%00%(objectname)%00%(*objectname) [6ms]
2026-09-19 17:32:55.481 [info] > git status -z -uall [84ms]
2026-09-19 17:32:55.825 [info] > git check-ignore -v -z --stdin [3ms]
2026-09-19 17:32:56.386 [info] > git check-ignore -v -z --stdin [2ms]
2026-09-19 17:32:57.171 [info] > git check-ignore -v -z --stdin [2ms]
2026-09-19 17:32:58.336 [info] > git check-ignore -v -z --stdin [3ms]
2026-09-19 17:32:58.623 [info] > git check-ignore -v -z --stdin [2ms]
2026-09-19 17:33:00.656 [info] > git config --get commit.template [19ms]
2026-09-19 17:33:00.665 [info] > git for-each-ref --format=%(refname)%00%(upstream:short)%00%(objectname)%00%(upstream:track)%00%(upstream:remotename)%00%(upstream:remoteref) refs/heads/main refs/remotes/main [10ms]
2026-09-19 17:33:00.727 [info] > git for-each-ref --sort -committerdate --format %(refname)%00%(objectname)%00%(*objectname) [11ms]
2026-09-19 17:33:00.773 [info] > git status -z -uall [74ms]
2026-09-19 17:33:01.111 [info] > git check-ignore -v -z --stdin [4ms]
2026-09-19 17:33:05.624 [info] > git check-ignore -v -z --stdin [3ms]
2026-09-19 17:33:06.623 [info] > git check-ignore -v -z --stdin [6ms]
2026-09-19 17:33:06.932 [info] > git check-ignore -v -z --stdin [3ms]
2026-09-19 17:33:07.316 [info] > git check-ignore -v -z --stdin [9ms]
2026-09-19 17:33:09.273 [info] > git config --get commit.template [24ms]
2026-09-19 17:33:09.274 [info] > git for-each-ref --format=%(refname)%00%(upstream:short)%00%(objectname)%00%(upstream:track)%00%(upstream:remotename)%00%(upstream:remoteref) refs/heads/main refs/remotes/main [2ms]
2026-09-19 17:33:09.317 [info] > git for-each-ref --sort -committerdate --format %(refname)%00%(objectname)%00%(*objectname) [6ms]
2026-09-19 17:33:09.394 [info] > git status -z -uall [102ms]
2026-09-19 17:33:09.831 [info] > git check-ignore -v -z --stdin [3ms]
2026-09-19 17:33:10.598 [info] > git check-ignore -v -z --stdin [4ms]
2026-09-19 17:33:10.949 [info] > git check-ignore -v -z --stdin [3ms]
2026-09-19 17:33:14.408 [info] > git config --get commit.template [2ms]
2026-09-19 17:33:14.430 [info] > git for-each-ref --format=%(refname)%00%(upstream:short)%00%(objectname)%00%(upstream:track)%00%(upstream:remotename)%00%(upstream:remoteref) refs/heads/main refs/remotes/main [5ms]
2026-09-19 17:33:14.469 [info] > git for-each-ref --sort -committerdate --format %(refname)%00%(objectname)%00%(*objectname) [10ms]
2026-09-19 17:33:14.515 [info] > git status -z -uall [73ms]
2026-09-19 17:33:15.102 [info] > git check-ignore -v -z --stdin [3ms]
2026-09-19 17:33:15.345 [info] > git check-ignore -v -z --stdin [5ms]
2026-09-19 17:33:15.571 [info] > git check-ignore -v -z --stdin [4ms]
2026-09-19 17:33:15.848 [info] > git check-ignore -v -z --stdin [1ms]
2026-09-19 17:33:16.103 [info] > git check-ignore -v -z --stdin [3ms]
2026-09-19 17:33:16.780 [info] > git check-ignore -v -z --stdin [2ms]
2026-09-19 17:33:19.586 [info] > git config --get commit.template [13ms]
2026-09-19 17:33:19.638 [info] > git for-each-ref --format=%(refname)%00%(upstream:short)%00%(objectname)%00%(upstream:track)%00%(upstream:remotename)%00%(upstream:remoteref) refs/heads/main refs/remotes/main [21ms]
2026-09-19 17:33:19.730 [info] > git for-each-ref --sort -committerdate --format %(refname)%00%(objectname)%00%(*objectname) [2ms]
2026-09-19 17:33:19.776 [info] > git status -z -uall [90ms]
2026-09-19 17:33:20.108 [info] > git check-ignore -v -z --stdin [3ms]
2026-09-19 17:33:20.534 [info] > git check-ignore -v -z --stdin [21ms]
2026-09-19 17:33:21.099 [info] > git check-ignore -v -z --stdin [1ms]
2026-09-19 17:33:21.531 [info] > git check-ignore -v -z --stdin [1ms]
2026-09-19 17:33:23.099 [info] > git check-ignore -v -z --stdin [5ms]
2026-09-19 17:33:24.552 [info] > git check-ignore -v -z --stdin [3ms]
2026-09-19 17:33:24.823 [info] > git config --get commit.template [4ms]
2026-09-19 17:33:24.855 [info] > git for-each-ref --format=%(refname)%00%(upstream:short)%00%(objectname)%00%(upstream:track)%00%(upstream:remotename)%00%(upstream:remoteref) refs/heads/main refs/remotes/main [20ms]
2026-09-19 17:33:24.913 [info] > git check-ignore -v -z --stdin [15ms]
2026-09-19 17:33:24.915 [info] > git for-each-ref --sort -committerdate --format %(refname)%00%(objectname)%00%(*objectname) [33ms]
2026-09-19 17:33:24.956 [info] > git status -z -uall [88ms]
2026-09-19 17:33:25.402 [info] > git check-ignore -v -z --stdin [4ms]
2026-09-19 17:33:25.651 [info] > git check-ignore -v -z --stdin [2ms]
2026-09-19 17:33:28.881 [info] > git check-ignore -v -z --stdin [17ms]
2026-09-19 17:33:29.519 [info] > git check-ignore -v -z --stdin [3ms]
2026-09-19 17:33:30.007 [info] > git config --get commit.template [11ms]
2026-09-19 17:33:30.049 [info] > git for-each-ref --format=%(refname)%00%(upstream:short)%00%(objectname)%00%(upstream:track)%00%(upstream:remotename)%00%(upstream:remoteref) refs/heads/main refs/remotes/main [8ms]
2026-09-19 17:33:30.108 [info] > git for-each-ref --sort -committerdate --format %(refname)%00%(objectname)%00%(*objectname) [15ms]
2026-09-19 17:33:30.165 [info] > git status -z -uall [91ms]
2026-09-19 17:33:30.211 [info] > git check-ignore -v -z --stdin [4ms]
2026-09-19 17:33:30.524 [info] > git check-ignore -v -z --stdin [8ms]
2026-09-19 17:33:30.789 [info] > git check-ignore -v -z --stdin [8ms]
2026-09-19 17:33:37.436 [info] > git config --get commit.template [34ms]
2026-09-19 17:33:37.439 [info] > git for-each-ref --format=%(refname)%00%(upstream:short)%00%(objectname)%00%(upstream:track)%00%(upstream:remotename)%00%(upstream:remoteref) refs/heads/main refs/remotes/main [4ms]
2026-09-19 17:33:37.519 [info] > git for-each-ref --sort -committerdate --format %(refname)%00%(objectname)%00%(*objectname) [12ms]
2026-09-19 17:33:37.586 [info] > git status -z -uall [112ms]
2026-09-19 17:33:37.973 [info] > git check-ignore -v -z --stdin [4ms]
2026-09-19 17:33:40.083 [info] > git check-ignore -v -z --stdin [13ms]
2026-09-19 17:33:40.481 [info] > git check-ignore -v -z --stdin [2ms]
2026-09-19 17:33:42.710 [info] > git config --get commit.template [50ms]
2026-09-19 17:33:42.720 [info] > git for-each-ref --format=%(refname)%00%(upstream:short)%00%(objectname)%00%(upstream:track)%00%(upstream:remotename)%00%(upstream:remoteref) refs/heads/main refs/remotes/main [18ms]
2026-09-19 17:33:42.805 [info] > git for-each-ref --sort -committerdate --format %(refname)%00%(objectname)%00%(*objectname) [4ms]
2026-09-19 17:33:42.857 [info] > git status -z -uall [80ms]
2026-09-19 17:33:43.337 [info] > git check-ignore -v -z --stdin [5ms]
2026-09-19 17:33:43.836 [info] > git check-ignore -v -z --stdin [3ms]
2026-09-19 17:33:46.424 [info] > git check-ignore -v -z --stdin [23ms]
2026-09-19 17:33:47.952 [info] > git config --get commit.template [47ms]
2026-09-19 17:33:47.960 [info] > git for-each-ref --format=%(refname)%00%(upstream:short)%00%(objectname)%00%(upstream:track)%00%(upstream:remotename)%00%(upstream:remoteref) refs/heads/main refs/remotes/main [11ms]
2026-09-19 17:33:48.021 [info] > git for-each-ref --sort -committerdate --format %(refname)%00%(objectname)%00%(*objectname) [1ms]
2026-09-19 17:33:48.050 [info] > git status -z -uall [43ms]
2026-09-19 17:33:48.553 [info] > git check-ignore -v -z --stdin [3ms]
2026-09-19 17:33:49.419 [info] > git check-ignore -v -z --stdin [23ms]
2026-09-19 17:33:50.382 [info] > git check-ignore -v -z --stdin [13ms]
2026-09-19 17:33:50.753 [info] > git check-ignore -v -z --stdin [14ms]
2026-09-19 17:33:51.633 [info] > git check-ignore -v -z --stdin [3ms]
2026-09-19 17:33:51.947 [info] > git check-ignore -v -z --stdin [6ms]
2026-09-19 17:33:52.449 [info] > git check-ignore -v -z --stdin [10ms]
2026-09-19 17:33:53.091 [info] > git config --get commit.template [18ms]
2026-09-19 17:33:53.094 [info] > git for-each-ref --format=%(refname)%00%(upstream:short)%00%(objectname)%00%(upstream:track)%00%(upstream:remotename)%00%(upstream:remoteref) refs/heads/main refs/remotes/main [4ms]
2026-09-19 17:33:53.122 [info] > git for-each-ref --sort -committerdate --format %(refname)%00%(objectname)%00%(*objectname) [3ms]
2026-09-19 17:33:53.213 [info] > git status -z -uall [108ms]
2026-09-19 17:33:53.619 [info] > git check-ignore -v -z --stdin [20ms]
2026-09-19 17:33:54.713 [info] > git check-ignore -v -z --stdin [18ms]
2026-09-19 17:33:55.123 [info] > git check-ignore -v -z --stdin [7ms]
2026-09-19 17:33:55.274 [info] > git check-ignore -v -z --stdin [8ms]
2026-09-19 17:33:55.751 [info] > git check-ignore -v -z --stdin [18ms]
2026-09-19 17:33:58.679 [info] > git config --get commit.template [41ms]
2026-09-19 17:33:58.916 [info] > git check-ignore -v -z --stdin [15ms]
2026-09-19 17:33:58.918 [info] > git for-each-ref --format=%(refname)%00%(upstream:short)%00%(objectname)%00%(upstream:track)%00%(upstream:remotename)%00%(upstream:remoteref) refs/heads/main refs/remotes/main [88ms]
2026-09-19 17:33:59.000 [info] > git for-each-ref --sort -committerdate --format %(refname)%00%(objectname)%00%(*objectname) [28ms]
2026-09-19 17:33:59.097 [info] > git status -z -uall [154ms]
2026-09-19 17:33:59.195 [info] > git check-ignore -v -z --stdin [10ms]
2026-09-19 17:33:59.431 [info] > git check-ignore -v -z --stdin [1ms]
2026-09-19 17:33:59.913 [info] > git check-ignore -v -z --stdin [15ms]
2026-09-19 17:34:04.149 [info] > git config --get commit.template [5ms]
2026-09-19 17:34:04.168 [info] > git for-each-ref --format=%(refname)%00%(upstream:short)%00%(objectname)%00%(upstream:track)%00%(upstream:remotename)%00%(upstream:remoteref) refs/heads/main refs/remotes/main [3ms]
2026-09-19 17:34:04.207 [info] > git for-each-ref --sort -committerdate --format %(refname)%00%(objectname)%00%(*objectname) [5ms]
2026-09-19 17:34:04.273 [info] > git status -z -uall [89ms]
2026-09-19 17:34:04.651 [info] > git check-ignore -v -z --stdin [3ms]
2026-09-19 17:34:13.220 [info] > git check-ignore -v -z --stdin [2ms]
2026-09-19 17:34:14.175 [info] > git check-ignore -v -z --stdin [3ms]
2026-09-19 17:34:16.366 [info] > git config --get commit.template [12ms]
2026-09-19 17:34:16.408 [info] > git for-each-ref --format=%(refname)%00%(upstream:short)%00%(objectname)%00%(upstream:track)%00%(upstream:remotename)%00%(upstream:remoteref) refs/heads/main refs/remotes/main [8ms]
2026-09-19 17:34:16.482 [info] > git for-each-ref --sort -committerdate --format %(refname)%00%(objectname)%00%(*objectname) [11ms]
2026-09-19 17:34:16.549 [info] > git status -z -uall [102ms]
2026-09-19 17:34:16.900 [info] > git check-ignore -v -z --stdin [2ms]
2026-09-19 17:34:21.600 [info] > git config --get commit.template [17ms]
2026-09-19 17:34:21.601 [info] > git for-each-ref --format=%(refname)%00%(upstream:short)%00%(objectname)%00%(upstream:track)%00%(upstream:remotename)%00%(upstream:remoteref) refs/heads/main refs/remotes/main [9ms]
2026-09-19 17:34:21.639 [info] > git for-each-ref --sort -committerdate --format %(refname)%00%(objectname)%00%(*objectname) [4ms]
2026-09-19 17:34:21.694 [info] > git status -z -uall [68ms]
2026-09-19 17:34:22.021 [info] > git check-ignore -v -z --stdin [4ms]
2026-09-19 17:34:44.176 [info] > git check-ignore -v -z --stdin [4ms]
2026-09-19 17:34:47.419 [info] > git check-ignore -v -z --stdin [1ms]
2026-09-19 17:34:49.124 [info] > git check-ignore -v -z --stdin [3ms]
2026-09-19 17:34:49.325 [info] > git config --get commit.template [1ms]
2026-09-19 17:34:49.356 [info] > git check-ignore -v -z --stdin [2ms]
2026-09-19 17:34:49.357 [info] > git for-each-ref --format=%(refname)%00%(upstream:short)%00%(objectname)%00%(upstream:track)%00%(upstream:remotename)%00%(upstream:remoteref) refs/heads/main refs/remotes/main [19ms]
2026-09-19 17:34:49.404 [info] > git for-each-ref --sort -committerdate --format %(refname)%00%(objectname)%00%(*objectname) [18ms]
2026-09-19 17:34:49.466 [info] > git status -z -uall [95ms]
2026-09-19 17:34:50.064 [info] > git check-ignore -v -z --stdin [5ms]
2026-09-19 17:34:54.504 [info] > git config --get commit.template [13ms]
2026-09-19 17:34:54.505 [info] > git for-each-ref --format=%(refname)%00%(upstream:short)%00%(objectname)%00%(upstream:track)%00%(upstream:remotename)%00%(upstream:remoteref) refs/heads/main refs/remotes/main [2ms]
2026-09-19 17:34:54.536 [info] > git for-each-ref --sort -committerdate --format %(refname)%00%(objectname)%00%(*objectname) [4ms]
2026-09-19 17:34:54.587 [info] > git status -z -uall [66ms]
2026-09-19 17:34:54.909 [info] > git check-ignore -v -z --stdin [2ms]
2026-09-19 17:34:59.567 [info] > git check-ignore -v -z --stdin [1ms]
2026-09-19 17:34:59.896 [info] > git check-ignore -v -z --stdin [3ms]
2026-09-19 17:35:01.857 [info] > git config --get commit.template [3ms]
2026-09-19 17:35:01.878 [info] > git for-each-ref --format=%(refname)%00%(upstream:short)%00%(objectname)%00%(upstream:track)%00%(upstream:remotename)%00%(upstream:remoteref) refs/heads/main refs/remotes/main [4ms]
2026-09-19 17:35:01.914 [info] > git for-each-ref --sort -committerdate --format %(refname)%00%(objectname)%00%(*objectname) [7ms]
2026-09-19 17:35:01.965 [info] > git status -z -uall [71ms]
2026-09-19 17:35:02.409 [info] > git check-ignore -v -z --stdin [2ms]
2026-09-19 17:35:06.997 [info] > git config --get commit.template [11ms]
2026-09-19 17:35:06.999 [info] > git for-each-ref --format=%(refname)%00%(upstream:short)%00%(objectname)%00%(upstream:track)%00%(upstream:remotename)%00%(upstream:remoteref) refs/heads/main refs/remotes/main [2ms]
2026-09-19 17:35:07.031 [info] > git for-each-ref --sort -committerdate --format %(refname)%00%(objectname)%00%(*objectname) [7ms]
2026-09-19 17:35:07.094 [info] > git status -z -uall [84ms]
2026-09-19 17:35:07.418 [info] > git check-ignore -v -z --stdin [1ms]
2026-09-19 17:35:39.371 [info] > git check-ignore -v -z --stdin [11ms]
2026-09-19 17:35:39.451 [info] > git show --textconv :OrientationApp/templates/Orientation.html [17ms]
2026-09-19 17:35:39.452 [info] > git ls-files --stage -- OrientationApp/templates/Orientation.html [2ms]
2026-09-19 17:35:39.468 [info] > git cat-file -s fa33b7b86b712c0b4e070d233ea2a8b01e8bc897 [6ms]
2026-09-19 17:35:50.944 [info] > git check-ignore -v -z --stdin [3ms]
2026-09-19 17:35:51.445 [info] > git check-ignore -v -z --stdin [3ms]
2026-09-19 17:35:51.730 [info] > git check-ignore -v -z --stdin [3ms]
2026-09-19 17:35:51.987 [info] > git check-ignore -v -z --stdin [2ms]
2026-09-19 17:35:52.236 [info] > git check-ignore -v -z --stdin [2ms]
2026-09-19 17:35:52.502 [info] > git check-ignore -v -z --stdin [2ms]
2026-09-19 17:35:54.448 [info] > git config --get commit.template [18ms]
2026-09-19 17:35:54.452 [info] > git for-each-ref --format=%(refname)%00%(upstream:short)%00%(objectname)%00%(upstream:track)%00%(upstream:remotename)%00%(upstream:remoteref) refs/heads/main refs/remotes/main [4ms]
2026-09-19 17:35:54.486 [info] > git for-each-ref --sort -committerdate --format %(refname)%00%(objectname)%00%(*objectname) [8ms]
2026-09-19 17:35:54.546 [info] > git status -z -uall [78ms]
2026-09-19 17:35:54.899 [info] > git check-ignore -v -z --stdin [3ms]
2026-09-19 17:36:35.410 [info] > git check-ignore -v -z --stdin [7ms]
2026-09-19 17:36:35.908 [info] > git check-ignore -v -z --stdin [2ms]
2026-09-19 17:36:36.208 [info] > git check-ignore -v -z --stdin [3ms]
2026-09-19 17:36:36.636 [info] > git check-ignore -v -z --stdin [2ms]
2026-09-19 17:36:37.038 [info] > git check-ignore -v -z --stdin [2ms]
2026-09-19 17:36:38.936 [info] > git config --get commit.template [2ms]
2026-09-19 17:36:38.955 [info] > git for-each-ref --format=%(refname)%00%(upstream:short)%00%(objectname)%00%(upstream:track)%00%(upstream:remotename)%00%(upstream:remoteref) refs/heads/main refs/remotes/main [4ms]
2026-09-19 17:36:38.988 [info] > git for-each-ref --sort -committerdate --format %(refname)%00%(objectname)%00%(*objectname) [5ms]
2026-09-19 17:36:39.037 [info] > git status -z -uall [65ms]
2026-09-19 17:36:39.362 [info] > git check-ignore -v -z --stdin [2ms]
2026-09-19 17:36:40.446 [info] > git check-ignore -v -z --stdin [3ms]
2026-09-19 17:36:43.617 [info] > git check-ignore -v -z --stdin [6ms]
2026-09-19 17:36:43.852 [info] > git check-ignore -v -z --stdin [5ms]
2026-09-19 17:36:44.110 [info] > git config --get commit.template [39ms]
2026-09-19 17:36:44.121 [info] > git for-each-ref --format=%(refname)%00%(upstream:short)%00%(objectname)%00%(upstream:track)%00%(upstream:remotename)%00%(upstream:remoteref) refs/heads/main refs/remotes/main [11ms]
2026-09-19 17:36:44.172 [info] > git for-each-ref --sort -committerdate --format %(refname)%00%(objectname)%00%(*objectname) [3ms]
2026-09-19 17:36:44.238 [info] > git check-ignore -v -z --stdin [3ms]
2026-09-19 17:36:44.248 [info] > git status -z -uall [106ms]
2026-09-19 17:36:44.570 [info] > git check-ignore -v -z --stdin [1ms]
2026-09-19 17:36:45.070 [info] > git check-ignore -v -z --stdin [2ms]
2026-09-19 17:36:46.274 [info] > git check-ignore -v -z --stdin [5ms]
2026-09-19 17:36:46.706 [info] > git check-ignore -v -z --stdin [2ms]
2026-09-19 17:36:47.269 [info] > git check-ignore -v -z --stdin [4ms]
2026-09-19 17:36:47.694 [info] > git check-ignore -v -z --stdin [2ms]
2026-09-19 17:36:48.110 [info] > git check-ignore -v -z --stdin [7ms]
2026-09-19 17:36:48.274 [info] > git check-ignore -v -z --stdin [3ms]
2026-09-19 17:36:49.274 [info] > git config --get commit.template [1ms]
2026-09-19 17:36:49.295 [info] > git for-each-ref --format=%(refname)%00%(upstream:short)%00%(objectname)%00%(upstream:track)%00%(upstream:remotename)%00%(upstream:remoteref) refs/heads/main refs/remotes/main [4ms]
2026-09-19 17:36:49.317 [info] > git for-each-ref --sort -committerdate --format %(refname)%00%(objectname)%00%(*objectname) [1ms]
2026-09-19 17:36:49.368 [info] > git status -z -uall [61ms]
2026-09-19 17:36:49.716 [info] > git check-ignore -v -z --stdin [4ms]
2026-09-19 17:36:52.550 [info] > git check-ignore -v -z --stdin [1ms]
2026-09-19 17:36:53.174 [info] > git check-ignore -v -z --stdin [7ms]
2026-09-19 17:36:53.644 [info] > git check-ignore -v -z --stdin [3ms]
2026-09-19 17:36:54.235 [info] > git check-ignore -v -z --stdin [2ms]
2026-09-19 17:36:54.410 [info] > git config --get commit.template [5ms]
2026-09-19 17:36:54.426 [info] > git for-each-ref --format=%(refname)%00%(upstream:short)%00%(objectname)%00%(upstream:track)%00%(upstream:remotename)%00%(upstream:remoteref) refs/heads/main refs/remotes/main [3ms]
2026-09-19 17:36:54.457 [info] > git for-each-ref --sort -committerdate --format %(refname)%00%(objectname)%00%(*objectname) [4ms]
2026-09-19 17:36:54.514 [info] > git status -z -uall [73ms]
2026-09-19 17:36:54.902 [info] > git check-ignore -v -z --stdin [3ms]
2026-09-19 17:36:55.646 [info] > git check-ignore -v -z --stdin [2ms]
2026-09-19 17:36:59.536 [info] > git config --get commit.template [1ms]
2026-09-19 17:36:59.552 [info] > git for-each-ref --format=%(refname)%00%(upstream:short)%00%(objectname)%00%(upstream:track)%00%(upstream:remotename)%00%(upstream:remoteref) refs/heads/main refs/remotes/main [3ms]
2026-09-19 17:36:59.593 [info] > git for-each-ref --sort -committerdate --format %(refname)%00%(objectname)%00%(*objectname) [4ms]
2026-09-19 17:36:59.648 [info] > git status -z -uall [80ms]
2026-09-19 17:37:00.005 [info] > git check-ignore -v -z --stdin [6ms]
2026-09-19 17:37:19.558 [info] > git check-ignore -v -z --stdin [3ms]
2026-09-19 17:37:21.454 [info] > git config --get commit.template [13ms]
2026-09-19 17:37:21.457 [info] > git for-each-ref --format=%(refname)%00%(upstream:short)%00%(objectname)%00%(upstream:track)%00%(upstream:remotename)%00%(upstream:remoteref) refs/heads/main refs/remotes/main [3ms]
2026-09-19 17:37:21.485 [info] > git for-each-ref --sort -committerdate --format %(refname)%00%(objectname)%00%(*objectname) [3ms]
2026-09-19 17:37:21.546 [info] > git status -z -uall [76ms]
2026-09-19 17:37:22.387 [info] > git check-ignore -v -z --stdin [2ms]
2026-09-19 17:37:22.620 [info] > git check-ignore -v -z --stdin [3ms]
2026-09-19 17:37:22.928 [info] > git check-ignore -v -z --stdin [6ms]
2026-09-19 17:37:26.598 [info] > git config --get commit.template [3ms]
2026-09-19 17:37:26.618 [info] > git for-each-ref --format=%(refname)%00%(upstream:short)%00%(objectname)%00%(upstream:track)%00%(upstream:remotename)%00%(upstream:remoteref) refs/heads/main refs/remotes/main [6ms]
2026-09-19 17:37:26.649 [info] > git for-each-ref --sort -committerdate --format %(refname)%00%(objectname)%00%(*objectname) [3ms]
2026-09-19 17:37:26.700 [info] > git status -z -uall [68ms]
2026-09-19 17:37:27.021 [info] > git check-ignore -v -z --stdin [1ms]
2026-09-19 17:37:35.770 [info] > git check-ignore -v -z --stdin [4ms]
2026-09-19 17:37:36.854 [info] > git check-ignore -v -z --stdin [3ms]
2026-09-19 17:37:37.159 [info] > git check-ignore -v -z --stdin [3ms]
2026-09-19 17:37:37.490 [info] > git check-ignore -v -z --stdin [7ms]
2026-09-19 17:37:37.709 [info] > git config --get commit.template [2ms]
2026-09-19 17:37:37.731 [info] > git for-each-ref --format=%(refname)%00%(upstream:short)%00%(objectname)%00%(upstream:track)%00%(upstream:remotename)%00%(upstream:remoteref) refs/heads/main refs/remotes/main [3ms]
2026-09-19 17:37:37.766 [info] > git for-each-ref --sort -committerdate --format %(refname)%00%(objectname)%00%(*objectname) [5ms]
2026-09-19 17:37:37.825 [info] > git status -z -uall [74ms]
2026-09-19 17:37:38.185 [info] > git check-ignore -v -z --stdin [2ms]
2026-09-19 17:37:42.862 [info] > git config --get commit.template [12ms]
2026-09-19 17:37:42.864 [info] > git for-each-ref --format=%(refname)%00%(upstream:short)%00%(objectname)%00%(upstream:track)%00%(upstream:remotename)%00%(upstream:remoteref) refs/heads/main refs/remotes/main [3ms]
2026-09-19 17:37:42.888 [info] > git for-each-ref --sort -committerdate --format %(refname)%00%(objectname)%00%(*objectname) [3ms]
2026-09-19 17:37:42.940 [info] > git status -z -uall [62ms]
2026-09-19 17:37:43.271 [info] > git check-ignore -v -z --stdin [1ms]
2026-09-19 17:37:59.143 [info] > git check-ignore -v -z --stdin [3ms]
2026-09-19 17:37:59.574 [info] > git check-ignore -v -z --stdin [4ms]
2026-09-19 17:38:01.494 [info] > git config --get commit.template [20ms]
2026-09-19 17:38:01.502 [info] > git for-each-ref --format=%(refname)%00%(upstream:short)%00%(objectname)%00%(upstream:track)%00%(upstream:remotename)%00%(upstream:remoteref) refs/heads/main refs/remotes/main [9ms]
2026-09-19 17:38:01.572 [info] > git for-each-ref --sort -committerdate --format %(refname)%00%(objectname)%00%(*objectname) [3ms]
2026-09-19 17:38:01.622 [info] > git status -z -uall [96ms]
2026-09-19 17:38:01.952 [info] > git check-ignore -v -z --stdin [3ms]
2026-09-19 17:38:08.028 [info] > git check-ignore -v -z --stdin [3ms]
2026-09-19 17:38:09.060 [info] > git check-ignore -v -z --stdin [2ms]
2026-09-19 17:38:10.979 [info] > git config --get commit.template [2ms]
2026-09-19 17:38:10.988 [info] > git for-each-ref --format=%(refname)%00%(upstream:short)%00%(objectname)%00%(upstream:track)%00%(upstream:remotename)%00%(upstream:remoteref) refs/heads/main refs/remotes/main [1ms]
2026-09-19 17:38:11.018 [info] > git for-each-ref --sort -committerdate --format %(refname)%00%(objectname)%00%(*objectname) [3ms]
2026-09-19 17:38:11.068 [info] > git status -z -uall [65ms]
2026-09-19 17:38:11.439 [info] > git check-ignore -v -z --stdin [2ms]
2026-09-19 17:38:13.380 [info] > git check-ignore -v -z --stdin [5ms]
2026-09-19 17:38:14.186 [info] > git check-ignore -v -z --stdin [10ms]
2026-09-19 17:38:14.423 [info] > git check-ignore -v -z --stdin [2ms]
2026-09-19 17:38:14.826 [info] > git check-ignore -v -z --stdin [4ms]
2026-09-19 17:38:16.730 [info] > git config --get commit.template [11ms]
2026-09-19 17:38:16.733 [info] > git for-each-ref --format=%(refname)%00%(upstream:short)%00%(objectname)%00%(upstream:track)%00%(upstream:remotename)%00%(upstream:remoteref) refs/heads/main refs/remotes/main [3ms]
2026-09-19 17:38:16.766 [info] > git for-each-ref --sort -committerdate --format %(refname)%00%(objectname)%00%(*objectname) [3ms]
2026-09-19 17:38:16.816 [info] > git status -z -uall [67ms]
2026-09-19 17:38:17.158 [info] > git check-ignore -v -z --stdin [9ms]
2026-09-19 17:38:20.632 [info] > git check-ignore -v -z --stdin [1ms]
2026-09-19 17:38:21.775 [info] > git check-ignore -v -z --stdin [4ms]
2026-09-19 17:38:22.340 [info] > git check-ignore -v -z --stdin [3ms]
2026-09-19 17:38:23.212 [info] > git check-ignore -v -z --stdin [3ms]
2026-09-19 17:38:23.968 [info] > git check-ignore -v -z --stdin [2ms]
2026-09-19 17:38:25.872 [info] > git config --get commit.template [5ms]
2026-09-19 17:38:25.886 [info] > git for-each-ref --format=%(refname)%00%(upstream:short)%00%(objectname)%00%(upstream:track)%00%(upstream:remotename)%00%(upstream:remoteref) refs/heads/main refs/remotes/main [3ms]
2026-09-19 17:38:25.908 [info] > git for-each-ref --sort -committerdate --format %(refname)%00%(objectname)%00%(*objectname) [2ms]
2026-09-19 17:38:25.972 [info] > git status -z -uall [72ms]
2026-09-19 17:38:26.305 [info] > git check-ignore -v -z --stdin [1ms]
2026-09-19 17:38:58.384 [info] > git check-ignore -v -z --stdin [2ms]
2026-09-19 17:38:58.893 [info] > git check-ignore -v -z --stdin [3ms]
2026-09-19 17:39:00.808 [info] > git config --get commit.template [11ms]
2026-09-19 17:39:00.810 [info] > git for-each-ref --format=%(refname)%00%(upstream:short)%00%(objectname)%00%(upstream:track)%00%(upstream:remotename)%00%(upstream:remoteref) refs/heads/main refs/remotes/main [3ms]
2026-09-19 17:39:00.837 [info] > git for-each-ref --sort -committerdate --format %(refname)%00%(objectname)%00%(*objectname) [2ms]
2026-09-19 17:39:00.887 [info] > git status -z -uall [65ms]
2026-09-19 17:39:01.214 [info] > git check-ignore -v -z --stdin [5ms]
2026-09-19 17:39:01.439 [info] > git check-ignore -v -z --stdin [5ms]
2026-09-19 17:39:02.383 [info] > git check-ignore -v -z --stdin [2ms]
2026-09-19 17:39:05.530 [info] > git check-ignore -v -z --stdin [5ms]
2026-09-19 17:39:05.954 [info] > git config --get commit.template [31ms]
2026-09-19 17:39:05.954 [info] > git for-each-ref --format=%(refname)%00%(upstream:short)%00%(objectname)%00%(upstream:track)%00%(upstream:remotename)%00%(upstream:remoteref) refs/heads/main refs/remotes/main [4ms]
2026-09-19 17:39:06.007 [info] > git for-each-ref --sort -committerdate --format %(refname)%00%(objectname)%00%(*objectname) [2ms]
2026-09-19 17:39:06.057 [info] > git status -z -uall [84ms]
2026-09-19 17:39:06.385 [info] > git check-ignore -v -z --stdin [2ms]
2026-09-19 17:39:11.091 [info] > git config --get commit.template [12ms]
2026-09-19 17:39:11.091 [info] > git for-each-ref --format=%(refname)%00%(upstream:short)%00%(objectname)%00%(upstream:track)%00%(upstream:remotename)%00%(upstream:remoteref) refs/heads/main refs/remotes/main [1ms]
2026-09-19 17:39:11.114 [info] > git for-each-ref --sort -committerdate --format %(refname)%00%(objectname)%00%(*objectname) [3ms]
2026-09-19 17:39:11.174 [info] > git status -z -uall [72ms]
2026-09-19 17:39:11.504 [info] > git check-ignore -v -z --stdin [1ms]
2026-09-19 17:39:51.380 [info] > git check-ignore -v -z --stdin [2ms]
2026-09-19 17:39:51.966 [info] > git check-ignore -v -z --stdin [6ms]
2026-09-19 17:39:52.290 [info] > git check-ignore -v -z --stdin [3ms]
2026-09-19 17:39:52.679 [info] > git check-ignore -v -z --stdin [3ms]
2026-09-19 17:39:53.075 [info] > git check-ignore -v -z --stdin [3ms]
2026-09-19 17:39:54.971 [info] > git config --get commit.template [2ms]
2026-09-19 17:39:54.984 [info] > git for-each-ref --format=%(refname)%00%(upstream:short)%00%(objectname)%00%(upstream:track)%00%(upstream:remotename)%00%(upstream:remoteref) refs/heads/main refs/remotes/main [3ms]
2026-09-19 17:39:55.042 [info] > git for-each-ref --sort -committerdate --format %(refname)%00%(objectname)%00%(*objectname) [4ms]
2026-09-19 17:39:55.100 [info] > git status -z -uall [99ms]
2026-09-19 17:39:55.427 [info] > git check-ignore -v -z --stdin [3ms]
2026-09-19 17:39:55.936 [info] > git check-ignore -v -z --stdin [1ms]
2026-09-19 17:39:56.592 [info] > git check-ignore -v -z --stdin [2ms]
2026-09-19 17:39:57.180 [info] > git check-ignore -v -z --stdin [3ms]
2026-09-19 17:40:00.131 [info] > git config --get commit.template [12ms]
2026-09-19 17:40:00.132 [info] > git for-each-ref --format=%(refname)%00%(upstream:short)%00%(objectname)%00%(upstream:track)%00%(upstream:remotename)%00%(upstream:remoteref) refs/heads/main refs/remotes/main [2ms]
2026-09-19 17:40:00.186 [info] > git for-each-ref --sort -committerdate --format %(refname)%00%(objectname)%00%(*objectname) [2ms]
2026-09-19 17:40:00.223 [info] > git status -z -uall [68ms]
2026-09-19 17:40:00.550 [info] > git check-ignore -v -z --stdin [2ms]
2026-09-19 17:40:00.919 [info] > git check-ignore -v -z --stdin [5ms]
2026-09-19 17:40:01.834 [info] > git check-ignore -v -z --stdin [12ms]
2026-09-19 17:40:02.150 [info] > git check-ignore -v -z --stdin [15ms]
2026-09-19 17:40:05.259 [info] > git config --get commit.template [10ms]
2026-09-19 17:40:05.261 [info] > git for-each-ref --format=%(refname)%00%(upstream:short)%00%(objectname)%00%(upstream:track)%00%(upstream:remotename)%00%(upstream:remoteref) refs/heads/main refs/remotes/main [3ms]
2026-09-19 17:40:05.290 [info] > git for-each-ref --sort -committerdate --format %(refname)%00%(objectname)%00%(*objectname) [5ms]
2026-09-19 17:40:05.337 [info] > git status -z -uall [67ms]
2026-09-19 17:40:05.667 [info] > git check-ignore -v -z --stdin [1ms]
2026-09-19 17:40:14.585 [info] > git config --get commit.template [1ms]
2026-09-19 17:40:14.597 [info] > git for-each-ref --format=%(refname)%00%(upstream:short)%00%(objectname)%00%(upstream:track)%00%(upstream:remotename)%00%(upstream:remoteref) refs/heads/main refs/remotes/main [3ms]
2026-09-19 17:40:14.630 [info] > git for-each-ref --sort -committerdate --format %(refname)%00%(objectname)%00%(*objectname) [2ms]
2026-09-19 17:40:14.683 [info] > git status -z -uall [69ms]
2026-09-19 17:40:15.018 [info] > git check-ignore -v -z --stdin [1ms]
2026-09-19 17:40:29.772 [info] > git config --get commit.template [37ms]
2026-09-19 17:40:29.775 [info] > git for-each-ref --format=%(refname)%00%(upstream:short)%00%(objectname)%00%(upstream:track)%00%(upstream:remotename)%00%(upstream:remoteref) refs/heads/main refs/remotes/main [10ms]
2026-09-19 17:40:29.827 [info] > git for-each-ref --sort -committerdate --format %(refname)%00%(objectname)%00%(*objectname) [10ms]
2026-09-19 17:40:29.920 [info] > git status -z -uall [132ms]
2026-09-19 17:40:30.325 [info] > git check-ignore -v -z --stdin [3ms]
2026-09-19 17:45:47.051 [info] > git check-ignore -v -z --stdin [2ms]
2026-09-19 17:45:47.931 [info] > git check-ignore -v -z --stdin [8ms]
2026-09-19 17:45:49.813 [info] > git config --get commit.template [4ms]
2026-09-19 17:45:49.831 [info] > git for-each-ref --format=%(refname)%00%(upstream:short)%00%(objectname)%00%(upstream:track)%00%(upstream:remotename)%00%(upstream:remoteref) refs/heads/main refs/remotes/main [3ms]
2026-09-19 17:45:49.854 [info] > git for-each-ref --sort -committerdate --format %(refname)%00%(objectname)%00%(*objectname) [2ms]
2026-09-19 17:45:49.922 [info] > git status -z -uall [80ms]
2026-09-19 17:45:50.251 [info] > git check-ignore -v -z --stdin [2ms]
2026-09-19 17:45:54.219 [info] > git check-ignore -v -z --stdin [3ms]
2026-09-19 17:45:56.133 [info] > git config --get commit.template [4ms]
2026-09-19 17:45:56.171 [info] > git for-each-ref --format=%(refname)%00%(upstream:short)%00%(objectname)%00%(upstream:track)%00%(upstream:remotename)%00%(upstream:remoteref) refs/heads/main refs/remotes/main [7ms]
2026-09-19 17:45:56.222 [info] > git for-each-ref --sort -committerdate --format %(refname)%00%(objectname)%00%(*objectname) [4ms]
2026-09-19 17:45:56.282 [info] > git status -z -uall [84ms]
2026-09-19 17:45:56.619 [info] > git check-ignore -v -z --stdin [4ms]
2026-09-19 17:46:27.412 [info] > git check-ignore -v -z --stdin [7ms]
2026-09-19 17:46:29.336 [info] > git config --get commit.template [14ms]
2026-09-19 17:46:29.338 [info] > git for-each-ref --format=%(refname)%00%(upstream:short)%00%(objectname)%00%(upstream:track)%00%(upstream:remotename)%00%(upstream:remoteref) refs/heads/main refs/remotes/main [4ms]
2026-09-19 17:46:29.365 [info] > git for-each-ref --sort -committerdate --format %(refname)%00%(objectname)%00%(*objectname) [7ms]
2026-09-19 17:46:29.424 [info] > git status -z -uall [74ms]
2026-09-19 17:46:29.765 [info] > git check-ignore -v -z --stdin [2ms]
2026-09-19 17:46:35.680 [info] > git check-ignore -v -z --stdin [5ms]
2026-09-19 17:46:37.610 [info] > git config --get commit.template [19ms]
2026-09-19 17:46:37.614 [info] > git for-each-ref --format=%(refname)%00%(upstream:short)%00%(objectname)%00%(upstream:track)%00%(upstream:remotename)%00%(upstream:remoteref) refs/heads/main refs/remotes/main [6ms]
2026-09-19 17:46:37.638 [info] > git for-each-ref --sort -committerdate --format %(refname)%00%(objectname)%00%(*objectname) [3ms]
2026-09-19 17:46:37.709 [info] > git status -z -uall [83ms]
2026-09-19 17:46:38.056 [info] > git check-ignore -v -z --stdin [8ms]
2026-09-19 17:46:38.819 [info] > git check-ignore -v -z --stdin [5ms]
2026-09-19 17:46:42.760 [info] > git config --get commit.template [3ms]
2026-09-19 17:46:42.784 [info] > git for-each-ref --format=%(refname)%00%(upstream:short)%00%(objectname)%00%(upstream:track)%00%(upstream:remotename)%00%(upstream:remoteref) refs/heads/main refs/remotes/main [9ms]
2026-09-19 17:46:42.839 [info] > git for-each-ref --sort -committerdate --format %(refname)%00%(objectname)%00%(*objectname) [9ms]
2026-09-19 17:46:42.884 [info] > git status -z -uall [83ms]
2026-09-19 17:46:43.221 [info] > git check-ignore -v -z --stdin [3ms]
2026-09-19 17:46:43.846 [info] > git check-ignore -v -z --stdin [7ms]
2026-09-19 17:46:45.763 [info] > git check-ignore -v -z --stdin [3ms]
2026-09-19 17:46:46.126 [info] > git check-ignore -v -z --stdin [3ms]
2026-09-19 17:46:46.782 [info] > git check-ignore -v -z --stdin [11ms]
2026-09-19 17:46:47.912 [info] > git config --get commit.template [12ms]
2026-09-19 17:46:47.914 [info] > git for-each-ref --format=%(refname)%00%(upstream:short)%00%(objectname)%00%(upstream:track)%00%(upstream:remotename)%00%(upstream:remoteref) refs/heads/main refs/remotes/main [3ms]
2026-09-19 17:46:47.937 [info] > git for-each-ref --sort -committerdate --format %(refname)%00%(objectname)%00%(*objectname) [3ms]
2026-09-19 17:46:47.992 [info] > git status -z -uall [67ms]
2026-09-19 17:46:48.328 [info] > git check-ignore -v -z --stdin [3ms]
2026-09-19 17:47:29.406 [info] > git config --get commit.template [17ms]
2026-09-19 17:47:29.515 [info] > git for-each-ref --format=%(refname)%00%(upstream:short)%00%(objectname)%00%(upstream:track)%00%(upstream:remotename)%00%(upstream:remoteref) refs/heads/main refs/remotes/main [4ms]
2026-09-19 17:47:29.586 [info] > git for-each-ref --sort -committerdate --format %(refname)%00%(objectname)%00%(*objectname) [10ms]
2026-09-19 17:47:29.639 [info] > git status -z -uall [102ms]
2026-09-19 17:47:29.997 [info] > git check-ignore -v -z --stdin [5ms]
2026-09-19 17:49:06.594 [info] > git config --get commit.template [7ms]
2026-09-19 17:49:06.617 [info] > git for-each-ref --format=%(refname)%00%(upstream:short)%00%(objectname)%00%(upstream:track)%00%(upstream:remotename)%00%(upstream:remoteref) refs/heads/main refs/remotes/main [12ms]
2026-09-19 17:49:06.672 [info] > git for-each-ref --sort -committerdate --format %(refname)%00%(objectname)%00%(*objectname) [4ms]
2026-09-19 17:49:06.784 [info] > git status -z -uall [143ms]
2026-09-19 17:49:07.314 [info] > git check-ignore -v -z --stdin [4ms]
2026-09-19 17:51:40.157 [info] > git check-ignore -v -z --stdin [2ms]
2026-09-19 17:51:41.982 [info] > git config --get commit.template [5ms]
2026-09-19 17:51:42.000 [info] > git for-each-ref --format=%(refname)%00%(upstream:short)%00%(objectname)%00%(upstream:track)%00%(upstream:remotename)%00%(upstream:remoteref) refs/heads/main refs/remotes/main [3ms]
2026-09-19 17:51:42.024 [info] > git for-each-ref --sort -committerdate --format %(refname)%00%(objectname)%00%(*objectname) [3ms]
2026-09-19 17:51:42.082 [info] > git status -z -uall [68ms]
2026-09-19 17:51:42.410 [info] > git check-ignore -v -z --stdin [4ms]
2026-09-19 17:52:02.800 [info] > git check-ignore -v -z --stdin [2ms]
2026-09-19 17:52:03.224 [info] > git check-ignore -v -z --stdin [3ms]
2026-09-19 17:52:03.736 [info] > git check-ignore -v -z --stdin [4ms]
2026-09-19 17:52:05.825 [info] > git config --get commit.template [16ms]
2026-09-19 17:52:05.827 [info] > git for-each-ref --format=%(refname)%00%(upstream:short)%00%(objectname)%00%(upstream:track)%00%(upstream:remotename)%00%(upstream:remoteref) refs/heads/main refs/remotes/main [4ms]
2026-09-19 17:52:05.851 [info] > git for-each-ref --sort -committerdate --format %(refname)%00%(objectname)%00%(*objectname) [1ms]
2026-09-19 17:52:05.905 [info] > git status -z -uall [66ms]
2026-09-19 17:52:06.231 [info] > git check-ignore -v -z --stdin [2ms]
2026-09-19 17:52:58.591 [info] > git config --get commit.template [15ms]
2026-09-19 17:52:58.596 [info] > git for-each-ref --format=%(refname)%00%(upstream:short)%00%(objectname)%00%(upstream:track)%00%(upstream:remotename)%00%(upstream:remoteref) refs/heads/main refs/remotes/main [6ms]
2026-09-19 17:52:58.719 [info] > git for-each-ref --sort -committerdate --format %(refname)%00%(objectname)%00%(*objectname) [57ms]
2026-09-19 17:52:58.739 [info] > git status -z -uall [99ms]
2026-09-19 17:52:59.310 [info] > git check-ignore -v -z --stdin [2ms]
2026-09-19 17:53:08.049 [info] > git check-ignore -v -z --stdin [8ms]
2026-09-19 17:53:09.911 [info] > git config --get commit.template [4ms]
2026-09-19 17:53:09.926 [info] > git for-each-ref --format=%(refname)%00%(upstream:short)%00%(objectname)%00%(upstream:track)%00%(upstream:remotename)%00%(upstream:remoteref) refs/heads/main refs/remotes/main [2ms]
2026-09-19 17:53:09.960 [info] > git for-each-ref --sort -committerdate --format %(refname)%00%(objectname)%00%(*objectname) [6ms]
2026-09-19 17:53:10.008 [info] > git status -z -uall [65ms]
2026-09-19 17:53:10.489 [info] > git check-ignore -v -z --stdin [13ms]
2026-09-19 17:53:13.771 [info] > git check-ignore -v -z --stdin [3ms]
2026-09-19 17:53:14.234 [info] > git check-ignore -v -z --stdin [4ms]
2026-09-19 17:53:16.135 [info] > git config --get commit.template [2ms]
2026-09-19 17:53:16.158 [info] > git for-each-ref --format=%(refname)%00%(upstream:short)%00%(objectname)%00%(upstream:track)%00%(upstream:remotename)%00%(upstream:remoteref) refs/heads/main refs/remotes/main [6ms]
2026-09-19 17:53:16.216 [info] > git for-each-ref --sort -committerdate --format %(refname)%00%(objectname)%00%(*objectname) [13ms]
2026-09-19 17:53:16.263 [info] > git status -z -uall [82ms]
2026-09-19 17:53:16.589 [info] > git check-ignore -v -z --stdin [1ms]
2026-09-19 17:53:17.163 [info] > git check-ignore -v -z --stdin [3ms]
2026-09-19 17:53:20.417 [info] > git check-ignore -v -z --stdin [6ms]
2026-09-19 17:53:21.331 [info] > git config --get commit.template [31ms]
2026-09-19 17:53:21.333 [info] > git for-each-ref --format=%(refname)%00%(upstream:short)%00%(objectname)%00%(upstream:track)%00%(upstream:remotename)%00%(upstream:remoteref) refs/heads/main refs/remotes/main [3ms]
2026-09-19 17:53:21.384 [info] > git for-each-ref --sort -committerdate --format %(refname)%00%(objectname)%00%(*objectname) [5ms]
2026-09-19 17:53:21.437 [info] > git status -z -uall [77ms]
2026-09-19 17:53:21.763 [info] > git check-ignore -v -z --stdin [4ms]
2026-09-19 17:53:22.211 [info] > git check-ignore -v -z --stdin [5ms]
2026-09-19 17:53:23.515 [info] > git check-ignore -v -z --stdin [2ms]
2026-09-19 17:53:26.470 [info] > git config --get commit.template [3ms]
2026-09-19 17:53:26.484 [info] > git for-each-ref --format=%(refname)%00%(upstream:short)%00%(objectname)%00%(upstream:track)%00%(upstream:remotename)%00%(upstream:remoteref) refs/heads/main refs/remotes/main [5ms]
2026-09-19 17:53:26.514 [info] > git for-each-ref --sort -committerdate --format %(refname)%00%(objectname)%00%(*objectname) [3ms]
2026-09-19 17:53:26.571 [info] > git status -z -uall [71ms]
2026-09-19 17:53:26.956 [info] > git check-ignore -v -z --stdin [2ms]
2026-09-19 17:54:46.902 [info] > git config --get commit.template [46ms]
2026-09-19 17:54:46.923 [info] > git for-each-ref --format=%(refname)%00%(upstream:short)%00%(objectname)%00%(upstream:track)%00%(upstream:remotename)%00%(upstream:remoteref) refs/heads/main refs/remotes/main [6ms]
2026-09-19 17:54:46.967 [info] > git for-each-ref --sort -committerdate --format %(refname)%00%(objectname)%00%(*objectname) [12ms]
2026-09-19 17:54:47.041 [info] > git status -z -uall [98ms]
2026-09-19 17:54:47.688 [info] > git check-ignore -v -z --stdin [8ms]
2026-09-19 17:54:48.538 [info] > git check-ignore -v -z --stdin [6ms]
2026-09-19 17:54:49.359 [info] > git check-ignore -v -z --stdin [3ms]
2026-09-19 17:54:49.798 [info] > git check-ignore -v -z --stdin [4ms]
2026-09-19 17:54:50.324 [info] > git check-ignore -v -z --stdin [11ms]
2026-09-19 17:54:50.790 [info] > git check-ignore -v -z --stdin [2ms]
2026-09-19 17:54:51.249 [info] > git check-ignore -v -z --stdin [1ms]
2026-09-19 17:54:51.702 [info] > git check-ignore -v -z --stdin [19ms]
2026-09-19 17:54:52.094 [info] > git config --get commit.template [14ms]
2026-09-19 17:54:52.094 [info] > git for-each-ref --format=%(refname)%00%(upstream:short)%00%(objectname)%00%(upstream:track)%00%(upstream:remotename)%00%(upstream:remoteref) refs/heads/main refs/remotes/main [5ms]
2026-09-19 17:54:52.122 [info] > git for-each-ref --sort -committerdate --format %(refname)%00%(objectname)%00%(*objectname) [3ms]
2026-09-19 17:54:52.172 [info] > git status -z -uall [60ms]
2026-09-19 17:54:52.507 [info] > git check-ignore -v -z --stdin [3ms]
2026-09-19 17:54:57.208 [info] > git config --get commit.template [10ms]
2026-09-19 17:54:57.210 [info] > git for-each-ref --format=%(refname)%00%(upstream:short)%00%(objectname)%00%(upstream:track)%00%(upstream:remotename)%00%(upstream:remoteref) refs/heads/main refs/remotes/main [3ms]
2026-09-19 17:54:57.243 [info] > git for-each-ref --sort -committerdate --format %(refname)%00%(objectname)%00%(*objectname) [3ms]
2026-09-19 17:54:57.294 [info] > git status -z -uall [70ms]
2026-09-19 17:54:57.625 [info] > git check-ignore -v -z --stdin [1ms]
2026-09-19 17:55:04.498 [info] > git check-ignore -v -z --stdin [4ms]
2026-09-19 17:55:04.880 [info] > git check-ignore -v -z --stdin [1ms]
2026-09-19 17:55:05.119 [info] > git check-ignore -v -z --stdin [2ms]
2026-09-19 17:55:07.032 [info] > git config --get commit.template [15ms]
2026-09-19 17:55:07.033 [info] > git for-each-ref --format=%(refname)%00%(upstream:short)%00%(objectname)%00%(upstream:track)%00%(upstream:remotename)%00%(upstream:remoteref) refs/heads/main refs/remotes/main [2ms]
2026-09-19 17:55:07.062 [info] > git for-each-ref --sort -committerdate --format %(refname)%00%(objectname)%00%(*objectname) [3ms]
2026-09-19 17:55:07.118 [info] > git status -z -uall [72ms]
2026-09-19 17:55:07.462 [info] > git check-ignore -v -z --stdin [2ms]
2026-09-19 17:56:06.202 [info] > git config --get commit.template [37ms]
2026-09-19 17:56:06.204 [info] > git for-each-ref --format=%(refname)%00%(upstream:short)%00%(objectname)%00%(upstream:track)%00%(upstream:remotename)%00%(upstream:remoteref) refs/heads/main refs/remotes/main [5ms]
2026-09-19 17:56:06.266 [info] > git for-each-ref --sort -committerdate --format %(refname)%00%(objectname)%00%(*objectname) [14ms]
2026-09-19 17:56:06.340 [info] > git status -z -uall [114ms]
2026-09-19 17:56:06.702 [info] > git check-ignore -v -z --stdin [6ms]
2026-09-19 17:56:11.394 [info] > git config --get commit.template [5ms]
2026-09-19 17:56:11.408 [info] > git for-each-ref --format=%(refname)%00%(upstream:short)%00%(objectname)%00%(upstream:track)%00%(upstream:remotename)%00%(upstream:remoteref) refs/heads/main refs/remotes/main [4ms]
2026-09-19 17:56:11.440 [info] > git for-each-ref --sort -committerdate --format %(refname)%00%(objectname)%00%(*objectname) [3ms]
2026-09-19 17:56:11.493 [info] > git status -z -uall [66ms]
2026-09-19 17:56:11.822 [info] > git check-ignore -v -z --stdin [4ms]
2026-09-19 17:56:17.698 [info] > git check-ignore -v -z --stdin [2ms]
2026-09-19 17:57:02.113 [info] > git config --get commit.template [39ms]
2026-09-19 17:57:02.120 [info] > git for-each-ref --format=%(refname)%00%(upstream:short)%00%(objectname)%00%(upstream:track)%00%(upstream:remotename)%00%(upstream:remoteref) refs/heads/main refs/remotes/main [10ms]
2026-09-19 17:57:02.179 [info] > git for-each-ref --sort -committerdate --format %(refname)%00%(objectname)%00%(*objectname) [35ms]
2026-09-19 17:57:02.238 [info] > git status -z -uall [104ms]
2026-09-19 17:57:02.654 [info] > git check-ignore -v -z --stdin [2ms]
2026-09-19 17:57:25.551 [info] > git check-ignore -v -z --stdin [6ms]
2026-09-19 17:57:25.960 [info] > git check-ignore -v -z --stdin [17ms]
2026-09-19 17:57:26.299 [info] > git check-ignore -v -z --stdin [3ms]
2026-09-19 17:57:26.847 [info] > git check-ignore -v -z --stdin [2ms]
2026-09-19 17:57:27.271 [info] > git check-ignore -v -z --stdin [4ms]
2026-09-19 17:57:27.637 [info] > git check-ignore -v -z --stdin [6ms]
2026-09-19 17:57:29.514 [info] > git config --get commit.template [13ms]
2026-09-19 17:57:29.516 [info] > git for-each-ref --format=%(refname)%00%(upstream:short)%00%(objectname)%00%(upstream:track)%00%(upstream:remotename)%00%(upstream:remoteref) refs/heads/main refs/remotes/main [3ms]
2026-09-19 17:57:29.550 [info] > git for-each-ref --sort -committerdate --format %(refname)%00%(objectname)%00%(*objectname) [7ms]
2026-09-19 17:57:29.610 [info] > git status -z -uall [82ms]
2026-09-19 17:57:29.936 [info] > git check-ignore -v -z --stdin [3ms]
2026-09-19 17:57:42.895 [info] > git check-ignore -v -z --stdin [8ms]
2026-09-19 17:57:43.561 [info] > git check-ignore -v -z --stdin [4ms]
2026-09-19 17:57:45.473 [info] > git config --get commit.template [12ms]
2026-09-19 17:57:45.474 [info] > git for-each-ref --format=%(refname)%00%(upstream:short)%00%(objectname)%00%(upstream:track)%00%(upstream:remotename)%00%(upstream:remoteref) refs/heads/main refs/remotes/main [2ms]
2026-09-19 17:57:45.505 [info] > git for-each-ref --sort -committerdate --format %(refname)%00%(objectname)%00%(*objectname) [4ms]
2026-09-19 17:57:45.555 [info] > git status -z -uall [70ms]
2026-09-19 17:57:45.894 [info] > git check-ignore -v -z --stdin [2ms]
2026-09-19 17:58:35.780 [info] > git config --get commit.template [3ms]
2026-09-19 17:58:35.809 [info] > git for-each-ref --format=%(refname)%00%(upstream:short)%00%(objectname)%00%(upstream:track)%00%(upstream:remotename)%00%(upstream:remoteref) refs/heads/main refs/remotes/main [3ms]
2026-09-19 17:58:35.895 [info] > git for-each-ref --sort -committerdate --format %(refname)%00%(objectname)%00%(*objectname) [7ms]
2026-09-19 17:58:35.954 [info] > git status -z -uall [88ms]
2026-09-19 17:58:36.358 [info] > git check-ignore -v -z --stdin [12ms]
